<?xml version="1.0" encoding="utf-8"?>
<resources>
    <dimen name="xxh_m130pixels">-86.67dp</dimen>
    <dimen name="xxh_m48pixels">-32dp</dimen>
    <dimen name="xxh_m42pixels">-28dp</dimen>
    <dimen name="xxh_m30pixels">-20dp</dimen>
    <dimen name="xxh_m26pixels">-17.33dp</dimen>
    <dimen name="xxh_m25pixels">-16.67dp</dimen>
    <dimen name="xxh_m24pixels">-16dp</dimen>
    <dimen name="xxh_m23pixels">-15.33dp</dimen>
    <dimen name="xxh_m21pixels">-14dp</dimen>
    <dimen name="xxh_m20pixels">-13.33dp</dimen>
    <dimen name="xxh_m18pixels">-12dp</dimen>
    <dimen name="xxh_m16pixels">-10.67dp</dimen>
    <dimen name="xxh_m14pixels">-9.33dp</dimen>
    <dimen name="xxh_m10pixels">-6.67dp</dimen>
    <dimen name="xxh_m8pixels">-5.33dp</dimen>
    <dimen name="xxh_m5pixels">-3.33dp</dimen>
    <dimen name="xxh_m1pixels">-0.67dp</dimen>

    <dimen name="xxh_1pixels">0.67dp</dimen>
    <dimen name="xxh_2pixels">1.33dp</dimen>
    <dimen name="xxh_3pixels">2dp</dimen>
    <dimen name="xxh_4pixels">2.67dp</dimen>
    <dimen name="xxh_5pixels">3.33dp</dimen>
    <dimen name="xxh_6pixels">4dp</dimen>
    <dimen name="xxh_7pixels">4.67dp</dimen>
    <dimen name="xxh_8pixels">5.33dp</dimen>
    <dimen name="xxh_9pixels">6dp</dimen>
    <dimen name="xxh_10pixels">6.67dp</dimen>
    <dimen name="xxh_11pixels">7.33dp</dimen>
    <dimen name="xxh_12pixels">8dp</dimen>
    <dimen name="xxh_13pixels">8.67dp</dimen>
    <dimen name="xxh_14pixels">9.33dp</dimen>
    <dimen name="xxh_15pixels">10dp</dimen>
    <dimen name="xxh_16pixels">10.67dp</dimen>
    <dimen name="xxh_17pixels">11.33dp</dimen>
    <dimen name="xxh_18pixels">12dp</dimen>
    <dimen name="xxh_19pixels">12.67dp</dimen>
    <dimen name="xxh_20pixels">13.33dp</dimen>
    <dimen name="xxh_21pixels">14dp</dimen>
    <dimen name="xxh_22pixels">14.67dp</dimen>
    <dimen name="xxh_23pixels">15.33dp</dimen>
    <dimen name="xxh_24pixels">16dp</dimen>
    <dimen name="xxh_25pixels">16.67dp</dimen>
    <dimen name="xxh_26pixels">17.33dp</dimen>
    <dimen name="xxh_27pixels">18dp</dimen>
    <dimen name="xxh_28pixels">18.67dp</dimen>
    <dimen name="xxh_29pixels">19.33dp</dimen>
    <dimen name="xxh_30pixels">20dp</dimen>
    <dimen name="xxh_31pixels">20.67dp</dimen>
    <dimen name="xxh_32pixels">21.33dp</dimen>
    <dimen name="xxh_33pixels">22dp</dimen>
    <dimen name="xxh_34pixels">22.67dp</dimen>
    <dimen name="xxh_35pixels">23.33dp</dimen>
    <dimen name="xxh_36pixels">24dp</dimen>
    <dimen name="xxh_37pixels">24.67dp</dimen>
    <dimen name="xxh_38pixels">25.33dp</dimen>
    <dimen name="xxh_39pixels">26dp</dimen>
    <dimen name="xxh_40pixels">26.67dp</dimen>
    <dimen name="xxh_41pixels">27.33dp</dimen>
    <dimen name="xxh_42pixels">28dp</dimen>
    <dimen name="xxh_43pixels">28.67dp</dimen>
    <dimen name="xxh_44pixels">29.33dp</dimen>
    <dimen name="xxh_45pixels">30dp</dimen>
    <dimen name="xxh_46pixels">30.67dp</dimen>
    <dimen name="xxh_47pixels">31.33dp</dimen>
    <dimen name="xxh_48pixels">32dp</dimen>
    <dimen name="xxh_49pixels">32.67dp</dimen>
    <dimen name="xxh_50pixels">33.33dp</dimen>
    <dimen name="xxh_51pixels">34dp</dimen>
    <dimen name="xxh_52pixels">34.67dp</dimen>
    <dimen name="xxh_53pixels">35.33dp</dimen>
    <dimen name="xxh_54pixels">36dp</dimen>
    <dimen name="xxh_55pixels">36.67dp</dimen>
    <dimen name="xxh_56pixels">37.33dp</dimen>
    <dimen name="xxh_57pixels">38dp</dimen>
    <dimen name="xxh_58pixels">38.67dp</dimen>
    <dimen name="xxh_59pixels">39.33dp</dimen>
    <dimen name="xxh_60pixels">40dp</dimen>
    <dimen name="xxh_61pixels">40.67dp</dimen>
    <dimen name="xxh_62pixels">41.33dp</dimen>
    <dimen name="xxh_63pixels">42dp</dimen>
    <dimen name="xxh_64pixels">42.67dp</dimen>
    <dimen name="xxh_65pixels">43.33dp</dimen>
    <dimen name="xxh_66pixels">44dp</dimen>
    <dimen name="xxh_67pixels">44.67dp</dimen>
    <dimen name="xxh_68pixels">45.33dp</dimen>
    <dimen name="xxh_69pixels">46dp</dimen>
    <dimen name="xxh_70pixels">46.67dp</dimen>
    <dimen name="xxh_71pixels">47.33dp</dimen>
    <dimen name="xxh_72pixels">48dp</dimen>
    <dimen name="xxh_73pixels">48.67dp</dimen>
    <dimen name="xxh_74pixels">49.33dp</dimen>
    <dimen name="xxh_75pixels">50dp</dimen>
    <dimen name="xxh_76pixels">50.67dp</dimen>
    <dimen name="xxh_77pixels">51.33dp</dimen>
    <dimen name="xxh_78pixels">52dp</dimen>
    <dimen name="xxh_79pixels">52.67dp</dimen>
    <dimen name="xxh_80pixels">53.33dp</dimen>
    <dimen name="xxh_81pixels">54dp</dimen>
    <dimen name="xxh_82pixels">54.67dp</dimen>
    <dimen name="xxh_83pixels">55.33dp</dimen>
    <dimen name="xxh_84pixels">56dp</dimen>
    <dimen name="xxh_85pixels">56.67dp</dimen>
    <dimen name="xxh_86pixels">57.33dp</dimen>
    <dimen name="xxh_87pixels">58dp</dimen>
    <dimen name="xxh_88pixels">58.67dp</dimen>
    <dimen name="xxh_89pixels">59.33dp</dimen>
    <dimen name="xxh_90pixels">60dp</dimen>
    <dimen name="xxh_91pixels">60.67dp</dimen>
    <dimen name="xxh_92pixels">61.33dp</dimen>
    <dimen name="xxh_93pixels">62dp</dimen>
    <dimen name="xxh_94pixels">62.67dp</dimen>
    <dimen name="xxh_95pixels">63.33dp</dimen>
    <dimen name="xxh_96pixels">64dp</dimen>
    <dimen name="xxh_97pixels">64.67dp</dimen>
    <dimen name="xxh_98pixels">65.33dp</dimen>
    <dimen name="xxh_99pixels">66dp</dimen>
    <dimen name="xxh_100pixels">66.67dp</dimen>
    <dimen name="xxh_101pixels">67.33dp</dimen>
    <dimen name="xxh_102pixels">68dp</dimen>
    <dimen name="xxh_103pixels">68.67dp</dimen>
    <dimen name="xxh_104pixels">69.33dp</dimen>
    <dimen name="xxh_105pixels">70dp</dimen>
    <dimen name="xxh_106pixels">70.67dp</dimen>
    <dimen name="xxh_107pixels">71.33dp</dimen>
    <dimen name="xxh_108pixels">72dp</dimen>
    <dimen name="xxh_109pixels">72.67dp</dimen>
    <dimen name="xxh_110pixels">73.33dp</dimen>
    <dimen name="xxh_111pixels">74dp</dimen>
    <dimen name="xxh_112pixels">74.67dp</dimen>
    <dimen name="xxh_113pixels">75.33dp</dimen>
    <dimen name="xxh_114pixels">76dp</dimen>
    <dimen name="xxh_115pixels">76.67dp</dimen>
    <dimen name="xxh_116pixels">77.33dp</dimen>
    <dimen name="xxh_117pixels">78dp</dimen>
    <dimen name="xxh_118pixels">78.67dp</dimen>
    <dimen name="xxh_119pixels">79.33dp</dimen>
    <dimen name="xxh_120pixels">80dp</dimen>
    <dimen name="xxh_121pixels">80.67dp</dimen>
    <dimen name="xxh_122pixels">81.33dp</dimen>
    <dimen name="xxh_123pixels">82dp</dimen>
    <dimen name="xxh_124pixels">82.67dp</dimen>
    <dimen name="xxh_125pixels">83.33dp</dimen>
    <dimen name="xxh_126pixels">84dp</dimen>
    <dimen name="xxh_127pixels">84.67dp</dimen>
    <dimen name="xxh_128pixels">85.33dp</dimen>
    <dimen name="xxh_129pixels">86dp</dimen>
    <dimen name="xxh_130pixels">86.67dp</dimen>
    <dimen name="xxh_131pixels">87.33dp</dimen>
    <dimen name="xxh_132pixels">88dp</dimen>
    <dimen name="xxh_133pixels">88.67dp</dimen>
    <dimen name="xxh_134pixels">89.33dp</dimen>
    <dimen name="xxh_135pixels">90dp</dimen>
    <dimen name="xxh_136pixels">90.67dp</dimen>
    <dimen name="xxh_137pixels">91.33dp</dimen>
    <dimen name="xxh_138pixels">92dp</dimen>
    <dimen name="xxh_139pixels">92.67dp</dimen>
    <dimen name="xxh_140pixels">93.33dp</dimen>
    <dimen name="xxh_141pixels">94dp</dimen>
    <dimen name="xxh_142pixels">94.67dp</dimen>
    <dimen name="xxh_143pixels">95.33dp</dimen>
    <dimen name="xxh_144pixels">96dp</dimen>
    <dimen name="xxh_145pixels">96.67dp</dimen>
    <dimen name="xxh_146pixels">97.33dp</dimen>
    <dimen name="xxh_147pixels">98dp</dimen>
    <dimen name="xxh_148pixels">98.67dp</dimen>
    <dimen name="xxh_149pixels">99.33dp</dimen>
    <dimen name="xxh_150pixels">100dp</dimen>
    <dimen name="xxh_151pixels">100.67dp</dimen>
    <dimen name="xxh_152pixels">101.33dp</dimen>
    <dimen name="xxh_153pixels">102dp</dimen>
    <dimen name="xxh_154pixels">102.67dp</dimen>
    <dimen name="xxh_155pixels">103.33dp</dimen>
    <dimen name="xxh_156pixels">104dp</dimen>
    <dimen name="xxh_157pixels">104.67dp</dimen>
    <dimen name="xxh_158pixels">105.33dp</dimen>
    <dimen name="xxh_159pixels">106dp</dimen>
    <dimen name="xxh_160pixels">106.67dp</dimen>
    <dimen name="xxh_161pixels">107.33dp</dimen>
    <dimen name="xxh_162pixels">108dp</dimen>
    <dimen name="xxh_163pixels">108.67dp</dimen>
    <dimen name="xxh_164pixels">109.33dp</dimen>
    <dimen name="xxh_165pixels">110dp</dimen>
    <dimen name="xxh_166pixels">110.67dp</dimen>
    <dimen name="xxh_167pixels">111.33dp</dimen>
    <dimen name="xxh_168pixels">112dp</dimen>
    <dimen name="xxh_169pixels">112.67dp</dimen>
    <dimen name="xxh_170pixels">113.33dp</dimen>
    <dimen name="xxh_171pixels">114dp</dimen>
    <dimen name="xxh_172pixels">114.67dp</dimen>
    <dimen name="xxh_173pixels">115.33dp</dimen>
    <dimen name="xxh_174pixels">116dp</dimen>
    <dimen name="xxh_175pixels">116.67dp</dimen>
    <dimen name="xxh_176pixels">117.33dp</dimen>
    <dimen name="xxh_177pixels">118dp</dimen>
    <dimen name="xxh_178pixels">118.67dp</dimen>
    <dimen name="xxh_179pixels">119.33dp</dimen>
    <dimen name="xxh_180pixels">120dp</dimen>
    <dimen name="xxh_181pixels">120.67dp</dimen>
    <dimen name="xxh_182pixels">121.33dp</dimen>
    <dimen name="xxh_183pixels">122dp</dimen>
    <dimen name="xxh_184pixels">122.67dp</dimen>
    <dimen name="xxh_185pixels">123.33dp</dimen>
    <dimen name="xxh_186pixels">124dp</dimen>
    <dimen name="xxh_187pixels">124.67dp</dimen>
    <dimen name="xxh_188pixels">125.33dp</dimen>
    <dimen name="xxh_189pixels">126dp</dimen>
    <dimen name="xxh_190pixels">126.67dp</dimen>
    <dimen name="xxh_191pixels">127.33dp</dimen>
    <dimen name="xxh_192pixels">128dp</dimen>
    <dimen name="xxh_193pixels">128.67dp</dimen>
    <dimen name="xxh_194pixels">129.33dp</dimen>
    <dimen name="xxh_195pixels">130dp</dimen>
    <dimen name="xxh_196pixels">130.67dp</dimen>
    <dimen name="xxh_197pixels">131.33dp</dimen>
    <dimen name="xxh_198pixels">132dp</dimen>
    <dimen name="xxh_199pixels">132.67dp</dimen>
    <dimen name="xxh_200pixels">133.33dp</dimen>
    <dimen name="xxh_201pixels">134dp</dimen>
    <dimen name="xxh_202pixels">134.67dp</dimen>
    <dimen name="xxh_203pixels">135.33dp</dimen>
    <dimen name="xxh_204pixels">136dp</dimen>
    <dimen name="xxh_205pixels">136.67dp</dimen>
    <dimen name="xxh_206pixels">137.33dp</dimen>
    <dimen name="xxh_207pixels">138dp</dimen>
    <dimen name="xxh_208pixels">138.67dp</dimen>
    <dimen name="xxh_209pixels">139.33dp</dimen>
    <dimen name="xxh_210pixels">140dp</dimen>
    <dimen name="xxh_211pixels">140.67dp</dimen>
    <dimen name="xxh_212pixels">141.33dp</dimen>
    <dimen name="xxh_213pixels">142dp</dimen>
    <dimen name="xxh_214pixels">142.67dp</dimen>
    <dimen name="xxh_215pixels">143.33dp</dimen>
    <dimen name="xxh_216pixels">144dp</dimen>
    <dimen name="xxh_217pixels">144.67dp</dimen>
    <dimen name="xxh_218pixels">145.33dp</dimen>
    <dimen name="xxh_219pixels">146dp</dimen>
    <dimen name="xxh_220pixels">146.67dp</dimen>
    <dimen name="xxh_221pixels">147.33dp</dimen>
    <dimen name="xxh_222pixels">148dp</dimen>
    <dimen name="xxh_223pixels">148.67dp</dimen>
    <dimen name="xxh_224pixels">149.33dp</dimen>
    <dimen name="xxh_225pixels">150dp</dimen>
    <dimen name="xxh_226pixels">150.67dp</dimen>
    <dimen name="xxh_227pixels">151.33dp</dimen>
    <dimen name="xxh_228pixels">152dp</dimen>
    <dimen name="xxh_229pixels">152.67dp</dimen>
    <dimen name="xxh_230pixels">153.33dp</dimen>
    <dimen name="xxh_231pixels">154dp</dimen>
    <dimen name="xxh_232pixels">154.67dp</dimen>
    <dimen name="xxh_233pixels">155.33dp</dimen>
    <dimen name="xxh_234pixels">156dp</dimen>
    <dimen name="xxh_235pixels">156.67dp</dimen>
    <dimen name="xxh_236pixels">157.33dp</dimen>
    <dimen name="xxh_237pixels">158dp</dimen>
    <dimen name="xxh_238pixels">158.67dp</dimen>
    <dimen name="xxh_239pixels">159.33dp</dimen>
    <dimen name="xxh_240pixels">160dp</dimen>
    <dimen name="xxh_241pixels">160.67dp</dimen>
    <dimen name="xxh_242pixels">161.33dp</dimen>
    <dimen name="xxh_243pixels">162dp</dimen>
    <dimen name="xxh_244pixels">162.67dp</dimen>
    <dimen name="xxh_245pixels">163.33dp</dimen>
    <dimen name="xxh_246pixels">164dp</dimen>
    <dimen name="xxh_247pixels">164.67dp</dimen>
    <dimen name="xxh_248pixels">165.33dp</dimen>
    <dimen name="xxh_249pixels">166dp</dimen>
    <dimen name="xxh_250pixels">166.67dp</dimen>
    <dimen name="xxh_251pixels">167.33dp</dimen>
    <dimen name="xxh_252pixels">168dp</dimen>
    <dimen name="xxh_253pixels">168.67dp</dimen>
    <dimen name="xxh_254pixels">169.33dp</dimen>
    <dimen name="xxh_255pixels">170dp</dimen>
    <dimen name="xxh_256pixels">170.67dp</dimen>
    <dimen name="xxh_257pixels">171.33dp</dimen>
    <dimen name="xxh_258pixels">172dp</dimen>
    <dimen name="xxh_259pixels">172.67dp</dimen>
    <dimen name="xxh_260pixels">173.33dp</dimen>
    <dimen name="xxh_261pixels">174dp</dimen>
    <dimen name="xxh_262pixels">174.67dp</dimen>
    <dimen name="xxh_263pixels">175.33dp</dimen>
    <dimen name="xxh_264pixels">176dp</dimen>
    <dimen name="xxh_265pixels">176.67dp</dimen>
    <dimen name="xxh_266pixels">177.33dp</dimen>
    <dimen name="xxh_267pixels">178dp</dimen>
    <dimen name="xxh_268pixels">178.67dp</dimen>
    <dimen name="xxh_269pixels">179.33dp</dimen>
    <dimen name="xxh_270pixels">180dp</dimen>
    <dimen name="xxh_271pixels">180.67dp</dimen>
    <dimen name="xxh_272pixels">181.33dp</dimen>
    <dimen name="xxh_273pixels">182dp</dimen>
    <dimen name="xxh_274pixels">182.67dp</dimen>
    <dimen name="xxh_275pixels">183.33dp</dimen>
    <dimen name="xxh_276pixels">184dp</dimen>
    <dimen name="xxh_277pixels">184.67dp</dimen>
    <dimen name="xxh_278pixels">185.33dp</dimen>
    <dimen name="xxh_279pixels">186dp</dimen>
    <dimen name="xxh_280pixels">186.67dp</dimen>
    <dimen name="xxh_281pixels">187.33dp</dimen>
    <dimen name="xxh_282pixels">188dp</dimen>
    <dimen name="xxh_283pixels">188.67dp</dimen>
    <dimen name="xxh_284pixels">189.33dp</dimen>
    <dimen name="xxh_285pixels">190dp</dimen>
    <dimen name="xxh_286pixels">190.67dp</dimen>
    <dimen name="xxh_287pixels">191.33dp</dimen>
    <dimen name="xxh_288pixels">192dp</dimen>
    <dimen name="xxh_289pixels">192.67dp</dimen>
    <dimen name="xxh_290pixels">193.33dp</dimen>
    <dimen name="xxh_291pixels">194dp</dimen>
    <dimen name="xxh_292pixels">194.67dp</dimen>
    <dimen name="xxh_293pixels">195.33dp</dimen>
    <dimen name="xxh_294pixels">196dp</dimen>
    <dimen name="xxh_295pixels">196.67dp</dimen>
    <dimen name="xxh_296pixels">197.33dp</dimen>
    <dimen name="xxh_297pixels">198dp</dimen>
    <dimen name="xxh_298pixels">198.67dp</dimen>
    <dimen name="xxh_299pixels">199.33dp</dimen>
    <dimen name="xxh_300pixels">200dp</dimen>
    <dimen name="xxh_301pixels">200.67dp</dimen>
    <dimen name="xxh_302pixels">201.33dp</dimen>
    <dimen name="xxh_303pixels">202dp</dimen>
    <dimen name="xxh_304pixels">202.67dp</dimen>
    <dimen name="xxh_305pixels">203.33dp</dimen>
    <dimen name="xxh_306pixels">204dp</dimen>
    <dimen name="xxh_307pixels">204.67dp</dimen>
    <dimen name="xxh_308pixels">205.33dp</dimen>
    <dimen name="xxh_309pixels">206dp</dimen>
    <dimen name="xxh_310pixels">206.67dp</dimen>
    <dimen name="xxh_311pixels">207.33dp</dimen>
    <dimen name="xxh_312pixels">208dp</dimen>
    <dimen name="xxh_313pixels">208.67dp</dimen>
    <dimen name="xxh_314pixels">209.33dp</dimen>
    <dimen name="xxh_315pixels">210dp</dimen>
    <dimen name="xxh_316pixels">210.67dp</dimen>
    <dimen name="xxh_317pixels">211.33dp</dimen>
    <dimen name="xxh_318pixels">212dp</dimen>
    <dimen name="xxh_319pixels">212.67dp</dimen>
    <dimen name="xxh_320pixels">213.33dp</dimen>
    <dimen name="xxh_321pixels">214dp</dimen>
    <dimen name="xxh_322pixels">214.67dp</dimen>
    <dimen name="xxh_323pixels">215.33dp</dimen>
    <dimen name="xxh_324pixels">216dp</dimen>
    <dimen name="xxh_325pixels">216.67dp</dimen>
    <dimen name="xxh_326pixels">217.33dp</dimen>
    <dimen name="xxh_327pixels">218dp</dimen>
    <dimen name="xxh_328pixels">218.67dp</dimen>
    <dimen name="xxh_329pixels">219.33dp</dimen>
    <dimen name="xxh_330pixels">220dp</dimen>
    <dimen name="xxh_331pixels">220.67dp</dimen>
    <dimen name="xxh_332pixels">221.33dp</dimen>
    <dimen name="xxh_333pixels">222dp</dimen>
    <dimen name="xxh_334pixels">222.67dp</dimen>
    <dimen name="xxh_335pixels">223.33dp</dimen>
    <dimen name="xxh_336pixels">224dp</dimen>
    <dimen name="xxh_337pixels">224.67dp</dimen>
    <dimen name="xxh_338pixels">225.33dp</dimen>
    <dimen name="xxh_339pixels">226dp</dimen>
    <dimen name="xxh_340pixels">226.67dp</dimen>
    <dimen name="xxh_341pixels">227.33dp</dimen>
    <dimen name="xxh_342pixels">228dp</dimen>
    <dimen name="xxh_343pixels">228.67dp</dimen>
    <dimen name="xxh_344pixels">229.33dp</dimen>
    <dimen name="xxh_345pixels">230dp</dimen>
    <dimen name="xxh_346pixels">230.67dp</dimen>
    <dimen name="xxh_347pixels">231.33dp</dimen>
    <dimen name="xxh_348pixels">232dp</dimen>
    <dimen name="xxh_349pixels">232.67dp</dimen>
    <dimen name="xxh_350pixels">233.33dp</dimen>
    <dimen name="xxh_351pixels">234dp</dimen>
    <dimen name="xxh_352pixels">234.67dp</dimen>
    <dimen name="xxh_353pixels">235.33dp</dimen>
    <dimen name="xxh_354pixels">236dp</dimen>
    <dimen name="xxh_355pixels">236.67dp</dimen>
    <dimen name="xxh_356pixels">237.33dp</dimen>
    <dimen name="xxh_357pixels">238dp</dimen>
    <dimen name="xxh_358pixels">238.67dp</dimen>
    <dimen name="xxh_359pixels">239.33dp</dimen>
    <dimen name="xxh_360pixels">240dp</dimen>
    <dimen name="xxh_361pixels">240.67dp</dimen>
    <dimen name="xxh_362pixels">241.33dp</dimen>
    <dimen name="xxh_363pixels">242dp</dimen>
    <dimen name="xxh_364pixels">242.67dp</dimen>
    <dimen name="xxh_365pixels">243.33dp</dimen>
    <dimen name="xxh_366pixels">244dp</dimen>
    <dimen name="xxh_367pixels">244.67dp</dimen>
    <dimen name="xxh_368pixels">245.33dp</dimen>
    <dimen name="xxh_369pixels">246dp</dimen>
    <dimen name="xxh_370pixels">246.67dp</dimen>
    <dimen name="xxh_371pixels">247.33dp</dimen>
    <dimen name="xxh_372pixels">248dp</dimen>
    <dimen name="xxh_373pixels">248.67dp</dimen>
    <dimen name="xxh_374pixels">249.33dp</dimen>
    <dimen name="xxh_375pixels">250dp</dimen>
    <dimen name="xxh_376pixels">250.67dp</dimen>
    <dimen name="xxh_377pixels">251.33dp</dimen>
    <dimen name="xxh_378pixels">252dp</dimen>
    <dimen name="xxh_379pixels">252.67dp</dimen>
    <dimen name="xxh_380pixels">253.33dp</dimen>
    <dimen name="xxh_381pixels">254dp</dimen>
    <dimen name="xxh_382pixels">254.67dp</dimen>
    <dimen name="xxh_383pixels">255.33dp</dimen>
    <dimen name="xxh_384pixels">256dp</dimen>
    <dimen name="xxh_385pixels">256.67dp</dimen>
    <dimen name="xxh_386pixels">257.33dp</dimen>
    <dimen name="xxh_387pixels">258dp</dimen>
    <dimen name="xxh_388pixels">258.67dp</dimen>
    <dimen name="xxh_389pixels">259.33dp</dimen>
    <dimen name="xxh_390pixels">260dp</dimen>
    <dimen name="xxh_391pixels">260.67dp</dimen>
    <dimen name="xxh_392pixels">261.33dp</dimen>
    <dimen name="xxh_393pixels">262dp</dimen>
    <dimen name="xxh_394pixels">262.67dp</dimen>
    <dimen name="xxh_395pixels">263.33dp</dimen>
    <dimen name="xxh_396pixels">264dp</dimen>
    <dimen name="xxh_397pixels">264.67dp</dimen>
    <dimen name="xxh_398pixels">265.33dp</dimen>
    <dimen name="xxh_399pixels">266dp</dimen>
    <dimen name="xxh_400pixels">266.67dp</dimen>
    <dimen name="xxh_401pixels">267.33dp</dimen>
    <dimen name="xxh_402pixels">268dp</dimen>
    <dimen name="xxh_403pixels">268.67dp</dimen>
    <dimen name="xxh_404pixels">269.33dp</dimen>
    <dimen name="xxh_405pixels">270dp</dimen>
    <dimen name="xxh_406pixels">270.67dp</dimen>
    <dimen name="xxh_407pixels">271.33dp</dimen>
    <dimen name="xxh_408pixels">272dp</dimen>
    <dimen name="xxh_409pixels">272.67dp</dimen>
    <dimen name="xxh_410pixels">273.33dp</dimen>
    <dimen name="xxh_411pixels">274dp</dimen>
    <dimen name="xxh_412pixels">274.67dp</dimen>
    <dimen name="xxh_413pixels">275.33dp</dimen>
    <dimen name="xxh_414pixels">276dp</dimen>
    <dimen name="xxh_415pixels">276.67dp</dimen>
    <dimen name="xxh_416pixels">277.33dp</dimen>
    <dimen name="xxh_417pixels">278dp</dimen>
    <dimen name="xxh_418pixels">278.67dp</dimen>
    <dimen name="xxh_419pixels">279.33dp</dimen>
    <dimen name="xxh_420pixels">280dp</dimen>
    <dimen name="xxh_421pixels">280.67dp</dimen>
    <dimen name="xxh_422pixels">281.33dp</dimen>
    <dimen name="xxh_423pixels">282dp</dimen>
    <dimen name="xxh_424pixels">282.67dp</dimen>
    <dimen name="xxh_425pixels">283.33dp</dimen>
    <dimen name="xxh_426pixels">284dp</dimen>
    <dimen name="xxh_427pixels">284.67dp</dimen>
    <dimen name="xxh_428pixels">285.33dp</dimen>
    <dimen name="xxh_429pixels">286dp</dimen>
    <dimen name="xxh_430pixels">286.67dp</dimen>
    <dimen name="xxh_431pixels">287.33dp</dimen>
    <dimen name="xxh_432pixels">288dp</dimen>
    <dimen name="xxh_433pixels">288.67dp</dimen>
    <dimen name="xxh_434pixels">289.33dp</dimen>
    <dimen name="xxh_435pixels">290dp</dimen>
    <dimen name="xxh_436pixels">290.67dp</dimen>
    <dimen name="xxh_437pixels">291.33dp</dimen>
    <dimen name="xxh_438pixels">292dp</dimen>
    <dimen name="xxh_439pixels">292.67dp</dimen>
    <dimen name="xxh_440pixels">293.33dp</dimen>
    <dimen name="xxh_441pixels">294dp</dimen>
    <dimen name="xxh_442pixels">294.67dp</dimen>
    <dimen name="xxh_443pixels">295.33dp</dimen>
    <dimen name="xxh_444pixels">296dp</dimen>
    <dimen name="xxh_445pixels">296.67dp</dimen>
    <dimen name="xxh_446pixels">297.33dp</dimen>
    <dimen name="xxh_447pixels">298dp</dimen>
    <dimen name="xxh_448pixels">298.67dp</dimen>
    <dimen name="xxh_449pixels">299.33dp</dimen>
    <dimen name="xxh_450pixels">300dp</dimen>
    <dimen name="xxh_451pixels">300.67dp</dimen>
    <dimen name="xxh_452pixels">301.33dp</dimen>
    <dimen name="xxh_453pixels">302dp</dimen>
    <dimen name="xxh_454pixels">302.67dp</dimen>
    <dimen name="xxh_455pixels">303.33dp</dimen>
    <dimen name="xxh_456pixels">304dp</dimen>
    <dimen name="xxh_457pixels">304.67dp</dimen>
    <dimen name="xxh_458pixels">305.33dp</dimen>
    <dimen name="xxh_459pixels">306dp</dimen>
    <dimen name="xxh_460pixels">306.67dp</dimen>
    <dimen name="xxh_461pixels">307.33dp</dimen>
    <dimen name="xxh_462pixels">308dp</dimen>
    <dimen name="xxh_463pixels">308.67dp</dimen>
    <dimen name="xxh_464pixels">309.33dp</dimen>
    <dimen name="xxh_465pixels">310dp</dimen>
    <dimen name="xxh_466pixels">310.67dp</dimen>
    <dimen name="xxh_467pixels">311.33dp</dimen>
    <dimen name="xxh_468pixels">312dp</dimen>
    <dimen name="xxh_469pixels">312.67dp</dimen>
    <dimen name="xxh_470pixels">313.33dp</dimen>
    <dimen name="xxh_471pixels">314dp</dimen>
    <dimen name="xxh_472pixels">314.67dp</dimen>
    <dimen name="xxh_473pixels">315.33dp</dimen>
    <dimen name="xxh_474pixels">316dp</dimen>
    <dimen name="xxh_475pixels">316.67dp</dimen>
    <dimen name="xxh_476pixels">317.33dp</dimen>
    <dimen name="xxh_477pixels">318dp</dimen>
    <dimen name="xxh_478pixels">318.67dp</dimen>
    <dimen name="xxh_479pixels">319.33dp</dimen>
    <dimen name="xxh_480pixels">320dp</dimen>
    <dimen name="xxh_481pixels">320.67dp</dimen>
    <dimen name="xxh_482pixels">321.33dp</dimen>
    <dimen name="xxh_483pixels">322dp</dimen>
    <dimen name="xxh_484pixels">322.67dp</dimen>
    <dimen name="xxh_485pixels">323.33dp</dimen>
    <dimen name="xxh_486pixels">324dp</dimen>
    <dimen name="xxh_487pixels">324.67dp</dimen>
    <dimen name="xxh_488pixels">325.33dp</dimen>
    <dimen name="xxh_489pixels">326dp</dimen>
    <dimen name="xxh_490pixels">326.67dp</dimen>
    <dimen name="xxh_491pixels">327.33dp</dimen>
    <dimen name="xxh_492pixels">328dp</dimen>
    <dimen name="xxh_493pixels">328.67dp</dimen>
    <dimen name="xxh_494pixels">329.33dp</dimen>
    <dimen name="xxh_495pixels">330dp</dimen>
    <dimen name="xxh_496pixels">330.67dp</dimen>
    <dimen name="xxh_497pixels">331.33dp</dimen>
    <dimen name="xxh_498pixels">332dp</dimen>
    <dimen name="xxh_499pixels">332.67dp</dimen>
    <dimen name="xxh_500pixels">333.33dp</dimen>
    <dimen name="xxh_501pixels">334dp</dimen>
    <dimen name="xxh_502pixels">334.67dp</dimen>
    <dimen name="xxh_503pixels">335.33dp</dimen>
    <dimen name="xxh_504pixels">336dp</dimen>
    <dimen name="xxh_505pixels">336.67dp</dimen>
    <dimen name="xxh_506pixels">337.33dp</dimen>
    <dimen name="xxh_507pixels">338dp</dimen>
    <dimen name="xxh_508pixels">338.67dp</dimen>
    <dimen name="xxh_509pixels">339.33dp</dimen>
    <dimen name="xxh_510pixels">340dp</dimen>
    <dimen name="xxh_511pixels">340.67dp</dimen>
    <dimen name="xxh_512pixels">341.33dp</dimen>
    <dimen name="xxh_513pixels">342dp</dimen>
    <dimen name="xxh_514pixels">342.67dp</dimen>
    <dimen name="xxh_515pixels">343.33dp</dimen>
    <dimen name="xxh_516pixels">344dp</dimen>
    <dimen name="xxh_517pixels">344.67dp</dimen>
    <dimen name="xxh_518pixels">345.33dp</dimen>
    <dimen name="xxh_519pixels">346dp</dimen>
    <dimen name="xxh_520pixels">346.67dp</dimen>
    <dimen name="xxh_521pixels">347.33dp</dimen>
    <dimen name="xxh_522pixels">348dp</dimen>
    <dimen name="xxh_523pixels">348.67dp</dimen>
    <dimen name="xxh_524pixels">349.33dp</dimen>
    <dimen name="xxh_525pixels">350dp</dimen>
    <dimen name="xxh_526pixels">350.67dp</dimen>
    <dimen name="xxh_527pixels">351.33dp</dimen>
    <dimen name="xxh_528pixels">352dp</dimen>
    <dimen name="xxh_529pixels">352.67dp</dimen>
    <dimen name="xxh_530pixels">353.33dp</dimen>
    <dimen name="xxh_531pixels">354dp</dimen>
    <dimen name="xxh_532pixels">354.67dp</dimen>
    <dimen name="xxh_533pixels">355.33dp</dimen>
    <dimen name="xxh_534pixels">356dp</dimen>
    <dimen name="xxh_535pixels">356.67dp</dimen>
    <dimen name="xxh_536pixels">357.33dp</dimen>
    <dimen name="xxh_537pixels">358dp</dimen>
    <dimen name="xxh_538pixels">358.67dp</dimen>
    <dimen name="xxh_539pixels">359.33dp</dimen>
    <dimen name="xxh_540pixels">360dp</dimen>
    <dimen name="xxh_541pixels">360.67dp</dimen>
    <dimen name="xxh_542pixels">361.33dp</dimen>
    <dimen name="xxh_543pixels">362dp</dimen>
    <dimen name="xxh_544pixels">362.67dp</dimen>
    <dimen name="xxh_545pixels">363.33dp</dimen>
    <dimen name="xxh_546pixels">364dp</dimen>
    <dimen name="xxh_547pixels">364.67dp</dimen>
    <dimen name="xxh_548pixels">365.33dp</dimen>
    <dimen name="xxh_549pixels">366dp</dimen>
    <dimen name="xxh_550pixels">366.67dp</dimen>
    <dimen name="xxh_551pixels">367.33dp</dimen>
    <dimen name="xxh_552pixels">368dp</dimen>
    <dimen name="xxh_553pixels">368.67dp</dimen>
    <dimen name="xxh_554pixels">369.33dp</dimen>
    <dimen name="xxh_555pixels">370dp</dimen>
    <dimen name="xxh_556pixels">370.67dp</dimen>
    <dimen name="xxh_557pixels">371.33dp</dimen>
    <dimen name="xxh_558pixels">372dp</dimen>
    <dimen name="xxh_559pixels">372.67dp</dimen>
    <dimen name="xxh_560pixels">373.33dp</dimen>
    <dimen name="xxh_561pixels">374dp</dimen>
    <dimen name="xxh_562pixels">374.67dp</dimen>
    <dimen name="xxh_563pixels">375.33dp</dimen>
    <dimen name="xxh_564pixels">376dp</dimen>
    <dimen name="xxh_565pixels">376.67dp</dimen>
    <dimen name="xxh_566pixels">377.33dp</dimen>
    <dimen name="xxh_567pixels">378dp</dimen>
    <dimen name="xxh_568pixels">378.67dp</dimen>
    <dimen name="xxh_569pixels">379.33dp</dimen>
    <dimen name="xxh_570pixels">380dp</dimen>
    <dimen name="xxh_571pixels">380.67dp</dimen>
    <dimen name="xxh_572pixels">381.33dp</dimen>
    <dimen name="xxh_573pixels">382dp</dimen>
    <dimen name="xxh_574pixels">382.67dp</dimen>
    <dimen name="xxh_575pixels">383.33dp</dimen>
    <dimen name="xxh_576pixels">384dp</dimen>
    <dimen name="xxh_577pixels">384.67dp</dimen>
    <dimen name="xxh_578pixels">385.33dp</dimen>
    <dimen name="xxh_579pixels">386dp</dimen>
    <dimen name="xxh_580pixels">386.67dp</dimen>
    <dimen name="xxh_581pixels">387.33dp</dimen>
    <dimen name="xxh_582pixels">388dp</dimen>
    <dimen name="xxh_583pixels">388.67dp</dimen>
    <dimen name="xxh_584pixels">389.33dp</dimen>
    <dimen name="xxh_585pixels">390dp</dimen>
    <dimen name="xxh_586pixels">390.67dp</dimen>
    <dimen name="xxh_587pixels">391.33dp</dimen>
    <dimen name="xxh_588pixels">392dp</dimen>
    <dimen name="xxh_589pixels">392.67dp</dimen>
    <dimen name="xxh_590pixels">393.33dp</dimen>
    <dimen name="xxh_591pixels">394dp</dimen>
    <dimen name="xxh_592pixels">394.67dp</dimen>
    <dimen name="xxh_593pixels">395.33dp</dimen>
    <dimen name="xxh_594pixels">396dp</dimen>
    <dimen name="xxh_595pixels">396.67dp</dimen>
    <dimen name="xxh_596pixels">397.33dp</dimen>
    <dimen name="xxh_597pixels">398dp</dimen>
    <dimen name="xxh_598pixels">398.67dp</dimen>
    <dimen name="xxh_599pixels">399.33dp</dimen>
    <dimen name="xxh_600pixels">400dp</dimen>
    <dimen name="xxh_601pixels">400.67dp</dimen>
    <dimen name="xxh_602pixels">401.33dp</dimen>
    <dimen name="xxh_603pixels">402dp</dimen>
    <dimen name="xxh_604pixels">402.67dp</dimen>
    <dimen name="xxh_605pixels">403.33dp</dimen>
    <dimen name="xxh_606pixels">404dp</dimen>
    <dimen name="xxh_607pixels">404.67dp</dimen>
    <dimen name="xxh_608pixels">405.33dp</dimen>
    <dimen name="xxh_609pixels">406dp</dimen>
    <dimen name="xxh_610pixels">406.67dp</dimen>
    <dimen name="xxh_611pixels">407.33dp</dimen>
    <dimen name="xxh_612pixels">408dp</dimen>
    <dimen name="xxh_613pixels">408.67dp</dimen>
    <dimen name="xxh_614pixels">409.33dp</dimen>
    <dimen name="xxh_615pixels">410dp</dimen>
    <dimen name="xxh_616pixels">410.67dp</dimen>
    <dimen name="xxh_617pixels">411.33dp</dimen>
    <dimen name="xxh_618pixels">412dp</dimen>
    <dimen name="xxh_619pixels">412.67dp</dimen>
    <dimen name="xxh_620pixels">413.33dp</dimen>
    <dimen name="xxh_621pixels">414dp</dimen>
    <dimen name="xxh_622pixels">414.67dp</dimen>
    <dimen name="xxh_623pixels">415.33dp</dimen>
    <dimen name="xxh_624pixels">416dp</dimen>
    <dimen name="xxh_625pixels">416.67dp</dimen>
    <dimen name="xxh_626pixels">417.33dp</dimen>
    <dimen name="xxh_627pixels">418dp</dimen>
    <dimen name="xxh_628pixels">418.67dp</dimen>
    <dimen name="xxh_629pixels">419.33dp</dimen>
    <dimen name="xxh_630pixels">420dp</dimen>
    <dimen name="xxh_631pixels">420.67dp</dimen>
    <dimen name="xxh_632pixels">421.33dp</dimen>
    <dimen name="xxh_633pixels">422dp</dimen>
    <dimen name="xxh_634pixels">422.67dp</dimen>
    <dimen name="xxh_635pixels">423.33dp</dimen>
    <dimen name="xxh_636pixels">424dp</dimen>
    <dimen name="xxh_637pixels">424.67dp</dimen>
    <dimen name="xxh_638pixels">425.33dp</dimen>
    <dimen name="xxh_639pixels">426dp</dimen>
    <dimen name="xxh_640pixels">426.67dp</dimen>
    <dimen name="xxh_641pixels">427.33dp</dimen>
    <dimen name="xxh_642pixels">428dp</dimen>
    <dimen name="xxh_643pixels">428.67dp</dimen>
    <dimen name="xxh_644pixels">429.33dp</dimen>
    <dimen name="xxh_645pixels">430dp</dimen>
    <dimen name="xxh_646pixels">430.67dp</dimen>
    <dimen name="xxh_647pixels">431.33dp</dimen>
    <dimen name="xxh_648pixels">432dp</dimen>
    <dimen name="xxh_649pixels">432.67dp</dimen>
    <dimen name="xxh_650pixels">433.33dp</dimen>
    <dimen name="xxh_651pixels">434dp</dimen>
    <dimen name="xxh_652pixels">434.67dp</dimen>
    <dimen name="xxh_653pixels">435.33dp</dimen>
    <dimen name="xxh_654pixels">436dp</dimen>
    <dimen name="xxh_655pixels">436.67dp</dimen>
    <dimen name="xxh_656pixels">437.33dp</dimen>
    <dimen name="xxh_657pixels">438dp</dimen>
    <dimen name="xxh_658pixels">438.67dp</dimen>
    <dimen name="xxh_659pixels">439.33dp</dimen>
    <dimen name="xxh_660pixels">440dp</dimen>
    <dimen name="xxh_661pixels">440.67dp</dimen>
    <dimen name="xxh_662pixels">441.33dp</dimen>
    <dimen name="xxh_663pixels">442dp</dimen>
    <dimen name="xxh_664pixels">442.67dp</dimen>
    <dimen name="xxh_665pixels">443.33dp</dimen>
    <dimen name="xxh_666pixels">444dp</dimen>
    <dimen name="xxh_667pixels">444.67dp</dimen>
    <dimen name="xxh_668pixels">445.33dp</dimen>
    <dimen name="xxh_669pixels">446dp</dimen>
    <dimen name="xxh_670pixels">446.67dp</dimen>
    <dimen name="xxh_671pixels">447.33dp</dimen>
    <dimen name="xxh_672pixels">448dp</dimen>
    <dimen name="xxh_673pixels">448.67dp</dimen>
    <dimen name="xxh_674pixels">449.33dp</dimen>
    <dimen name="xxh_675pixels">450dp</dimen>
    <dimen name="xxh_676pixels">450.67dp</dimen>
    <dimen name="xxh_677pixels">451.33dp</dimen>
    <dimen name="xxh_678pixels">452dp</dimen>
    <dimen name="xxh_679pixels">452.67dp</dimen>
    <dimen name="xxh_680pixels">453.33dp</dimen>
    <dimen name="xxh_681pixels">454dp</dimen>
    <dimen name="xxh_682pixels">454.67dp</dimen>
    <dimen name="xxh_683pixels">455.33dp</dimen>
    <dimen name="xxh_684pixels">456dp</dimen>
    <dimen name="xxh_685pixels">456.67dp</dimen>
    <dimen name="xxh_686pixels">457.33dp</dimen>
    <dimen name="xxh_687pixels">458dp</dimen>
    <dimen name="xxh_688pixels">458.67dp</dimen>
    <dimen name="xxh_689pixels">459.33dp</dimen>
    <dimen name="xxh_690pixels">460dp</dimen>
    <dimen name="xxh_691pixels">460.67dp</dimen>
    <dimen name="xxh_692pixels">461.33dp</dimen>
    <dimen name="xxh_693pixels">462dp</dimen>
    <dimen name="xxh_694pixels">462.67dp</dimen>
    <dimen name="xxh_695pixels">463.33dp</dimen>
    <dimen name="xxh_696pixels">464dp</dimen>
    <dimen name="xxh_697pixels">464.67dp</dimen>
    <dimen name="xxh_698pixels">465.33dp</dimen>
    <dimen name="xxh_699pixels">466dp</dimen>
    <dimen name="xxh_700pixels">466.67dp</dimen>
    <dimen name="xxh_701pixels">467.33dp</dimen>
    <dimen name="xxh_702pixels">468dp</dimen>
    <dimen name="xxh_703pixels">468.67dp</dimen>
    <dimen name="xxh_704pixels">469.33dp</dimen>
    <dimen name="xxh_705pixels">470dp</dimen>
    <dimen name="xxh_706pixels">470.67dp</dimen>
    <dimen name="xxh_707pixels">471.33dp</dimen>
    <dimen name="xxh_708pixels">472dp</dimen>
    <dimen name="xxh_709pixels">472.67dp</dimen>
    <dimen name="xxh_710pixels">473.33dp</dimen>
    <dimen name="xxh_711pixels">474dp</dimen>
    <dimen name="xxh_712pixels">474.67dp</dimen>
    <dimen name="xxh_713pixels">475.33dp</dimen>
    <dimen name="xxh_714pixels">476dp</dimen>
    <dimen name="xxh_715pixels">476.67dp</dimen>
    <dimen name="xxh_716pixels">477.33dp</dimen>
    <dimen name="xxh_717pixels">478dp</dimen>
    <dimen name="xxh_718pixels">478.67dp</dimen>
    <dimen name="xxh_719pixels">479.33dp</dimen>
    <dimen name="xxh_720pixels">480dp</dimen>
    <dimen name="xxh_721pixels">480.67dp</dimen>
    <dimen name="xxh_722pixels">481.33dp</dimen>
    <dimen name="xxh_723pixels">482dp</dimen>
    <dimen name="xxh_724pixels">482.67dp</dimen>
    <dimen name="xxh_725pixels">483.33dp</dimen>
    <dimen name="xxh_726pixels">484dp</dimen>
    <dimen name="xxh_727pixels">484.67dp</dimen>
    <dimen name="xxh_728pixels">485.33dp</dimen>
    <dimen name="xxh_729pixels">486dp</dimen>
    <dimen name="xxh_730pixels">486.67dp</dimen>
    <dimen name="xxh_731pixels">487.33dp</dimen>
    <dimen name="xxh_732pixels">488dp</dimen>
    <dimen name="xxh_733pixels">488.67dp</dimen>
    <dimen name="xxh_734pixels">489.33dp</dimen>
    <dimen name="xxh_735pixels">490dp</dimen>
    <dimen name="xxh_736pixels">490.67dp</dimen>
    <dimen name="xxh_737pixels">491.33dp</dimen>
    <dimen name="xxh_738pixels">492dp</dimen>
    <dimen name="xxh_739pixels">492.67dp</dimen>
    <dimen name="xxh_740pixels">493.33dp</dimen>
    <dimen name="xxh_741pixels">494dp</dimen>
    <dimen name="xxh_742pixels">494.67dp</dimen>
    <dimen name="xxh_743pixels">495.33dp</dimen>
    <dimen name="xxh_744pixels">496dp</dimen>
    <dimen name="xxh_745pixels">496.67dp</dimen>
    <dimen name="xxh_746pixels">497.33dp</dimen>
    <dimen name="xxh_747pixels">498dp</dimen>
    <dimen name="xxh_748pixels">498.67dp</dimen>
    <dimen name="xxh_749pixels">499.33dp</dimen>
    <dimen name="xxh_750pixels">500dp</dimen>
    <dimen name="xxh_751pixels">500.67dp</dimen>
    <dimen name="xxh_752pixels">501.33dp</dimen>
    <dimen name="xxh_753pixels">502dp</dimen>
    <dimen name="xxh_754pixels">502.67dp</dimen>
    <dimen name="xxh_755pixels">503.33dp</dimen>
    <dimen name="xxh_756pixels">504dp</dimen>
    <dimen name="xxh_757pixels">504.67dp</dimen>
    <dimen name="xxh_758pixels">505.33dp</dimen>
    <dimen name="xxh_759pixels">506dp</dimen>
    <dimen name="xxh_760pixels">506.67dp</dimen>
    <dimen name="xxh_761pixels">507.33dp</dimen>
    <dimen name="xxh_762pixels">508dp</dimen>
    <dimen name="xxh_763pixels">508.67dp</dimen>
    <dimen name="xxh_764pixels">509.33dp</dimen>
    <dimen name="xxh_765pixels">510dp</dimen>
    <dimen name="xxh_766pixels">510.67dp</dimen>
    <dimen name="xxh_767pixels">511.33dp</dimen>
    <dimen name="xxh_768pixels">512dp</dimen>
    <dimen name="xxh_769pixels">512.67dp</dimen>
    <dimen name="xxh_770pixels">513.33dp</dimen>
    <dimen name="xxh_771pixels">514dp</dimen>
    <dimen name="xxh_772pixels">514.67dp</dimen>
    <dimen name="xxh_773pixels">515.33dp</dimen>
    <dimen name="xxh_774pixels">516dp</dimen>
    <dimen name="xxh_775pixels">516.67dp</dimen>
    <dimen name="xxh_776pixels">517.33dp</dimen>
    <dimen name="xxh_777pixels">518dp</dimen>
    <dimen name="xxh_778pixels">518.67dp</dimen>
    <dimen name="xxh_779pixels">519.33dp</dimen>
    <dimen name="xxh_780pixels">520dp</dimen>
    <dimen name="xxh_781pixels">520.67dp</dimen>
    <dimen name="xxh_782pixels">521.33dp</dimen>
    <dimen name="xxh_783pixels">522dp</dimen>
    <dimen name="xxh_784pixels">522.67dp</dimen>
    <dimen name="xxh_785pixels">523.33dp</dimen>
    <dimen name="xxh_786pixels">524dp</dimen>
    <dimen name="xxh_787pixels">524.67dp</dimen>
    <dimen name="xxh_788pixels">525.33dp</dimen>
    <dimen name="xxh_789pixels">526dp</dimen>
    <dimen name="xxh_790pixels">526.67dp</dimen>
    <dimen name="xxh_791pixels">527.33dp</dimen>
    <dimen name="xxh_792pixels">528dp</dimen>
    <dimen name="xxh_793pixels">528.67dp</dimen>
    <dimen name="xxh_794pixels">529.33dp</dimen>
    <dimen name="xxh_795pixels">530dp</dimen>
    <dimen name="xxh_796pixels">530.67dp</dimen>
    <dimen name="xxh_797pixels">531.33dp</dimen>
    <dimen name="xxh_798pixels">532dp</dimen>
    <dimen name="xxh_799pixels">532.67dp</dimen>
    <dimen name="xxh_800pixels">533.33dp</dimen>
    <dimen name="xxh_801pixels">534dp</dimen>
    <dimen name="xxh_802pixels">534.67dp</dimen>
    <dimen name="xxh_803pixels">535.33dp</dimen>
    <dimen name="xxh_804pixels">536dp</dimen>
    <dimen name="xxh_805pixels">536.67dp</dimen>
    <dimen name="xxh_806pixels">537.33dp</dimen>
    <dimen name="xxh_807pixels">538dp</dimen>
    <dimen name="xxh_808pixels">538.67dp</dimen>
    <dimen name="xxh_809pixels">539.33dp</dimen>
    <dimen name="xxh_810pixels">540dp</dimen>
    <dimen name="xxh_811pixels">540.67dp</dimen>
    <dimen name="xxh_812pixels">541.33dp</dimen>
    <dimen name="xxh_813pixels">542dp</dimen>
    <dimen name="xxh_814pixels">542.67dp</dimen>
    <dimen name="xxh_815pixels">543.33dp</dimen>
    <dimen name="xxh_816pixels">544dp</dimen>
    <dimen name="xxh_817pixels">544.67dp</dimen>
    <dimen name="xxh_818pixels">545.33dp</dimen>
    <dimen name="xxh_819pixels">546dp</dimen>
    <dimen name="xxh_820pixels">546.67dp</dimen>
    <dimen name="xxh_821pixels">547.33dp</dimen>
    <dimen name="xxh_822pixels">548dp</dimen>
    <dimen name="xxh_823pixels">548.67dp</dimen>
    <dimen name="xxh_824pixels">549.33dp</dimen>
    <dimen name="xxh_825pixels">550dp</dimen>
    <dimen name="xxh_826pixels">550.67dp</dimen>
    <dimen name="xxh_827pixels">551.33dp</dimen>
    <dimen name="xxh_828pixels">552dp</dimen>
    <dimen name="xxh_829pixels">552.67dp</dimen>
    <dimen name="xxh_830pixels">553.33dp</dimen>
    <dimen name="xxh_831pixels">554dp</dimen>
    <dimen name="xxh_832pixels">554.67dp</dimen>
    <dimen name="xxh_833pixels">555.33dp</dimen>
    <dimen name="xxh_834pixels">556dp</dimen>
    <dimen name="xxh_835pixels">556.67dp</dimen>
    <dimen name="xxh_836pixels">557.33dp</dimen>
    <dimen name="xxh_837pixels">558dp</dimen>
    <dimen name="xxh_838pixels">558.67dp</dimen>
    <dimen name="xxh_839pixels">559.33dp</dimen>
    <dimen name="xxh_840pixels">560dp</dimen>
    <dimen name="xxh_841pixels">560.67dp</dimen>
    <dimen name="xxh_842pixels">561.33dp</dimen>
    <dimen name="xxh_843pixels">562dp</dimen>
    <dimen name="xxh_844pixels">562.67dp</dimen>
    <dimen name="xxh_845pixels">563.33dp</dimen>
    <dimen name="xxh_846pixels">564dp</dimen>
    <dimen name="xxh_847pixels">564.67dp</dimen>
    <dimen name="xxh_848pixels">565.33dp</dimen>
    <dimen name="xxh_849pixels">566dp</dimen>
    <dimen name="xxh_850pixels">566.67dp</dimen>
    <dimen name="xxh_851pixels">567.33dp</dimen>
    <dimen name="xxh_852pixels">568dp</dimen>
    <dimen name="xxh_853pixels">568.67dp</dimen>
    <dimen name="xxh_854pixels">569.33dp</dimen>
    <dimen name="xxh_855pixels">570dp</dimen>
    <dimen name="xxh_856pixels">570.67dp</dimen>
    <dimen name="xxh_857pixels">571.33dp</dimen>
    <dimen name="xxh_858pixels">572dp</dimen>
    <dimen name="xxh_859pixels">572.67dp</dimen>
    <dimen name="xxh_860pixels">573.33dp</dimen>
    <dimen name="xxh_861pixels">574dp</dimen>
    <dimen name="xxh_862pixels">574.67dp</dimen>
    <dimen name="xxh_863pixels">575.33dp</dimen>
    <dimen name="xxh_864pixels">576dp</dimen>
    <dimen name="xxh_865pixels">576.67dp</dimen>
    <dimen name="xxh_866pixels">577.33dp</dimen>
    <dimen name="xxh_867pixels">578dp</dimen>
    <dimen name="xxh_868pixels">578.67dp</dimen>
    <dimen name="xxh_869pixels">579.33dp</dimen>
    <dimen name="xxh_870pixels">580dp</dimen>
    <dimen name="xxh_871pixels">580.67dp</dimen>
    <dimen name="xxh_872pixels">581.33dp</dimen>
    <dimen name="xxh_873pixels">582dp</dimen>
    <dimen name="xxh_874pixels">582.67dp</dimen>
    <dimen name="xxh_875pixels">583.33dp</dimen>
    <dimen name="xxh_876pixels">584dp</dimen>
    <dimen name="xxh_877pixels">584.67dp</dimen>
    <dimen name="xxh_878pixels">585.33dp</dimen>
    <dimen name="xxh_879pixels">586dp</dimen>
    <dimen name="xxh_880pixels">586.67dp</dimen>
    <dimen name="xxh_881pixels">587.33dp</dimen>
    <dimen name="xxh_882pixels">588dp</dimen>
    <dimen name="xxh_883pixels">588.67dp</dimen>
    <dimen name="xxh_884pixels">589.33dp</dimen>
    <dimen name="xxh_885pixels">590dp</dimen>
    <dimen name="xxh_886pixels">590.67dp</dimen>
    <dimen name="xxh_887pixels">591.33dp</dimen>
    <dimen name="xxh_888pixels">592dp</dimen>
    <dimen name="xxh_889pixels">592.67dp</dimen>
    <dimen name="xxh_890pixels">593.33dp</dimen>
    <dimen name="xxh_891pixels">594dp</dimen>
    <dimen name="xxh_892pixels">594.67dp</dimen>
    <dimen name="xxh_893pixels">595.33dp</dimen>
    <dimen name="xxh_894pixels">596dp</dimen>
    <dimen name="xxh_895pixels">596.67dp</dimen>
    <dimen name="xxh_896pixels">597.33dp</dimen>
    <dimen name="xxh_897pixels">598dp</dimen>
    <dimen name="xxh_898pixels">598.67dp</dimen>
    <dimen name="xxh_899pixels">599.33dp</dimen>
    <dimen name="xxh_900pixels">600dp</dimen>
    <dimen name="xxh_901pixels">600.67dp</dimen>
    <dimen name="xxh_902pixels">601.33dp</dimen>
    <dimen name="xxh_903pixels">602dp</dimen>
    <dimen name="xxh_904pixels">602.67dp</dimen>
    <dimen name="xxh_905pixels">603.33dp</dimen>
    <dimen name="xxh_906pixels">604dp</dimen>
    <dimen name="xxh_907pixels">604.67dp</dimen>
    <dimen name="xxh_908pixels">605.33dp</dimen>
    <dimen name="xxh_909pixels">606dp</dimen>
    <dimen name="xxh_910pixels">606.67dp</dimen>
    <dimen name="xxh_911pixels">607.33dp</dimen>
    <dimen name="xxh_912pixels">608dp</dimen>
    <dimen name="xxh_913pixels">608.67dp</dimen>
    <dimen name="xxh_914pixels">609.33dp</dimen>
    <dimen name="xxh_915pixels">610dp</dimen>
    <dimen name="xxh_916pixels">610.67dp</dimen>
    <dimen name="xxh_917pixels">611.33dp</dimen>
    <dimen name="xxh_918pixels">612dp</dimen>
    <dimen name="xxh_919pixels">612.67dp</dimen>
    <dimen name="xxh_920pixels">613.33dp</dimen>
    <dimen name="xxh_921pixels">614dp</dimen>
    <dimen name="xxh_922pixels">614.67dp</dimen>
    <dimen name="xxh_923pixels">615.33dp</dimen>
    <dimen name="xxh_924pixels">616dp</dimen>
    <dimen name="xxh_925pixels">616.67dp</dimen>
    <dimen name="xxh_926pixels">617.33dp</dimen>
    <dimen name="xxh_927pixels">618dp</dimen>
    <dimen name="xxh_928pixels">618.67dp</dimen>
    <dimen name="xxh_929pixels">619.33dp</dimen>
    <dimen name="xxh_930pixels">620dp</dimen>
    <dimen name="xxh_931pixels">620.67dp</dimen>
    <dimen name="xxh_932pixels">621.33dp</dimen>
    <dimen name="xxh_933pixels">622dp</dimen>
    <dimen name="xxh_934pixels">622.67dp</dimen>
    <dimen name="xxh_935pixels">623.33dp</dimen>
    <dimen name="xxh_936pixels">624dp</dimen>
    <dimen name="xxh_937pixels">624.67dp</dimen>
    <dimen name="xxh_938pixels">625.33dp</dimen>
    <dimen name="xxh_939pixels">626dp</dimen>
    <dimen name="xxh_940pixels">626.67dp</dimen>
    <dimen name="xxh_941pixels">627.33dp</dimen>
    <dimen name="xxh_942pixels">628dp</dimen>
    <dimen name="xxh_943pixels">628.67dp</dimen>
    <dimen name="xxh_944pixels">629.33dp</dimen>
    <dimen name="xxh_945pixels">630dp</dimen>
    <dimen name="xxh_946pixels">630.67dp</dimen>
    <dimen name="xxh_947pixels">631.33dp</dimen>
    <dimen name="xxh_948pixels">632dp</dimen>
    <dimen name="xxh_949pixels">632.67dp</dimen>
    <dimen name="xxh_950pixels">633.33dp</dimen>
    <dimen name="xxh_951pixels">634dp</dimen>
    <dimen name="xxh_952pixels">634.67dp</dimen>
    <dimen name="xxh_953pixels">635.33dp</dimen>
    <dimen name="xxh_954pixels">636dp</dimen>
    <dimen name="xxh_955pixels">636.67dp</dimen>
    <dimen name="xxh_956pixels">637.33dp</dimen>
    <dimen name="xxh_957pixels">638dp</dimen>
    <dimen name="xxh_958pixels">638.67dp</dimen>
    <dimen name="xxh_959pixels">639.33dp</dimen>
    <dimen name="xxh_960pixels">640dp</dimen>
    <dimen name="xxh_961pixels">640.67dp</dimen>
    <dimen name="xxh_962pixels">641.33dp</dimen>
    <dimen name="xxh_963pixels">642dp</dimen>
    <dimen name="xxh_964pixels">642.67dp</dimen>
    <dimen name="xxh_965pixels">643.33dp</dimen>
    <dimen name="xxh_966pixels">644dp</dimen>
    <dimen name="xxh_967pixels">644.67dp</dimen>
    <dimen name="xxh_968pixels">645.33dp</dimen>
    <dimen name="xxh_969pixels">646dp</dimen>
    <dimen name="xxh_970pixels">646.67dp</dimen>
    <dimen name="xxh_971pixels">647.33dp</dimen>
    <dimen name="xxh_972pixels">648dp</dimen>
    <dimen name="xxh_973pixels">648.67dp</dimen>
    <dimen name="xxh_974pixels">649.33dp</dimen>
    <dimen name="xxh_975pixels">650dp</dimen>
    <dimen name="xxh_976pixels">650.67dp</dimen>
    <dimen name="xxh_977pixels">651.33dp</dimen>
    <dimen name="xxh_978pixels">652dp</dimen>
    <dimen name="xxh_979pixels">652.67dp</dimen>
    <dimen name="xxh_980pixels">653.33dp</dimen>
    <dimen name="xxh_981pixels">654dp</dimen>
    <dimen name="xxh_982pixels">654.67dp</dimen>
    <dimen name="xxh_983pixels">655.33dp</dimen>
    <dimen name="xxh_984pixels">656dp</dimen>
    <dimen name="xxh_985pixels">656.67dp</dimen>
    <dimen name="xxh_986pixels">657.33dp</dimen>
    <dimen name="xxh_987pixels">658dp</dimen>
    <dimen name="xxh_988pixels">658.67dp</dimen>
    <dimen name="xxh_989pixels">659.33dp</dimen>
    <dimen name="xxh_990pixels">660dp</dimen>
    <dimen name="xxh_991pixels">660.67dp</dimen>
    <dimen name="xxh_992pixels">661.33dp</dimen>
    <dimen name="xxh_993pixels">662dp</dimen>
    <dimen name="xxh_994pixels">662.67dp</dimen>
    <dimen name="xxh_995pixels">663.33dp</dimen>
    <dimen name="xxh_996pixels">664dp</dimen>
    <dimen name="xxh_997pixels">664.67dp</dimen>
    <dimen name="xxh_998pixels">665.33dp</dimen>
    <dimen name="xxh_999pixels">666dp</dimen>
    <dimen name="xxh_1000pixels">666.67dp</dimen>
    <dimen name="xxh_1001pixels">667.33dp</dimen>
    <dimen name="xxh_1002pixels">668dp</dimen>
    <dimen name="xxh_1003pixels">668.67dp</dimen>
    <dimen name="xxh_1004pixels">669.33dp</dimen>
    <dimen name="xxh_1005pixels">670dp</dimen>
    <dimen name="xxh_1006pixels">670.67dp</dimen>
    <dimen name="xxh_1007pixels">671.33dp</dimen>
    <dimen name="xxh_1008pixels">672dp</dimen>
    <dimen name="xxh_1009pixels">672.67dp</dimen>
    <dimen name="xxh_1010pixels">673.33dp</dimen>
    <dimen name="xxh_1011pixels">674dp</dimen>
    <dimen name="xxh_1012pixels">674.67dp</dimen>
    <dimen name="xxh_1013pixels">675.33dp</dimen>
    <dimen name="xxh_1014pixels">676dp</dimen>
    <dimen name="xxh_1015pixels">676.67dp</dimen>
    <dimen name="xxh_1016pixels">677.33dp</dimen>
    <dimen name="xxh_1017pixels">678dp</dimen>
    <dimen name="xxh_1018pixels">678.67dp</dimen>
    <dimen name="xxh_1019pixels">679.33dp</dimen>
    <dimen name="xxh_1020pixels">680dp</dimen>
    <dimen name="xxh_1021pixels">680.67dp</dimen>
    <dimen name="xxh_1022pixels">681.33dp</dimen>
    <dimen name="xxh_1023pixels">682dp</dimen>
    <dimen name="xxh_1024pixels">682.67dp</dimen>
    <dimen name="xxh_1025pixels">683.33dp</dimen>
    <dimen name="xxh_1026pixels">684dp</dimen>
    <dimen name="xxh_1027pixels">684.67dp</dimen>
    <dimen name="xxh_1028pixels">685.33dp</dimen>
    <dimen name="xxh_1029pixels">686dp</dimen>
    <dimen name="xxh_1030pixels">686.67dp</dimen>
    <dimen name="xxh_1031pixels">687.33dp</dimen>
    <dimen name="xxh_1032pixels">688dp</dimen>
    <dimen name="xxh_1033pixels">688.67dp</dimen>
    <dimen name="xxh_1034pixels">689.33dp</dimen>
    <dimen name="xxh_1035pixels">690dp</dimen>
    <dimen name="xxh_1036pixels">690.67dp</dimen>
    <dimen name="xxh_1037pixels">691.33dp</dimen>
    <dimen name="xxh_1038pixels">692dp</dimen>
    <dimen name="xxh_1039pixels">692.67dp</dimen>
    <dimen name="xxh_1040pixels">693.33dp</dimen>
    <dimen name="xxh_1041pixels">694dp</dimen>
    <dimen name="xxh_1042pixels">694.67dp</dimen>
    <dimen name="xxh_1043pixels">695.33dp</dimen>
    <dimen name="xxh_1044pixels">696dp</dimen>
    <dimen name="xxh_1045pixels">696.67dp</dimen>
    <dimen name="xxh_1046pixels">697.33dp</dimen>
    <dimen name="xxh_1047pixels">698dp</dimen>
    <dimen name="xxh_1048pixels">698.67dp</dimen>
    <dimen name="xxh_1049pixels">699.33dp</dimen>
    <dimen name="xxh_1050pixels">700dp</dimen>
    <dimen name="xxh_1051pixels">700.67dp</dimen>
    <dimen name="xxh_1052pixels">701.33dp</dimen>
    <dimen name="xxh_1053pixels">702dp</dimen>
    <dimen name="xxh_1054pixels">702.67dp</dimen>
    <dimen name="xxh_1055pixels">703.33dp</dimen>
    <dimen name="xxh_1056pixels">704dp</dimen>
    <dimen name="xxh_1057pixels">704.67dp</dimen>
    <dimen name="xxh_1058pixels">705.33dp</dimen>
    <dimen name="xxh_1059pixels">706dp</dimen>
    <dimen name="xxh_1060pixels">706.67dp</dimen>
    <dimen name="xxh_1061pixels">707.33dp</dimen>
    <dimen name="xxh_1062pixels">708dp</dimen>
    <dimen name="xxh_1063pixels">708.67dp</dimen>
    <dimen name="xxh_1064pixels">709.33dp</dimen>
    <dimen name="xxh_1065pixels">710dp</dimen>
    <dimen name="xxh_1066pixels">710.67dp</dimen>
    <dimen name="xxh_1067pixels">711.33dp</dimen>
    <dimen name="xxh_1068pixels">712dp</dimen>
    <dimen name="xxh_1069pixels">712.67dp</dimen>
    <dimen name="xxh_1070pixels">713.33dp</dimen>
    <dimen name="xxh_1071pixels">714dp</dimen>
    <dimen name="xxh_1072pixels">714.67dp</dimen>
    <dimen name="xxh_1073pixels">715.33dp</dimen>
    <dimen name="xxh_1074pixels">716dp</dimen>
    <dimen name="xxh_1075pixels">716.67dp</dimen>
    <dimen name="xxh_1076pixels">717.33dp</dimen>
    <dimen name="xxh_1077pixels">718dp</dimen>
    <dimen name="xxh_1078pixels">718.67dp</dimen>
    <dimen name="xxh_1079pixels">719.33dp</dimen>
    <dimen name="xxh_1080pixels">720dp</dimen>
    <dimen name="xxh_1081pixels">720.67dp</dimen>
    <dimen name="xxh_1082pixels">721.33dp</dimen>
    <dimen name="xxh_1083pixels">722dp</dimen>
    <dimen name="xxh_1084pixels">722.67dp</dimen>
    <dimen name="xxh_1085pixels">723.33dp</dimen>
    <dimen name="xxh_1086pixels">724dp</dimen>
    <dimen name="xxh_1087pixels">724.67dp</dimen>
    <dimen name="xxh_1088pixels">725.33dp</dimen>
    <dimen name="xxh_1089pixels">726dp</dimen>
    <dimen name="xxh_1090pixels">726.67dp</dimen>
    <dimen name="xxh_1091pixels">727.33dp</dimen>
    <dimen name="xxh_1092pixels">728dp</dimen>
    <dimen name="xxh_1093pixels">728.67dp</dimen>
    <dimen name="xxh_1094pixels">729.33dp</dimen>
    <dimen name="xxh_1095pixels">730dp</dimen>
    <dimen name="xxh_1096pixels">730.67dp</dimen>
    <dimen name="xxh_1097pixels">731.33dp</dimen>
    <dimen name="xxh_1098pixels">732dp</dimen>
    <dimen name="xxh_1099pixels">732.67dp</dimen>
    <dimen name="xxh_1100pixels">733.33dp</dimen>
    <dimen name="xxh_1101pixels">734dp</dimen>
    <dimen name="xxh_1102pixels">734.67dp</dimen>
    <dimen name="xxh_1103pixels">735.33dp</dimen>
    <dimen name="xxh_1104pixels">736dp</dimen>
    <dimen name="xxh_1105pixels">736.67dp</dimen>
    <dimen name="xxh_1106pixels">737.33dp</dimen>
    <dimen name="xxh_1107pixels">738dp</dimen>
    <dimen name="xxh_1108pixels">738.67dp</dimen>
    <dimen name="xxh_1109pixels">739.33dp</dimen>
    <dimen name="xxh_1110pixels">740dp</dimen>
    <dimen name="xxh_1111pixels">740.67dp</dimen>
    <dimen name="xxh_1112pixels">741.33dp</dimen>
    <dimen name="xxh_1113pixels">742dp</dimen>
    <dimen name="xxh_1114pixels">742.67dp</dimen>
    <dimen name="xxh_1115pixels">743.33dp</dimen>
    <dimen name="xxh_1116pixels">744dp</dimen>
    <dimen name="xxh_1117pixels">744.67dp</dimen>
    <dimen name="xxh_1118pixels">745.33dp</dimen>
    <dimen name="xxh_1119pixels">746dp</dimen>
    <dimen name="xxh_1120pixels">746.67dp</dimen>
    <dimen name="xxh_1121pixels">747.33dp</dimen>
    <dimen name="xxh_1122pixels">748dp</dimen>
    <dimen name="xxh_1123pixels">748.67dp</dimen>
    <dimen name="xxh_1124pixels">749.33dp</dimen>
    <dimen name="xxh_1125pixels">750dp</dimen>
    <dimen name="xxh_1126pixels">750.67dp</dimen>
    <dimen name="xxh_1127pixels">751.33dp</dimen>
    <dimen name="xxh_1128pixels">752dp</dimen>
    <dimen name="xxh_1129pixels">752.67dp</dimen>
    <dimen name="xxh_1130pixels">753.33dp</dimen>
    <dimen name="xxh_1131pixels">754dp</dimen>
    <dimen name="xxh_1132pixels">754.67dp</dimen>
    <dimen name="xxh_1133pixels">755.33dp</dimen>
    <dimen name="xxh_1134pixels">756dp</dimen>
    <dimen name="xxh_1135pixels">756.67dp</dimen>
    <dimen name="xxh_1136pixels">757.33dp</dimen>
    <dimen name="xxh_1137pixels">758dp</dimen>
    <dimen name="xxh_1138pixels">758.67dp</dimen>
    <dimen name="xxh_1139pixels">759.33dp</dimen>
    <dimen name="xxh_1140pixels">760dp</dimen>
    <dimen name="xxh_1141pixels">760.67dp</dimen>
    <dimen name="xxh_1142pixels">761.33dp</dimen>
    <dimen name="xxh_1143pixels">762dp</dimen>
    <dimen name="xxh_1144pixels">762.67dp</dimen>
    <dimen name="xxh_1145pixels">763.33dp</dimen>
    <dimen name="xxh_1146pixels">764dp</dimen>
    <dimen name="xxh_1147pixels">764.67dp</dimen>
    <dimen name="xxh_1148pixels">765.33dp</dimen>
    <dimen name="xxh_1149pixels">766dp</dimen>
    <dimen name="xxh_1150pixels">766.67dp</dimen>
    <dimen name="xxh_1151pixels">767.33dp</dimen>
    <dimen name="xxh_1152pixels">768dp</dimen>
    <dimen name="xxh_1153pixels">768.67dp</dimen>
    <dimen name="xxh_1154pixels">769.33dp</dimen>
    <dimen name="xxh_1155pixels">770dp</dimen>
    <dimen name="xxh_1156pixels">770.67dp</dimen>
    <dimen name="xxh_1157pixels">771.33dp</dimen>
    <dimen name="xxh_1158pixels">772dp</dimen>
    <dimen name="xxh_1159pixels">772.67dp</dimen>
    <dimen name="xxh_1160pixels">773.33dp</dimen>
    <dimen name="xxh_1161pixels">774dp</dimen>
    <dimen name="xxh_1162pixels">774.67dp</dimen>
    <dimen name="xxh_1163pixels">775.33dp</dimen>
    <dimen name="xxh_1164pixels">776dp</dimen>
    <dimen name="xxh_1165pixels">776.67dp</dimen>
    <dimen name="xxh_1166pixels">777.33dp</dimen>
    <dimen name="xxh_1167pixels">778dp</dimen>
    <dimen name="xxh_1168pixels">778.67dp</dimen>
    <dimen name="xxh_1169pixels">779.33dp</dimen>
    <dimen name="xxh_1170pixels">780dp</dimen>
    <dimen name="xxh_1171pixels">780.67dp</dimen>
    <dimen name="xxh_1172pixels">781.33dp</dimen>
    <dimen name="xxh_1173pixels">782dp</dimen>
    <dimen name="xxh_1174pixels">782.67dp</dimen>
    <dimen name="xxh_1175pixels">783.33dp</dimen>
    <dimen name="xxh_1176pixels">784dp</dimen>
    <dimen name="xxh_1177pixels">784.67dp</dimen>
    <dimen name="xxh_1178pixels">785.33dp</dimen>
    <dimen name="xxh_1179pixels">786dp</dimen>
    <dimen name="xxh_1180pixels">786.67dp</dimen>
    <dimen name="xxh_1181pixels">787.33dp</dimen>
    <dimen name="xxh_1182pixels">788dp</dimen>
    <dimen name="xxh_1183pixels">788.67dp</dimen>
    <dimen name="xxh_1184pixels">789.33dp</dimen>
    <dimen name="xxh_1185pixels">790dp</dimen>
    <dimen name="xxh_1186pixels">790.67dp</dimen>
    <dimen name="xxh_1187pixels">791.33dp</dimen>
    <dimen name="xxh_1188pixels">792dp</dimen>
    <dimen name="xxh_1189pixels">792.67dp</dimen>
    <dimen name="xxh_1190pixels">793.33dp</dimen>
    <dimen name="xxh_1191pixels">794dp</dimen>
    <dimen name="xxh_1192pixels">794.67dp</dimen>
    <dimen name="xxh_1193pixels">795.33dp</dimen>
    <dimen name="xxh_1194pixels">796dp</dimen>
    <dimen name="xxh_1195pixels">796.67dp</dimen>
    <dimen name="xxh_1196pixels">797.33dp</dimen>
    <dimen name="xxh_1197pixels">798dp</dimen>
    <dimen name="xxh_1198pixels">798.67dp</dimen>
    <dimen name="xxh_1199pixels">799.33dp</dimen>
    <dimen name="xxh_1200pixels">800dp</dimen>
    <dimen name="xxh_1201pixels">800.67dp</dimen>
    <dimen name="xxh_1202pixels">801.33dp</dimen>
    <dimen name="xxh_1203pixels">802dp</dimen>
    <dimen name="xxh_1204pixels">802.67dp</dimen>
    <dimen name="xxh_1205pixels">803.33dp</dimen>
    <dimen name="xxh_1206pixels">804dp</dimen>
    <dimen name="xxh_1207pixels">804.67dp</dimen>
    <dimen name="xxh_1208pixels">805.33dp</dimen>
    <dimen name="xxh_1209pixels">806dp</dimen>
    <dimen name="xxh_1210pixels">806.67dp</dimen>
    <dimen name="xxh_1211pixels">807.33dp</dimen>
    <dimen name="xxh_1212pixels">808dp</dimen>
    <dimen name="xxh_1213pixels">808.67dp</dimen>
    <dimen name="xxh_1214pixels">809.33dp</dimen>
    <dimen name="xxh_1215pixels">810dp</dimen>
    <dimen name="xxh_1216pixels">810.67dp</dimen>
    <dimen name="xxh_1217pixels">811.33dp</dimen>
    <dimen name="xxh_1218pixels">812dp</dimen>
    <dimen name="xxh_1219pixels">812.67dp</dimen>
    <dimen name="xxh_1220pixels">813.33dp</dimen>
    <dimen name="xxh_1221pixels">814dp</dimen>
    <dimen name="xxh_1222pixels">814.67dp</dimen>
    <dimen name="xxh_1223pixels">815.33dp</dimen>
    <dimen name="xxh_1224pixels">816dp</dimen>
    <dimen name="xxh_1225pixels">816.67dp</dimen>
    <dimen name="xxh_1226pixels">817.33dp</dimen>
    <dimen name="xxh_1227pixels">818dp</dimen>
    <dimen name="xxh_1228pixels">818.67dp</dimen>
    <dimen name="xxh_1229pixels">819.33dp</dimen>
    <dimen name="xxh_1230pixels">820dp</dimen>
    <dimen name="xxh_1231pixels">820.67dp</dimen>
    <dimen name="xxh_1232pixels">821.33dp</dimen>
    <dimen name="xxh_1233pixels">822dp</dimen>
    <dimen name="xxh_1234pixels">822.67dp</dimen>
    <dimen name="xxh_1235pixels">823.33dp</dimen>
    <dimen name="xxh_1236pixels">824dp</dimen>
    <dimen name="xxh_1237pixels">824.67dp</dimen>
    <dimen name="xxh_1238pixels">825.33dp</dimen>
    <dimen name="xxh_1239pixels">826dp</dimen>
    <dimen name="xxh_1240pixels">826.67dp</dimen>
    <dimen name="xxh_1241pixels">827.33dp</dimen>
    <dimen name="xxh_1242pixels">828dp</dimen>
    <dimen name="xxh_1243pixels">828.67dp</dimen>
    <dimen name="xxh_1244pixels">829.33dp</dimen>
    <dimen name="xxh_1245pixels">830dp</dimen>
    <dimen name="xxh_1246pixels">830.67dp</dimen>
    <dimen name="xxh_1247pixels">831.33dp</dimen>
    <dimen name="xxh_1248pixels">832dp</dimen>
    <dimen name="xxh_1249pixels">832.67dp</dimen>
    <dimen name="xxh_1250pixels">833.33dp</dimen>
    <dimen name="xxh_1251pixels">834dp</dimen>
    <dimen name="xxh_1252pixels">834.67dp</dimen>
    <dimen name="xxh_1253pixels">835.33dp</dimen>
    <dimen name="xxh_1254pixels">836dp</dimen>
    <dimen name="xxh_1255pixels">836.67dp</dimen>
    <dimen name="xxh_1256pixels">837.33dp</dimen>
    <dimen name="xxh_1257pixels">838dp</dimen>
    <dimen name="xxh_1258pixels">838.67dp</dimen>
    <dimen name="xxh_1259pixels">839.33dp</dimen>
    <dimen name="xxh_1260pixels">840dp</dimen>
    <dimen name="xxh_1261pixels">840.67dp</dimen>
    <dimen name="xxh_1262pixels">841.33dp</dimen>
    <dimen name="xxh_1263pixels">842dp</dimen>
    <dimen name="xxh_1264pixels">842.67dp</dimen>
    <dimen name="xxh_1265pixels">843.33dp</dimen>
    <dimen name="xxh_1266pixels">844dp</dimen>
    <dimen name="xxh_1267pixels">844.67dp</dimen>
    <dimen name="xxh_1268pixels">845.33dp</dimen>
    <dimen name="xxh_1269pixels">846dp</dimen>
    <dimen name="xxh_1270pixels">846.67dp</dimen>
    <dimen name="xxh_1271pixels">847.33dp</dimen>
    <dimen name="xxh_1272pixels">848dp</dimen>
    <dimen name="xxh_1273pixels">848.67dp</dimen>
    <dimen name="xxh_1274pixels">849.33dp</dimen>
    <dimen name="xxh_1275pixels">850dp</dimen>
    <dimen name="xxh_1276pixels">850.67dp</dimen>
    <dimen name="xxh_1277pixels">851.33dp</dimen>
    <dimen name="xxh_1278pixels">852dp</dimen>
    <dimen name="xxh_1279pixels">852.67dp</dimen>
    <dimen name="xxh_1280pixels">853.33dp</dimen>
    <dimen name="xxh_1281pixels">854dp</dimen>
    <dimen name="xxh_1282pixels">854.67dp</dimen>
    <dimen name="xxh_1283pixels">855.33dp</dimen>
    <dimen name="xxh_1284pixels">856dp</dimen>
    <dimen name="xxh_1285pixels">856.67dp</dimen>
    <dimen name="xxh_1286pixels">857.33dp</dimen>
    <dimen name="xxh_1287pixels">858dp</dimen>
    <dimen name="xxh_1288pixels">858.67dp</dimen>
    <dimen name="xxh_1289pixels">859.33dp</dimen>
    <dimen name="xxh_1290pixels">860dp</dimen>
    <dimen name="xxh_1291pixels">860.67dp</dimen>
    <dimen name="xxh_1292pixels">861.33dp</dimen>
    <dimen name="xxh_1293pixels">862dp</dimen>
    <dimen name="xxh_1294pixels">862.67dp</dimen>
    <dimen name="xxh_1295pixels">863.33dp</dimen>
    <dimen name="xxh_1296pixels">864dp</dimen>
    <dimen name="xxh_1297pixels">864.67dp</dimen>
    <dimen name="xxh_1298pixels">865.33dp</dimen>
    <dimen name="xxh_1299pixels">866dp</dimen>
    <dimen name="xxh_1300pixels">866.67dp</dimen>
    <dimen name="xxh_1301pixels">867.33dp</dimen>
    <dimen name="xxh_1302pixels">868dp</dimen>
    <dimen name="xxh_1303pixels">868.67dp</dimen>
    <dimen name="xxh_1304pixels">869.33dp</dimen>
    <dimen name="xxh_1305pixels">870dp</dimen>
    <dimen name="xxh_1306pixels">870.67dp</dimen>
    <dimen name="xxh_1307pixels">871.33dp</dimen>
    <dimen name="xxh_1308pixels">872dp</dimen>
    <dimen name="xxh_1309pixels">872.67dp</dimen>
    <dimen name="xxh_1310pixels">873.33dp</dimen>
    <dimen name="xxh_1311pixels">874dp</dimen>
    <dimen name="xxh_1312pixels">874.67dp</dimen>
    <dimen name="xxh_1313pixels">875.33dp</dimen>
    <dimen name="xxh_1314pixels">876dp</dimen>
    <dimen name="xxh_1315pixels">876.67dp</dimen>
    <dimen name="xxh_1316pixels">877.33dp</dimen>
    <dimen name="xxh_1317pixels">878dp</dimen>
    <dimen name="xxh_1318pixels">878.67dp</dimen>
    <dimen name="xxh_1319pixels">879.33dp</dimen>
    <dimen name="xxh_1320pixels">880dp</dimen>
    <dimen name="xxh_1321pixels">880.67dp</dimen>
    <dimen name="xxh_1322pixels">881.33dp</dimen>
    <dimen name="xxh_1323pixels">882dp</dimen>
    <dimen name="xxh_1324pixels">882.67dp</dimen>
    <dimen name="xxh_1325pixels">883.33dp</dimen>
    <dimen name="xxh_1326pixels">884dp</dimen>
    <dimen name="xxh_1327pixels">884.67dp</dimen>
    <dimen name="xxh_1328pixels">885.33dp</dimen>
    <dimen name="xxh_1329pixels">886dp</dimen>
    <dimen name="xxh_1330pixels">886.67dp</dimen>
    <dimen name="xxh_1331pixels">887.33dp</dimen>
    <dimen name="xxh_1332pixels">888dp</dimen>
    <dimen name="xxh_1333pixels">888.67dp</dimen>
    <dimen name="xxh_1334pixels">889.33dp</dimen>
    <dimen name="xxh_1335pixels">890dp</dimen>
    <dimen name="xxh_1336pixels">890.67dp</dimen>
    <dimen name="xxh_1337pixels">891.33dp</dimen>
    <dimen name="xxh_1338pixels">892dp</dimen>
    <dimen name="xxh_1339pixels">892.67dp</dimen>
    <dimen name="xxh_1340pixels">893.33dp</dimen>
    <dimen name="xxh_1341pixels">894dp</dimen>
    <dimen name="xxh_1342pixels">894.67dp</dimen>
    <dimen name="xxh_1343pixels">895.33dp</dimen>
    <dimen name="xxh_1344pixels">896dp</dimen>
    <dimen name="xxh_1345pixels">896.67dp</dimen>
    <dimen name="xxh_1346pixels">897.33dp</dimen>
    <dimen name="xxh_1347pixels">898dp</dimen>
    <dimen name="xxh_1348pixels">898.67dp</dimen>
    <dimen name="xxh_1349pixels">899.33dp</dimen>
    <dimen name="xxh_1350pixels">900dp</dimen>
    <dimen name="xxh_1351pixels">900.67dp</dimen>
    <dimen name="xxh_1352pixels">901.33dp</dimen>
    <dimen name="xxh_1353pixels">902dp</dimen>
    <dimen name="xxh_1354pixels">902.67dp</dimen>
    <dimen name="xxh_1355pixels">903.33dp</dimen>
    <dimen name="xxh_1356pixels">904dp</dimen>
    <dimen name="xxh_1357pixels">904.67dp</dimen>
    <dimen name="xxh_1358pixels">905.33dp</dimen>
    <dimen name="xxh_1359pixels">906dp</dimen>
    <dimen name="xxh_1360pixels">906.67dp</dimen>
    <dimen name="xxh_1361pixels">907.33dp</dimen>
    <dimen name="xxh_1362pixels">908dp</dimen>
    <dimen name="xxh_1363pixels">908.67dp</dimen>
    <dimen name="xxh_1364pixels">909.33dp</dimen>
    <dimen name="xxh_1365pixels">910dp</dimen>
    <dimen name="xxh_1366pixels">910.67dp</dimen>
    <dimen name="xxh_1367pixels">911.33dp</dimen>
    <dimen name="xxh_1368pixels">912dp</dimen>
    <dimen name="xxh_1369pixels">912.67dp</dimen>
    <dimen name="xxh_1370pixels">913.33dp</dimen>
    <dimen name="xxh_1371pixels">914dp</dimen>
    <dimen name="xxh_1372pixels">914.67dp</dimen>
    <dimen name="xxh_1373pixels">915.33dp</dimen>
    <dimen name="xxh_1374pixels">916dp</dimen>
    <dimen name="xxh_1375pixels">916.67dp</dimen>
    <dimen name="xxh_1376pixels">917.33dp</dimen>
    <dimen name="xxh_1377pixels">918dp</dimen>
    <dimen name="xxh_1378pixels">918.67dp</dimen>
    <dimen name="xxh_1379pixels">919.33dp</dimen>
    <dimen name="xxh_1380pixels">920dp</dimen>
    <dimen name="xxh_1381pixels">920.67dp</dimen>
    <dimen name="xxh_1382pixels">921.33dp</dimen>
    <dimen name="xxh_1383pixels">922dp</dimen>
    <dimen name="xxh_1384pixels">922.67dp</dimen>
    <dimen name="xxh_1385pixels">923.33dp</dimen>
    <dimen name="xxh_1386pixels">924dp</dimen>
    <dimen name="xxh_1387pixels">924.67dp</dimen>
    <dimen name="xxh_1388pixels">925.33dp</dimen>
    <dimen name="xxh_1389pixels">926dp</dimen>
    <dimen name="xxh_1390pixels">926.67dp</dimen>
    <dimen name="xxh_1391pixels">927.33dp</dimen>
    <dimen name="xxh_1392pixels">928dp</dimen>
    <dimen name="xxh_1393pixels">928.67dp</dimen>
    <dimen name="xxh_1394pixels">929.33dp</dimen>
    <dimen name="xxh_1395pixels">930dp</dimen>
    <dimen name="xxh_1396pixels">930.67dp</dimen>
    <dimen name="xxh_1397pixels">931.33dp</dimen>
    <dimen name="xxh_1398pixels">932dp</dimen>
    <dimen name="xxh_1399pixels">932.67dp</dimen>
    <dimen name="xxh_1400pixels">933.33dp</dimen>
    <dimen name="xxh_1401pixels">934dp</dimen>
    <dimen name="xxh_1402pixels">934.67dp</dimen>
    <dimen name="xxh_1403pixels">935.33dp</dimen>
    <dimen name="xxh_1404pixels">936dp</dimen>
    <dimen name="xxh_1405pixels">936.67dp</dimen>
    <dimen name="xxh_1406pixels">937.33dp</dimen>
    <dimen name="xxh_1407pixels">938dp</dimen>
    <dimen name="xxh_1408pixels">938.67dp</dimen>
    <dimen name="xxh_1409pixels">939.33dp</dimen>
    <dimen name="xxh_1410pixels">940dp</dimen>
    <dimen name="xxh_1411pixels">940.67dp</dimen>
    <dimen name="xxh_1412pixels">941.33dp</dimen>
    <dimen name="xxh_1413pixels">942dp</dimen>
    <dimen name="xxh_1414pixels">942.67dp</dimen>
    <dimen name="xxh_1415pixels">943.33dp</dimen>
    <dimen name="xxh_1416pixels">944dp</dimen>
    <dimen name="xxh_1417pixels">944.67dp</dimen>
    <dimen name="xxh_1418pixels">945.33dp</dimen>
    <dimen name="xxh_1419pixels">946dp</dimen>
    <dimen name="xxh_1420pixels">946.67dp</dimen>
    <dimen name="xxh_1421pixels">947.33dp</dimen>
    <dimen name="xxh_1422pixels">948dp</dimen>
    <dimen name="xxh_1423pixels">948.67dp</dimen>
    <dimen name="xxh_1424pixels">949.33dp</dimen>
    <dimen name="xxh_1425pixels">950dp</dimen>
    <dimen name="xxh_1426pixels">950.67dp</dimen>
    <dimen name="xxh_1427pixels">951.33dp</dimen>
    <dimen name="xxh_1428pixels">952dp</dimen>
    <dimen name="xxh_1429pixels">952.67dp</dimen>
    <dimen name="xxh_1430pixels">953.33dp</dimen>
    <dimen name="xxh_1431pixels">954dp</dimen>
    <dimen name="xxh_1432pixels">954.67dp</dimen>
    <dimen name="xxh_1433pixels">955.33dp</dimen>
    <dimen name="xxh_1434pixels">956dp</dimen>
    <dimen name="xxh_1435pixels">956.67dp</dimen>
    <dimen name="xxh_1436pixels">957.33dp</dimen>
    <dimen name="xxh_1437pixels">958dp</dimen>
    <dimen name="xxh_1438pixels">958.67dp</dimen>
    <dimen name="xxh_1439pixels">959.33dp</dimen>
    <dimen name="xxh_1440pixels">960dp</dimen>
    <dimen name="xxh_1441pixels">960.67dp</dimen>
    <dimen name="xxh_1442pixels">961.33dp</dimen>
    <dimen name="xxh_1443pixels">962dp</dimen>
    <dimen name="xxh_1444pixels">962.67dp</dimen>
    <dimen name="xxh_1445pixels">963.33dp</dimen>
    <dimen name="xxh_1446pixels">964dp</dimen>
    <dimen name="xxh_1447pixels">964.67dp</dimen>
    <dimen name="xxh_1448pixels">965.33dp</dimen>
    <dimen name="xxh_1449pixels">966dp</dimen>
    <dimen name="xxh_1450pixels">966.67dp</dimen>
    <dimen name="xxh_1451pixels">967.33dp</dimen>
    <dimen name="xxh_1452pixels">968dp</dimen>
    <dimen name="xxh_1453pixels">968.67dp</dimen>
    <dimen name="xxh_1454pixels">969.33dp</dimen>
    <dimen name="xxh_1455pixels">970dp</dimen>
    <dimen name="xxh_1456pixels">970.67dp</dimen>
    <dimen name="xxh_1457pixels">971.33dp</dimen>
    <dimen name="xxh_1458pixels">972dp</dimen>
    <dimen name="xxh_1459pixels">972.67dp</dimen>
    <dimen name="xxh_1460pixels">973.33dp</dimen>
    <dimen name="xxh_1461pixels">974dp</dimen>
    <dimen name="xxh_1462pixels">974.67dp</dimen>
    <dimen name="xxh_1463pixels">975.33dp</dimen>
    <dimen name="xxh_1464pixels">976dp</dimen>
    <dimen name="xxh_1465pixels">976.67dp</dimen>
    <dimen name="xxh_1466pixels">977.33dp</dimen>
    <dimen name="xxh_1467pixels">978dp</dimen>
    <dimen name="xxh_1468pixels">978.67dp</dimen>
    <dimen name="xxh_1469pixels">979.33dp</dimen>
    <dimen name="xxh_1470pixels">980dp</dimen>
    <dimen name="xxh_1471pixels">980.67dp</dimen>
    <dimen name="xxh_1472pixels">981.33dp</dimen>
    <dimen name="xxh_1473pixels">982dp</dimen>
    <dimen name="xxh_1474pixels">982.67dp</dimen>
    <dimen name="xxh_1475pixels">983.33dp</dimen>
    <dimen name="xxh_1476pixels">984dp</dimen>
    <dimen name="xxh_1477pixels">984.67dp</dimen>
    <dimen name="xxh_1478pixels">985.33dp</dimen>
    <dimen name="xxh_1479pixels">986dp</dimen>
    <dimen name="xxh_1480pixels">986.67dp</dimen>
    <dimen name="xxh_1481pixels">987.33dp</dimen>
    <dimen name="xxh_1482pixels">988dp</dimen>
    <dimen name="xxh_1483pixels">988.67dp</dimen>
    <dimen name="xxh_1484pixels">989.33dp</dimen>
    <dimen name="xxh_1485pixels">990dp</dimen>
    <dimen name="xxh_1486pixels">990.67dp</dimen>
    <dimen name="xxh_1487pixels">991.33dp</dimen>
    <dimen name="xxh_1488pixels">992dp</dimen>
    <dimen name="xxh_1489pixels">992.67dp</dimen>
    <dimen name="xxh_1490pixels">993.33dp</dimen>
    <dimen name="xxh_1491pixels">994dp</dimen>
    <dimen name="xxh_1492pixels">994.67dp</dimen>
    <dimen name="xxh_1493pixels">995.33dp</dimen>
    <dimen name="xxh_1494pixels">996dp</dimen>
    <dimen name="xxh_1495pixels">996.67dp</dimen>
    <dimen name="xxh_1496pixels">997.33dp</dimen>
    <dimen name="xxh_1497pixels">998dp</dimen>
    <dimen name="xxh_1498pixels">998.67dp</dimen>
    <dimen name="xxh_1499pixels">999.33dp</dimen>
    <dimen name="xxh_1500pixels">1000dp</dimen>
    <dimen name="xxh_1501pixels">1000.67dp</dimen>
    <dimen name="xxh_1502pixels">1001.33dp</dimen>
    <dimen name="xxh_1503pixels">1002dp</dimen>
    <dimen name="xxh_1504pixels">1002.67dp</dimen>
    <dimen name="xxh_1505pixels">1003.33dp</dimen>
    <dimen name="xxh_1506pixels">1004dp</dimen>
    <dimen name="xxh_1507pixels">1004.67dp</dimen>
    <dimen name="xxh_1508pixels">1005.33dp</dimen>
    <dimen name="xxh_1509pixels">1006dp</dimen>
    <dimen name="xxh_1510pixels">1006.67dp</dimen>
    <dimen name="xxh_1511pixels">1007.33dp</dimen>
    <dimen name="xxh_1512pixels">1008dp</dimen>
    <dimen name="xxh_1513pixels">1008.67dp</dimen>
    <dimen name="xxh_1514pixels">1009.33dp</dimen>
    <dimen name="xxh_1515pixels">1010dp</dimen>
    <dimen name="xxh_1516pixels">1010.67dp</dimen>
    <dimen name="xxh_1517pixels">1011.33dp</dimen>
    <dimen name="xxh_1518pixels">1012dp</dimen>
    <dimen name="xxh_1519pixels">1012.67dp</dimen>
    <dimen name="xxh_1520pixels">1013.33dp</dimen>
    <dimen name="xxh_1521pixels">1014dp</dimen>
    <dimen name="xxh_1522pixels">1014.67dp</dimen>
    <dimen name="xxh_1523pixels">1015.33dp</dimen>
    <dimen name="xxh_1524pixels">1016dp</dimen>
    <dimen name="xxh_1525pixels">1016.67dp</dimen>
    <dimen name="xxh_1526pixels">1017.33dp</dimen>
    <dimen name="xxh_1527pixels">1018dp</dimen>
    <dimen name="xxh_1528pixels">1018.67dp</dimen>
    <dimen name="xxh_1529pixels">1019.33dp</dimen>
    <dimen name="xxh_1530pixels">1020dp</dimen>
    <dimen name="xxh_1531pixels">1020.67dp</dimen>
    <dimen name="xxh_1532pixels">1021.33dp</dimen>
    <dimen name="xxh_1533pixels">1022dp</dimen>
    <dimen name="xxh_1534pixels">1022.67dp</dimen>
    <dimen name="xxh_1535pixels">1023.33dp</dimen>
    <dimen name="xxh_1536pixels">1024dp</dimen>
    <dimen name="xxh_1537pixels">1024.67dp</dimen>
    <dimen name="xxh_1538pixels">1025.33dp</dimen>
    <dimen name="xxh_1539pixels">1026dp</dimen>
    <dimen name="xxh_1540pixels">1026.67dp</dimen>
    <dimen name="xxh_1541pixels">1027.33dp</dimen>
    <dimen name="xxh_1542pixels">1028dp</dimen>
    <dimen name="xxh_1543pixels">1028.67dp</dimen>
    <dimen name="xxh_1544pixels">1029.33dp</dimen>
    <dimen name="xxh_1545pixels">1030dp</dimen>
    <dimen name="xxh_1546pixels">1030.67dp</dimen>
    <dimen name="xxh_1547pixels">1031.33dp</dimen>
    <dimen name="xxh_1548pixels">1032dp</dimen>
    <dimen name="xxh_1549pixels">1032.67dp</dimen>
    <dimen name="xxh_1550pixels">1033.33dp</dimen>
    <dimen name="xxh_1551pixels">1034dp</dimen>
    <dimen name="xxh_1552pixels">1034.67dp</dimen>
    <dimen name="xxh_1553pixels">1035.33dp</dimen>
    <dimen name="xxh_1554pixels">1036dp</dimen>
    <dimen name="xxh_1555pixels">1036.67dp</dimen>
    <dimen name="xxh_1556pixels">1037.33dp</dimen>
    <dimen name="xxh_1557pixels">1038dp</dimen>
    <dimen name="xxh_1558pixels">1038.67dp</dimen>
    <dimen name="xxh_1559pixels">1039.33dp</dimen>
    <dimen name="xxh_1560pixels">1040dp</dimen>
    <dimen name="xxh_1561pixels">1040.67dp</dimen>
    <dimen name="xxh_1562pixels">1041.33dp</dimen>
    <dimen name="xxh_1563pixels">1042dp</dimen>
    <dimen name="xxh_1564pixels">1042.67dp</dimen>
    <dimen name="xxh_1565pixels">1043.33dp</dimen>
    <dimen name="xxh_1566pixels">1044dp</dimen>
    <dimen name="xxh_1567pixels">1044.67dp</dimen>
    <dimen name="xxh_1568pixels">1045.33dp</dimen>
    <dimen name="xxh_1569pixels">1046dp</dimen>
    <dimen name="xxh_1570pixels">1046.67dp</dimen>
    <dimen name="xxh_1571pixels">1047.33dp</dimen>
    <dimen name="xxh_1572pixels">1048dp</dimen>
    <dimen name="xxh_1573pixels">1048.67dp</dimen>
    <dimen name="xxh_1574pixels">1049.33dp</dimen>
    <dimen name="xxh_1575pixels">1050dp</dimen>
    <dimen name="xxh_1576pixels">1050.67dp</dimen>
    <dimen name="xxh_1577pixels">1051.33dp</dimen>
    <dimen name="xxh_1578pixels">1052dp</dimen>
    <dimen name="xxh_1579pixels">1052.67dp</dimen>
    <dimen name="xxh_1580pixels">1053.33dp</dimen>
    <dimen name="xxh_1581pixels">1054dp</dimen>
    <dimen name="xxh_1582pixels">1054.67dp</dimen>
    <dimen name="xxh_1583pixels">1055.33dp</dimen>
    <dimen name="xxh_1584pixels">1056dp</dimen>
    <dimen name="xxh_1585pixels">1056.67dp</dimen>
    <dimen name="xxh_1586pixels">1057.33dp</dimen>
    <dimen name="xxh_1587pixels">1058dp</dimen>
    <dimen name="xxh_1588pixels">1058.67dp</dimen>
    <dimen name="xxh_1589pixels">1059.33dp</dimen>
    <dimen name="xxh_1590pixels">1060dp</dimen>
    <dimen name="xxh_1591pixels">1060.67dp</dimen>
    <dimen name="xxh_1592pixels">1061.33dp</dimen>
    <dimen name="xxh_1593pixels">1062dp</dimen>
    <dimen name="xxh_1594pixels">1062.67dp</dimen>
    <dimen name="xxh_1595pixels">1063.33dp</dimen>
    <dimen name="xxh_1596pixels">1064dp</dimen>
    <dimen name="xxh_1597pixels">1064.67dp</dimen>
    <dimen name="xxh_1598pixels">1065.33dp</dimen>
    <dimen name="xxh_1599pixels">1066dp</dimen>
    <dimen name="xxh_1600pixels">1066.67dp</dimen>
    <dimen name="xxh_1601pixels">1067.33dp</dimen>
    <dimen name="xxh_1602pixels">1068dp</dimen>
    <dimen name="xxh_1603pixels">1068.67dp</dimen>
    <dimen name="xxh_1604pixels">1069.33dp</dimen>
    <dimen name="xxh_1605pixels">1070dp</dimen>
    <dimen name="xxh_1606pixels">1070.67dp</dimen>
    <dimen name="xxh_1607pixels">1071.33dp</dimen>
    <dimen name="xxh_1608pixels">1072dp</dimen>
    <dimen name="xxh_1609pixels">1072.67dp</dimen>
    <dimen name="xxh_1610pixels">1073.33dp</dimen>
    <dimen name="xxh_1611pixels">1074dp</dimen>
    <dimen name="xxh_1612pixels">1074.67dp</dimen>
    <dimen name="xxh_1613pixels">1075.33dp</dimen>
    <dimen name="xxh_1614pixels">1076dp</dimen>
    <dimen name="xxh_1615pixels">1076.67dp</dimen>
    <dimen name="xxh_1616pixels">1077.33dp</dimen>
    <dimen name="xxh_1617pixels">1078dp</dimen>
    <dimen name="xxh_1618pixels">1078.67dp</dimen>
    <dimen name="xxh_1619pixels">1079.33dp</dimen>
    <dimen name="xxh_1620pixels">1080dp</dimen>
    <dimen name="xxh_1621pixels">1080.67dp</dimen>
    <dimen name="xxh_1622pixels">1081.33dp</dimen>
    <dimen name="xxh_1623pixels">1082dp</dimen>
    <dimen name="xxh_1624pixels">1082.67dp</dimen>
    <dimen name="xxh_1625pixels">1083.33dp</dimen>
    <dimen name="xxh_1626pixels">1084dp</dimen>
    <dimen name="xxh_1627pixels">1084.67dp</dimen>
    <dimen name="xxh_1628pixels">1085.33dp</dimen>
    <dimen name="xxh_1629pixels">1086dp</dimen>
    <dimen name="xxh_1630pixels">1086.67dp</dimen>
    <dimen name="xxh_1631pixels">1087.33dp</dimen>
    <dimen name="xxh_1632pixels">1088dp</dimen>
    <dimen name="xxh_1633pixels">1088.67dp</dimen>
    <dimen name="xxh_1634pixels">1089.33dp</dimen>
    <dimen name="xxh_1635pixels">1090dp</dimen>
    <dimen name="xxh_1636pixels">1090.67dp</dimen>
    <dimen name="xxh_1637pixels">1091.33dp</dimen>
    <dimen name="xxh_1638pixels">1092dp</dimen>
    <dimen name="xxh_1639pixels">1092.67dp</dimen>
    <dimen name="xxh_1640pixels">1093.33dp</dimen>
    <dimen name="xxh_1641pixels">1094dp</dimen>
    <dimen name="xxh_1642pixels">1094.67dp</dimen>
    <dimen name="xxh_1643pixels">1095.33dp</dimen>
    <dimen name="xxh_1644pixels">1096dp</dimen>
    <dimen name="xxh_1645pixels">1096.67dp</dimen>
    <dimen name="xxh_1646pixels">1097.33dp</dimen>
    <dimen name="xxh_1647pixels">1098dp</dimen>
    <dimen name="xxh_1648pixels">1098.67dp</dimen>
    <dimen name="xxh_1649pixels">1099.33dp</dimen>
    <dimen name="xxh_1650pixels">1100dp</dimen>
    <dimen name="xxh_1651pixels">1100.67dp</dimen>
    <dimen name="xxh_1652pixels">1101.33dp</dimen>
    <dimen name="xxh_1653pixels">1102dp</dimen>
    <dimen name="xxh_1654pixels">1102.67dp</dimen>
    <dimen name="xxh_1655pixels">1103.33dp</dimen>
    <dimen name="xxh_1656pixels">1104dp</dimen>
    <dimen name="xxh_1657pixels">1104.67dp</dimen>
    <dimen name="xxh_1658pixels">1105.33dp</dimen>
    <dimen name="xxh_1659pixels">1106dp</dimen>
    <dimen name="xxh_1660pixels">1106.67dp</dimen>
    <dimen name="xxh_1661pixels">1107.33dp</dimen>
    <dimen name="xxh_1662pixels">1108dp</dimen>
    <dimen name="xxh_1663pixels">1108.67dp</dimen>
    <dimen name="xxh_1664pixels">1109.33dp</dimen>
    <dimen name="xxh_1665pixels">1110dp</dimen>
    <dimen name="xxh_1666pixels">1110.67dp</dimen>
    <dimen name="xxh_1667pixels">1111.33dp</dimen>
    <dimen name="xxh_1668pixels">1112dp</dimen>
    <dimen name="xxh_1669pixels">1112.67dp</dimen>
    <dimen name="xxh_1670pixels">1113.33dp</dimen>
    <dimen name="xxh_1671pixels">1114dp</dimen>
    <dimen name="xxh_1672pixels">1114.67dp</dimen>
    <dimen name="xxh_1673pixels">1115.33dp</dimen>
    <dimen name="xxh_1674pixels">1116dp</dimen>
    <dimen name="xxh_1675pixels">1116.67dp</dimen>
    <dimen name="xxh_1676pixels">1117.33dp</dimen>
    <dimen name="xxh_1677pixels">1118dp</dimen>
    <dimen name="xxh_1678pixels">1118.67dp</dimen>
    <dimen name="xxh_1679pixels">1119.33dp</dimen>
    <dimen name="xxh_1680pixels">1120dp</dimen>
    <dimen name="xxh_1681pixels">1120.67dp</dimen>
    <dimen name="xxh_1682pixels">1121.33dp</dimen>
    <dimen name="xxh_1683pixels">1122dp</dimen>
    <dimen name="xxh_1684pixels">1122.67dp</dimen>
    <dimen name="xxh_1685pixels">1123.33dp</dimen>
    <dimen name="xxh_1686pixels">1124dp</dimen>
    <dimen name="xxh_1687pixels">1124.67dp</dimen>
    <dimen name="xxh_1688pixels">1125.33dp</dimen>
    <dimen name="xxh_1689pixels">1126dp</dimen>
    <dimen name="xxh_1690pixels">1126.67dp</dimen>
    <dimen name="xxh_1691pixels">1127.33dp</dimen>
    <dimen name="xxh_1692pixels">1128dp</dimen>
    <dimen name="xxh_1693pixels">1128.67dp</dimen>
    <dimen name="xxh_1694pixels">1129.33dp</dimen>
    <dimen name="xxh_1695pixels">1130dp</dimen>
    <dimen name="xxh_1696pixels">1130.67dp</dimen>
    <dimen name="xxh_1697pixels">1131.33dp</dimen>
    <dimen name="xxh_1698pixels">1132dp</dimen>
    <dimen name="xxh_1699pixels">1132.67dp</dimen>
    <dimen name="xxh_1700pixels">1133.33dp</dimen>
    <dimen name="xxh_1701pixels">1134dp</dimen>
    <dimen name="xxh_1702pixels">1134.67dp</dimen>
    <dimen name="xxh_1703pixels">1135.33dp</dimen>
    <dimen name="xxh_1704pixels">1136dp</dimen>
    <dimen name="xxh_1705pixels">1136.67dp</dimen>
    <dimen name="xxh_1706pixels">1137.33dp</dimen>
    <dimen name="xxh_1707pixels">1138dp</dimen>
    <dimen name="xxh_1708pixels">1138.67dp</dimen>
    <dimen name="xxh_1709pixels">1139.33dp</dimen>
    <dimen name="xxh_1710pixels">1140dp</dimen>
    <dimen name="xxh_1711pixels">1140.67dp</dimen>
    <dimen name="xxh_1712pixels">1141.33dp</dimen>
    <dimen name="xxh_1713pixels">1142dp</dimen>
    <dimen name="xxh_1714pixels">1142.67dp</dimen>
    <dimen name="xxh_1715pixels">1143.33dp</dimen>
    <dimen name="xxh_1716pixels">1144dp</dimen>
    <dimen name="xxh_1717pixels">1144.67dp</dimen>
    <dimen name="xxh_1718pixels">1145.33dp</dimen>
    <dimen name="xxh_1719pixels">1146dp</dimen>
    <dimen name="xxh_1720pixels">1146.67dp</dimen>
    <dimen name="xxh_1721pixels">1147.33dp</dimen>
    <dimen name="xxh_1722pixels">1148dp</dimen>
    <dimen name="xxh_1723pixels">1148.67dp</dimen>
    <dimen name="xxh_1724pixels">1149.33dp</dimen>
    <dimen name="xxh_1725pixels">1150dp</dimen>
    <dimen name="xxh_1726pixels">1150.67dp</dimen>
    <dimen name="xxh_1727pixels">1151.33dp</dimen>
    <dimen name="xxh_1728pixels">1152dp</dimen>
    <dimen name="xxh_1729pixels">1152.67dp</dimen>
    <dimen name="xxh_1730pixels">1153.33dp</dimen>
    <dimen name="xxh_1731pixels">1154dp</dimen>
    <dimen name="xxh_1732pixels">1154.67dp</dimen>
    <dimen name="xxh_1733pixels">1155.33dp</dimen>
    <dimen name="xxh_1734pixels">1156dp</dimen>
    <dimen name="xxh_1735pixels">1156.67dp</dimen>
    <dimen name="xxh_1736pixels">1157.33dp</dimen>
    <dimen name="xxh_1737pixels">1158dp</dimen>
    <dimen name="xxh_1738pixels">1158.67dp</dimen>
    <dimen name="xxh_1739pixels">1159.33dp</dimen>
    <dimen name="xxh_1740pixels">1160dp</dimen>
    <dimen name="xxh_1741pixels">1160.67dp</dimen>
    <dimen name="xxh_1742pixels">1161.33dp</dimen>
    <dimen name="xxh_1743pixels">1162dp</dimen>
    <dimen name="xxh_1744pixels">1162.67dp</dimen>
    <dimen name="xxh_1745pixels">1163.33dp</dimen>
    <dimen name="xxh_1746pixels">1164dp</dimen>
    <dimen name="xxh_1747pixels">1164.67dp</dimen>
    <dimen name="xxh_1748pixels">1165.33dp</dimen>
    <dimen name="xxh_1749pixels">1166dp</dimen>
    <dimen name="xxh_1750pixels">1166.67dp</dimen>
    <dimen name="xxh_1751pixels">1167.33dp</dimen>
    <dimen name="xxh_1752pixels">1168dp</dimen>
    <dimen name="xxh_1753pixels">1168.67dp</dimen>
    <dimen name="xxh_1754pixels">1169.33dp</dimen>
    <dimen name="xxh_1755pixels">1170dp</dimen>
    <dimen name="xxh_1756pixels">1170.67dp</dimen>
    <dimen name="xxh_1757pixels">1171.33dp</dimen>
    <dimen name="xxh_1758pixels">1172dp</dimen>
    <dimen name="xxh_1759pixels">1172.67dp</dimen>
    <dimen name="xxh_1760pixels">1173.33dp</dimen>
    <dimen name="xxh_1761pixels">1174dp</dimen>
    <dimen name="xxh_1762pixels">1174.67dp</dimen>
    <dimen name="xxh_1763pixels">1175.33dp</dimen>
    <dimen name="xxh_1764pixels">1176dp</dimen>
    <dimen name="xxh_1765pixels">1176.67dp</dimen>
    <dimen name="xxh_1766pixels">1177.33dp</dimen>
    <dimen name="xxh_1767pixels">1178dp</dimen>
    <dimen name="xxh_1768pixels">1178.67dp</dimen>
    <dimen name="xxh_1769pixels">1179.33dp</dimen>
    <dimen name="xxh_1770pixels">1180dp</dimen>
    <dimen name="xxh_1771pixels">1180.67dp</dimen>
    <dimen name="xxh_1772pixels">1181.33dp</dimen>
    <dimen name="xxh_1773pixels">1182dp</dimen>
    <dimen name="xxh_1774pixels">1182.67dp</dimen>
    <dimen name="xxh_1775pixels">1183.33dp</dimen>
    <dimen name="xxh_1776pixels">1184dp</dimen>
    <dimen name="xxh_1777pixels">1184.67dp</dimen>
    <dimen name="xxh_1778pixels">1185.33dp</dimen>
    <dimen name="xxh_1779pixels">1186dp</dimen>
    <dimen name="xxh_1780pixels">1186.67dp</dimen>
    <dimen name="xxh_1781pixels">1187.33dp</dimen>
    <dimen name="xxh_1782pixels">1188dp</dimen>
    <dimen name="xxh_1783pixels">1188.67dp</dimen>
    <dimen name="xxh_1784pixels">1189.33dp</dimen>
    <dimen name="xxh_1785pixels">1190dp</dimen>
    <dimen name="xxh_1786pixels">1190.67dp</dimen>
    <dimen name="xxh_1787pixels">1191.33dp</dimen>
    <dimen name="xxh_1788pixels">1192dp</dimen>
    <dimen name="xxh_1789pixels">1192.67dp</dimen>
    <dimen name="xxh_1790pixels">1193.33dp</dimen>
    <dimen name="xxh_1791pixels">1194dp</dimen>
    <dimen name="xxh_1792pixels">1194.67dp</dimen>
    <dimen name="xxh_1793pixels">1195.33dp</dimen>
    <dimen name="xxh_1794pixels">1196dp</dimen>
    <dimen name="xxh_1795pixels">1196.67dp</dimen>
    <dimen name="xxh_1796pixels">1197.33dp</dimen>
    <dimen name="xxh_1797pixels">1198dp</dimen>
    <dimen name="xxh_1798pixels">1198.67dp</dimen>
    <dimen name="xxh_1799pixels">1199.33dp</dimen>
    <dimen name="xxh_1800pixels">1200dp</dimen>
    <dimen name="xxh_1801pixels">1200.67dp</dimen>
    <dimen name="xxh_1802pixels">1201.33dp</dimen>
    <dimen name="xxh_1803pixels">1202dp</dimen>
    <dimen name="xxh_1804pixels">1202.67dp</dimen>
    <dimen name="xxh_1805pixels">1203.33dp</dimen>
    <dimen name="xxh_1806pixels">1204dp</dimen>
    <dimen name="xxh_1807pixels">1204.67dp</dimen>
    <dimen name="xxh_1808pixels">1205.33dp</dimen>
    <dimen name="xxh_1809pixels">1206dp</dimen>
    <dimen name="xxh_1810pixels">1206.67dp</dimen>
    <dimen name="xxh_1811pixels">1207.33dp</dimen>
    <dimen name="xxh_1812pixels">1208dp</dimen>
    <dimen name="xxh_1813pixels">1208.67dp</dimen>
    <dimen name="xxh_1814pixels">1209.33dp</dimen>
    <dimen name="xxh_1815pixels">1210dp</dimen>
    <dimen name="xxh_1816pixels">1210.67dp</dimen>
    <dimen name="xxh_1817pixels">1211.33dp</dimen>
    <dimen name="xxh_1818pixels">1212dp</dimen>
    <dimen name="xxh_1819pixels">1212.67dp</dimen>
    <dimen name="xxh_1820pixels">1213.33dp</dimen>
    <dimen name="xxh_1821pixels">1214dp</dimen>
    <dimen name="xxh_1822pixels">1214.67dp</dimen>
    <dimen name="xxh_1823pixels">1215.33dp</dimen>
    <dimen name="xxh_1824pixels">1216dp</dimen>
    <dimen name="xxh_1825pixels">1216.67dp</dimen>
    <dimen name="xxh_1826pixels">1217.33dp</dimen>
    <dimen name="xxh_1827pixels">1218dp</dimen>
    <dimen name="xxh_1828pixels">1218.67dp</dimen>
    <dimen name="xxh_1829pixels">1219.33dp</dimen>
    <dimen name="xxh_1830pixels">1220dp</dimen>
    <dimen name="xxh_1831pixels">1220.67dp</dimen>
    <dimen name="xxh_1832pixels">1221.33dp</dimen>
    <dimen name="xxh_1833pixels">1222dp</dimen>
    <dimen name="xxh_1834pixels">1222.67dp</dimen>
    <dimen name="xxh_1835pixels">1223.33dp</dimen>
    <dimen name="xxh_1836pixels">1224dp</dimen>
    <dimen name="xxh_1837pixels">1224.67dp</dimen>
    <dimen name="xxh_1838pixels">1225.33dp</dimen>
    <dimen name="xxh_1839pixels">1226dp</dimen>
    <dimen name="xxh_1840pixels">1226.67dp</dimen>
    <dimen name="xxh_1841pixels">1227.33dp</dimen>
    <dimen name="xxh_1842pixels">1228dp</dimen>
    <dimen name="xxh_1843pixels">1228.67dp</dimen>
    <dimen name="xxh_1844pixels">1229.33dp</dimen>
    <dimen name="xxh_1845pixels">1230dp</dimen>
    <dimen name="xxh_1846pixels">1230.67dp</dimen>
    <dimen name="xxh_1847pixels">1231.33dp</dimen>
    <dimen name="xxh_1848pixels">1232dp</dimen>
    <dimen name="xxh_1849pixels">1232.67dp</dimen>
    <dimen name="xxh_1850pixels">1233.33dp</dimen>
    <dimen name="xxh_1851pixels">1234dp</dimen>
    <dimen name="xxh_1852pixels">1234.67dp</dimen>
    <dimen name="xxh_1853pixels">1235.33dp</dimen>
    <dimen name="xxh_1854pixels">1236dp</dimen>
    <dimen name="xxh_1855pixels">1236.67dp</dimen>
    <dimen name="xxh_1856pixels">1237.33dp</dimen>
    <dimen name="xxh_1857pixels">1238dp</dimen>
    <dimen name="xxh_1858pixels">1238.67dp</dimen>
    <dimen name="xxh_1859pixels">1239.33dp</dimen>
    <dimen name="xxh_1860pixels">1240dp</dimen>
    <dimen name="xxh_1861pixels">1240.67dp</dimen>
    <dimen name="xxh_1862pixels">1241.33dp</dimen>
    <dimen name="xxh_1863pixels">1242dp</dimen>
    <dimen name="xxh_1864pixels">1242.67dp</dimen>
    <dimen name="xxh_1865pixels">1243.33dp</dimen>
    <dimen name="xxh_1866pixels">1244dp</dimen>
    <dimen name="xxh_1867pixels">1244.67dp</dimen>
    <dimen name="xxh_1868pixels">1245.33dp</dimen>
    <dimen name="xxh_1869pixels">1246dp</dimen>
    <dimen name="xxh_1870pixels">1246.67dp</dimen>
    <dimen name="xxh_1871pixels">1247.33dp</dimen>
    <dimen name="xxh_1872pixels">1248dp</dimen>
    <dimen name="xxh_1873pixels">1248.67dp</dimen>
    <dimen name="xxh_1874pixels">1249.33dp</dimen>
    <dimen name="xxh_1875pixels">1250dp</dimen>
    <dimen name="xxh_1876pixels">1250.67dp</dimen>
    <dimen name="xxh_1877pixels">1251.33dp</dimen>
    <dimen name="xxh_1878pixels">1252dp</dimen>
    <dimen name="xxh_1879pixels">1252.67dp</dimen>
    <dimen name="xxh_1880pixels">1253.33dp</dimen>
    <dimen name="xxh_1881pixels">1254dp</dimen>
    <dimen name="xxh_1882pixels">1254.67dp</dimen>
    <dimen name="xxh_1883pixels">1255.33dp</dimen>
    <dimen name="xxh_1884pixels">1256dp</dimen>
    <dimen name="xxh_1885pixels">1256.67dp</dimen>
    <dimen name="xxh_1886pixels">1257.33dp</dimen>
    <dimen name="xxh_1887pixels">1258dp</dimen>
    <dimen name="xxh_1888pixels">1258.67dp</dimen>
    <dimen name="xxh_1889pixels">1259.33dp</dimen>
    <dimen name="xxh_1890pixels">1260dp</dimen>
    <dimen name="xxh_1891pixels">1260.67dp</dimen>
    <dimen name="xxh_1892pixels">1261.33dp</dimen>
    <dimen name="xxh_1893pixels">1262dp</dimen>
    <dimen name="xxh_1894pixels">1262.67dp</dimen>
    <dimen name="xxh_1895pixels">1263.33dp</dimen>
    <dimen name="xxh_1896pixels">1264dp</dimen>
    <dimen name="xxh_1897pixels">1264.67dp</dimen>
    <dimen name="xxh_1898pixels">1265.33dp</dimen>
    <dimen name="xxh_1899pixels">1266dp</dimen>
    <dimen name="xxh_1900pixels">1266.67dp</dimen>
    <dimen name="xxh_1901pixels">1267.33dp</dimen>
    <dimen name="xxh_1902pixels">1268dp</dimen>
    <dimen name="xxh_1903pixels">1268.67dp</dimen>
    <dimen name="xxh_1904pixels">1269.33dp</dimen>
    <dimen name="xxh_1905pixels">1270dp</dimen>
    <dimen name="xxh_1906pixels">1270.67dp</dimen>
    <dimen name="xxh_1907pixels">1271.33dp</dimen>
    <dimen name="xxh_1908pixels">1272dp</dimen>
    <dimen name="xxh_1909pixels">1272.67dp</dimen>
    <dimen name="xxh_1910pixels">1273.33dp</dimen>
    <dimen name="xxh_1911pixels">1274dp</dimen>
    <dimen name="xxh_1912pixels">1274.67dp</dimen>
    <dimen name="xxh_1913pixels">1275.33dp</dimen>
    <dimen name="xxh_1914pixels">1276dp</dimen>
    <dimen name="xxh_1915pixels">1276.67dp</dimen>
    <dimen name="xxh_1916pixels">1277.33dp</dimen>
    <dimen name="xxh_1917pixels">1278dp</dimen>
    <dimen name="xxh_1918pixels">1278.67dp</dimen>
    <dimen name="xxh_1919pixels">1279.33dp</dimen>
    <dimen name="xxh_1920pixels">1280dp</dimen>
    <dimen name="xxh_1921pixels">1280.67dp</dimen>
    <dimen name="xxh_1922pixels">1281.33dp</dimen>
    <dimen name="xxh_1923pixels">1282dp</dimen>
    <dimen name="xxh_1924pixels">1282.67dp</dimen>
    <dimen name="xxh_1925pixels">1283.33dp</dimen>
    <dimen name="xxh_1926pixels">1284dp</dimen>
    <dimen name="xxh_1927pixels">1284.67dp</dimen>
    <dimen name="xxh_1928pixels">1285.33dp</dimen>
    <dimen name="xxh_1929pixels">1286dp</dimen>
    <dimen name="xxh_1930pixels">1286.67dp</dimen>
    <dimen name="xxh_1931pixels">1287.33dp</dimen>
    <dimen name="xxh_1932pixels">1288dp</dimen>
    <dimen name="xxh_1933pixels">1288.67dp</dimen>
    <dimen name="xxh_1934pixels">1289.33dp</dimen>
    <dimen name="xxh_1935pixels">1290dp</dimen>
    <dimen name="xxh_1936pixels">1290.67dp</dimen>
    <dimen name="xxh_1937pixels">1291.33dp</dimen>
    <dimen name="xxh_1938pixels">1292dp</dimen>
    <dimen name="xxh_1939pixels">1292.67dp</dimen>
    <dimen name="xxh_1940pixels">1293.33dp</dimen>
    <dimen name="xxh_1941pixels">1294dp</dimen>
    <dimen name="xxh_1942pixels">1294.67dp</dimen>
    <dimen name="xxh_1943pixels">1295.33dp</dimen>
    <dimen name="xxh_1944pixels">1296dp</dimen>
    <dimen name="xxh_1945pixels">1296.67dp</dimen>
    <dimen name="xxh_1946pixels">1297.33dp</dimen>
    <dimen name="xxh_1947pixels">1298dp</dimen>
    <dimen name="xxh_1948pixels">1298.67dp</dimen>
    <dimen name="xxh_1949pixels">1299.33dp</dimen>
    <dimen name="xxh_1950pixels">1300dp</dimen>
    <dimen name="xxh_1951pixels">1300.67dp</dimen>
    <dimen name="xxh_1952pixels">1301.33dp</dimen>
    <dimen name="xxh_1953pixels">1302dp</dimen>
    <dimen name="xxh_1954pixels">1302.67dp</dimen>
    <dimen name="xxh_1955pixels">1303.33dp</dimen>
    <dimen name="xxh_1956pixels">1304dp</dimen>
    <dimen name="xxh_1957pixels">1304.67dp</dimen>
    <dimen name="xxh_1958pixels">1305.33dp</dimen>
    <dimen name="xxh_1959pixels">1306dp</dimen>
    <dimen name="xxh_1960pixels">1306.67dp</dimen>
    <dimen name="xxh_1961pixels">1307.33dp</dimen>
    <dimen name="xxh_1962pixels">1308dp</dimen>
    <dimen name="xxh_1963pixels">1308.67dp</dimen>
    <dimen name="xxh_1964pixels">1309.33dp</dimen>
    <dimen name="xxh_1965pixels">1310dp</dimen>
    <dimen name="xxh_1966pixels">1310.67dp</dimen>
    <dimen name="xxh_1967pixels">1311.33dp</dimen>
    <dimen name="xxh_1968pixels">1312dp</dimen>
    <dimen name="xxh_1969pixels">1312.67dp</dimen>
    <dimen name="xxh_1970pixels">1313.33dp</dimen>
    <dimen name="xxh_1971pixels">1314dp</dimen>
    <dimen name="xxh_1972pixels">1314.67dp</dimen>
    <dimen name="xxh_1973pixels">1315.33dp</dimen>
    <dimen name="xxh_1974pixels">1316dp</dimen>
    <dimen name="xxh_1975pixels">1316.67dp</dimen>
    <dimen name="xxh_1976pixels">1317.33dp</dimen>
    <dimen name="xxh_1977pixels">1318dp</dimen>
    <dimen name="xxh_1978pixels">1318.67dp</dimen>
    <dimen name="xxh_1979pixels">1319.33dp</dimen>
    <dimen name="xxh_1980pixels">1320dp</dimen>
    <dimen name="xxh_1981pixels">1320.67dp</dimen>
    <dimen name="xxh_1982pixels">1321.33dp</dimen>
    <dimen name="xxh_1983pixels">1322dp</dimen>
    <dimen name="xxh_1984pixels">1322.67dp</dimen>
    <dimen name="xxh_1985pixels">1323.33dp</dimen>
    <dimen name="xxh_1986pixels">1324dp</dimen>
    <dimen name="xxh_1987pixels">1324.67dp</dimen>
    <dimen name="xxh_1988pixels">1325.33dp</dimen>
    <dimen name="xxh_1989pixels">1326dp</dimen>
    <dimen name="xxh_1990pixels">1326.67dp</dimen>
    <dimen name="xxh_1991pixels">1327.33dp</dimen>
    <dimen name="xxh_1992pixels">1328dp</dimen>
    <dimen name="xxh_1993pixels">1328.67dp</dimen>
    <dimen name="xxh_1994pixels">1329.33dp</dimen>
    <dimen name="xxh_1995pixels">1330dp</dimen>
    <dimen name="xxh_1996pixels">1330.67dp</dimen>
    <dimen name="xxh_1997pixels">1331.33dp</dimen>
    <dimen name="xxh_1998pixels">1332dp</dimen>
    <dimen name="xxh_1999pixels">1332.67dp</dimen>
    <dimen name="xxh_2000pixels">1333.33dp</dimen>
</resources>