<?xml version="1.0" encoding="utf-8"?>
<resources>

    <dimen name="xxh_m130pixels">-238.33dp</dimen>
    <dimen name="xxh_m48pixels">-88dp</dimen>
    <dimen name="xxh_m42pixels">-77dp</dimen>
    <dimen name="xxh_m30pixels">-55dp</dimen>
    <dimen name="xxh_m26pixels">-47.67dp</dimen>
    <dimen name="xxh_m25pixels">-45.83dp</dimen>
    <dimen name="xxh_m24pixels">-44dp</dimen>
    <dimen name="xxh_m23pixels">-42.17dp</dimen>
    <dimen name="xxh_m21pixels">-38.5dp</dimen>
    <dimen name="xxh_m20pixels">-36.67dp</dimen>
    <dimen name="xxh_m18pixels">-33dp</dimen>
    <dimen name="xxh_m16pixels">-29.33dp</dimen>
    <dimen name="xxh_m14pixels">-25.67dp</dimen>
    <dimen name="xxh_m10pixels">-18.33dp</dimen>
    <dimen name="xxh_m8pixels">-14.67dp</dimen>
    <dimen name="xxh_m5pixels">-9.17dp</dimen>
    <dimen name="xxh_m1pixels">-1.83dp</dimen>

    <dimen name="xxh_1pixels">1.83dp</dimen>
    <dimen name="xxh_2pixels">3.67dp</dimen>
    <dimen name="xxh_3pixels">5.5dp</dimen>
    <dimen name="xxh_4pixels">7.33dp</dimen>
    <dimen name="xxh_5pixels">9.17dp</dimen>
    <dimen name="xxh_6pixels">11dp</dimen>
    <dimen name="xxh_7pixels">12.83dp</dimen>
    <dimen name="xxh_8pixels">14.67dp</dimen>
    <dimen name="xxh_9pixels">16.5dp</dimen>
    <dimen name="xxh_10pixels">18.33dp</dimen>
    <dimen name="xxh_11pixels">20.17dp</dimen>
    <dimen name="xxh_12pixels">22dp</dimen>
    <dimen name="xxh_13pixels">23.83dp</dimen>
    <dimen name="xxh_14pixels">25.67dp</dimen>
    <dimen name="xxh_15pixels">27.5dp</dimen>
    <dimen name="xxh_16pixels">29.33dp</dimen>
    <dimen name="xxh_17pixels">31.17dp</dimen>
    <dimen name="xxh_18pixels">33dp</dimen>
    <dimen name="xxh_19pixels">34.83dp</dimen>
    <dimen name="xxh_20pixels">36.67dp</dimen>
    <dimen name="xxh_21pixels">38.5dp</dimen>
    <dimen name="xxh_22pixels">40.33dp</dimen>
    <dimen name="xxh_23pixels">42.17dp</dimen>
    <dimen name="xxh_24pixels">44dp</dimen>
    <dimen name="xxh_25pixels">45.83dp</dimen>
    <dimen name="xxh_26pixels">47.67dp</dimen>
    <dimen name="xxh_27pixels">49.5dp</dimen>
    <dimen name="xxh_28pixels">51.33dp</dimen>
    <dimen name="xxh_29pixels">53.17dp</dimen>
    <dimen name="xxh_30pixels">55dp</dimen>
    <dimen name="xxh_31pixels">56.83dp</dimen>
    <dimen name="xxh_32pixels">58.67dp</dimen>
    <dimen name="xxh_33pixels">60.5dp</dimen>
    <dimen name="xxh_34pixels">62.33dp</dimen>
    <dimen name="xxh_35pixels">64.17dp</dimen>
    <dimen name="xxh_36pixels">66dp</dimen>
    <dimen name="xxh_37pixels">67.83dp</dimen>
    <dimen name="xxh_38pixels">69.67dp</dimen>
    <dimen name="xxh_39pixels">71.5dp</dimen>
    <dimen name="xxh_40pixels">73.33dp</dimen>
    <dimen name="xxh_41pixels">75.17dp</dimen>
    <dimen name="xxh_42pixels">77dp</dimen>
    <dimen name="xxh_43pixels">78.83dp</dimen>
    <dimen name="xxh_44pixels">80.67dp</dimen>
    <dimen name="xxh_45pixels">82.5dp</dimen>
    <dimen name="xxh_46pixels">84.33dp</dimen>
    <dimen name="xxh_47pixels">86.17dp</dimen>
    <dimen name="xxh_48pixels">88dp</dimen>
    <dimen name="xxh_49pixels">89.83dp</dimen>
    <dimen name="xxh_50pixels">91.67dp</dimen>
    <dimen name="xxh_51pixels">93.5dp</dimen>
    <dimen name="xxh_52pixels">95.33dp</dimen>
    <dimen name="xxh_53pixels">97.17dp</dimen>
    <dimen name="xxh_54pixels">99dp</dimen>
    <dimen name="xxh_55pixels">100.83dp</dimen>
    <dimen name="xxh_56pixels">102.67dp</dimen>
    <dimen name="xxh_57pixels">104.5dp</dimen>
    <dimen name="xxh_58pixels">106.33dp</dimen>
    <dimen name="xxh_59pixels">108.17dp</dimen>
    <dimen name="xxh_60pixels">110dp</dimen>
    <dimen name="xxh_61pixels">111.83dp</dimen>
    <dimen name="xxh_62pixels">113.67dp</dimen>
    <dimen name="xxh_63pixels">115.5dp</dimen>
    <dimen name="xxh_64pixels">117.33dp</dimen>
    <dimen name="xxh_65pixels">119.17dp</dimen>
    <dimen name="xxh_66pixels">121dp</dimen>
    <dimen name="xxh_67pixels">122.83dp</dimen>
    <dimen name="xxh_68pixels">124.67dp</dimen>
    <dimen name="xxh_69pixels">126.5dp</dimen>
    <dimen name="xxh_70pixels">128.33dp</dimen>
    <dimen name="xxh_71pixels">130.17dp</dimen>
    <dimen name="xxh_72pixels">132dp</dimen>
    <dimen name="xxh_73pixels">133.83dp</dimen>
    <dimen name="xxh_74pixels">135.67dp</dimen>
    <dimen name="xxh_75pixels">137.5dp</dimen>
    <dimen name="xxh_76pixels">139.33dp</dimen>
    <dimen name="xxh_77pixels">141.17dp</dimen>
    <dimen name="xxh_78pixels">143dp</dimen>
    <dimen name="xxh_79pixels">144.83dp</dimen>
    <dimen name="xxh_80pixels">146.67dp</dimen>
    <dimen name="xxh_81pixels">148.5dp</dimen>
    <dimen name="xxh_82pixels">150.33dp</dimen>
    <dimen name="xxh_83pixels">152.17dp</dimen>
    <dimen name="xxh_84pixels">154dp</dimen>
    <dimen name="xxh_85pixels">155.83dp</dimen>
    <dimen name="xxh_86pixels">157.67dp</dimen>
    <dimen name="xxh_87pixels">159.5dp</dimen>
    <dimen name="xxh_88pixels">161.33dp</dimen>
    <dimen name="xxh_89pixels">163.17dp</dimen>
    <dimen name="xxh_90pixels">165dp</dimen>
    <dimen name="xxh_91pixels">166.83dp</dimen>
    <dimen name="xxh_92pixels">168.67dp</dimen>
    <dimen name="xxh_93pixels">170.5dp</dimen>
    <dimen name="xxh_94pixels">172.33dp</dimen>
    <dimen name="xxh_95pixels">174.17dp</dimen>
    <dimen name="xxh_96pixels">176dp</dimen>
    <dimen name="xxh_97pixels">177.83dp</dimen>
    <dimen name="xxh_98pixels">179.67dp</dimen>
    <dimen name="xxh_99pixels">181.5dp</dimen>
    <dimen name="xxh_100pixels">183.33dp</dimen>
    <dimen name="xxh_101pixels">185.17dp</dimen>
    <dimen name="xxh_102pixels">187dp</dimen>
    <dimen name="xxh_103pixels">188.83dp</dimen>
    <dimen name="xxh_104pixels">190.67dp</dimen>
    <dimen name="xxh_105pixels">192.5dp</dimen>
    <dimen name="xxh_106pixels">194.33dp</dimen>
    <dimen name="xxh_107pixels">196.17dp</dimen>
    <dimen name="xxh_108pixels">198dp</dimen>
    <dimen name="xxh_109pixels">199.83dp</dimen>
    <dimen name="xxh_110pixels">201.67dp</dimen>
    <dimen name="xxh_111pixels">203.5dp</dimen>
    <dimen name="xxh_112pixels">205.33dp</dimen>
    <dimen name="xxh_113pixels">207.17dp</dimen>
    <dimen name="xxh_114pixels">209dp</dimen>
    <dimen name="xxh_115pixels">210.83dp</dimen>
    <dimen name="xxh_116pixels">212.67dp</dimen>
    <dimen name="xxh_117pixels">214.5dp</dimen>
    <dimen name="xxh_118pixels">216.33dp</dimen>
    <dimen name="xxh_119pixels">218.17dp</dimen>
    <dimen name="xxh_120pixels">220dp</dimen>
    <dimen name="xxh_121pixels">221.83dp</dimen>
    <dimen name="xxh_122pixels">223.67dp</dimen>
    <dimen name="xxh_123pixels">225.5dp</dimen>
    <dimen name="xxh_124pixels">227.33dp</dimen>
    <dimen name="xxh_125pixels">229.17dp</dimen>
    <dimen name="xxh_126pixels">231dp</dimen>
    <dimen name="xxh_127pixels">232.83dp</dimen>
    <dimen name="xxh_128pixels">234.67dp</dimen>
    <dimen name="xxh_129pixels">236.5dp</dimen>
    <dimen name="xxh_130pixels">238.33dp</dimen>
    <dimen name="xxh_131pixels">240.17dp</dimen>
    <dimen name="xxh_132pixels">242dp</dimen>
    <dimen name="xxh_133pixels">243.83dp</dimen>
    <dimen name="xxh_134pixels">245.67dp</dimen>
    <dimen name="xxh_135pixels">247.5dp</dimen>
    <dimen name="xxh_136pixels">249.33dp</dimen>
    <dimen name="xxh_137pixels">251.17dp</dimen>
    <dimen name="xxh_138pixels">253dp</dimen>
    <dimen name="xxh_139pixels">254.83dp</dimen>
    <dimen name="xxh_140pixels">256.67dp</dimen>
    <dimen name="xxh_141pixels">258.5dp</dimen>
    <dimen name="xxh_142pixels">260.33dp</dimen>
    <dimen name="xxh_143pixels">262.17dp</dimen>
    <dimen name="xxh_144pixels">264dp</dimen>
    <dimen name="xxh_145pixels">265.83dp</dimen>
    <dimen name="xxh_146pixels">267.67dp</dimen>
    <dimen name="xxh_147pixels">269.5dp</dimen>
    <dimen name="xxh_148pixels">271.33dp</dimen>
    <dimen name="xxh_149pixels">273.17dp</dimen>
    <dimen name="xxh_150pixels">275dp</dimen>
    <dimen name="xxh_151pixels">276.83dp</dimen>
    <dimen name="xxh_152pixels">278.67dp</dimen>
    <dimen name="xxh_153pixels">280.5dp</dimen>
    <dimen name="xxh_154pixels">282.33dp</dimen>
    <dimen name="xxh_155pixels">284.17dp</dimen>
    <dimen name="xxh_156pixels">286dp</dimen>
    <dimen name="xxh_157pixels">287.83dp</dimen>
    <dimen name="xxh_158pixels">289.67dp</dimen>
    <dimen name="xxh_159pixels">291.5dp</dimen>
    <dimen name="xxh_160pixels">293.33dp</dimen>
    <dimen name="xxh_161pixels">295.17dp</dimen>
    <dimen name="xxh_162pixels">297dp</dimen>
    <dimen name="xxh_163pixels">298.83dp</dimen>
    <dimen name="xxh_164pixels">300.67dp</dimen>
    <dimen name="xxh_165pixels">302.5dp</dimen>
    <dimen name="xxh_166pixels">304.33dp</dimen>
    <dimen name="xxh_167pixels">306.17dp</dimen>
    <dimen name="xxh_168pixels">308dp</dimen>
    <dimen name="xxh_169pixels">309.83dp</dimen>
    <dimen name="xxh_170pixels">311.67dp</dimen>
    <dimen name="xxh_171pixels">313.5dp</dimen>
    <dimen name="xxh_172pixels">315.33dp</dimen>
    <dimen name="xxh_173pixels">317.17dp</dimen>
    <dimen name="xxh_174pixels">319dp</dimen>
    <dimen name="xxh_175pixels">320.83dp</dimen>
    <dimen name="xxh_176pixels">322.67dp</dimen>
    <dimen name="xxh_177pixels">324.5dp</dimen>
    <dimen name="xxh_178pixels">326.33dp</dimen>
    <dimen name="xxh_179pixels">328.17dp</dimen>
    <dimen name="xxh_180pixels">330dp</dimen>
    <dimen name="xxh_181pixels">331.83dp</dimen>
    <dimen name="xxh_182pixels">333.67dp</dimen>
    <dimen name="xxh_183pixels">335.5dp</dimen>
    <dimen name="xxh_184pixels">337.33dp</dimen>
    <dimen name="xxh_185pixels">339.17dp</dimen>
    <dimen name="xxh_186pixels">341dp</dimen>
    <dimen name="xxh_187pixels">342.83dp</dimen>
    <dimen name="xxh_188pixels">344.67dp</dimen>
    <dimen name="xxh_189pixels">346.5dp</dimen>
    <dimen name="xxh_190pixels">348.33dp</dimen>
    <dimen name="xxh_191pixels">350.17dp</dimen>
    <dimen name="xxh_192pixels">352dp</dimen>
    <dimen name="xxh_193pixels">353.83dp</dimen>
    <dimen name="xxh_194pixels">355.67dp</dimen>
    <dimen name="xxh_195pixels">357.5dp</dimen>
    <dimen name="xxh_196pixels">359.33dp</dimen>
    <dimen name="xxh_197pixels">361.17dp</dimen>
    <dimen name="xxh_198pixels">363dp</dimen>
    <dimen name="xxh_199pixels">364.83dp</dimen>
    <dimen name="xxh_200pixels">366.67dp</dimen>
    <dimen name="xxh_201pixels">368.5dp</dimen>
    <dimen name="xxh_202pixels">370.33dp</dimen>
    <dimen name="xxh_203pixels">372.17dp</dimen>
    <dimen name="xxh_204pixels">374dp</dimen>
    <dimen name="xxh_205pixels">375.83dp</dimen>
    <dimen name="xxh_206pixels">377.67dp</dimen>
    <dimen name="xxh_207pixels">379.5dp</dimen>
    <dimen name="xxh_208pixels">381.33dp</dimen>
    <dimen name="xxh_209pixels">383.17dp</dimen>
    <dimen name="xxh_210pixels">385dp</dimen>
    <dimen name="xxh_211pixels">386.83dp</dimen>
    <dimen name="xxh_212pixels">388.67dp</dimen>
    <dimen name="xxh_213pixels">390.5dp</dimen>
    <dimen name="xxh_214pixels">392.33dp</dimen>
    <dimen name="xxh_215pixels">394.17dp</dimen>
    <dimen name="xxh_216pixels">396dp</dimen>
    <dimen name="xxh_217pixels">397.83dp</dimen>
    <dimen name="xxh_218pixels">399.67dp</dimen>
    <dimen name="xxh_219pixels">401.5dp</dimen>
    <dimen name="xxh_220pixels">403.33dp</dimen>
    <dimen name="xxh_221pixels">405.17dp</dimen>
    <dimen name="xxh_222pixels">407dp</dimen>
    <dimen name="xxh_223pixels">408.83dp</dimen>
    <dimen name="xxh_224pixels">410.67dp</dimen>
    <dimen name="xxh_225pixels">412.5dp</dimen>
    <dimen name="xxh_226pixels">414.33dp</dimen>
    <dimen name="xxh_227pixels">416.17dp</dimen>
    <dimen name="xxh_228pixels">418dp</dimen>
    <dimen name="xxh_229pixels">419.83dp</dimen>
    <dimen name="xxh_230pixels">421.67dp</dimen>
    <dimen name="xxh_231pixels">423.5dp</dimen>
    <dimen name="xxh_232pixels">425.33dp</dimen>
    <dimen name="xxh_233pixels">427.17dp</dimen>
    <dimen name="xxh_234pixels">429dp</dimen>
    <dimen name="xxh_235pixels">430.83dp</dimen>
    <dimen name="xxh_236pixels">432.67dp</dimen>
    <dimen name="xxh_237pixels">434.5dp</dimen>
    <dimen name="xxh_238pixels">436.33dp</dimen>
    <dimen name="xxh_239pixels">438.17dp</dimen>
    <dimen name="xxh_240pixels">440dp</dimen>
    <dimen name="xxh_241pixels">441.83dp</dimen>
    <dimen name="xxh_242pixels">443.67dp</dimen>
    <dimen name="xxh_243pixels">445.5dp</dimen>
    <dimen name="xxh_244pixels">447.33dp</dimen>
    <dimen name="xxh_245pixels">449.17dp</dimen>
    <dimen name="xxh_246pixels">451dp</dimen>
    <dimen name="xxh_247pixels">452.83dp</dimen>
    <dimen name="xxh_248pixels">454.67dp</dimen>
    <dimen name="xxh_249pixels">456.5dp</dimen>
    <dimen name="xxh_250pixels">458.33dp</dimen>
    <dimen name="xxh_251pixels">460.17dp</dimen>
    <dimen name="xxh_252pixels">462dp</dimen>
    <dimen name="xxh_253pixels">463.83dp</dimen>
    <dimen name="xxh_254pixels">465.67dp</dimen>
    <dimen name="xxh_255pixels">467.5dp</dimen>
    <dimen name="xxh_256pixels">469.33dp</dimen>
    <dimen name="xxh_257pixels">471.17dp</dimen>
    <dimen name="xxh_258pixels">473dp</dimen>
    <dimen name="xxh_259pixels">474.83dp</dimen>
    <dimen name="xxh_260pixels">476.67dp</dimen>
    <dimen name="xxh_261pixels">478.5dp</dimen>
    <dimen name="xxh_262pixels">480.33dp</dimen>
    <dimen name="xxh_263pixels">482.17dp</dimen>
    <dimen name="xxh_264pixels">484dp</dimen>
    <dimen name="xxh_265pixels">485.83dp</dimen>
    <dimen name="xxh_266pixels">487.67dp</dimen>
    <dimen name="xxh_267pixels">489.5dp</dimen>
    <dimen name="xxh_268pixels">491.33dp</dimen>
    <dimen name="xxh_269pixels">493.17dp</dimen>
    <dimen name="xxh_270pixels">495dp</dimen>
    <dimen name="xxh_271pixels">496.83dp</dimen>
    <dimen name="xxh_272pixels">498.67dp</dimen>
    <dimen name="xxh_273pixels">500.5dp</dimen>
    <dimen name="xxh_274pixels">502.33dp</dimen>
    <dimen name="xxh_275pixels">504.17dp</dimen>
    <dimen name="xxh_276pixels">506dp</dimen>
    <dimen name="xxh_277pixels">507.83dp</dimen>
    <dimen name="xxh_278pixels">509.67dp</dimen>
    <dimen name="xxh_279pixels">511.5dp</dimen>
    <dimen name="xxh_280pixels">513.33dp</dimen>
    <dimen name="xxh_281pixels">515.17dp</dimen>
    <dimen name="xxh_282pixels">517dp</dimen>
    <dimen name="xxh_283pixels">518.83dp</dimen>
    <dimen name="xxh_284pixels">520.67dp</dimen>
    <dimen name="xxh_285pixels">522.5dp</dimen>
    <dimen name="xxh_286pixels">524.33dp</dimen>
    <dimen name="xxh_287pixels">526.17dp</dimen>
    <dimen name="xxh_288pixels">528dp</dimen>
    <dimen name="xxh_289pixels">529.83dp</dimen>
    <dimen name="xxh_290pixels">531.67dp</dimen>
    <dimen name="xxh_291pixels">533.5dp</dimen>
    <dimen name="xxh_292pixels">535.33dp</dimen>
    <dimen name="xxh_293pixels">537.17dp</dimen>
    <dimen name="xxh_294pixels">539dp</dimen>
    <dimen name="xxh_295pixels">540.83dp</dimen>
    <dimen name="xxh_296pixels">542.67dp</dimen>
    <dimen name="xxh_297pixels">544.5dp</dimen>
    <dimen name="xxh_298pixels">546.33dp</dimen>
    <dimen name="xxh_299pixels">548.17dp</dimen>
    <dimen name="xxh_300pixels">550dp</dimen>
    <dimen name="xxh_301pixels">551.83dp</dimen>
    <dimen name="xxh_302pixels">553.67dp</dimen>
    <dimen name="xxh_303pixels">555.5dp</dimen>
    <dimen name="xxh_304pixels">557.33dp</dimen>
    <dimen name="xxh_305pixels">559.17dp</dimen>
    <dimen name="xxh_306pixels">561dp</dimen>
    <dimen name="xxh_307pixels">562.83dp</dimen>
    <dimen name="xxh_308pixels">564.67dp</dimen>
    <dimen name="xxh_309pixels">566.5dp</dimen>
    <dimen name="xxh_310pixels">568.33dp</dimen>
    <dimen name="xxh_311pixels">570.17dp</dimen>
    <dimen name="xxh_312pixels">572dp</dimen>
    <dimen name="xxh_313pixels">573.83dp</dimen>
    <dimen name="xxh_314pixels">575.67dp</dimen>
    <dimen name="xxh_315pixels">577.5dp</dimen>
    <dimen name="xxh_316pixels">579.33dp</dimen>
    <dimen name="xxh_317pixels">581.17dp</dimen>
    <dimen name="xxh_318pixels">583dp</dimen>
    <dimen name="xxh_319pixels">584.83dp</dimen>
    <dimen name="xxh_320pixels">586.67dp</dimen>
    <dimen name="xxh_321pixels">588.5dp</dimen>
    <dimen name="xxh_322pixels">590.33dp</dimen>
    <dimen name="xxh_323pixels">592.17dp</dimen>
    <dimen name="xxh_324pixels">594dp</dimen>
    <dimen name="xxh_325pixels">595.83dp</dimen>
    <dimen name="xxh_326pixels">597.67dp</dimen>
    <dimen name="xxh_327pixels">599.5dp</dimen>
    <dimen name="xxh_328pixels">601.33dp</dimen>
    <dimen name="xxh_329pixels">603.17dp</dimen>
    <dimen name="xxh_330pixels">605dp</dimen>
    <dimen name="xxh_331pixels">606.83dp</dimen>
    <dimen name="xxh_332pixels">608.67dp</dimen>
    <dimen name="xxh_333pixels">610.5dp</dimen>
    <dimen name="xxh_334pixels">612.33dp</dimen>
    <dimen name="xxh_335pixels">614.17dp</dimen>
    <dimen name="xxh_336pixels">616dp</dimen>
    <dimen name="xxh_337pixels">617.83dp</dimen>
    <dimen name="xxh_338pixels">619.67dp</dimen>
    <dimen name="xxh_339pixels">621.5dp</dimen>
    <dimen name="xxh_340pixels">623.33dp</dimen>
    <dimen name="xxh_341pixels">625.17dp</dimen>
    <dimen name="xxh_342pixels">627dp</dimen>
    <dimen name="xxh_343pixels">628.83dp</dimen>
    <dimen name="xxh_344pixels">630.67dp</dimen>
    <dimen name="xxh_345pixels">632.5dp</dimen>
    <dimen name="xxh_346pixels">634.33dp</dimen>
    <dimen name="xxh_347pixels">636.17dp</dimen>
    <dimen name="xxh_348pixels">638dp</dimen>
    <dimen name="xxh_349pixels">639.83dp</dimen>
    <dimen name="xxh_350pixels">641.67dp</dimen>
    <dimen name="xxh_351pixels">643.5dp</dimen>
    <dimen name="xxh_352pixels">645.33dp</dimen>
    <dimen name="xxh_353pixels">647.17dp</dimen>
    <dimen name="xxh_354pixels">649dp</dimen>
    <dimen name="xxh_355pixels">650.83dp</dimen>
    <dimen name="xxh_356pixels">652.67dp</dimen>
    <dimen name="xxh_357pixels">654.5dp</dimen>
    <dimen name="xxh_358pixels">656.33dp</dimen>
    <dimen name="xxh_359pixels">658.17dp</dimen>
    <dimen name="xxh_360pixels">660dp</dimen>
    <dimen name="xxh_361pixels">661.83dp</dimen>
    <dimen name="xxh_362pixels">663.67dp</dimen>
    <dimen name="xxh_363pixels">665.5dp</dimen>
    <dimen name="xxh_364pixels">667.33dp</dimen>
    <dimen name="xxh_365pixels">669.17dp</dimen>
    <dimen name="xxh_366pixels">671dp</dimen>
    <dimen name="xxh_367pixels">672.83dp</dimen>
    <dimen name="xxh_368pixels">674.67dp</dimen>
    <dimen name="xxh_369pixels">676.5dp</dimen>
    <dimen name="xxh_370pixels">678.33dp</dimen>
    <dimen name="xxh_371pixels">680.17dp</dimen>
    <dimen name="xxh_372pixels">682dp</dimen>
    <dimen name="xxh_373pixels">683.83dp</dimen>
    <dimen name="xxh_374pixels">685.67dp</dimen>
    <dimen name="xxh_375pixels">687.5dp</dimen>
    <dimen name="xxh_376pixels">689.33dp</dimen>
    <dimen name="xxh_377pixels">691.17dp</dimen>
    <dimen name="xxh_378pixels">693dp</dimen>
    <dimen name="xxh_379pixels">694.83dp</dimen>
    <dimen name="xxh_380pixels">696.67dp</dimen>
    <dimen name="xxh_381pixels">698.5dp</dimen>
    <dimen name="xxh_382pixels">700.33dp</dimen>
    <dimen name="xxh_383pixels">702.17dp</dimen>
    <dimen name="xxh_384pixels">704dp</dimen>
    <dimen name="xxh_385pixels">705.83dp</dimen>
    <dimen name="xxh_386pixels">707.67dp</dimen>
    <dimen name="xxh_387pixels">709.5dp</dimen>
    <dimen name="xxh_388pixels">711.33dp</dimen>
    <dimen name="xxh_389pixels">713.17dp</dimen>
    <dimen name="xxh_390pixels">715dp</dimen>
    <dimen name="xxh_391pixels">716.83dp</dimen>
    <dimen name="xxh_392pixels">718.67dp</dimen>
    <dimen name="xxh_393pixels">720.5dp</dimen>
    <dimen name="xxh_394pixels">722.33dp</dimen>
    <dimen name="xxh_395pixels">724.17dp</dimen>
    <dimen name="xxh_396pixels">726dp</dimen>
    <dimen name="xxh_397pixels">727.83dp</dimen>
    <dimen name="xxh_398pixels">729.67dp</dimen>
    <dimen name="xxh_399pixels">731.5dp</dimen>
    <dimen name="xxh_400pixels">733.33dp</dimen>
    <dimen name="xxh_401pixels">735.17dp</dimen>
    <dimen name="xxh_402pixels">737dp</dimen>
    <dimen name="xxh_403pixels">738.83dp</dimen>
    <dimen name="xxh_404pixels">740.67dp</dimen>
    <dimen name="xxh_405pixels">742.5dp</dimen>
    <dimen name="xxh_406pixels">744.33dp</dimen>
    <dimen name="xxh_407pixels">746.17dp</dimen>
    <dimen name="xxh_408pixels">748dp</dimen>
    <dimen name="xxh_409pixels">749.83dp</dimen>
    <dimen name="xxh_410pixels">751.67dp</dimen>
    <dimen name="xxh_411pixels">753.5dp</dimen>
    <dimen name="xxh_412pixels">755.33dp</dimen>
    <dimen name="xxh_413pixels">757.17dp</dimen>
    <dimen name="xxh_414pixels">759dp</dimen>
    <dimen name="xxh_415pixels">760.83dp</dimen>
    <dimen name="xxh_416pixels">762.67dp</dimen>
    <dimen name="xxh_417pixels">764.5dp</dimen>
    <dimen name="xxh_418pixels">766.33dp</dimen>
    <dimen name="xxh_419pixels">768.17dp</dimen>
    <dimen name="xxh_420pixels">770dp</dimen>
    <dimen name="xxh_421pixels">771.83dp</dimen>
    <dimen name="xxh_422pixels">773.67dp</dimen>
    <dimen name="xxh_423pixels">775.5dp</dimen>
    <dimen name="xxh_424pixels">777.33dp</dimen>
    <dimen name="xxh_425pixels">779.17dp</dimen>
    <dimen name="xxh_426pixels">781dp</dimen>
    <dimen name="xxh_427pixels">782.83dp</dimen>
    <dimen name="xxh_428pixels">784.67dp</dimen>
    <dimen name="xxh_429pixels">786.5dp</dimen>
    <dimen name="xxh_430pixels">788.33dp</dimen>
    <dimen name="xxh_431pixels">790.17dp</dimen>
    <dimen name="xxh_432pixels">792dp</dimen>
    <dimen name="xxh_433pixels">793.83dp</dimen>
    <dimen name="xxh_434pixels">795.67dp</dimen>
    <dimen name="xxh_435pixels">797.5dp</dimen>
    <dimen name="xxh_436pixels">799.33dp</dimen>
    <dimen name="xxh_437pixels">801.17dp</dimen>
    <dimen name="xxh_438pixels">803dp</dimen>
    <dimen name="xxh_439pixels">804.83dp</dimen>
    <dimen name="xxh_440pixels">806.67dp</dimen>
    <dimen name="xxh_441pixels">808.5dp</dimen>
    <dimen name="xxh_442pixels">810.33dp</dimen>
    <dimen name="xxh_443pixels">812.17dp</dimen>
    <dimen name="xxh_444pixels">814dp</dimen>
    <dimen name="xxh_445pixels">815.83dp</dimen>
    <dimen name="xxh_446pixels">817.67dp</dimen>
    <dimen name="xxh_447pixels">819.5dp</dimen>
    <dimen name="xxh_448pixels">821.33dp</dimen>
    <dimen name="xxh_449pixels">823.17dp</dimen>
    <dimen name="xxh_450pixels">825dp</dimen>
    <dimen name="xxh_451pixels">826.83dp</dimen>
    <dimen name="xxh_452pixels">828.67dp</dimen>
    <dimen name="xxh_453pixels">830.5dp</dimen>
    <dimen name="xxh_454pixels">832.33dp</dimen>
    <dimen name="xxh_455pixels">834.17dp</dimen>
    <dimen name="xxh_456pixels">836dp</dimen>
    <dimen name="xxh_457pixels">837.83dp</dimen>
    <dimen name="xxh_458pixels">839.67dp</dimen>
    <dimen name="xxh_459pixels">841.5dp</dimen>
    <dimen name="xxh_460pixels">843.33dp</dimen>
    <dimen name="xxh_461pixels">845.17dp</dimen>
    <dimen name="xxh_462pixels">847dp</dimen>
    <dimen name="xxh_463pixels">848.83dp</dimen>
    <dimen name="xxh_464pixels">850.67dp</dimen>
    <dimen name="xxh_465pixels">852.5dp</dimen>
    <dimen name="xxh_466pixels">854.33dp</dimen>
    <dimen name="xxh_467pixels">856.17dp</dimen>
    <dimen name="xxh_468pixels">858dp</dimen>
    <dimen name="xxh_469pixels">859.83dp</dimen>
    <dimen name="xxh_470pixels">861.67dp</dimen>
    <dimen name="xxh_471pixels">863.5dp</dimen>
    <dimen name="xxh_472pixels">865.33dp</dimen>
    <dimen name="xxh_473pixels">867.17dp</dimen>
    <dimen name="xxh_474pixels">869dp</dimen>
    <dimen name="xxh_475pixels">870.83dp</dimen>
    <dimen name="xxh_476pixels">872.67dp</dimen>
    <dimen name="xxh_477pixels">874.5dp</dimen>
    <dimen name="xxh_478pixels">876.33dp</dimen>
    <dimen name="xxh_479pixels">878.17dp</dimen>
    <dimen name="xxh_480pixels">880dp</dimen>
    <dimen name="xxh_481pixels">881.83dp</dimen>
    <dimen name="xxh_482pixels">883.67dp</dimen>
    <dimen name="xxh_483pixels">885.5dp</dimen>
    <dimen name="xxh_484pixels">887.33dp</dimen>
    <dimen name="xxh_485pixels">889.17dp</dimen>
    <dimen name="xxh_486pixels">891dp</dimen>
    <dimen name="xxh_487pixels">892.83dp</dimen>
    <dimen name="xxh_488pixels">894.67dp</dimen>
    <dimen name="xxh_489pixels">896.5dp</dimen>
    <dimen name="xxh_490pixels">898.33dp</dimen>
    <dimen name="xxh_491pixels">900.17dp</dimen>
    <dimen name="xxh_492pixels">902dp</dimen>
    <dimen name="xxh_493pixels">903.83dp</dimen>
    <dimen name="xxh_494pixels">905.67dp</dimen>
    <dimen name="xxh_495pixels">907.5dp</dimen>
    <dimen name="xxh_496pixels">909.33dp</dimen>
    <dimen name="xxh_497pixels">911.17dp</dimen>
    <dimen name="xxh_498pixels">913dp</dimen>
    <dimen name="xxh_499pixels">914.83dp</dimen>
    <dimen name="xxh_500pixels">916.67dp</dimen>
    <dimen name="xxh_501pixels">918.5dp</dimen>
    <dimen name="xxh_502pixels">920.33dp</dimen>
    <dimen name="xxh_503pixels">922.17dp</dimen>
    <dimen name="xxh_504pixels">924dp</dimen>
    <dimen name="xxh_505pixels">925.83dp</dimen>
    <dimen name="xxh_506pixels">927.67dp</dimen>
    <dimen name="xxh_507pixels">929.5dp</dimen>
    <dimen name="xxh_508pixels">931.33dp</dimen>
    <dimen name="xxh_509pixels">933.17dp</dimen>
    <dimen name="xxh_510pixels">935dp</dimen>
    <dimen name="xxh_511pixels">936.83dp</dimen>
    <dimen name="xxh_512pixels">938.67dp</dimen>
    <dimen name="xxh_513pixels">940.5dp</dimen>
    <dimen name="xxh_514pixels">942.33dp</dimen>
    <dimen name="xxh_515pixels">944.17dp</dimen>
    <dimen name="xxh_516pixels">946dp</dimen>
    <dimen name="xxh_517pixels">947.83dp</dimen>
    <dimen name="xxh_518pixels">949.67dp</dimen>
    <dimen name="xxh_519pixels">951.5dp</dimen>
    <dimen name="xxh_520pixels">953.33dp</dimen>
    <dimen name="xxh_521pixels">955.17dp</dimen>
    <dimen name="xxh_522pixels">957dp</dimen>
    <dimen name="xxh_523pixels">958.83dp</dimen>
    <dimen name="xxh_524pixels">960.67dp</dimen>
    <dimen name="xxh_525pixels">962.5dp</dimen>
    <dimen name="xxh_526pixels">964.33dp</dimen>
    <dimen name="xxh_527pixels">966.17dp</dimen>
    <dimen name="xxh_528pixels">968dp</dimen>
    <dimen name="xxh_529pixels">969.83dp</dimen>
    <dimen name="xxh_530pixels">971.67dp</dimen>
    <dimen name="xxh_531pixels">973.5dp</dimen>
    <dimen name="xxh_532pixels">975.33dp</dimen>
    <dimen name="xxh_533pixels">977.17dp</dimen>
    <dimen name="xxh_534pixels">979dp</dimen>
    <dimen name="xxh_535pixels">980.83dp</dimen>
    <dimen name="xxh_536pixels">982.67dp</dimen>
    <dimen name="xxh_537pixels">984.5dp</dimen>
    <dimen name="xxh_538pixels">986.33dp</dimen>
    <dimen name="xxh_539pixels">988.17dp</dimen>
    <dimen name="xxh_540pixels">990dp</dimen>
    <dimen name="xxh_541pixels">991.83dp</dimen>
    <dimen name="xxh_542pixels">993.67dp</dimen>
    <dimen name="xxh_543pixels">995.5dp</dimen>
    <dimen name="xxh_544pixels">997.33dp</dimen>
    <dimen name="xxh_545pixels">999.17dp</dimen>
    <dimen name="xxh_546pixels">1001dp</dimen>
    <dimen name="xxh_547pixels">1002.83dp</dimen>
    <dimen name="xxh_548pixels">1004.67dp</dimen>
    <dimen name="xxh_549pixels">1006.5dp</dimen>
    <dimen name="xxh_550pixels">1008.33dp</dimen>
    <dimen name="xxh_551pixels">1010.17dp</dimen>
    <dimen name="xxh_552pixels">1012dp</dimen>
    <dimen name="xxh_553pixels">1013.83dp</dimen>
    <dimen name="xxh_554pixels">1015.67dp</dimen>
    <dimen name="xxh_555pixels">1017.5dp</dimen>
    <dimen name="xxh_556pixels">1019.33dp</dimen>
    <dimen name="xxh_557pixels">1021.17dp</dimen>
    <dimen name="xxh_558pixels">1023dp</dimen>
    <dimen name="xxh_559pixels">1024.83dp</dimen>
    <dimen name="xxh_560pixels">1026.67dp</dimen>
    <dimen name="xxh_561pixels">1028.5dp</dimen>
    <dimen name="xxh_562pixels">1030.33dp</dimen>
    <dimen name="xxh_563pixels">1032.17dp</dimen>
    <dimen name="xxh_564pixels">1034dp</dimen>
    <dimen name="xxh_565pixels">1035.83dp</dimen>
    <dimen name="xxh_566pixels">1037.67dp</dimen>
    <dimen name="xxh_567pixels">1039.5dp</dimen>
    <dimen name="xxh_568pixels">1041.33dp</dimen>
    <dimen name="xxh_569pixels">1043.17dp</dimen>
    <dimen name="xxh_570pixels">1045dp</dimen>
    <dimen name="xxh_571pixels">1046.83dp</dimen>
    <dimen name="xxh_572pixels">1048.67dp</dimen>
    <dimen name="xxh_573pixels">1050.5dp</dimen>
    <dimen name="xxh_574pixels">1052.33dp</dimen>
    <dimen name="xxh_575pixels">1054.17dp</dimen>
    <dimen name="xxh_576pixels">1056dp</dimen>
    <dimen name="xxh_577pixels">1057.83dp</dimen>
    <dimen name="xxh_578pixels">1059.67dp</dimen>
    <dimen name="xxh_579pixels">1061.5dp</dimen>
    <dimen name="xxh_580pixels">1063.33dp</dimen>
    <dimen name="xxh_581pixels">1065.17dp</dimen>
    <dimen name="xxh_582pixels">1067dp</dimen>
    <dimen name="xxh_583pixels">1068.83dp</dimen>
    <dimen name="xxh_584pixels">1070.67dp</dimen>
    <dimen name="xxh_585pixels">1072.5dp</dimen>
    <dimen name="xxh_586pixels">1074.33dp</dimen>
    <dimen name="xxh_587pixels">1076.17dp</dimen>
    <dimen name="xxh_588pixels">1078dp</dimen>
    <dimen name="xxh_589pixels">1079.83dp</dimen>
    <dimen name="xxh_590pixels">1081.67dp</dimen>
    <dimen name="xxh_591pixels">1083.5dp</dimen>
    <dimen name="xxh_592pixels">1085.33dp</dimen>
    <dimen name="xxh_593pixels">1087.17dp</dimen>
    <dimen name="xxh_594pixels">1089dp</dimen>
    <dimen name="xxh_595pixels">1090.83dp</dimen>
    <dimen name="xxh_596pixels">1092.67dp</dimen>
    <dimen name="xxh_597pixels">1094.5dp</dimen>
    <dimen name="xxh_598pixels">1096.33dp</dimen>
    <dimen name="xxh_599pixels">1098.17dp</dimen>
    <dimen name="xxh_600pixels">1100dp</dimen>
    <dimen name="xxh_601pixels">1101.83dp</dimen>
    <dimen name="xxh_602pixels">1103.67dp</dimen>
    <dimen name="xxh_603pixels">1105.5dp</dimen>
    <dimen name="xxh_604pixels">1107.33dp</dimen>
    <dimen name="xxh_605pixels">1109.17dp</dimen>
    <dimen name="xxh_606pixels">1111dp</dimen>
    <dimen name="xxh_607pixels">1112.83dp</dimen>
    <dimen name="xxh_608pixels">1114.67dp</dimen>
    <dimen name="xxh_609pixels">1116.5dp</dimen>
    <dimen name="xxh_610pixels">1118.33dp</dimen>
    <dimen name="xxh_611pixels">1120.17dp</dimen>
    <dimen name="xxh_612pixels">1122dp</dimen>
    <dimen name="xxh_613pixels">1123.83dp</dimen>
    <dimen name="xxh_614pixels">1125.67dp</dimen>
    <dimen name="xxh_615pixels">1127.5dp</dimen>
    <dimen name="xxh_616pixels">1129.33dp</dimen>
    <dimen name="xxh_617pixels">1131.17dp</dimen>
    <dimen name="xxh_618pixels">1133dp</dimen>
    <dimen name="xxh_619pixels">1134.83dp</dimen>
    <dimen name="xxh_620pixels">1136.67dp</dimen>
    <dimen name="xxh_621pixels">1138.5dp</dimen>
    <dimen name="xxh_622pixels">1140.33dp</dimen>
    <dimen name="xxh_623pixels">1142.17dp</dimen>
    <dimen name="xxh_624pixels">1144dp</dimen>
    <dimen name="xxh_625pixels">1145.83dp</dimen>
    <dimen name="xxh_626pixels">1147.67dp</dimen>
    <dimen name="xxh_627pixels">1149.5dp</dimen>
    <dimen name="xxh_628pixels">1151.33dp</dimen>
    <dimen name="xxh_629pixels">1153.17dp</dimen>
    <dimen name="xxh_630pixels">1155dp</dimen>
    <dimen name="xxh_631pixels">1156.83dp</dimen>
    <dimen name="xxh_632pixels">1158.67dp</dimen>
    <dimen name="xxh_633pixels">1160.5dp</dimen>
    <dimen name="xxh_634pixels">1162.33dp</dimen>
    <dimen name="xxh_635pixels">1164.17dp</dimen>
    <dimen name="xxh_636pixels">1166dp</dimen>
    <dimen name="xxh_637pixels">1167.83dp</dimen>
    <dimen name="xxh_638pixels">1169.67dp</dimen>
    <dimen name="xxh_639pixels">1171.5dp</dimen>
    <dimen name="xxh_640pixels">1173.33dp</dimen>
    <dimen name="xxh_641pixels">1175.17dp</dimen>
    <dimen name="xxh_642pixels">1177dp</dimen>
    <dimen name="xxh_643pixels">1178.83dp</dimen>
    <dimen name="xxh_644pixels">1180.67dp</dimen>
    <dimen name="xxh_645pixels">1182.5dp</dimen>
    <dimen name="xxh_646pixels">1184.33dp</dimen>
    <dimen name="xxh_647pixels">1186.17dp</dimen>
    <dimen name="xxh_648pixels">1188dp</dimen>
    <dimen name="xxh_649pixels">1189.83dp</dimen>
    <dimen name="xxh_650pixels">1191.67dp</dimen>
    <dimen name="xxh_651pixels">1193.5dp</dimen>
    <dimen name="xxh_652pixels">1195.33dp</dimen>
    <dimen name="xxh_653pixels">1197.17dp</dimen>
    <dimen name="xxh_654pixels">1199dp</dimen>
    <dimen name="xxh_655pixels">1200.83dp</dimen>
    <dimen name="xxh_656pixels">1202.67dp</dimen>
    <dimen name="xxh_657pixels">1204.5dp</dimen>
    <dimen name="xxh_658pixels">1206.33dp</dimen>
    <dimen name="xxh_659pixels">1208.17dp</dimen>
    <dimen name="xxh_660pixels">1210dp</dimen>
    <dimen name="xxh_661pixels">1211.83dp</dimen>
    <dimen name="xxh_662pixels">1213.67dp</dimen>
    <dimen name="xxh_663pixels">1215.5dp</dimen>
    <dimen name="xxh_664pixels">1217.33dp</dimen>
    <dimen name="xxh_665pixels">1219.17dp</dimen>
    <dimen name="xxh_666pixels">1221dp</dimen>
    <dimen name="xxh_667pixels">1222.83dp</dimen>
    <dimen name="xxh_668pixels">1224.67dp</dimen>
    <dimen name="xxh_669pixels">1226.5dp</dimen>
    <dimen name="xxh_670pixels">1228.33dp</dimen>
    <dimen name="xxh_671pixels">1230.17dp</dimen>
    <dimen name="xxh_672pixels">1232dp</dimen>
    <dimen name="xxh_673pixels">1233.83dp</dimen>
    <dimen name="xxh_674pixels">1235.67dp</dimen>
    <dimen name="xxh_675pixels">1237.5dp</dimen>
    <dimen name="xxh_676pixels">1239.33dp</dimen>
    <dimen name="xxh_677pixels">1241.17dp</dimen>
    <dimen name="xxh_678pixels">1243dp</dimen>
    <dimen name="xxh_679pixels">1244.83dp</dimen>
    <dimen name="xxh_680pixels">1246.67dp</dimen>
    <dimen name="xxh_681pixels">1248.5dp</dimen>
    <dimen name="xxh_682pixels">1250.33dp</dimen>
    <dimen name="xxh_683pixels">1252.17dp</dimen>
    <dimen name="xxh_684pixels">1254dp</dimen>
    <dimen name="xxh_685pixels">1255.83dp</dimen>
    <dimen name="xxh_686pixels">1257.67dp</dimen>
    <dimen name="xxh_687pixels">1259.5dp</dimen>
    <dimen name="xxh_688pixels">1261.33dp</dimen>
    <dimen name="xxh_689pixels">1263.17dp</dimen>
    <dimen name="xxh_690pixels">1265dp</dimen>
    <dimen name="xxh_691pixels">1266.83dp</dimen>
    <dimen name="xxh_692pixels">1268.67dp</dimen>
    <dimen name="xxh_693pixels">1270.5dp</dimen>
    <dimen name="xxh_694pixels">1272.33dp</dimen>
    <dimen name="xxh_695pixels">1274.17dp</dimen>
    <dimen name="xxh_696pixels">1276dp</dimen>
    <dimen name="xxh_697pixels">1277.83dp</dimen>
    <dimen name="xxh_698pixels">1279.67dp</dimen>
    <dimen name="xxh_699pixels">1281.5dp</dimen>
    <dimen name="xxh_700pixels">1283.33dp</dimen>
    <dimen name="xxh_701pixels">1285.17dp</dimen>
    <dimen name="xxh_702pixels">1287dp</dimen>
    <dimen name="xxh_703pixels">1288.83dp</dimen>
    <dimen name="xxh_704pixels">1290.67dp</dimen>
    <dimen name="xxh_705pixels">1292.5dp</dimen>
    <dimen name="xxh_706pixels">1294.33dp</dimen>
    <dimen name="xxh_707pixels">1296.17dp</dimen>
    <dimen name="xxh_708pixels">1298dp</dimen>
    <dimen name="xxh_709pixels">1299.83dp</dimen>
    <dimen name="xxh_710pixels">1301.67dp</dimen>
    <dimen name="xxh_711pixels">1303.5dp</dimen>
    <dimen name="xxh_712pixels">1305.33dp</dimen>
    <dimen name="xxh_713pixels">1307.17dp</dimen>
    <dimen name="xxh_714pixels">1309dp</dimen>
    <dimen name="xxh_715pixels">1310.83dp</dimen>
    <dimen name="xxh_716pixels">1312.67dp</dimen>
    <dimen name="xxh_717pixels">1314.5dp</dimen>
    <dimen name="xxh_718pixels">1316.33dp</dimen>
    <dimen name="xxh_719pixels">1318.17dp</dimen>
    <dimen name="xxh_720pixels">1320dp</dimen>
    <dimen name="xxh_721pixels">1321.83dp</dimen>
    <dimen name="xxh_722pixels">1323.67dp</dimen>
    <dimen name="xxh_723pixels">1325.5dp</dimen>
    <dimen name="xxh_724pixels">1327.33dp</dimen>
    <dimen name="xxh_725pixels">1329.17dp</dimen>
    <dimen name="xxh_726pixels">1331dp</dimen>
    <dimen name="xxh_727pixels">1332.83dp</dimen>
    <dimen name="xxh_728pixels">1334.67dp</dimen>
    <dimen name="xxh_729pixels">1336.5dp</dimen>
    <dimen name="xxh_730pixels">1338.33dp</dimen>
    <dimen name="xxh_731pixels">1340.17dp</dimen>
    <dimen name="xxh_732pixels">1342dp</dimen>
    <dimen name="xxh_733pixels">1343.83dp</dimen>
    <dimen name="xxh_734pixels">1345.67dp</dimen>
    <dimen name="xxh_735pixels">1347.5dp</dimen>
    <dimen name="xxh_736pixels">1349.33dp</dimen>
    <dimen name="xxh_737pixels">1351.17dp</dimen>
    <dimen name="xxh_738pixels">1353dp</dimen>
    <dimen name="xxh_739pixels">1354.83dp</dimen>
    <dimen name="xxh_740pixels">1356.67dp</dimen>
    <dimen name="xxh_741pixels">1358.5dp</dimen>
    <dimen name="xxh_742pixels">1360.33dp</dimen>
    <dimen name="xxh_743pixels">1362.17dp</dimen>
    <dimen name="xxh_744pixels">1364dp</dimen>
    <dimen name="xxh_745pixels">1365.83dp</dimen>
    <dimen name="xxh_746pixels">1367.67dp</dimen>
    <dimen name="xxh_747pixels">1369.5dp</dimen>
    <dimen name="xxh_748pixels">1371.33dp</dimen>
    <dimen name="xxh_749pixels">1373.17dp</dimen>
    <dimen name="xxh_750pixels">1375dp</dimen>
    <dimen name="xxh_751pixels">1376.83dp</dimen>
    <dimen name="xxh_752pixels">1378.67dp</dimen>
    <dimen name="xxh_753pixels">1380.5dp</dimen>
    <dimen name="xxh_754pixels">1382.33dp</dimen>
    <dimen name="xxh_755pixels">1384.17dp</dimen>
    <dimen name="xxh_756pixels">1386dp</dimen>
    <dimen name="xxh_757pixels">1387.83dp</dimen>
    <dimen name="xxh_758pixels">1389.67dp</dimen>
    <dimen name="xxh_759pixels">1391.5dp</dimen>
    <dimen name="xxh_760pixels">1393.33dp</dimen>
    <dimen name="xxh_761pixels">1395.17dp</dimen>
    <dimen name="xxh_762pixels">1397dp</dimen>
    <dimen name="xxh_763pixels">1398.83dp</dimen>
    <dimen name="xxh_764pixels">1400.67dp</dimen>
    <dimen name="xxh_765pixels">1402.5dp</dimen>
    <dimen name="xxh_766pixels">1404.33dp</dimen>
    <dimen name="xxh_767pixels">1406.17dp</dimen>
    <dimen name="xxh_768pixels">1408dp</dimen>
    <dimen name="xxh_769pixels">1409.83dp</dimen>
    <dimen name="xxh_770pixels">1411.67dp</dimen>
    <dimen name="xxh_771pixels">1413.5dp</dimen>
    <dimen name="xxh_772pixels">1415.33dp</dimen>
    <dimen name="xxh_773pixels">1417.17dp</dimen>
    <dimen name="xxh_774pixels">1419dp</dimen>
    <dimen name="xxh_775pixels">1420.83dp</dimen>
    <dimen name="xxh_776pixels">1422.67dp</dimen>
    <dimen name="xxh_777pixels">1424.5dp</dimen>
    <dimen name="xxh_778pixels">1426.33dp</dimen>
    <dimen name="xxh_779pixels">1428.17dp</dimen>
    <dimen name="xxh_780pixels">1430dp</dimen>
    <dimen name="xxh_781pixels">1431.83dp</dimen>
    <dimen name="xxh_782pixels">1433.67dp</dimen>
    <dimen name="xxh_783pixels">1435.5dp</dimen>
    <dimen name="xxh_784pixels">1437.33dp</dimen>
    <dimen name="xxh_785pixels">1439.17dp</dimen>
    <dimen name="xxh_786pixels">1441dp</dimen>
    <dimen name="xxh_787pixels">1442.83dp</dimen>
    <dimen name="xxh_788pixels">1444.67dp</dimen>
    <dimen name="xxh_789pixels">1446.5dp</dimen>
    <dimen name="xxh_790pixels">1448.33dp</dimen>
    <dimen name="xxh_791pixels">1450.17dp</dimen>
    <dimen name="xxh_792pixels">1452dp</dimen>
    <dimen name="xxh_793pixels">1453.83dp</dimen>
    <dimen name="xxh_794pixels">1455.67dp</dimen>
    <dimen name="xxh_795pixels">1457.5dp</dimen>
    <dimen name="xxh_796pixels">1459.33dp</dimen>
    <dimen name="xxh_797pixels">1461.17dp</dimen>
    <dimen name="xxh_798pixels">1463dp</dimen>
    <dimen name="xxh_799pixels">1464.83dp</dimen>
    <dimen name="xxh_800pixels">1466.67dp</dimen>
    <dimen name="xxh_801pixels">1468.5dp</dimen>
    <dimen name="xxh_802pixels">1470.33dp</dimen>
    <dimen name="xxh_803pixels">1472.17dp</dimen>
    <dimen name="xxh_804pixels">1474dp</dimen>
    <dimen name="xxh_805pixels">1475.83dp</dimen>
    <dimen name="xxh_806pixels">1477.67dp</dimen>
    <dimen name="xxh_807pixels">1479.5dp</dimen>
    <dimen name="xxh_808pixels">1481.33dp</dimen>
    <dimen name="xxh_809pixels">1483.17dp</dimen>
    <dimen name="xxh_810pixels">1485dp</dimen>
    <dimen name="xxh_811pixels">1486.83dp</dimen>
    <dimen name="xxh_812pixels">1488.67dp</dimen>
    <dimen name="xxh_813pixels">1490.5dp</dimen>
    <dimen name="xxh_814pixels">1492.33dp</dimen>
    <dimen name="xxh_815pixels">1494.17dp</dimen>
    <dimen name="xxh_816pixels">1496dp</dimen>
    <dimen name="xxh_817pixels">1497.83dp</dimen>
    <dimen name="xxh_818pixels">1499.67dp</dimen>
    <dimen name="xxh_819pixels">1501.5dp</dimen>
    <dimen name="xxh_820pixels">1503.33dp</dimen>
    <dimen name="xxh_821pixels">1505.17dp</dimen>
    <dimen name="xxh_822pixels">1507dp</dimen>
    <dimen name="xxh_823pixels">1508.83dp</dimen>
    <dimen name="xxh_824pixels">1510.67dp</dimen>
    <dimen name="xxh_825pixels">1512.5dp</dimen>
    <dimen name="xxh_826pixels">1514.33dp</dimen>
    <dimen name="xxh_827pixels">1516.17dp</dimen>
    <dimen name="xxh_828pixels">1518dp</dimen>
    <dimen name="xxh_829pixels">1519.83dp</dimen>
    <dimen name="xxh_830pixels">1521.67dp</dimen>
    <dimen name="xxh_831pixels">1523.5dp</dimen>
    <dimen name="xxh_832pixels">1525.33dp</dimen>
    <dimen name="xxh_833pixels">1527.17dp</dimen>
    <dimen name="xxh_834pixels">1529dp</dimen>
    <dimen name="xxh_835pixels">1530.83dp</dimen>
    <dimen name="xxh_836pixels">1532.67dp</dimen>
    <dimen name="xxh_837pixels">1534.5dp</dimen>
    <dimen name="xxh_838pixels">1536.33dp</dimen>
    <dimen name="xxh_839pixels">1538.17dp</dimen>
    <dimen name="xxh_840pixels">1540dp</dimen>
    <dimen name="xxh_841pixels">1541.83dp</dimen>
    <dimen name="xxh_842pixels">1543.67dp</dimen>
    <dimen name="xxh_843pixels">1545.5dp</dimen>
    <dimen name="xxh_844pixels">1547.33dp</dimen>
    <dimen name="xxh_845pixels">1549.17dp</dimen>
    <dimen name="xxh_846pixels">1551dp</dimen>
    <dimen name="xxh_847pixels">1552.83dp</dimen>
    <dimen name="xxh_848pixels">1554.67dp</dimen>
    <dimen name="xxh_849pixels">1556.5dp</dimen>
    <dimen name="xxh_850pixels">1558.33dp</dimen>
    <dimen name="xxh_851pixels">1560.17dp</dimen>
    <dimen name="xxh_852pixels">1562dp</dimen>
    <dimen name="xxh_853pixels">1563.83dp</dimen>
    <dimen name="xxh_854pixels">1565.67dp</dimen>
    <dimen name="xxh_855pixels">1567.5dp</dimen>
    <dimen name="xxh_856pixels">1569.33dp</dimen>
    <dimen name="xxh_857pixels">1571.17dp</dimen>
    <dimen name="xxh_858pixels">1573dp</dimen>
    <dimen name="xxh_859pixels">1574.83dp</dimen>
    <dimen name="xxh_860pixels">1576.67dp</dimen>
    <dimen name="xxh_861pixels">1578.5dp</dimen>
    <dimen name="xxh_862pixels">1580.33dp</dimen>
    <dimen name="xxh_863pixels">1582.17dp</dimen>
    <dimen name="xxh_864pixels">1584dp</dimen>
    <dimen name="xxh_865pixels">1585.83dp</dimen>
    <dimen name="xxh_866pixels">1587.67dp</dimen>
    <dimen name="xxh_867pixels">1589.5dp</dimen>
    <dimen name="xxh_868pixels">1591.33dp</dimen>
    <dimen name="xxh_869pixels">1593.17dp</dimen>
    <dimen name="xxh_870pixels">1595dp</dimen>
    <dimen name="xxh_871pixels">1596.83dp</dimen>
    <dimen name="xxh_872pixels">1598.67dp</dimen>
    <dimen name="xxh_873pixels">1600.5dp</dimen>
    <dimen name="xxh_874pixels">1602.33dp</dimen>
    <dimen name="xxh_875pixels">1604.17dp</dimen>
    <dimen name="xxh_876pixels">1606dp</dimen>
    <dimen name="xxh_877pixels">1607.83dp</dimen>
    <dimen name="xxh_878pixels">1609.67dp</dimen>
    <dimen name="xxh_879pixels">1611.5dp</dimen>
    <dimen name="xxh_880pixels">1613.33dp</dimen>
    <dimen name="xxh_881pixels">1615.17dp</dimen>
    <dimen name="xxh_882pixels">1617dp</dimen>
    <dimen name="xxh_883pixels">1618.83dp</dimen>
    <dimen name="xxh_884pixels">1620.67dp</dimen>
    <dimen name="xxh_885pixels">1622.5dp</dimen>
    <dimen name="xxh_886pixels">1624.33dp</dimen>
    <dimen name="xxh_887pixels">1626.17dp</dimen>
    <dimen name="xxh_888pixels">1628dp</dimen>
    <dimen name="xxh_889pixels">1629.83dp</dimen>
    <dimen name="xxh_890pixels">1631.67dp</dimen>
    <dimen name="xxh_891pixels">1633.5dp</dimen>
    <dimen name="xxh_892pixels">1635.33dp</dimen>
    <dimen name="xxh_893pixels">1637.17dp</dimen>
    <dimen name="xxh_894pixels">1639dp</dimen>
    <dimen name="xxh_895pixels">1640.83dp</dimen>
    <dimen name="xxh_896pixels">1642.67dp</dimen>
    <dimen name="xxh_897pixels">1644.5dp</dimen>
    <dimen name="xxh_898pixels">1646.33dp</dimen>
    <dimen name="xxh_899pixels">1648.17dp</dimen>
    <dimen name="xxh_900pixels">1650dp</dimen>
    <dimen name="xxh_901pixels">1651.83dp</dimen>
    <dimen name="xxh_902pixels">1653.67dp</dimen>
    <dimen name="xxh_903pixels">1655.5dp</dimen>
    <dimen name="xxh_904pixels">1657.33dp</dimen>
    <dimen name="xxh_905pixels">1659.17dp</dimen>
    <dimen name="xxh_906pixels">1661dp</dimen>
    <dimen name="xxh_907pixels">1662.83dp</dimen>
    <dimen name="xxh_908pixels">1664.67dp</dimen>
    <dimen name="xxh_909pixels">1666.5dp</dimen>
    <dimen name="xxh_910pixels">1668.33dp</dimen>
    <dimen name="xxh_911pixels">1670.17dp</dimen>
    <dimen name="xxh_912pixels">1672dp</dimen>
    <dimen name="xxh_913pixels">1673.83dp</dimen>
    <dimen name="xxh_914pixels">1675.67dp</dimen>
    <dimen name="xxh_915pixels">1677.5dp</dimen>
    <dimen name="xxh_916pixels">1679.33dp</dimen>
    <dimen name="xxh_917pixels">1681.17dp</dimen>
    <dimen name="xxh_918pixels">1683dp</dimen>
    <dimen name="xxh_919pixels">1684.83dp</dimen>
    <dimen name="xxh_920pixels">1686.67dp</dimen>
    <dimen name="xxh_921pixels">1688.5dp</dimen>
    <dimen name="xxh_922pixels">1690.33dp</dimen>
    <dimen name="xxh_923pixels">1692.17dp</dimen>
    <dimen name="xxh_924pixels">1694dp</dimen>
    <dimen name="xxh_925pixels">1695.83dp</dimen>
    <dimen name="xxh_926pixels">1697.67dp</dimen>
    <dimen name="xxh_927pixels">1699.5dp</dimen>
    <dimen name="xxh_928pixels">1701.33dp</dimen>
    <dimen name="xxh_929pixels">1703.17dp</dimen>
    <dimen name="xxh_930pixels">1705dp</dimen>
    <dimen name="xxh_931pixels">1706.83dp</dimen>
    <dimen name="xxh_932pixels">1708.67dp</dimen>
    <dimen name="xxh_933pixels">1710.5dp</dimen>
    <dimen name="xxh_934pixels">1712.33dp</dimen>
    <dimen name="xxh_935pixels">1714.17dp</dimen>
    <dimen name="xxh_936pixels">1716dp</dimen>
    <dimen name="xxh_937pixels">1717.83dp</dimen>
    <dimen name="xxh_938pixels">1719.67dp</dimen>
    <dimen name="xxh_939pixels">1721.5dp</dimen>
    <dimen name="xxh_940pixels">1723.33dp</dimen>
    <dimen name="xxh_941pixels">1725.17dp</dimen>
    <dimen name="xxh_942pixels">1727dp</dimen>
    <dimen name="xxh_943pixels">1728.83dp</dimen>
    <dimen name="xxh_944pixels">1730.67dp</dimen>
    <dimen name="xxh_945pixels">1732.5dp</dimen>
    <dimen name="xxh_946pixels">1734.33dp</dimen>
    <dimen name="xxh_947pixels">1736.17dp</dimen>
    <dimen name="xxh_948pixels">1738dp</dimen>
    <dimen name="xxh_949pixels">1739.83dp</dimen>
    <dimen name="xxh_950pixels">1741.67dp</dimen>
    <dimen name="xxh_951pixels">1743.5dp</dimen>
    <dimen name="xxh_952pixels">1745.33dp</dimen>
    <dimen name="xxh_953pixels">1747.17dp</dimen>
    <dimen name="xxh_954pixels">1749dp</dimen>
    <dimen name="xxh_955pixels">1750.83dp</dimen>
    <dimen name="xxh_956pixels">1752.67dp</dimen>
    <dimen name="xxh_957pixels">1754.5dp</dimen>
    <dimen name="xxh_958pixels">1756.33dp</dimen>
    <dimen name="xxh_959pixels">1758.17dp</dimen>
    <dimen name="xxh_960pixels">1760dp</dimen>
    <dimen name="xxh_961pixels">1761.83dp</dimen>
    <dimen name="xxh_962pixels">1763.67dp</dimen>
    <dimen name="xxh_963pixels">1765.5dp</dimen>
    <dimen name="xxh_964pixels">1767.33dp</dimen>
    <dimen name="xxh_965pixels">1769.17dp</dimen>
    <dimen name="xxh_966pixels">1771dp</dimen>
    <dimen name="xxh_967pixels">1772.83dp</dimen>
    <dimen name="xxh_968pixels">1774.67dp</dimen>
    <dimen name="xxh_969pixels">1776.5dp</dimen>
    <dimen name="xxh_970pixels">1778.33dp</dimen>
    <dimen name="xxh_971pixels">1780.17dp</dimen>
    <dimen name="xxh_972pixels">1782dp</dimen>
    <dimen name="xxh_973pixels">1783.83dp</dimen>
    <dimen name="xxh_974pixels">1785.67dp</dimen>
    <dimen name="xxh_975pixels">1787.5dp</dimen>
    <dimen name="xxh_976pixels">1789.33dp</dimen>
    <dimen name="xxh_977pixels">1791.17dp</dimen>
    <dimen name="xxh_978pixels">1793dp</dimen>
    <dimen name="xxh_979pixels">1794.83dp</dimen>
    <dimen name="xxh_980pixels">1796.67dp</dimen>
    <dimen name="xxh_981pixels">1798.5dp</dimen>
    <dimen name="xxh_982pixels">1800.33dp</dimen>
    <dimen name="xxh_983pixels">1802.17dp</dimen>
    <dimen name="xxh_984pixels">1804dp</dimen>
    <dimen name="xxh_985pixels">1805.83dp</dimen>
    <dimen name="xxh_986pixels">1807.67dp</dimen>
    <dimen name="xxh_987pixels">1809.5dp</dimen>
    <dimen name="xxh_988pixels">1811.33dp</dimen>
    <dimen name="xxh_989pixels">1813.17dp</dimen>
    <dimen name="xxh_990pixels">1815dp</dimen>
    <dimen name="xxh_991pixels">1816.83dp</dimen>
    <dimen name="xxh_992pixels">1818.67dp</dimen>
    <dimen name="xxh_993pixels">1820.5dp</dimen>
    <dimen name="xxh_994pixels">1822.33dp</dimen>
    <dimen name="xxh_995pixels">1824.17dp</dimen>
    <dimen name="xxh_996pixels">1826dp</dimen>
    <dimen name="xxh_997pixels">1827.83dp</dimen>
    <dimen name="xxh_998pixels">1829.67dp</dimen>
    <dimen name="xxh_999pixels">1831.5dp</dimen>
    <dimen name="xxh_1000pixels">1833.33dp</dimen>
    <dimen name="xxh_1001pixels">1835.17dp</dimen>
    <dimen name="xxh_1002pixels">1837dp</dimen>
    <dimen name="xxh_1003pixels">1838.83dp</dimen>
    <dimen name="xxh_1004pixels">1840.67dp</dimen>
    <dimen name="xxh_1005pixels">1842.5dp</dimen>
    <dimen name="xxh_1006pixels">1844.33dp</dimen>
    <dimen name="xxh_1007pixels">1846.17dp</dimen>
    <dimen name="xxh_1008pixels">1848dp</dimen>
    <dimen name="xxh_1009pixels">1849.83dp</dimen>
    <dimen name="xxh_1010pixels">1851.67dp</dimen>
    <dimen name="xxh_1011pixels">1853.5dp</dimen>
    <dimen name="xxh_1012pixels">1855.33dp</dimen>
    <dimen name="xxh_1013pixels">1857.17dp</dimen>
    <dimen name="xxh_1014pixels">1859dp</dimen>
    <dimen name="xxh_1015pixels">1860.83dp</dimen>
    <dimen name="xxh_1016pixels">1862.67dp</dimen>
    <dimen name="xxh_1017pixels">1864.5dp</dimen>
    <dimen name="xxh_1018pixels">1866.33dp</dimen>
    <dimen name="xxh_1019pixels">1868.17dp</dimen>
    <dimen name="xxh_1020pixels">1870dp</dimen>
    <dimen name="xxh_1021pixels">1871.83dp</dimen>
    <dimen name="xxh_1022pixels">1873.67dp</dimen>
    <dimen name="xxh_1023pixels">1875.5dp</dimen>
    <dimen name="xxh_1024pixels">1877.33dp</dimen>
    <dimen name="xxh_1025pixels">1879.17dp</dimen>
    <dimen name="xxh_1026pixels">1881dp</dimen>
    <dimen name="xxh_1027pixels">1882.83dp</dimen>
    <dimen name="xxh_1028pixels">1884.67dp</dimen>
    <dimen name="xxh_1029pixels">1886.5dp</dimen>
    <dimen name="xxh_1030pixels">1888.33dp</dimen>
    <dimen name="xxh_1031pixels">1890.17dp</dimen>
    <dimen name="xxh_1032pixels">1892dp</dimen>
    <dimen name="xxh_1033pixels">1893.83dp</dimen>
    <dimen name="xxh_1034pixels">1895.67dp</dimen>
    <dimen name="xxh_1035pixels">1897.5dp</dimen>
    <dimen name="xxh_1036pixels">1899.33dp</dimen>
    <dimen name="xxh_1037pixels">1901.17dp</dimen>
    <dimen name="xxh_1038pixels">1903dp</dimen>
    <dimen name="xxh_1039pixels">1904.83dp</dimen>
    <dimen name="xxh_1040pixels">1906.67dp</dimen>
    <dimen name="xxh_1041pixels">1908.5dp</dimen>
    <dimen name="xxh_1042pixels">1910.33dp</dimen>
    <dimen name="xxh_1043pixels">1912.17dp</dimen>
    <dimen name="xxh_1044pixels">1914dp</dimen>
    <dimen name="xxh_1045pixels">1915.83dp</dimen>
    <dimen name="xxh_1046pixels">1917.67dp</dimen>
    <dimen name="xxh_1047pixels">1919.5dp</dimen>
    <dimen name="xxh_1048pixels">1921.33dp</dimen>
    <dimen name="xxh_1049pixels">1923.17dp</dimen>
    <dimen name="xxh_1050pixels">1925dp</dimen>
    <dimen name="xxh_1051pixels">1926.83dp</dimen>
    <dimen name="xxh_1052pixels">1928.67dp</dimen>
    <dimen name="xxh_1053pixels">1930.5dp</dimen>
    <dimen name="xxh_1054pixels">1932.33dp</dimen>
    <dimen name="xxh_1055pixels">1934.17dp</dimen>
    <dimen name="xxh_1056pixels">1936dp</dimen>
    <dimen name="xxh_1057pixels">1937.83dp</dimen>
    <dimen name="xxh_1058pixels">1939.67dp</dimen>
    <dimen name="xxh_1059pixels">1941.5dp</dimen>
    <dimen name="xxh_1060pixels">1943.33dp</dimen>
    <dimen name="xxh_1061pixels">1945.17dp</dimen>
    <dimen name="xxh_1062pixels">1947dp</dimen>
    <dimen name="xxh_1063pixels">1948.83dp</dimen>
    <dimen name="xxh_1064pixels">1950.67dp</dimen>
    <dimen name="xxh_1065pixels">1952.5dp</dimen>
    <dimen name="xxh_1066pixels">1954.33dp</dimen>
    <dimen name="xxh_1067pixels">1956.17dp</dimen>
    <dimen name="xxh_1068pixels">1958dp</dimen>
    <dimen name="xxh_1069pixels">1959.83dp</dimen>
    <dimen name="xxh_1070pixels">1961.67dp</dimen>
    <dimen name="xxh_1071pixels">1963.5dp</dimen>
    <dimen name="xxh_1072pixels">1965.33dp</dimen>
    <dimen name="xxh_1073pixels">1967.17dp</dimen>
    <dimen name="xxh_1074pixels">1969dp</dimen>
    <dimen name="xxh_1075pixels">1970.83dp</dimen>
    <dimen name="xxh_1076pixels">1972.67dp</dimen>
    <dimen name="xxh_1077pixels">1974.5dp</dimen>
    <dimen name="xxh_1078pixels">1976.33dp</dimen>
    <dimen name="xxh_1079pixels">1978.17dp</dimen>
    <dimen name="xxh_1080pixels">1980dp</dimen>
    <dimen name="xxh_1081pixels">1981.83dp</dimen>
    <dimen name="xxh_1082pixels">1983.67dp</dimen>
    <dimen name="xxh_1083pixels">1985.5dp</dimen>
    <dimen name="xxh_1084pixels">1987.33dp</dimen>
    <dimen name="xxh_1085pixels">1989.17dp</dimen>
    <dimen name="xxh_1086pixels">1991dp</dimen>
    <dimen name="xxh_1087pixels">1992.83dp</dimen>
    <dimen name="xxh_1088pixels">1994.67dp</dimen>
    <dimen name="xxh_1089pixels">1996.5dp</dimen>
    <dimen name="xxh_1090pixels">1998.33dp</dimen>
    <dimen name="xxh_1091pixels">2000.17dp</dimen>
    <dimen name="xxh_1092pixels">2002dp</dimen>
    <dimen name="xxh_1093pixels">2003.83dp</dimen>
    <dimen name="xxh_1094pixels">2005.67dp</dimen>
    <dimen name="xxh_1095pixels">2007.5dp</dimen>
    <dimen name="xxh_1096pixels">2009.33dp</dimen>
    <dimen name="xxh_1097pixels">2011.17dp</dimen>
    <dimen name="xxh_1098pixels">2013dp</dimen>
    <dimen name="xxh_1099pixels">2014.83dp</dimen>
    <dimen name="xxh_1100pixels">2016.67dp</dimen>
    <dimen name="xxh_1101pixels">2018.5dp</dimen>
    <dimen name="xxh_1102pixels">2020.33dp</dimen>
    <dimen name="xxh_1103pixels">2022.17dp</dimen>
    <dimen name="xxh_1104pixels">2024dp</dimen>
    <dimen name="xxh_1105pixels">2025.83dp</dimen>
    <dimen name="xxh_1106pixels">2027.67dp</dimen>
    <dimen name="xxh_1107pixels">2029.5dp</dimen>
    <dimen name="xxh_1108pixels">2031.33dp</dimen>
    <dimen name="xxh_1109pixels">2033.17dp</dimen>
    <dimen name="xxh_1110pixels">2035dp</dimen>
    <dimen name="xxh_1111pixels">2036.83dp</dimen>
    <dimen name="xxh_1112pixels">2038.67dp</dimen>
    <dimen name="xxh_1113pixels">2040.5dp</dimen>
    <dimen name="xxh_1114pixels">2042.33dp</dimen>
    <dimen name="xxh_1115pixels">2044.17dp</dimen>
    <dimen name="xxh_1116pixels">2046dp</dimen>
    <dimen name="xxh_1117pixels">2047.83dp</dimen>
    <dimen name="xxh_1118pixels">2049.67dp</dimen>
    <dimen name="xxh_1119pixels">2051.5dp</dimen>
    <dimen name="xxh_1120pixels">2053.33dp</dimen>
    <dimen name="xxh_1121pixels">2055.17dp</dimen>
    <dimen name="xxh_1122pixels">2057dp</dimen>
    <dimen name="xxh_1123pixels">2058.83dp</dimen>
    <dimen name="xxh_1124pixels">2060.67dp</dimen>
    <dimen name="xxh_1125pixels">2062.5dp</dimen>
    <dimen name="xxh_1126pixels">2064.33dp</dimen>
    <dimen name="xxh_1127pixels">2066.17dp</dimen>
    <dimen name="xxh_1128pixels">2068dp</dimen>
    <dimen name="xxh_1129pixels">2069.83dp</dimen>
    <dimen name="xxh_1130pixels">2071.67dp</dimen>
    <dimen name="xxh_1131pixels">2073.5dp</dimen>
    <dimen name="xxh_1132pixels">2075.33dp</dimen>
    <dimen name="xxh_1133pixels">2077.17dp</dimen>
    <dimen name="xxh_1134pixels">2079dp</dimen>
    <dimen name="xxh_1135pixels">2080.83dp</dimen>
    <dimen name="xxh_1136pixels">2082.67dp</dimen>
    <dimen name="xxh_1137pixels">2084.5dp</dimen>
    <dimen name="xxh_1138pixels">2086.33dp</dimen>
    <dimen name="xxh_1139pixels">2088.17dp</dimen>
    <dimen name="xxh_1140pixels">2090dp</dimen>
    <dimen name="xxh_1141pixels">2091.83dp</dimen>
    <dimen name="xxh_1142pixels">2093.67dp</dimen>
    <dimen name="xxh_1143pixels">2095.5dp</dimen>
    <dimen name="xxh_1144pixels">2097.33dp</dimen>
    <dimen name="xxh_1145pixels">2099.17dp</dimen>
    <dimen name="xxh_1146pixels">2101dp</dimen>
    <dimen name="xxh_1147pixels">2102.83dp</dimen>
    <dimen name="xxh_1148pixels">2104.67dp</dimen>
    <dimen name="xxh_1149pixels">2106.5dp</dimen>
    <dimen name="xxh_1150pixels">2108.33dp</dimen>
    <dimen name="xxh_1151pixels">2110.17dp</dimen>
    <dimen name="xxh_1152pixels">2112dp</dimen>
    <dimen name="xxh_1153pixels">2113.83dp</dimen>
    <dimen name="xxh_1154pixels">2115.67dp</dimen>
    <dimen name="xxh_1155pixels">2117.5dp</dimen>
    <dimen name="xxh_1156pixels">2119.33dp</dimen>
    <dimen name="xxh_1157pixels">2121.17dp</dimen>
    <dimen name="xxh_1158pixels">2123dp</dimen>
    <dimen name="xxh_1159pixels">2124.83dp</dimen>
    <dimen name="xxh_1160pixels">2126.67dp</dimen>
    <dimen name="xxh_1161pixels">2128.5dp</dimen>
    <dimen name="xxh_1162pixels">2130.33dp</dimen>
    <dimen name="xxh_1163pixels">2132.17dp</dimen>
    <dimen name="xxh_1164pixels">2134dp</dimen>
    <dimen name="xxh_1165pixels">2135.83dp</dimen>
    <dimen name="xxh_1166pixels">2137.67dp</dimen>
    <dimen name="xxh_1167pixels">2139.5dp</dimen>
    <dimen name="xxh_1168pixels">2141.33dp</dimen>
    <dimen name="xxh_1169pixels">2143.17dp</dimen>
    <dimen name="xxh_1170pixels">2145dp</dimen>
    <dimen name="xxh_1171pixels">2146.83dp</dimen>
    <dimen name="xxh_1172pixels">2148.67dp</dimen>
    <dimen name="xxh_1173pixels">2150.5dp</dimen>
    <dimen name="xxh_1174pixels">2152.33dp</dimen>
    <dimen name="xxh_1175pixels">2154.17dp</dimen>
    <dimen name="xxh_1176pixels">2156dp</dimen>
    <dimen name="xxh_1177pixels">2157.83dp</dimen>
    <dimen name="xxh_1178pixels">2159.67dp</dimen>
    <dimen name="xxh_1179pixels">2161.5dp</dimen>
    <dimen name="xxh_1180pixels">2163.33dp</dimen>
    <dimen name="xxh_1181pixels">2165.17dp</dimen>
    <dimen name="xxh_1182pixels">2167dp</dimen>
    <dimen name="xxh_1183pixels">2168.83dp</dimen>
    <dimen name="xxh_1184pixels">2170.67dp</dimen>
    <dimen name="xxh_1185pixels">2172.5dp</dimen>
    <dimen name="xxh_1186pixels">2174.33dp</dimen>
    <dimen name="xxh_1187pixels">2176.17dp</dimen>
    <dimen name="xxh_1188pixels">2178dp</dimen>
    <dimen name="xxh_1189pixels">2179.83dp</dimen>
    <dimen name="xxh_1190pixels">2181.67dp</dimen>
    <dimen name="xxh_1191pixels">2183.5dp</dimen>
    <dimen name="xxh_1192pixels">2185.33dp</dimen>
    <dimen name="xxh_1193pixels">2187.17dp</dimen>
    <dimen name="xxh_1194pixels">2189dp</dimen>
    <dimen name="xxh_1195pixels">2190.83dp</dimen>
    <dimen name="xxh_1196pixels">2192.67dp</dimen>
    <dimen name="xxh_1197pixels">2194.5dp</dimen>
    <dimen name="xxh_1198pixels">2196.33dp</dimen>
    <dimen name="xxh_1199pixels">2198.17dp</dimen>
    <dimen name="xxh_1200pixels">2200dp</dimen>
    <dimen name="xxh_1201pixels">2201.83dp</dimen>
    <dimen name="xxh_1202pixels">2203.67dp</dimen>
    <dimen name="xxh_1203pixels">2205.5dp</dimen>
    <dimen name="xxh_1204pixels">2207.33dp</dimen>
    <dimen name="xxh_1205pixels">2209.17dp</dimen>
    <dimen name="xxh_1206pixels">2211dp</dimen>
    <dimen name="xxh_1207pixels">2212.83dp</dimen>
    <dimen name="xxh_1208pixels">2214.67dp</dimen>
    <dimen name="xxh_1209pixels">2216.5dp</dimen>
    <dimen name="xxh_1210pixels">2218.33dp</dimen>
    <dimen name="xxh_1211pixels">2220.17dp</dimen>
    <dimen name="xxh_1212pixels">2222dp</dimen>
    <dimen name="xxh_1213pixels">2223.83dp</dimen>
    <dimen name="xxh_1214pixels">2225.67dp</dimen>
    <dimen name="xxh_1215pixels">2227.5dp</dimen>
    <dimen name="xxh_1216pixels">2229.33dp</dimen>
    <dimen name="xxh_1217pixels">2231.17dp</dimen>
    <dimen name="xxh_1218pixels">2233dp</dimen>
    <dimen name="xxh_1219pixels">2234.83dp</dimen>
    <dimen name="xxh_1220pixels">2236.67dp</dimen>
    <dimen name="xxh_1221pixels">2238.5dp</dimen>
    <dimen name="xxh_1222pixels">2240.33dp</dimen>
    <dimen name="xxh_1223pixels">2242.17dp</dimen>
    <dimen name="xxh_1224pixels">2244dp</dimen>
    <dimen name="xxh_1225pixels">2245.83dp</dimen>
    <dimen name="xxh_1226pixels">2247.67dp</dimen>
    <dimen name="xxh_1227pixels">2249.5dp</dimen>
    <dimen name="xxh_1228pixels">2251.33dp</dimen>
    <dimen name="xxh_1229pixels">2253.17dp</dimen>
    <dimen name="xxh_1230pixels">2255dp</dimen>
    <dimen name="xxh_1231pixels">2256.83dp</dimen>
    <dimen name="xxh_1232pixels">2258.67dp</dimen>
    <dimen name="xxh_1233pixels">2260.5dp</dimen>
    <dimen name="xxh_1234pixels">2262.33dp</dimen>
    <dimen name="xxh_1235pixels">2264.17dp</dimen>
    <dimen name="xxh_1236pixels">2266dp</dimen>
    <dimen name="xxh_1237pixels">2267.83dp</dimen>
    <dimen name="xxh_1238pixels">2269.67dp</dimen>
    <dimen name="xxh_1239pixels">2271.5dp</dimen>
    <dimen name="xxh_1240pixels">2273.33dp</dimen>
    <dimen name="xxh_1241pixels">2275.17dp</dimen>
    <dimen name="xxh_1242pixels">2277dp</dimen>
    <dimen name="xxh_1243pixels">2278.83dp</dimen>
    <dimen name="xxh_1244pixels">2280.67dp</dimen>
    <dimen name="xxh_1245pixels">2282.5dp</dimen>
    <dimen name="xxh_1246pixels">2284.33dp</dimen>
    <dimen name="xxh_1247pixels">2286.17dp</dimen>
    <dimen name="xxh_1248pixels">2288dp</dimen>
    <dimen name="xxh_1249pixels">2289.83dp</dimen>
    <dimen name="xxh_1250pixels">2291.67dp</dimen>
    <dimen name="xxh_1251pixels">2293.5dp</dimen>
    <dimen name="xxh_1252pixels">2295.33dp</dimen>
    <dimen name="xxh_1253pixels">2297.17dp</dimen>
    <dimen name="xxh_1254pixels">2299dp</dimen>
    <dimen name="xxh_1255pixels">2300.83dp</dimen>
    <dimen name="xxh_1256pixels">2302.67dp</dimen>
    <dimen name="xxh_1257pixels">2304.5dp</dimen>
    <dimen name="xxh_1258pixels">2306.33dp</dimen>
    <dimen name="xxh_1259pixels">2308.17dp</dimen>
    <dimen name="xxh_1260pixels">2310dp</dimen>
    <dimen name="xxh_1261pixels">2311.83dp</dimen>
    <dimen name="xxh_1262pixels">2313.67dp</dimen>
    <dimen name="xxh_1263pixels">2315.5dp</dimen>
    <dimen name="xxh_1264pixels">2317.33dp</dimen>
    <dimen name="xxh_1265pixels">2319.17dp</dimen>
    <dimen name="xxh_1266pixels">2321dp</dimen>
    <dimen name="xxh_1267pixels">2322.83dp</dimen>
    <dimen name="xxh_1268pixels">2324.67dp</dimen>
    <dimen name="xxh_1269pixels">2326.5dp</dimen>
    <dimen name="xxh_1270pixels">2328.33dp</dimen>
    <dimen name="xxh_1271pixels">2330.17dp</dimen>
    <dimen name="xxh_1272pixels">2332dp</dimen>
    <dimen name="xxh_1273pixels">2333.83dp</dimen>
    <dimen name="xxh_1274pixels">2335.67dp</dimen>
    <dimen name="xxh_1275pixels">2337.5dp</dimen>
    <dimen name="xxh_1276pixels">2339.33dp</dimen>
    <dimen name="xxh_1277pixels">2341.17dp</dimen>
    <dimen name="xxh_1278pixels">2343dp</dimen>
    <dimen name="xxh_1279pixels">2344.83dp</dimen>
    <dimen name="xxh_1280pixels">2346.67dp</dimen>
    <dimen name="xxh_1281pixels">2348.5dp</dimen>
    <dimen name="xxh_1282pixels">2350.33dp</dimen>
    <dimen name="xxh_1283pixels">2352.17dp</dimen>
    <dimen name="xxh_1284pixels">2354dp</dimen>
    <dimen name="xxh_1285pixels">2355.83dp</dimen>
    <dimen name="xxh_1286pixels">2357.67dp</dimen>
    <dimen name="xxh_1287pixels">2359.5dp</dimen>
    <dimen name="xxh_1288pixels">2361.33dp</dimen>
    <dimen name="xxh_1289pixels">2363.17dp</dimen>
    <dimen name="xxh_1290pixels">2365dp</dimen>
    <dimen name="xxh_1291pixels">2366.83dp</dimen>
    <dimen name="xxh_1292pixels">2368.67dp</dimen>
    <dimen name="xxh_1293pixels">2370.5dp</dimen>
    <dimen name="xxh_1294pixels">2372.33dp</dimen>
    <dimen name="xxh_1295pixels">2374.17dp</dimen>
    <dimen name="xxh_1296pixels">2376dp</dimen>
    <dimen name="xxh_1297pixels">2377.83dp</dimen>
    <dimen name="xxh_1298pixels">2379.67dp</dimen>
    <dimen name="xxh_1299pixels">2381.5dp</dimen>
    <dimen name="xxh_1300pixels">2383.33dp</dimen>
    <dimen name="xxh_1301pixels">2385.17dp</dimen>
    <dimen name="xxh_1302pixels">2387dp</dimen>
    <dimen name="xxh_1303pixels">2388.83dp</dimen>
    <dimen name="xxh_1304pixels">2390.67dp</dimen>
    <dimen name="xxh_1305pixels">2392.5dp</dimen>
    <dimen name="xxh_1306pixels">2394.33dp</dimen>
    <dimen name="xxh_1307pixels">2396.17dp</dimen>
    <dimen name="xxh_1308pixels">2398dp</dimen>
    <dimen name="xxh_1309pixels">2399.83dp</dimen>
    <dimen name="xxh_1310pixels">2401.67dp</dimen>
    <dimen name="xxh_1311pixels">2403.5dp</dimen>
    <dimen name="xxh_1312pixels">2405.33dp</dimen>
    <dimen name="xxh_1313pixels">2407.17dp</dimen>
    <dimen name="xxh_1314pixels">2409dp</dimen>
    <dimen name="xxh_1315pixels">2410.83dp</dimen>
    <dimen name="xxh_1316pixels">2412.67dp</dimen>
    <dimen name="xxh_1317pixels">2414.5dp</dimen>
    <dimen name="xxh_1318pixels">2416.33dp</dimen>
    <dimen name="xxh_1319pixels">2418.17dp</dimen>
    <dimen name="xxh_1320pixels">2420dp</dimen>
    <dimen name="xxh_1321pixels">2421.83dp</dimen>
    <dimen name="xxh_1322pixels">2423.67dp</dimen>
    <dimen name="xxh_1323pixels">2425.5dp</dimen>
    <dimen name="xxh_1324pixels">2427.33dp</dimen>
    <dimen name="xxh_1325pixels">2429.17dp</dimen>
    <dimen name="xxh_1326pixels">2431dp</dimen>
    <dimen name="xxh_1327pixels">2432.83dp</dimen>
    <dimen name="xxh_1328pixels">2434.67dp</dimen>
    <dimen name="xxh_1329pixels">2436.5dp</dimen>
    <dimen name="xxh_1330pixels">2438.33dp</dimen>
    <dimen name="xxh_1331pixels">2440.17dp</dimen>
    <dimen name="xxh_1332pixels">2442dp</dimen>
    <dimen name="xxh_1333pixels">2443.83dp</dimen>
    <dimen name="xxh_1334pixels">2445.67dp</dimen>
    <dimen name="xxh_1335pixels">2447.5dp</dimen>
    <dimen name="xxh_1336pixels">2449.33dp</dimen>
    <dimen name="xxh_1337pixels">2451.17dp</dimen>
    <dimen name="xxh_1338pixels">2453dp</dimen>
    <dimen name="xxh_1339pixels">2454.83dp</dimen>
    <dimen name="xxh_1340pixels">2456.67dp</dimen>
    <dimen name="xxh_1341pixels">2458.5dp</dimen>
    <dimen name="xxh_1342pixels">2460.33dp</dimen>
    <dimen name="xxh_1343pixels">2462.17dp</dimen>
    <dimen name="xxh_1344pixels">2464dp</dimen>
    <dimen name="xxh_1345pixels">2465.83dp</dimen>
    <dimen name="xxh_1346pixels">2467.67dp</dimen>
    <dimen name="xxh_1347pixels">2469.5dp</dimen>
    <dimen name="xxh_1348pixels">2471.33dp</dimen>
    <dimen name="xxh_1349pixels">2473.17dp</dimen>
    <dimen name="xxh_1350pixels">2475dp</dimen>
    <dimen name="xxh_1351pixels">2476.83dp</dimen>
    <dimen name="xxh_1352pixels">2478.67dp</dimen>
    <dimen name="xxh_1353pixels">2480.5dp</dimen>
    <dimen name="xxh_1354pixels">2482.33dp</dimen>
    <dimen name="xxh_1355pixels">2484.17dp</dimen>
    <dimen name="xxh_1356pixels">2486dp</dimen>
    <dimen name="xxh_1357pixels">2487.83dp</dimen>
    <dimen name="xxh_1358pixels">2489.67dp</dimen>
    <dimen name="xxh_1359pixels">2491.5dp</dimen>
    <dimen name="xxh_1360pixels">2493.33dp</dimen>
    <dimen name="xxh_1361pixels">2495.17dp</dimen>
    <dimen name="xxh_1362pixels">2497dp</dimen>
    <dimen name="xxh_1363pixels">2498.83dp</dimen>
    <dimen name="xxh_1364pixels">2500.67dp</dimen>
    <dimen name="xxh_1365pixels">2502.5dp</dimen>
    <dimen name="xxh_1366pixels">2504.33dp</dimen>
    <dimen name="xxh_1367pixels">2506.17dp</dimen>
    <dimen name="xxh_1368pixels">2508dp</dimen>
    <dimen name="xxh_1369pixels">2509.83dp</dimen>
    <dimen name="xxh_1370pixels">2511.67dp</dimen>
    <dimen name="xxh_1371pixels">2513.5dp</dimen>
    <dimen name="xxh_1372pixels">2515.33dp</dimen>
    <dimen name="xxh_1373pixels">2517.17dp</dimen>
    <dimen name="xxh_1374pixels">2519dp</dimen>
    <dimen name="xxh_1375pixels">2520.83dp</dimen>
    <dimen name="xxh_1376pixels">2522.67dp</dimen>
    <dimen name="xxh_1377pixels">2524.5dp</dimen>
    <dimen name="xxh_1378pixels">2526.33dp</dimen>
    <dimen name="xxh_1379pixels">2528.17dp</dimen>
    <dimen name="xxh_1380pixels">2530dp</dimen>
    <dimen name="xxh_1381pixels">2531.83dp</dimen>
    <dimen name="xxh_1382pixels">2533.67dp</dimen>
    <dimen name="xxh_1383pixels">2535.5dp</dimen>
    <dimen name="xxh_1384pixels">2537.33dp</dimen>
    <dimen name="xxh_1385pixels">2539.17dp</dimen>
    <dimen name="xxh_1386pixels">2541dp</dimen>
    <dimen name="xxh_1387pixels">2542.83dp</dimen>
    <dimen name="xxh_1388pixels">2544.67dp</dimen>
    <dimen name="xxh_1389pixels">2546.5dp</dimen>
    <dimen name="xxh_1390pixels">2548.33dp</dimen>
    <dimen name="xxh_1391pixels">2550.17dp</dimen>
    <dimen name="xxh_1392pixels">2552dp</dimen>
    <dimen name="xxh_1393pixels">2553.83dp</dimen>
    <dimen name="xxh_1394pixels">2555.67dp</dimen>
    <dimen name="xxh_1395pixels">2557.5dp</dimen>
    <dimen name="xxh_1396pixels">2559.33dp</dimen>
    <dimen name="xxh_1397pixels">2561.17dp</dimen>
    <dimen name="xxh_1398pixels">2563dp</dimen>
    <dimen name="xxh_1399pixels">2564.83dp</dimen>
    <dimen name="xxh_1400pixels">2566.67dp</dimen>
    <dimen name="xxh_1401pixels">2568.5dp</dimen>
    <dimen name="xxh_1402pixels">2570.33dp</dimen>
    <dimen name="xxh_1403pixels">2572.17dp</dimen>
    <dimen name="xxh_1404pixels">2574dp</dimen>
    <dimen name="xxh_1405pixels">2575.83dp</dimen>
    <dimen name="xxh_1406pixels">2577.67dp</dimen>
    <dimen name="xxh_1407pixels">2579.5dp</dimen>
    <dimen name="xxh_1408pixels">2581.33dp</dimen>
    <dimen name="xxh_1409pixels">2583.17dp</dimen>
    <dimen name="xxh_1410pixels">2585dp</dimen>
    <dimen name="xxh_1411pixels">2586.83dp</dimen>
    <dimen name="xxh_1412pixels">2588.67dp</dimen>
    <dimen name="xxh_1413pixels">2590.5dp</dimen>
    <dimen name="xxh_1414pixels">2592.33dp</dimen>
    <dimen name="xxh_1415pixels">2594.17dp</dimen>
    <dimen name="xxh_1416pixels">2596dp</dimen>
    <dimen name="xxh_1417pixels">2597.83dp</dimen>
    <dimen name="xxh_1418pixels">2599.67dp</dimen>
    <dimen name="xxh_1419pixels">2601.5dp</dimen>
    <dimen name="xxh_1420pixels">2603.33dp</dimen>
    <dimen name="xxh_1421pixels">2605.17dp</dimen>
    <dimen name="xxh_1422pixels">2607dp</dimen>
    <dimen name="xxh_1423pixels">2608.83dp</dimen>
    <dimen name="xxh_1424pixels">2610.67dp</dimen>
    <dimen name="xxh_1425pixels">2612.5dp</dimen>
    <dimen name="xxh_1426pixels">2614.33dp</dimen>
    <dimen name="xxh_1427pixels">2616.17dp</dimen>
    <dimen name="xxh_1428pixels">2618dp</dimen>
    <dimen name="xxh_1429pixels">2619.83dp</dimen>
    <dimen name="xxh_1430pixels">2621.67dp</dimen>
    <dimen name="xxh_1431pixels">2623.5dp</dimen>
    <dimen name="xxh_1432pixels">2625.33dp</dimen>
    <dimen name="xxh_1433pixels">2627.17dp</dimen>
    <dimen name="xxh_1434pixels">2629dp</dimen>
    <dimen name="xxh_1435pixels">2630.83dp</dimen>
    <dimen name="xxh_1436pixels">2632.67dp</dimen>
    <dimen name="xxh_1437pixels">2634.5dp</dimen>
    <dimen name="xxh_1438pixels">2636.33dp</dimen>
    <dimen name="xxh_1439pixels">2638.17dp</dimen>
    <dimen name="xxh_1440pixels">2640dp</dimen>
    <dimen name="xxh_1441pixels">2641.83dp</dimen>
    <dimen name="xxh_1442pixels">2643.67dp</dimen>
    <dimen name="xxh_1443pixels">2645.5dp</dimen>
    <dimen name="xxh_1444pixels">2647.33dp</dimen>
    <dimen name="xxh_1445pixels">2649.17dp</dimen>
    <dimen name="xxh_1446pixels">2651dp</dimen>
    <dimen name="xxh_1447pixels">2652.83dp</dimen>
    <dimen name="xxh_1448pixels">2654.67dp</dimen>
    <dimen name="xxh_1449pixels">2656.5dp</dimen>
    <dimen name="xxh_1450pixels">2658.33dp</dimen>
    <dimen name="xxh_1451pixels">2660.17dp</dimen>
    <dimen name="xxh_1452pixels">2662dp</dimen>
    <dimen name="xxh_1453pixels">2663.83dp</dimen>
    <dimen name="xxh_1454pixels">2665.67dp</dimen>
    <dimen name="xxh_1455pixels">2667.5dp</dimen>
    <dimen name="xxh_1456pixels">2669.33dp</dimen>
    <dimen name="xxh_1457pixels">2671.17dp</dimen>
    <dimen name="xxh_1458pixels">2673dp</dimen>
    <dimen name="xxh_1459pixels">2674.83dp</dimen>
    <dimen name="xxh_1460pixels">2676.67dp</dimen>
    <dimen name="xxh_1461pixels">2678.5dp</dimen>
    <dimen name="xxh_1462pixels">2680.33dp</dimen>
    <dimen name="xxh_1463pixels">2682.17dp</dimen>
    <dimen name="xxh_1464pixels">2684dp</dimen>
    <dimen name="xxh_1465pixels">2685.83dp</dimen>
    <dimen name="xxh_1466pixels">2687.67dp</dimen>
    <dimen name="xxh_1467pixels">2689.5dp</dimen>
    <dimen name="xxh_1468pixels">2691.33dp</dimen>
    <dimen name="xxh_1469pixels">2693.17dp</dimen>
    <dimen name="xxh_1470pixels">2695dp</dimen>
    <dimen name="xxh_1471pixels">2696.83dp</dimen>
    <dimen name="xxh_1472pixels">2698.67dp</dimen>
    <dimen name="xxh_1473pixels">2700.5dp</dimen>
    <dimen name="xxh_1474pixels">2702.33dp</dimen>
    <dimen name="xxh_1475pixels">2704.17dp</dimen>
    <dimen name="xxh_1476pixels">2706dp</dimen>
    <dimen name="xxh_1477pixels">2707.83dp</dimen>
    <dimen name="xxh_1478pixels">2709.67dp</dimen>
    <dimen name="xxh_1479pixels">2711.5dp</dimen>
    <dimen name="xxh_1480pixels">2713.33dp</dimen>
    <dimen name="xxh_1481pixels">2715.17dp</dimen>
    <dimen name="xxh_1482pixels">2717dp</dimen>
    <dimen name="xxh_1483pixels">2718.83dp</dimen>
    <dimen name="xxh_1484pixels">2720.67dp</dimen>
    <dimen name="xxh_1485pixels">2722.5dp</dimen>
    <dimen name="xxh_1486pixels">2724.33dp</dimen>
    <dimen name="xxh_1487pixels">2726.17dp</dimen>
    <dimen name="xxh_1488pixels">2728dp</dimen>
    <dimen name="xxh_1489pixels">2729.83dp</dimen>
    <dimen name="xxh_1490pixels">2731.67dp</dimen>
    <dimen name="xxh_1491pixels">2733.5dp</dimen>
    <dimen name="xxh_1492pixels">2735.33dp</dimen>
    <dimen name="xxh_1493pixels">2737.17dp</dimen>
    <dimen name="xxh_1494pixels">2739dp</dimen>
    <dimen name="xxh_1495pixels">2740.83dp</dimen>
    <dimen name="xxh_1496pixels">2742.67dp</dimen>
    <dimen name="xxh_1497pixels">2744.5dp</dimen>
    <dimen name="xxh_1498pixels">2746.33dp</dimen>
    <dimen name="xxh_1499pixels">2748.17dp</dimen>
    <dimen name="xxh_1500pixels">2750dp</dimen>
    <dimen name="xxh_1501pixels">2751.83dp</dimen>
    <dimen name="xxh_1502pixels">2753.67dp</dimen>
    <dimen name="xxh_1503pixels">2755.5dp</dimen>
    <dimen name="xxh_1504pixels">2757.33dp</dimen>
    <dimen name="xxh_1505pixels">2759.17dp</dimen>
    <dimen name="xxh_1506pixels">2761dp</dimen>
    <dimen name="xxh_1507pixels">2762.83dp</dimen>
    <dimen name="xxh_1508pixels">2764.67dp</dimen>
    <dimen name="xxh_1509pixels">2766.5dp</dimen>
    <dimen name="xxh_1510pixels">2768.33dp</dimen>
    <dimen name="xxh_1511pixels">2770.17dp</dimen>
    <dimen name="xxh_1512pixels">2772dp</dimen>
    <dimen name="xxh_1513pixels">2773.83dp</dimen>
    <dimen name="xxh_1514pixels">2775.67dp</dimen>
    <dimen name="xxh_1515pixels">2777.5dp</dimen>
    <dimen name="xxh_1516pixels">2779.33dp</dimen>
    <dimen name="xxh_1517pixels">2781.17dp</dimen>
    <dimen name="xxh_1518pixels">2783dp</dimen>
    <dimen name="xxh_1519pixels">2784.83dp</dimen>
    <dimen name="xxh_1520pixels">2786.67dp</dimen>
    <dimen name="xxh_1521pixels">2788.5dp</dimen>
    <dimen name="xxh_1522pixels">2790.33dp</dimen>
    <dimen name="xxh_1523pixels">2792.17dp</dimen>
    <dimen name="xxh_1524pixels">2794dp</dimen>
    <dimen name="xxh_1525pixels">2795.83dp</dimen>
    <dimen name="xxh_1526pixels">2797.67dp</dimen>
    <dimen name="xxh_1527pixels">2799.5dp</dimen>
    <dimen name="xxh_1528pixels">2801.33dp</dimen>
    <dimen name="xxh_1529pixels">2803.17dp</dimen>
    <dimen name="xxh_1530pixels">2805dp</dimen>
    <dimen name="xxh_1531pixels">2806.83dp</dimen>
    <dimen name="xxh_1532pixels">2808.67dp</dimen>
    <dimen name="xxh_1533pixels">2810.5dp</dimen>
    <dimen name="xxh_1534pixels">2812.33dp</dimen>
    <dimen name="xxh_1535pixels">2814.17dp</dimen>
    <dimen name="xxh_1536pixels">2816dp</dimen>
    <dimen name="xxh_1537pixels">2817.83dp</dimen>
    <dimen name="xxh_1538pixels">2819.67dp</dimen>
    <dimen name="xxh_1539pixels">2821.5dp</dimen>
    <dimen name="xxh_1540pixels">2823.33dp</dimen>
    <dimen name="xxh_1541pixels">2825.17dp</dimen>
    <dimen name="xxh_1542pixels">2827dp</dimen>
    <dimen name="xxh_1543pixels">2828.83dp</dimen>
    <dimen name="xxh_1544pixels">2830.67dp</dimen>
    <dimen name="xxh_1545pixels">2832.5dp</dimen>
    <dimen name="xxh_1546pixels">2834.33dp</dimen>
    <dimen name="xxh_1547pixels">2836.17dp</dimen>
    <dimen name="xxh_1548pixels">2838dp</dimen>
    <dimen name="xxh_1549pixels">2839.83dp</dimen>
    <dimen name="xxh_1550pixels">2841.67dp</dimen>
    <dimen name="xxh_1551pixels">2843.5dp</dimen>
    <dimen name="xxh_1552pixels">2845.33dp</dimen>
    <dimen name="xxh_1553pixels">2847.17dp</dimen>
    <dimen name="xxh_1554pixels">2849dp</dimen>
    <dimen name="xxh_1555pixels">2850.83dp</dimen>
    <dimen name="xxh_1556pixels">2852.67dp</dimen>
    <dimen name="xxh_1557pixels">2854.5dp</dimen>
    <dimen name="xxh_1558pixels">2856.33dp</dimen>
    <dimen name="xxh_1559pixels">2858.17dp</dimen>
    <dimen name="xxh_1560pixels">2860dp</dimen>
    <dimen name="xxh_1561pixels">2861.83dp</dimen>
    <dimen name="xxh_1562pixels">2863.67dp</dimen>
    <dimen name="xxh_1563pixels">2865.5dp</dimen>
    <dimen name="xxh_1564pixels">2867.33dp</dimen>
    <dimen name="xxh_1565pixels">2869.17dp</dimen>
    <dimen name="xxh_1566pixels">2871dp</dimen>
    <dimen name="xxh_1567pixels">2872.83dp</dimen>
    <dimen name="xxh_1568pixels">2874.67dp</dimen>
    <dimen name="xxh_1569pixels">2876.5dp</dimen>
    <dimen name="xxh_1570pixels">2878.33dp</dimen>
    <dimen name="xxh_1571pixels">2880.17dp</dimen>
    <dimen name="xxh_1572pixels">2882dp</dimen>
    <dimen name="xxh_1573pixels">2883.83dp</dimen>
    <dimen name="xxh_1574pixels">2885.67dp</dimen>
    <dimen name="xxh_1575pixels">2887.5dp</dimen>
    <dimen name="xxh_1576pixels">2889.33dp</dimen>
    <dimen name="xxh_1577pixels">2891.17dp</dimen>
    <dimen name="xxh_1578pixels">2893dp</dimen>
    <dimen name="xxh_1579pixels">2894.83dp</dimen>
    <dimen name="xxh_1580pixels">2896.67dp</dimen>
    <dimen name="xxh_1581pixels">2898.5dp</dimen>
    <dimen name="xxh_1582pixels">2900.33dp</dimen>
    <dimen name="xxh_1583pixels">2902.17dp</dimen>
    <dimen name="xxh_1584pixels">2904dp</dimen>
    <dimen name="xxh_1585pixels">2905.83dp</dimen>
    <dimen name="xxh_1586pixels">2907.67dp</dimen>
    <dimen name="xxh_1587pixels">2909.5dp</dimen>
    <dimen name="xxh_1588pixels">2911.33dp</dimen>
    <dimen name="xxh_1589pixels">2913.17dp</dimen>
    <dimen name="xxh_1590pixels">2915dp</dimen>
    <dimen name="xxh_1591pixels">2916.83dp</dimen>
    <dimen name="xxh_1592pixels">2918.67dp</dimen>
    <dimen name="xxh_1593pixels">2920.5dp</dimen>
    <dimen name="xxh_1594pixels">2922.33dp</dimen>
    <dimen name="xxh_1595pixels">2924.17dp</dimen>
    <dimen name="xxh_1596pixels">2926dp</dimen>
    <dimen name="xxh_1597pixels">2927.83dp</dimen>
    <dimen name="xxh_1598pixels">2929.67dp</dimen>
    <dimen name="xxh_1599pixels">2931.5dp</dimen>
    <dimen name="xxh_1600pixels">2933.33dp</dimen>
    <dimen name="xxh_1601pixels">2935.17dp</dimen>
    <dimen name="xxh_1602pixels">2937dp</dimen>
    <dimen name="xxh_1603pixels">2938.83dp</dimen>
    <dimen name="xxh_1604pixels">2940.67dp</dimen>
    <dimen name="xxh_1605pixels">2942.5dp</dimen>
    <dimen name="xxh_1606pixels">2944.33dp</dimen>
    <dimen name="xxh_1607pixels">2946.17dp</dimen>
    <dimen name="xxh_1608pixels">2948dp</dimen>
    <dimen name="xxh_1609pixels">2949.83dp</dimen>
    <dimen name="xxh_1610pixels">2951.67dp</dimen>
    <dimen name="xxh_1611pixels">2953.5dp</dimen>
    <dimen name="xxh_1612pixels">2955.33dp</dimen>
    <dimen name="xxh_1613pixels">2957.17dp</dimen>
    <dimen name="xxh_1614pixels">2959dp</dimen>
    <dimen name="xxh_1615pixels">2960.83dp</dimen>
    <dimen name="xxh_1616pixels">2962.67dp</dimen>
    <dimen name="xxh_1617pixels">2964.5dp</dimen>
    <dimen name="xxh_1618pixels">2966.33dp</dimen>
    <dimen name="xxh_1619pixels">2968.17dp</dimen>
    <dimen name="xxh_1620pixels">2970dp</dimen>
    <dimen name="xxh_1621pixels">2971.83dp</dimen>
    <dimen name="xxh_1622pixels">2973.67dp</dimen>
    <dimen name="xxh_1623pixels">2975.5dp</dimen>
    <dimen name="xxh_1624pixels">2977.33dp</dimen>
    <dimen name="xxh_1625pixels">2979.17dp</dimen>
    <dimen name="xxh_1626pixels">2981dp</dimen>
    <dimen name="xxh_1627pixels">2982.83dp</dimen>
    <dimen name="xxh_1628pixels">2984.67dp</dimen>
    <dimen name="xxh_1629pixels">2986.5dp</dimen>
    <dimen name="xxh_1630pixels">2988.33dp</dimen>
    <dimen name="xxh_1631pixels">2990.17dp</dimen>
    <dimen name="xxh_1632pixels">2992dp</dimen>
    <dimen name="xxh_1633pixels">2993.83dp</dimen>
    <dimen name="xxh_1634pixels">2995.67dp</dimen>
    <dimen name="xxh_1635pixels">2997.5dp</dimen>
    <dimen name="xxh_1636pixels">2999.33dp</dimen>
    <dimen name="xxh_1637pixels">3001.17dp</dimen>
    <dimen name="xxh_1638pixels">3003dp</dimen>
    <dimen name="xxh_1639pixels">3004.83dp</dimen>
    <dimen name="xxh_1640pixels">3006.67dp</dimen>
    <dimen name="xxh_1641pixels">3008.5dp</dimen>
    <dimen name="xxh_1642pixels">3010.33dp</dimen>
    <dimen name="xxh_1643pixels">3012.17dp</dimen>
    <dimen name="xxh_1644pixels">3014dp</dimen>
    <dimen name="xxh_1645pixels">3015.83dp</dimen>
    <dimen name="xxh_1646pixels">3017.67dp</dimen>
    <dimen name="xxh_1647pixels">3019.5dp</dimen>
    <dimen name="xxh_1648pixels">3021.33dp</dimen>
    <dimen name="xxh_1649pixels">3023.17dp</dimen>
    <dimen name="xxh_1650pixels">3025dp</dimen>
    <dimen name="xxh_1651pixels">3026.83dp</dimen>
    <dimen name="xxh_1652pixels">3028.67dp</dimen>
    <dimen name="xxh_1653pixels">3030.5dp</dimen>
    <dimen name="xxh_1654pixels">3032.33dp</dimen>
    <dimen name="xxh_1655pixels">3034.17dp</dimen>
    <dimen name="xxh_1656pixels">3036dp</dimen>
    <dimen name="xxh_1657pixels">3037.83dp</dimen>
    <dimen name="xxh_1658pixels">3039.67dp</dimen>
    <dimen name="xxh_1659pixels">3041.5dp</dimen>
    <dimen name="xxh_1660pixels">3043.33dp</dimen>
    <dimen name="xxh_1661pixels">3045.17dp</dimen>
    <dimen name="xxh_1662pixels">3047dp</dimen>
    <dimen name="xxh_1663pixels">3048.83dp</dimen>
    <dimen name="xxh_1664pixels">3050.67dp</dimen>
    <dimen name="xxh_1665pixels">3052.5dp</dimen>
    <dimen name="xxh_1666pixels">3054.33dp</dimen>
    <dimen name="xxh_1667pixels">3056.17dp</dimen>
    <dimen name="xxh_1668pixels">3058dp</dimen>
    <dimen name="xxh_1669pixels">3059.83dp</dimen>
    <dimen name="xxh_1670pixels">3061.67dp</dimen>
    <dimen name="xxh_1671pixels">3063.5dp</dimen>
    <dimen name="xxh_1672pixels">3065.33dp</dimen>
    <dimen name="xxh_1673pixels">3067.17dp</dimen>
    <dimen name="xxh_1674pixels">3069dp</dimen>
    <dimen name="xxh_1675pixels">3070.83dp</dimen>
    <dimen name="xxh_1676pixels">3072.67dp</dimen>
    <dimen name="xxh_1677pixels">3074.5dp</dimen>
    <dimen name="xxh_1678pixels">3076.33dp</dimen>
    <dimen name="xxh_1679pixels">3078.17dp</dimen>
    <dimen name="xxh_1680pixels">3080dp</dimen>
    <dimen name="xxh_1681pixels">3081.83dp</dimen>
    <dimen name="xxh_1682pixels">3083.67dp</dimen>
    <dimen name="xxh_1683pixels">3085.5dp</dimen>
    <dimen name="xxh_1684pixels">3087.33dp</dimen>
    <dimen name="xxh_1685pixels">3089.17dp</dimen>
    <dimen name="xxh_1686pixels">3091dp</dimen>
    <dimen name="xxh_1687pixels">3092.83dp</dimen>
    <dimen name="xxh_1688pixels">3094.67dp</dimen>
    <dimen name="xxh_1689pixels">3096.5dp</dimen>
    <dimen name="xxh_1690pixels">3098.33dp</dimen>
    <dimen name="xxh_1691pixels">3100.17dp</dimen>
    <dimen name="xxh_1692pixels">3102dp</dimen>
    <dimen name="xxh_1693pixels">3103.83dp</dimen>
    <dimen name="xxh_1694pixels">3105.67dp</dimen>
    <dimen name="xxh_1695pixels">3107.5dp</dimen>
    <dimen name="xxh_1696pixels">3109.33dp</dimen>
    <dimen name="xxh_1697pixels">3111.17dp</dimen>
    <dimen name="xxh_1698pixels">3113dp</dimen>
    <dimen name="xxh_1699pixels">3114.83dp</dimen>
    <dimen name="xxh_1700pixels">3116.67dp</dimen>
    <dimen name="xxh_1701pixels">3118.5dp</dimen>
    <dimen name="xxh_1702pixels">3120.33dp</dimen>
    <dimen name="xxh_1703pixels">3122.17dp</dimen>
    <dimen name="xxh_1704pixels">3124dp</dimen>
    <dimen name="xxh_1705pixels">3125.83dp</dimen>
    <dimen name="xxh_1706pixels">3127.67dp</dimen>
    <dimen name="xxh_1707pixels">3129.5dp</dimen>
    <dimen name="xxh_1708pixels">3131.33dp</dimen>
    <dimen name="xxh_1709pixels">3133.17dp</dimen>
    <dimen name="xxh_1710pixels">3135dp</dimen>
    <dimen name="xxh_1711pixels">3136.83dp</dimen>
    <dimen name="xxh_1712pixels">3138.67dp</dimen>
    <dimen name="xxh_1713pixels">3140.5dp</dimen>
    <dimen name="xxh_1714pixels">3142.33dp</dimen>
    <dimen name="xxh_1715pixels">3144.17dp</dimen>
    <dimen name="xxh_1716pixels">3146dp</dimen>
    <dimen name="xxh_1717pixels">3147.83dp</dimen>
    <dimen name="xxh_1718pixels">3149.67dp</dimen>
    <dimen name="xxh_1719pixels">3151.5dp</dimen>
    <dimen name="xxh_1720pixels">3153.33dp</dimen>
    <dimen name="xxh_1721pixels">3155.17dp</dimen>
    <dimen name="xxh_1722pixels">3157dp</dimen>
    <dimen name="xxh_1723pixels">3158.83dp</dimen>
    <dimen name="xxh_1724pixels">3160.67dp</dimen>
    <dimen name="xxh_1725pixels">3162.5dp</dimen>
    <dimen name="xxh_1726pixels">3164.33dp</dimen>
    <dimen name="xxh_1727pixels">3166.17dp</dimen>
    <dimen name="xxh_1728pixels">3168dp</dimen>
    <dimen name="xxh_1729pixels">3169.83dp</dimen>
    <dimen name="xxh_1730pixels">3171.67dp</dimen>
    <dimen name="xxh_1731pixels">3173.5dp</dimen>
    <dimen name="xxh_1732pixels">3175.33dp</dimen>
    <dimen name="xxh_1733pixels">3177.17dp</dimen>
    <dimen name="xxh_1734pixels">3179dp</dimen>
    <dimen name="xxh_1735pixels">3180.83dp</dimen>
    <dimen name="xxh_1736pixels">3182.67dp</dimen>
    <dimen name="xxh_1737pixels">3184.5dp</dimen>
    <dimen name="xxh_1738pixels">3186.33dp</dimen>
    <dimen name="xxh_1739pixels">3188.17dp</dimen>
    <dimen name="xxh_1740pixels">3190dp</dimen>
    <dimen name="xxh_1741pixels">3191.83dp</dimen>
    <dimen name="xxh_1742pixels">3193.67dp</dimen>
    <dimen name="xxh_1743pixels">3195.5dp</dimen>
    <dimen name="xxh_1744pixels">3197.33dp</dimen>
    <dimen name="xxh_1745pixels">3199.17dp</dimen>
    <dimen name="xxh_1746pixels">3201dp</dimen>
    <dimen name="xxh_1747pixels">3202.83dp</dimen>
    <dimen name="xxh_1748pixels">3204.67dp</dimen>
    <dimen name="xxh_1749pixels">3206.5dp</dimen>
    <dimen name="xxh_1750pixels">3208.33dp</dimen>
    <dimen name="xxh_1751pixels">3210.17dp</dimen>
    <dimen name="xxh_1752pixels">3212dp</dimen>
    <dimen name="xxh_1753pixels">3213.83dp</dimen>
    <dimen name="xxh_1754pixels">3215.67dp</dimen>
    <dimen name="xxh_1755pixels">3217.5dp</dimen>
    <dimen name="xxh_1756pixels">3219.33dp</dimen>
    <dimen name="xxh_1757pixels">3221.17dp</dimen>
    <dimen name="xxh_1758pixels">3223dp</dimen>
    <dimen name="xxh_1759pixels">3224.83dp</dimen>
    <dimen name="xxh_1760pixels">3226.67dp</dimen>
    <dimen name="xxh_1761pixels">3228.5dp</dimen>
    <dimen name="xxh_1762pixels">3230.33dp</dimen>
    <dimen name="xxh_1763pixels">3232.17dp</dimen>
    <dimen name="xxh_1764pixels">3234dp</dimen>
    <dimen name="xxh_1765pixels">3235.83dp</dimen>
    <dimen name="xxh_1766pixels">3237.67dp</dimen>
    <dimen name="xxh_1767pixels">3239.5dp</dimen>
    <dimen name="xxh_1768pixels">3241.33dp</dimen>
    <dimen name="xxh_1769pixels">3243.17dp</dimen>
    <dimen name="xxh_1770pixels">3245dp</dimen>
    <dimen name="xxh_1771pixels">3246.83dp</dimen>
    <dimen name="xxh_1772pixels">3248.67dp</dimen>
    <dimen name="xxh_1773pixels">3250.5dp</dimen>
    <dimen name="xxh_1774pixels">3252.33dp</dimen>
    <dimen name="xxh_1775pixels">3254.17dp</dimen>
    <dimen name="xxh_1776pixels">3256dp</dimen>
    <dimen name="xxh_1777pixels">3257.83dp</dimen>
    <dimen name="xxh_1778pixels">3259.67dp</dimen>
    <dimen name="xxh_1779pixels">3261.5dp</dimen>
    <dimen name="xxh_1780pixels">3263.33dp</dimen>
    <dimen name="xxh_1781pixels">3265.17dp</dimen>
    <dimen name="xxh_1782pixels">3267dp</dimen>
    <dimen name="xxh_1783pixels">3268.83dp</dimen>
    <dimen name="xxh_1784pixels">3270.67dp</dimen>
    <dimen name="xxh_1785pixels">3272.5dp</dimen>
    <dimen name="xxh_1786pixels">3274.33dp</dimen>
    <dimen name="xxh_1787pixels">3276.17dp</dimen>
    <dimen name="xxh_1788pixels">3278dp</dimen>
    <dimen name="xxh_1789pixels">3279.83dp</dimen>
    <dimen name="xxh_1790pixels">3281.67dp</dimen>
    <dimen name="xxh_1791pixels">3283.5dp</dimen>
    <dimen name="xxh_1792pixels">3285.33dp</dimen>
    <dimen name="xxh_1793pixels">3287.17dp</dimen>
    <dimen name="xxh_1794pixels">3289dp</dimen>
    <dimen name="xxh_1795pixels">3290.83dp</dimen>
    <dimen name="xxh_1796pixels">3292.67dp</dimen>
    <dimen name="xxh_1797pixels">3294.5dp</dimen>
    <dimen name="xxh_1798pixels">3296.33dp</dimen>
    <dimen name="xxh_1799pixels">3298.17dp</dimen>
    <dimen name="xxh_1800pixels">3300dp</dimen>
    <dimen name="xxh_1801pixels">3301.83dp</dimen>
    <dimen name="xxh_1802pixels">3303.67dp</dimen>
    <dimen name="xxh_1803pixels">3305.5dp</dimen>
    <dimen name="xxh_1804pixels">3307.33dp</dimen>
    <dimen name="xxh_1805pixels">3309.17dp</dimen>
    <dimen name="xxh_1806pixels">3311dp</dimen>
    <dimen name="xxh_1807pixels">3312.83dp</dimen>
    <dimen name="xxh_1808pixels">3314.67dp</dimen>
    <dimen name="xxh_1809pixels">3316.5dp</dimen>
    <dimen name="xxh_1810pixels">3318.33dp</dimen>
    <dimen name="xxh_1811pixels">3320.17dp</dimen>
    <dimen name="xxh_1812pixels">3322dp</dimen>
    <dimen name="xxh_1813pixels">3323.83dp</dimen>
    <dimen name="xxh_1814pixels">3325.67dp</dimen>
    <dimen name="xxh_1815pixels">3327.5dp</dimen>
    <dimen name="xxh_1816pixels">3329.33dp</dimen>
    <dimen name="xxh_1817pixels">3331.17dp</dimen>
    <dimen name="xxh_1818pixels">3333dp</dimen>
    <dimen name="xxh_1819pixels">3334.83dp</dimen>
    <dimen name="xxh_1820pixels">3336.67dp</dimen>
    <dimen name="xxh_1821pixels">3338.5dp</dimen>
    <dimen name="xxh_1822pixels">3340.33dp</dimen>
    <dimen name="xxh_1823pixels">3342.17dp</dimen>
    <dimen name="xxh_1824pixels">3344dp</dimen>
    <dimen name="xxh_1825pixels">3345.83dp</dimen>
    <dimen name="xxh_1826pixels">3347.67dp</dimen>
    <dimen name="xxh_1827pixels">3349.5dp</dimen>
    <dimen name="xxh_1828pixels">3351.33dp</dimen>
    <dimen name="xxh_1829pixels">3353.17dp</dimen>
    <dimen name="xxh_1830pixels">3355dp</dimen>
    <dimen name="xxh_1831pixels">3356.83dp</dimen>
    <dimen name="xxh_1832pixels">3358.67dp</dimen>
    <dimen name="xxh_1833pixels">3360.5dp</dimen>
    <dimen name="xxh_1834pixels">3362.33dp</dimen>
    <dimen name="xxh_1835pixels">3364.17dp</dimen>
    <dimen name="xxh_1836pixels">3366dp</dimen>
    <dimen name="xxh_1837pixels">3367.83dp</dimen>
    <dimen name="xxh_1838pixels">3369.67dp</dimen>
    <dimen name="xxh_1839pixels">3371.5dp</dimen>
    <dimen name="xxh_1840pixels">3373.33dp</dimen>
    <dimen name="xxh_1841pixels">3375.17dp</dimen>
    <dimen name="xxh_1842pixels">3377dp</dimen>
    <dimen name="xxh_1843pixels">3378.83dp</dimen>
    <dimen name="xxh_1844pixels">3380.67dp</dimen>
    <dimen name="xxh_1845pixels">3382.5dp</dimen>
    <dimen name="xxh_1846pixels">3384.33dp</dimen>
    <dimen name="xxh_1847pixels">3386.17dp</dimen>
    <dimen name="xxh_1848pixels">3388dp</dimen>
    <dimen name="xxh_1849pixels">3389.83dp</dimen>
    <dimen name="xxh_1850pixels">3391.67dp</dimen>
    <dimen name="xxh_1851pixels">3393.5dp</dimen>
    <dimen name="xxh_1852pixels">3395.33dp</dimen>
    <dimen name="xxh_1853pixels">3397.17dp</dimen>
    <dimen name="xxh_1854pixels">3399dp</dimen>
    <dimen name="xxh_1855pixels">3400.83dp</dimen>
    <dimen name="xxh_1856pixels">3402.67dp</dimen>
    <dimen name="xxh_1857pixels">3404.5dp</dimen>
    <dimen name="xxh_1858pixels">3406.33dp</dimen>
    <dimen name="xxh_1859pixels">3408.17dp</dimen>
    <dimen name="xxh_1860pixels">3410dp</dimen>
    <dimen name="xxh_1861pixels">3411.83dp</dimen>
    <dimen name="xxh_1862pixels">3413.67dp</dimen>
    <dimen name="xxh_1863pixels">3415.5dp</dimen>
    <dimen name="xxh_1864pixels">3417.33dp</dimen>
    <dimen name="xxh_1865pixels">3419.17dp</dimen>
    <dimen name="xxh_1866pixels">3421dp</dimen>
    <dimen name="xxh_1867pixels">3422.83dp</dimen>
    <dimen name="xxh_1868pixels">3424.67dp</dimen>
    <dimen name="xxh_1869pixels">3426.5dp</dimen>
    <dimen name="xxh_1870pixels">3428.33dp</dimen>
    <dimen name="xxh_1871pixels">3430.17dp</dimen>
    <dimen name="xxh_1872pixels">3432dp</dimen>
    <dimen name="xxh_1873pixels">3433.83dp</dimen>
    <dimen name="xxh_1874pixels">3435.67dp</dimen>
    <dimen name="xxh_1875pixels">3437.5dp</dimen>
    <dimen name="xxh_1876pixels">3439.33dp</dimen>
    <dimen name="xxh_1877pixels">3441.17dp</dimen>
    <dimen name="xxh_1878pixels">3443dp</dimen>
    <dimen name="xxh_1879pixels">3444.83dp</dimen>
    <dimen name="xxh_1880pixels">3446.67dp</dimen>
    <dimen name="xxh_1881pixels">3448.5dp</dimen>
    <dimen name="xxh_1882pixels">3450.33dp</dimen>
    <dimen name="xxh_1883pixels">3452.17dp</dimen>
    <dimen name="xxh_1884pixels">3454dp</dimen>
    <dimen name="xxh_1885pixels">3455.83dp</dimen>
    <dimen name="xxh_1886pixels">3457.67dp</dimen>
    <dimen name="xxh_1887pixels">3459.5dp</dimen>
    <dimen name="xxh_1888pixels">3461.33dp</dimen>
    <dimen name="xxh_1889pixels">3463.17dp</dimen>
    <dimen name="xxh_1890pixels">3465dp</dimen>
    <dimen name="xxh_1891pixels">3466.83dp</dimen>
    <dimen name="xxh_1892pixels">3468.67dp</dimen>
    <dimen name="xxh_1893pixels">3470.5dp</dimen>
    <dimen name="xxh_1894pixels">3472.33dp</dimen>
    <dimen name="xxh_1895pixels">3474.17dp</dimen>
    <dimen name="xxh_1896pixels">3476dp</dimen>
    <dimen name="xxh_1897pixels">3477.83dp</dimen>
    <dimen name="xxh_1898pixels">3479.67dp</dimen>
    <dimen name="xxh_1899pixels">3481.5dp</dimen>
    <dimen name="xxh_1900pixels">3483.33dp</dimen>
    <dimen name="xxh_1901pixels">3485.17dp</dimen>
    <dimen name="xxh_1902pixels">3487dp</dimen>
    <dimen name="xxh_1903pixels">3488.83dp</dimen>
    <dimen name="xxh_1904pixels">3490.67dp</dimen>
    <dimen name="xxh_1905pixels">3492.5dp</dimen>
    <dimen name="xxh_1906pixels">3494.33dp</dimen>
    <dimen name="xxh_1907pixels">3496.17dp</dimen>
    <dimen name="xxh_1908pixels">3498dp</dimen>
    <dimen name="xxh_1909pixels">3499.83dp</dimen>
    <dimen name="xxh_1910pixels">3501.67dp</dimen>
    <dimen name="xxh_1911pixels">3503.5dp</dimen>
    <dimen name="xxh_1912pixels">3505.33dp</dimen>
    <dimen name="xxh_1913pixels">3507.17dp</dimen>
    <dimen name="xxh_1914pixels">3509dp</dimen>
    <dimen name="xxh_1915pixels">3510.83dp</dimen>
    <dimen name="xxh_1916pixels">3512.67dp</dimen>
    <dimen name="xxh_1917pixels">3514.5dp</dimen>
    <dimen name="xxh_1918pixels">3516.33dp</dimen>
    <dimen name="xxh_1919pixels">3518.17dp</dimen>
    <dimen name="xxh_1920pixels">3520dp</dimen>
    <dimen name="xxh_1921pixels">3521.83dp</dimen>
    <dimen name="xxh_1922pixels">3523.67dp</dimen>
    <dimen name="xxh_1923pixels">3525.5dp</dimen>
    <dimen name="xxh_1924pixels">3527.33dp</dimen>
    <dimen name="xxh_1925pixels">3529.17dp</dimen>
    <dimen name="xxh_1926pixels">3531dp</dimen>
    <dimen name="xxh_1927pixels">3532.83dp</dimen>
    <dimen name="xxh_1928pixels">3534.67dp</dimen>
    <dimen name="xxh_1929pixels">3536.5dp</dimen>
    <dimen name="xxh_1930pixels">3538.33dp</dimen>
    <dimen name="xxh_1931pixels">3540.17dp</dimen>
    <dimen name="xxh_1932pixels">3542dp</dimen>
    <dimen name="xxh_1933pixels">3543.83dp</dimen>
    <dimen name="xxh_1934pixels">3545.67dp</dimen>
    <dimen name="xxh_1935pixels">3547.5dp</dimen>
    <dimen name="xxh_1936pixels">3549.33dp</dimen>
    <dimen name="xxh_1937pixels">3551.17dp</dimen>
    <dimen name="xxh_1938pixels">3553dp</dimen>
    <dimen name="xxh_1939pixels">3554.83dp</dimen>
    <dimen name="xxh_1940pixels">3556.67dp</dimen>
    <dimen name="xxh_1941pixels">3558.5dp</dimen>
    <dimen name="xxh_1942pixels">3560.33dp</dimen>
    <dimen name="xxh_1943pixels">3562.17dp</dimen>
    <dimen name="xxh_1944pixels">3564dp</dimen>
    <dimen name="xxh_1945pixels">3565.83dp</dimen>
    <dimen name="xxh_1946pixels">3567.67dp</dimen>
    <dimen name="xxh_1947pixels">3569.5dp</dimen>
    <dimen name="xxh_1948pixels">3571.33dp</dimen>
    <dimen name="xxh_1949pixels">3573.17dp</dimen>
    <dimen name="xxh_1950pixels">3575dp</dimen>
    <dimen name="xxh_1951pixels">3576.83dp</dimen>
    <dimen name="xxh_1952pixels">3578.67dp</dimen>
    <dimen name="xxh_1953pixels">3580.5dp</dimen>
    <dimen name="xxh_1954pixels">3582.33dp</dimen>
    <dimen name="xxh_1955pixels">3584.17dp</dimen>
    <dimen name="xxh_1956pixels">3586dp</dimen>
    <dimen name="xxh_1957pixels">3587.83dp</dimen>
    <dimen name="xxh_1958pixels">3589.67dp</dimen>
    <dimen name="xxh_1959pixels">3591.5dp</dimen>
    <dimen name="xxh_1960pixels">3593.33dp</dimen>
    <dimen name="xxh_1961pixels">3595.17dp</dimen>
    <dimen name="xxh_1962pixels">3597dp</dimen>
    <dimen name="xxh_1963pixels">3598.83dp</dimen>
    <dimen name="xxh_1964pixels">3600.67dp</dimen>
    <dimen name="xxh_1965pixels">3602.5dp</dimen>
    <dimen name="xxh_1966pixels">3604.33dp</dimen>
    <dimen name="xxh_1967pixels">3606.17dp</dimen>
    <dimen name="xxh_1968pixels">3608dp</dimen>
    <dimen name="xxh_1969pixels">3609.83dp</dimen>
    <dimen name="xxh_1970pixels">3611.67dp</dimen>
    <dimen name="xxh_1971pixels">3613.5dp</dimen>
    <dimen name="xxh_1972pixels">3615.33dp</dimen>
    <dimen name="xxh_1973pixels">3617.17dp</dimen>
    <dimen name="xxh_1974pixels">3619dp</dimen>
    <dimen name="xxh_1975pixels">3620.83dp</dimen>
    <dimen name="xxh_1976pixels">3622.67dp</dimen>
    <dimen name="xxh_1977pixels">3624.5dp</dimen>
    <dimen name="xxh_1978pixels">3626.33dp</dimen>
    <dimen name="xxh_1979pixels">3628.17dp</dimen>
    <dimen name="xxh_1980pixels">3630dp</dimen>
    <dimen name="xxh_1981pixels">3631.83dp</dimen>
    <dimen name="xxh_1982pixels">3633.67dp</dimen>
    <dimen name="xxh_1983pixels">3635.5dp</dimen>
    <dimen name="xxh_1984pixels">3637.33dp</dimen>
    <dimen name="xxh_1985pixels">3639.17dp</dimen>
    <dimen name="xxh_1986pixels">3641dp</dimen>
    <dimen name="xxh_1987pixels">3642.83dp</dimen>
    <dimen name="xxh_1988pixels">3644.67dp</dimen>
    <dimen name="xxh_1989pixels">3646.5dp</dimen>
    <dimen name="xxh_1990pixels">3648.33dp</dimen>
    <dimen name="xxh_1991pixels">3650.17dp</dimen>
    <dimen name="xxh_1992pixels">3652dp</dimen>
    <dimen name="xxh_1993pixels">3653.83dp</dimen>
    <dimen name="xxh_1994pixels">3655.67dp</dimen>
    <dimen name="xxh_1995pixels">3657.5dp</dimen>
    <dimen name="xxh_1996pixels">3659.33dp</dimen>
    <dimen name="xxh_1997pixels">3661.17dp</dimen>
    <dimen name="xxh_1998pixels">3663dp</dimen>
    <dimen name="xxh_1999pixels">3664.83dp</dimen>
    <dimen name="xxh_2000pixels">3666.67dp</dimen>

</resources>