<?xml version="1.0" encoding="utf-8"?>
<resources>

    <dimen name="xxh_m130pixels">-72.22dp</dimen>
    <dimen name="xxh_m48pixels">-26.67dp</dimen>
    <dimen name="xxh_m42pixels">-23.33dp</dimen>
    <dimen name="xxh_m26pixels">-14.44dp</dimen>
    <dimen name="xxh_m25pixels">-13.89dp</dimen>
    <dimen name="xxh_m24pixels">-13.33dp</dimen>
    <dimen name="xxh_m23pixels">-12.78dp</dimen>
    <dimen name="xxh_m21pixels">-11.67dp</dimen>
    <dimen name="xxh_m20pixels">-11.11dp</dimen>
    <dimen name="xxh_m18pixels">-10dp</dimen>
    <dimen name="xxh_m16pixels">-8.89dp</dimen>
    <dimen name="xxh_m14pixels">-7.78dp</dimen>
    <dimen name="xxh_m10pixels">-5.56dp</dimen>
    <dimen name="xxh_m8pixels">-4.44dp</dimen>
    <dimen name="xxh_m1pixels">-0.56dp</dimen>

    <dimen name="xxh_1pixels">0.56dp</dimen>
    <dimen name="xxh_2pixels">1.11dp</dimen>
    <dimen name="xxh_3pixels">1.67dp</dimen>
    <dimen name="xxh_4pixels">2.22dp</dimen>
    <dimen name="xxh_5pixels">2.78dp</dimen>
    <dimen name="xxh_6pixels">3.33dp</dimen>
    <dimen name="xxh_7pixels">3.89dp</dimen>
    <dimen name="xxh_8pixels">4.44dp</dimen>
    <dimen name="xxh_9pixels">5dp</dimen>
    <dimen name="xxh_10pixels">5.56dp</dimen>
    <dimen name="xxh_11pixels">6.11dp</dimen>
    <dimen name="xxh_12pixels">6.67dp</dimen>
    <dimen name="xxh_13pixels">7.22dp</dimen>
    <dimen name="xxh_14pixels">7.78dp</dimen>
    <dimen name="xxh_15pixels">8.33dp</dimen>
    <dimen name="xxh_16pixels">8.89dp</dimen>
    <dimen name="xxh_17pixels">9.44dp</dimen>
    <dimen name="xxh_18pixels">10dp</dimen>
    <dimen name="xxh_19pixels">10.56dp</dimen>
    <dimen name="xxh_20pixels">11.11dp</dimen>
    <dimen name="xxh_21pixels">11.67dp</dimen>
    <dimen name="xxh_22pixels">12.22dp</dimen>
    <dimen name="xxh_23pixels">12.78dp</dimen>
    <dimen name="xxh_24pixels">13.33dp</dimen>
    <dimen name="xxh_25pixels">13.89dp</dimen>
    <dimen name="xxh_26pixels">14.44dp</dimen>
    <dimen name="xxh_27pixels">15dp</dimen>
    <dimen name="xxh_28pixels">15.56dp</dimen>
    <dimen name="xxh_29pixels">16.11dp</dimen>
    <dimen name="xxh_30pixels">16.67dp</dimen>
    <dimen name="xxh_31pixels">17.22dp</dimen>
    <dimen name="xxh_32pixels">17.78dp</dimen>
    <dimen name="xxh_33pixels">18.33dp</dimen>
    <dimen name="xxh_34pixels">18.89dp</dimen>
    <dimen name="xxh_35pixels">19.44dp</dimen>
    <dimen name="xxh_36pixels">20dp</dimen>
    <dimen name="xxh_37pixels">20.56dp</dimen>
    <dimen name="xxh_38pixels">21.11dp</dimen>
    <dimen name="xxh_39pixels">21.67dp</dimen>
    <dimen name="xxh_40pixels">22.22dp</dimen>
    <dimen name="xxh_41pixels">22.78dp</dimen>
    <dimen name="xxh_42pixels">23.33dp</dimen>
    <dimen name="xxh_43pixels">23.89dp</dimen>
    <dimen name="xxh_44pixels">24.44dp</dimen>
    <dimen name="xxh_45pixels">25dp</dimen>
    <dimen name="xxh_46pixels">25.56dp</dimen>
    <dimen name="xxh_47pixels">26.11dp</dimen>
    <dimen name="xxh_48pixels">26.67dp</dimen>
    <dimen name="xxh_49pixels">27.22dp</dimen>
    <dimen name="xxh_50pixels">27.78dp</dimen>
    <dimen name="xxh_51pixels">28.33dp</dimen>
    <dimen name="xxh_52pixels">28.89dp</dimen>
    <dimen name="xxh_53pixels">29.44dp</dimen>
    <dimen name="xxh_54pixels">30dp</dimen>
    <dimen name="xxh_55pixels">30.56dp</dimen>
    <dimen name="xxh_56pixels">31.11dp</dimen>
    <dimen name="xxh_57pixels">31.67dp</dimen>
    <dimen name="xxh_58pixels">32.22dp</dimen>
    <dimen name="xxh_59pixels">32.78dp</dimen>
    <dimen name="xxh_60pixels">33.33dp</dimen>
    <dimen name="xxh_61pixels">33.89dp</dimen>
    <dimen name="xxh_62pixels">34.44dp</dimen>
    <dimen name="xxh_63pixels">35dp</dimen>
    <dimen name="xxh_64pixels">35.56dp</dimen>
    <dimen name="xxh_65pixels">36.11dp</dimen>
    <dimen name="xxh_66pixels">36.67dp</dimen>
    <dimen name="xxh_67pixels">37.22dp</dimen>
    <dimen name="xxh_68pixels">37.78dp</dimen>
    <dimen name="xxh_69pixels">38.33dp</dimen>
    <dimen name="xxh_70pixels">38.89dp</dimen>
    <dimen name="xxh_71pixels">39.44dp</dimen>
    <dimen name="xxh_72pixels">40dp</dimen>
    <dimen name="xxh_73pixels">40.56dp</dimen>
    <dimen name="xxh_74pixels">41.11dp</dimen>
    <dimen name="xxh_75pixels">41.67dp</dimen>
    <dimen name="xxh_76pixels">42.22dp</dimen>
    <dimen name="xxh_77pixels">42.78dp</dimen>
    <dimen name="xxh_78pixels">43.33dp</dimen>
    <dimen name="xxh_79pixels">43.89dp</dimen>
    <dimen name="xxh_80pixels">44.44dp</dimen>
    <dimen name="xxh_81pixels">45dp</dimen>
    <dimen name="xxh_82pixels">45.56dp</dimen>
    <dimen name="xxh_83pixels">46.11dp</dimen>
    <dimen name="xxh_84pixels">46.67dp</dimen>
    <dimen name="xxh_85pixels">47.22dp</dimen>
    <dimen name="xxh_86pixels">47.78dp</dimen>
    <dimen name="xxh_87pixels">48.33dp</dimen>
    <dimen name="xxh_88pixels">48.89dp</dimen>
    <dimen name="xxh_89pixels">49.44dp</dimen>
    <dimen name="xxh_90pixels">50dp</dimen>
    <dimen name="xxh_91pixels">50.56dp</dimen>
    <dimen name="xxh_92pixels">51.11dp</dimen>
    <dimen name="xxh_93pixels">51.67dp</dimen>
    <dimen name="xxh_94pixels">52.22dp</dimen>
    <dimen name="xxh_95pixels">52.78dp</dimen>
    <dimen name="xxh_96pixels">53.33dp</dimen>
    <dimen name="xxh_97pixels">53.89dp</dimen>
    <dimen name="xxh_98pixels">54.44dp</dimen>
    <dimen name="xxh_99pixels">55dp</dimen>
    <dimen name="xxh_100pixels">55.56dp</dimen>
    <dimen name="xxh_101pixels">56.11dp</dimen>
    <dimen name="xxh_102pixels">56.67dp</dimen>
    <dimen name="xxh_103pixels">57.22dp</dimen>
    <dimen name="xxh_104pixels">57.78dp</dimen>
    <dimen name="xxh_105pixels">58.33dp</dimen>
    <dimen name="xxh_106pixels">58.89dp</dimen>
    <dimen name="xxh_107pixels">59.44dp</dimen>
    <dimen name="xxh_108pixels">60dp</dimen>
    <dimen name="xxh_109pixels">60.56dp</dimen>
    <dimen name="xxh_110pixels">61.11dp</dimen>
    <dimen name="xxh_111pixels">61.67dp</dimen>
    <dimen name="xxh_112pixels">62.22dp</dimen>
    <dimen name="xxh_113pixels">62.78dp</dimen>
    <dimen name="xxh_114pixels">63.33dp</dimen>
    <dimen name="xxh_115pixels">63.89dp</dimen>
    <dimen name="xxh_116pixels">64.44dp</dimen>
    <dimen name="xxh_117pixels">65dp</dimen>
    <dimen name="xxh_118pixels">65.56dp</dimen>
    <dimen name="xxh_119pixels">66.11dp</dimen>
    <dimen name="xxh_120pixels">66.67dp</dimen>
    <dimen name="xxh_121pixels">67.22dp</dimen>
    <dimen name="xxh_122pixels">67.78dp</dimen>
    <dimen name="xxh_123pixels">68.33dp</dimen>
    <dimen name="xxh_124pixels">68.89dp</dimen>
    <dimen name="xxh_125pixels">69.44dp</dimen>
    <dimen name="xxh_126pixels">70dp</dimen>
    <dimen name="xxh_127pixels">70.56dp</dimen>
    <dimen name="xxh_128pixels">71.11dp</dimen>
    <dimen name="xxh_129pixels">71.67dp</dimen>
    <dimen name="xxh_130pixels">72.22dp</dimen>
    <dimen name="xxh_131pixels">72.78dp</dimen>
    <dimen name="xxh_132pixels">73.33dp</dimen>
    <dimen name="xxh_133pixels">73.89dp</dimen>
    <dimen name="xxh_134pixels">74.44dp</dimen>
    <dimen name="xxh_135pixels">75dp</dimen>
    <dimen name="xxh_136pixels">75.56dp</dimen>
    <dimen name="xxh_137pixels">76.11dp</dimen>
    <dimen name="xxh_138pixels">76.67dp</dimen>
    <dimen name="xxh_139pixels">77.22dp</dimen>
    <dimen name="xxh_140pixels">77.78dp</dimen>
    <dimen name="xxh_141pixels">78.33dp</dimen>
    <dimen name="xxh_142pixels">78.89dp</dimen>
    <dimen name="xxh_143pixels">79.44dp</dimen>
    <dimen name="xxh_144pixels">80dp</dimen>
    <dimen name="xxh_145pixels">80.56dp</dimen>
    <dimen name="xxh_146pixels">81.11dp</dimen>
    <dimen name="xxh_147pixels">81.67dp</dimen>
    <dimen name="xxh_148pixels">82.22dp</dimen>
    <dimen name="xxh_149pixels">82.78dp</dimen>
    <dimen name="xxh_150pixels">83.33dp</dimen>
    <dimen name="xxh_151pixels">83.89dp</dimen>
    <dimen name="xxh_152pixels">84.44dp</dimen>
    <dimen name="xxh_153pixels">85dp</dimen>
    <dimen name="xxh_154pixels">85.56dp</dimen>
    <dimen name="xxh_155pixels">86.11dp</dimen>
    <dimen name="xxh_156pixels">86.67dp</dimen>
    <dimen name="xxh_157pixels">87.22dp</dimen>
    <dimen name="xxh_158pixels">87.78dp</dimen>
    <dimen name="xxh_159pixels">88.33dp</dimen>
    <dimen name="xxh_160pixels">88.89dp</dimen>
    <dimen name="xxh_161pixels">89.44dp</dimen>
    <dimen name="xxh_162pixels">90dp</dimen>
    <dimen name="xxh_163pixels">90.56dp</dimen>
    <dimen name="xxh_164pixels">91.11dp</dimen>
    <dimen name="xxh_165pixels">91.67dp</dimen>
    <dimen name="xxh_166pixels">92.22dp</dimen>
    <dimen name="xxh_167pixels">92.78dp</dimen>
    <dimen name="xxh_168pixels">93.33dp</dimen>
    <dimen name="xxh_169pixels">93.89dp</dimen>
    <dimen name="xxh_170pixels">94.44dp</dimen>
    <dimen name="xxh_171pixels">95dp</dimen>
    <dimen name="xxh_172pixels">95.56dp</dimen>
    <dimen name="xxh_173pixels">96.11dp</dimen>
    <dimen name="xxh_174pixels">96.67dp</dimen>
    <dimen name="xxh_175pixels">97.22dp</dimen>
    <dimen name="xxh_176pixels">97.78dp</dimen>
    <dimen name="xxh_177pixels">98.33dp</dimen>
    <dimen name="xxh_178pixels">98.89dp</dimen>
    <dimen name="xxh_179pixels">99.44dp</dimen>
    <dimen name="xxh_180pixels">100dp</dimen>
    <dimen name="xxh_181pixels">100.56dp</dimen>
    <dimen name="xxh_182pixels">101.11dp</dimen>
    <dimen name="xxh_183pixels">101.67dp</dimen>
    <dimen name="xxh_184pixels">102.22dp</dimen>
    <dimen name="xxh_185pixels">102.78dp</dimen>
    <dimen name="xxh_186pixels">103.33dp</dimen>
    <dimen name="xxh_187pixels">103.89dp</dimen>
    <dimen name="xxh_188pixels">104.44dp</dimen>
    <dimen name="xxh_189pixels">105dp</dimen>
    <dimen name="xxh_190pixels">105.56dp</dimen>
    <dimen name="xxh_191pixels">106.11dp</dimen>
    <dimen name="xxh_192pixels">106.67dp</dimen>
    <dimen name="xxh_193pixels">107.22dp</dimen>
    <dimen name="xxh_194pixels">107.78dp</dimen>
    <dimen name="xxh_195pixels">108.33dp</dimen>
    <dimen name="xxh_196pixels">108.89dp</dimen>
    <dimen name="xxh_197pixels">109.44dp</dimen>
    <dimen name="xxh_198pixels">110dp</dimen>
    <dimen name="xxh_199pixels">110.56dp</dimen>
    <dimen name="xxh_200pixels">111.11dp</dimen>
    <dimen name="xxh_201pixels">111.67dp</dimen>
    <dimen name="xxh_202pixels">112.22dp</dimen>
    <dimen name="xxh_203pixels">112.78dp</dimen>
    <dimen name="xxh_204pixels">113.33dp</dimen>
    <dimen name="xxh_205pixels">113.89dp</dimen>
    <dimen name="xxh_206pixels">114.44dp</dimen>
    <dimen name="xxh_207pixels">115dp</dimen>
    <dimen name="xxh_208pixels">115.56dp</dimen>
    <dimen name="xxh_209pixels">116.11dp</dimen>
    <dimen name="xxh_210pixels">116.67dp</dimen>
    <dimen name="xxh_211pixels">117.22dp</dimen>
    <dimen name="xxh_212pixels">117.78dp</dimen>
    <dimen name="xxh_213pixels">118.33dp</dimen>
    <dimen name="xxh_214pixels">118.89dp</dimen>
    <dimen name="xxh_215pixels">119.44dp</dimen>
    <dimen name="xxh_216pixels">120dp</dimen>
    <dimen name="xxh_217pixels">120.56dp</dimen>
    <dimen name="xxh_218pixels">121.11dp</dimen>
    <dimen name="xxh_219pixels">121.67dp</dimen>
    <dimen name="xxh_220pixels">122.22dp</dimen>
    <dimen name="xxh_221pixels">122.78dp</dimen>
    <dimen name="xxh_222pixels">123.33dp</dimen>
    <dimen name="xxh_223pixels">123.89dp</dimen>
    <dimen name="xxh_224pixels">124.44dp</dimen>
    <dimen name="xxh_225pixels">125dp</dimen>
    <dimen name="xxh_226pixels">125.56dp</dimen>
    <dimen name="xxh_227pixels">126.11dp</dimen>
    <dimen name="xxh_228pixels">126.67dp</dimen>
    <dimen name="xxh_229pixels">127.22dp</dimen>
    <dimen name="xxh_230pixels">127.78dp</dimen>
    <dimen name="xxh_231pixels">128.33dp</dimen>
    <dimen name="xxh_232pixels">128.89dp</dimen>
    <dimen name="xxh_233pixels">129.44dp</dimen>
    <dimen name="xxh_234pixels">130dp</dimen>
    <dimen name="xxh_235pixels">130.56dp</dimen>
    <dimen name="xxh_236pixels">131.11dp</dimen>
    <dimen name="xxh_237pixels">131.67dp</dimen>
    <dimen name="xxh_238pixels">132.22dp</dimen>
    <dimen name="xxh_239pixels">132.78dp</dimen>
    <dimen name="xxh_240pixels">133.33dp</dimen>
    <dimen name="xxh_241pixels">133.89dp</dimen>
    <dimen name="xxh_242pixels">134.44dp</dimen>
    <dimen name="xxh_243pixels">135dp</dimen>
    <dimen name="xxh_244pixels">135.56dp</dimen>
    <dimen name="xxh_245pixels">136.11dp</dimen>
    <dimen name="xxh_246pixels">136.67dp</dimen>
    <dimen name="xxh_247pixels">137.22dp</dimen>
    <dimen name="xxh_248pixels">137.78dp</dimen>
    <dimen name="xxh_249pixels">138.33dp</dimen>
    <dimen name="xxh_250pixels">138.89dp</dimen>
    <dimen name="xxh_251pixels">139.44dp</dimen>
    <dimen name="xxh_252pixels">140dp</dimen>
    <dimen name="xxh_253pixels">140.56dp</dimen>
    <dimen name="xxh_254pixels">141.11dp</dimen>
    <dimen name="xxh_255pixels">141.67dp</dimen>
    <dimen name="xxh_256pixels">142.22dp</dimen>
    <dimen name="xxh_257pixels">142.78dp</dimen>
    <dimen name="xxh_258pixels">143.33dp</dimen>
    <dimen name="xxh_259pixels">143.89dp</dimen>
    <dimen name="xxh_260pixels">144.44dp</dimen>
    <dimen name="xxh_261pixels">145dp</dimen>
    <dimen name="xxh_262pixels">145.56dp</dimen>
    <dimen name="xxh_263pixels">146.11dp</dimen>
    <dimen name="xxh_264pixels">146.67dp</dimen>
    <dimen name="xxh_265pixels">147.22dp</dimen>
    <dimen name="xxh_266pixels">147.78dp</dimen>
    <dimen name="xxh_267pixels">148.33dp</dimen>
    <dimen name="xxh_268pixels">148.89dp</dimen>
    <dimen name="xxh_269pixels">149.44dp</dimen>
    <dimen name="xxh_270pixels">150dp</dimen>
    <dimen name="xxh_271pixels">150.56dp</dimen>
    <dimen name="xxh_272pixels">151.11dp</dimen>
    <dimen name="xxh_273pixels">151.67dp</dimen>
    <dimen name="xxh_274pixels">152.22dp</dimen>
    <dimen name="xxh_275pixels">152.78dp</dimen>
    <dimen name="xxh_276pixels">153.33dp</dimen>
    <dimen name="xxh_277pixels">153.89dp</dimen>
    <dimen name="xxh_278pixels">154.44dp</dimen>
    <dimen name="xxh_279pixels">155dp</dimen>
    <dimen name="xxh_280pixels">155.56dp</dimen>
    <dimen name="xxh_281pixels">156.11dp</dimen>
    <dimen name="xxh_282pixels">156.67dp</dimen>
    <dimen name="xxh_283pixels">157.22dp</dimen>
    <dimen name="xxh_284pixels">157.78dp</dimen>
    <dimen name="xxh_285pixels">158.33dp</dimen>
    <dimen name="xxh_286pixels">158.89dp</dimen>
    <dimen name="xxh_287pixels">159.44dp</dimen>
    <dimen name="xxh_288pixels">160dp</dimen>
    <dimen name="xxh_289pixels">160.56dp</dimen>
    <dimen name="xxh_290pixels">161.11dp</dimen>
    <dimen name="xxh_291pixels">161.67dp</dimen>
    <dimen name="xxh_292pixels">162.22dp</dimen>
    <dimen name="xxh_293pixels">162.78dp</dimen>
    <dimen name="xxh_294pixels">163.33dp</dimen>
    <dimen name="xxh_295pixels">163.89dp</dimen>
    <dimen name="xxh_296pixels">164.44dp</dimen>
    <dimen name="xxh_297pixels">165dp</dimen>
    <dimen name="xxh_298pixels">165.56dp</dimen>
    <dimen name="xxh_299pixels">166.11dp</dimen>
    <dimen name="xxh_300pixels">166.67dp</dimen>
    <dimen name="xxh_301pixels">167.22dp</dimen>
    <dimen name="xxh_302pixels">167.78dp</dimen>
    <dimen name="xxh_303pixels">168.33dp</dimen>
    <dimen name="xxh_304pixels">168.89dp</dimen>
    <dimen name="xxh_305pixels">169.44dp</dimen>
    <dimen name="xxh_306pixels">170dp</dimen>
    <dimen name="xxh_307pixels">170.56dp</dimen>
    <dimen name="xxh_308pixels">171.11dp</dimen>
    <dimen name="xxh_309pixels">171.67dp</dimen>
    <dimen name="xxh_310pixels">172.22dp</dimen>
    <dimen name="xxh_311pixels">172.78dp</dimen>
    <dimen name="xxh_312pixels">173.33dp</dimen>
    <dimen name="xxh_313pixels">173.89dp</dimen>
    <dimen name="xxh_314pixels">174.44dp</dimen>
    <dimen name="xxh_315pixels">175dp</dimen>
    <dimen name="xxh_316pixels">175.56dp</dimen>
    <dimen name="xxh_317pixels">176.11dp</dimen>
    <dimen name="xxh_318pixels">176.67dp</dimen>
    <dimen name="xxh_319pixels">177.22dp</dimen>
    <dimen name="xxh_320pixels">177.78dp</dimen>
    <dimen name="xxh_321pixels">178.33dp</dimen>
    <dimen name="xxh_322pixels">178.89dp</dimen>
    <dimen name="xxh_323pixels">179.44dp</dimen>
    <dimen name="xxh_324pixels">180dp</dimen>
    <dimen name="xxh_325pixels">180.56dp</dimen>
    <dimen name="xxh_326pixels">181.11dp</dimen>
    <dimen name="xxh_327pixels">181.67dp</dimen>
    <dimen name="xxh_328pixels">182.22dp</dimen>
    <dimen name="xxh_329pixels">182.78dp</dimen>
    <dimen name="xxh_330pixels">183.33dp</dimen>
    <dimen name="xxh_331pixels">183.89dp</dimen>
    <dimen name="xxh_332pixels">184.44dp</dimen>
    <dimen name="xxh_333pixels">185dp</dimen>
    <dimen name="xxh_334pixels">185.56dp</dimen>
    <dimen name="xxh_335pixels">186.11dp</dimen>
    <dimen name="xxh_336pixels">186.67dp</dimen>
    <dimen name="xxh_337pixels">187.22dp</dimen>
    <dimen name="xxh_338pixels">187.78dp</dimen>
    <dimen name="xxh_339pixels">188.33dp</dimen>
    <dimen name="xxh_340pixels">188.89dp</dimen>
    <dimen name="xxh_341pixels">189.44dp</dimen>
    <dimen name="xxh_342pixels">190dp</dimen>
    <dimen name="xxh_343pixels">190.56dp</dimen>
    <dimen name="xxh_344pixels">191.11dp</dimen>
    <dimen name="xxh_345pixels">191.67dp</dimen>
    <dimen name="xxh_346pixels">192.22dp</dimen>
    <dimen name="xxh_347pixels">192.78dp</dimen>
    <dimen name="xxh_348pixels">193.33dp</dimen>
    <dimen name="xxh_349pixels">193.89dp</dimen>
    <dimen name="xxh_350pixels">194.44dp</dimen>
    <dimen name="xxh_351pixels">195dp</dimen>
    <dimen name="xxh_352pixels">195.56dp</dimen>
    <dimen name="xxh_353pixels">196.11dp</dimen>
    <dimen name="xxh_354pixels">196.67dp</dimen>
    <dimen name="xxh_355pixels">197.22dp</dimen>
    <dimen name="xxh_356pixels">197.78dp</dimen>
    <dimen name="xxh_357pixels">198.33dp</dimen>
    <dimen name="xxh_358pixels">198.89dp</dimen>
    <dimen name="xxh_359pixels">199.44dp</dimen>
    <dimen name="xxh_360pixels">200dp</dimen>
    <dimen name="xxh_361pixels">200.56dp</dimen>
    <dimen name="xxh_362pixels">201.11dp</dimen>
    <dimen name="xxh_363pixels">201.67dp</dimen>
    <dimen name="xxh_364pixels">202.22dp</dimen>
    <dimen name="xxh_365pixels">202.78dp</dimen>
    <dimen name="xxh_366pixels">203.33dp</dimen>
    <dimen name="xxh_367pixels">203.89dp</dimen>
    <dimen name="xxh_368pixels">204.44dp</dimen>
    <dimen name="xxh_369pixels">205dp</dimen>
    <dimen name="xxh_370pixels">205.56dp</dimen>
    <dimen name="xxh_371pixels">206.11dp</dimen>
    <dimen name="xxh_372pixels">206.67dp</dimen>
    <dimen name="xxh_373pixels">207.22dp</dimen>
    <dimen name="xxh_374pixels">207.78dp</dimen>
    <dimen name="xxh_375pixels">208.33dp</dimen>
    <dimen name="xxh_376pixels">208.89dp</dimen>
    <dimen name="xxh_377pixels">209.44dp</dimen>
    <dimen name="xxh_378pixels">210dp</dimen>
    <dimen name="xxh_379pixels">210.56dp</dimen>
    <dimen name="xxh_380pixels">211.11dp</dimen>
    <dimen name="xxh_381pixels">211.67dp</dimen>
    <dimen name="xxh_382pixels">212.22dp</dimen>
    <dimen name="xxh_383pixels">212.78dp</dimen>
    <dimen name="xxh_384pixels">213.33dp</dimen>
    <dimen name="xxh_385pixels">213.89dp</dimen>
    <dimen name="xxh_386pixels">214.44dp</dimen>
    <dimen name="xxh_387pixels">215dp</dimen>
    <dimen name="xxh_388pixels">215.56dp</dimen>
    <dimen name="xxh_389pixels">216.11dp</dimen>
    <dimen name="xxh_390pixels">216.67dp</dimen>
    <dimen name="xxh_391pixels">217.22dp</dimen>
    <dimen name="xxh_392pixels">217.78dp</dimen>
    <dimen name="xxh_393pixels">218.33dp</dimen>
    <dimen name="xxh_394pixels">218.89dp</dimen>
    <dimen name="xxh_395pixels">219.44dp</dimen>
    <dimen name="xxh_396pixels">220dp</dimen>
    <dimen name="xxh_397pixels">220.56dp</dimen>
    <dimen name="xxh_398pixels">221.11dp</dimen>
    <dimen name="xxh_399pixels">221.67dp</dimen>
    <dimen name="xxh_400pixels">222.22dp</dimen>
    <dimen name="xxh_401pixels">222.78dp</dimen>
    <dimen name="xxh_402pixels">223.33dp</dimen>
    <dimen name="xxh_403pixels">223.89dp</dimen>
    <dimen name="xxh_404pixels">224.44dp</dimen>
    <dimen name="xxh_405pixels">225dp</dimen>
    <dimen name="xxh_406pixels">225.56dp</dimen>
    <dimen name="xxh_407pixels">226.11dp</dimen>
    <dimen name="xxh_408pixels">226.67dp</dimen>
    <dimen name="xxh_409pixels">227.22dp</dimen>
    <dimen name="xxh_410pixels">227.78dp</dimen>
    <dimen name="xxh_411pixels">228.33dp</dimen>
    <dimen name="xxh_412pixels">228.89dp</dimen>
    <dimen name="xxh_413pixels">229.44dp</dimen>
    <dimen name="xxh_414pixels">230dp</dimen>
    <dimen name="xxh_415pixels">230.56dp</dimen>
    <dimen name="xxh_416pixels">231.11dp</dimen>
    <dimen name="xxh_417pixels">231.67dp</dimen>
    <dimen name="xxh_418pixels">232.22dp</dimen>
    <dimen name="xxh_419pixels">232.78dp</dimen>
    <dimen name="xxh_420pixels">233.33dp</dimen>
    <dimen name="xxh_421pixels">233.89dp</dimen>
    <dimen name="xxh_422pixels">234.44dp</dimen>
    <dimen name="xxh_423pixels">235dp</dimen>
    <dimen name="xxh_424pixels">235.56dp</dimen>
    <dimen name="xxh_425pixels">236.11dp</dimen>
    <dimen name="xxh_426pixels">236.67dp</dimen>
    <dimen name="xxh_427pixels">237.22dp</dimen>
    <dimen name="xxh_428pixels">237.78dp</dimen>
    <dimen name="xxh_429pixels">238.33dp</dimen>
    <dimen name="xxh_430pixels">238.89dp</dimen>
    <dimen name="xxh_431pixels">239.44dp</dimen>
    <dimen name="xxh_432pixels">240dp</dimen>
    <dimen name="xxh_433pixels">240.56dp</dimen>
    <dimen name="xxh_434pixels">241.11dp</dimen>
    <dimen name="xxh_435pixels">241.67dp</dimen>
    <dimen name="xxh_436pixels">242.22dp</dimen>
    <dimen name="xxh_437pixels">242.78dp</dimen>
    <dimen name="xxh_438pixels">243.33dp</dimen>
    <dimen name="xxh_439pixels">243.89dp</dimen>
    <dimen name="xxh_440pixels">244.44dp</dimen>
    <dimen name="xxh_441pixels">245dp</dimen>
    <dimen name="xxh_442pixels">245.56dp</dimen>
    <dimen name="xxh_443pixels">246.11dp</dimen>
    <dimen name="xxh_444pixels">246.67dp</dimen>
    <dimen name="xxh_445pixels">247.22dp</dimen>
    <dimen name="xxh_446pixels">247.78dp</dimen>
    <dimen name="xxh_447pixels">248.33dp</dimen>
    <dimen name="xxh_448pixels">248.89dp</dimen>
    <dimen name="xxh_449pixels">249.44dp</dimen>
    <dimen name="xxh_450pixels">250dp</dimen>
    <dimen name="xxh_451pixels">250.56dp</dimen>
    <dimen name="xxh_452pixels">251.11dp</dimen>
    <dimen name="xxh_453pixels">251.67dp</dimen>
    <dimen name="xxh_454pixels">252.22dp</dimen>
    <dimen name="xxh_455pixels">252.78dp</dimen>
    <dimen name="xxh_456pixels">253.33dp</dimen>
    <dimen name="xxh_457pixels">253.89dp</dimen>
    <dimen name="xxh_458pixels">254.44dp</dimen>
    <dimen name="xxh_459pixels">255dp</dimen>
    <dimen name="xxh_460pixels">255.56dp</dimen>
    <dimen name="xxh_461pixels">256.11dp</dimen>
    <dimen name="xxh_462pixels">256.67dp</dimen>
    <dimen name="xxh_463pixels">257.22dp</dimen>
    <dimen name="xxh_464pixels">257.78dp</dimen>
    <dimen name="xxh_465pixels">258.33dp</dimen>
    <dimen name="xxh_466pixels">258.89dp</dimen>
    <dimen name="xxh_467pixels">259.44dp</dimen>
    <dimen name="xxh_468pixels">260dp</dimen>
    <dimen name="xxh_469pixels">260.56dp</dimen>
    <dimen name="xxh_470pixels">261.11dp</dimen>
    <dimen name="xxh_471pixels">261.67dp</dimen>
    <dimen name="xxh_472pixels">262.22dp</dimen>
    <dimen name="xxh_473pixels">262.78dp</dimen>
    <dimen name="xxh_474pixels">263.33dp</dimen>
    <dimen name="xxh_475pixels">263.89dp</dimen>
    <dimen name="xxh_476pixels">264.44dp</dimen>
    <dimen name="xxh_477pixels">265dp</dimen>
    <dimen name="xxh_478pixels">265.56dp</dimen>
    <dimen name="xxh_479pixels">266.11dp</dimen>
    <dimen name="xxh_480pixels">266.67dp</dimen>
    <dimen name="xxh_481pixels">267.22dp</dimen>
    <dimen name="xxh_482pixels">267.78dp</dimen>
    <dimen name="xxh_483pixels">268.33dp</dimen>
    <dimen name="xxh_484pixels">268.89dp</dimen>
    <dimen name="xxh_485pixels">269.44dp</dimen>
    <dimen name="xxh_486pixels">270dp</dimen>
    <dimen name="xxh_487pixels">270.56dp</dimen>
    <dimen name="xxh_488pixels">271.11dp</dimen>
    <dimen name="xxh_489pixels">271.67dp</dimen>
    <dimen name="xxh_490pixels">272.22dp</dimen>
    <dimen name="xxh_491pixels">272.78dp</dimen>
    <dimen name="xxh_492pixels">273.33dp</dimen>
    <dimen name="xxh_493pixels">273.89dp</dimen>
    <dimen name="xxh_494pixels">274.44dp</dimen>
    <dimen name="xxh_495pixels">275dp</dimen>
    <dimen name="xxh_496pixels">275.56dp</dimen>
    <dimen name="xxh_497pixels">276.11dp</dimen>
    <dimen name="xxh_498pixels">276.67dp</dimen>
    <dimen name="xxh_499pixels">277.22dp</dimen>
    <dimen name="xxh_500pixels">277.78dp</dimen>
    <dimen name="xxh_501pixels">278.33dp</dimen>
    <dimen name="xxh_502pixels">278.89dp</dimen>
    <dimen name="xxh_503pixels">279.44dp</dimen>
    <dimen name="xxh_504pixels">280dp</dimen>
    <dimen name="xxh_505pixels">280.56dp</dimen>
    <dimen name="xxh_506pixels">281.11dp</dimen>
    <dimen name="xxh_507pixels">281.67dp</dimen>
    <dimen name="xxh_508pixels">282.22dp</dimen>
    <dimen name="xxh_509pixels">282.78dp</dimen>
    <dimen name="xxh_510pixels">283.33dp</dimen>
    <dimen name="xxh_511pixels">283.89dp</dimen>
    <dimen name="xxh_512pixels">284.44dp</dimen>
    <dimen name="xxh_513pixels">285dp</dimen>
    <dimen name="xxh_514pixels">285.56dp</dimen>
    <dimen name="xxh_515pixels">286.11dp</dimen>
    <dimen name="xxh_516pixels">286.67dp</dimen>
    <dimen name="xxh_517pixels">287.22dp</dimen>
    <dimen name="xxh_518pixels">287.78dp</dimen>
    <dimen name="xxh_519pixels">288.33dp</dimen>
    <dimen name="xxh_520pixels">288.89dp</dimen>
    <dimen name="xxh_521pixels">289.44dp</dimen>
    <dimen name="xxh_522pixels">290dp</dimen>
    <dimen name="xxh_523pixels">290.56dp</dimen>
    <dimen name="xxh_524pixels">291.11dp</dimen>
    <dimen name="xxh_525pixels">291.67dp</dimen>
    <dimen name="xxh_526pixels">292.22dp</dimen>
    <dimen name="xxh_527pixels">292.78dp</dimen>
    <dimen name="xxh_528pixels">293.33dp</dimen>
    <dimen name="xxh_529pixels">293.89dp</dimen>
    <dimen name="xxh_530pixels">294.44dp</dimen>
    <dimen name="xxh_531pixels">295dp</dimen>
    <dimen name="xxh_532pixels">295.56dp</dimen>
    <dimen name="xxh_533pixels">296.11dp</dimen>
    <dimen name="xxh_534pixels">296.67dp</dimen>
    <dimen name="xxh_535pixels">297.22dp</dimen>
    <dimen name="xxh_536pixels">297.78dp</dimen>
    <dimen name="xxh_537pixels">298.33dp</dimen>
    <dimen name="xxh_538pixels">298.89dp</dimen>
    <dimen name="xxh_539pixels">299.44dp</dimen>
    <dimen name="xxh_540pixels">300dp</dimen>
    <dimen name="xxh_541pixels">300.56dp</dimen>
    <dimen name="xxh_542pixels">301.11dp</dimen>
    <dimen name="xxh_543pixels">301.67dp</dimen>
    <dimen name="xxh_544pixels">302.22dp</dimen>
    <dimen name="xxh_545pixels">302.78dp</dimen>
    <dimen name="xxh_546pixels">303.33dp</dimen>
    <dimen name="xxh_547pixels">303.89dp</dimen>
    <dimen name="xxh_548pixels">304.44dp</dimen>
    <dimen name="xxh_549pixels">305dp</dimen>
    <dimen name="xxh_550pixels">305.56dp</dimen>
    <dimen name="xxh_551pixels">306.11dp</dimen>
    <dimen name="xxh_552pixels">306.67dp</dimen>
    <dimen name="xxh_553pixels">307.22dp</dimen>
    <dimen name="xxh_554pixels">307.78dp</dimen>
    <dimen name="xxh_555pixels">308.33dp</dimen>
    <dimen name="xxh_556pixels">308.89dp</dimen>
    <dimen name="xxh_557pixels">309.44dp</dimen>
    <dimen name="xxh_558pixels">310dp</dimen>
    <dimen name="xxh_559pixels">310.56dp</dimen>
    <dimen name="xxh_560pixels">311.11dp</dimen>
    <dimen name="xxh_561pixels">311.67dp</dimen>
    <dimen name="xxh_562pixels">312.22dp</dimen>
    <dimen name="xxh_563pixels">312.78dp</dimen>
    <dimen name="xxh_564pixels">313.33dp</dimen>
    <dimen name="xxh_565pixels">313.89dp</dimen>
    <dimen name="xxh_566pixels">314.44dp</dimen>
    <dimen name="xxh_567pixels">315dp</dimen>
    <dimen name="xxh_568pixels">315.56dp</dimen>
    <dimen name="xxh_569pixels">316.11dp</dimen>
    <dimen name="xxh_570pixels">316.67dp</dimen>
    <dimen name="xxh_571pixels">317.22dp</dimen>
    <dimen name="xxh_572pixels">317.78dp</dimen>
    <dimen name="xxh_573pixels">318.33dp</dimen>
    <dimen name="xxh_574pixels">318.89dp</dimen>
    <dimen name="xxh_575pixels">319.44dp</dimen>
    <dimen name="xxh_576pixels">320dp</dimen>
    <dimen name="xxh_577pixels">320.56dp</dimen>
    <dimen name="xxh_578pixels">321.11dp</dimen>
    <dimen name="xxh_579pixels">321.67dp</dimen>
    <dimen name="xxh_580pixels">322.22dp</dimen>
    <dimen name="xxh_581pixels">322.78dp</dimen>
    <dimen name="xxh_582pixels">323.33dp</dimen>
    <dimen name="xxh_583pixels">323.89dp</dimen>
    <dimen name="xxh_584pixels">324.44dp</dimen>
    <dimen name="xxh_585pixels">325dp</dimen>
    <dimen name="xxh_586pixels">325.56dp</dimen>
    <dimen name="xxh_587pixels">326.11dp</dimen>
    <dimen name="xxh_588pixels">326.67dp</dimen>
    <dimen name="xxh_589pixels">327.22dp</dimen>
    <dimen name="xxh_590pixels">327.78dp</dimen>
    <dimen name="xxh_591pixels">328.33dp</dimen>
    <dimen name="xxh_592pixels">328.89dp</dimen>
    <dimen name="xxh_593pixels">329.44dp</dimen>
    <dimen name="xxh_594pixels">330dp</dimen>
    <dimen name="xxh_595pixels">330.56dp</dimen>
    <dimen name="xxh_596pixels">331.11dp</dimen>
    <dimen name="xxh_597pixels">331.67dp</dimen>
    <dimen name="xxh_598pixels">332.22dp</dimen>
    <dimen name="xxh_599pixels">332.78dp</dimen>
    <dimen name="xxh_600pixels">333.33dp</dimen>
    <dimen name="xxh_601pixels">333.89dp</dimen>
    <dimen name="xxh_602pixels">334.44dp</dimen>
    <dimen name="xxh_603pixels">335dp</dimen>
    <dimen name="xxh_604pixels">335.56dp</dimen>
    <dimen name="xxh_605pixels">336.11dp</dimen>
    <dimen name="xxh_606pixels">336.67dp</dimen>
    <dimen name="xxh_607pixels">337.22dp</dimen>
    <dimen name="xxh_608pixels">337.78dp</dimen>
    <dimen name="xxh_609pixels">338.33dp</dimen>
    <dimen name="xxh_610pixels">338.89dp</dimen>
    <dimen name="xxh_611pixels">339.44dp</dimen>
    <dimen name="xxh_612pixels">340dp</dimen>
    <dimen name="xxh_613pixels">340.56dp</dimen>
    <dimen name="xxh_614pixels">341.11dp</dimen>
    <dimen name="xxh_615pixels">341.67dp</dimen>
    <dimen name="xxh_616pixels">342.22dp</dimen>
    <dimen name="xxh_617pixels">342.78dp</dimen>
    <dimen name="xxh_618pixels">343.33dp</dimen>
    <dimen name="xxh_619pixels">343.89dp</dimen>
    <dimen name="xxh_620pixels">344.44dp</dimen>
    <dimen name="xxh_621pixels">345dp</dimen>
    <dimen name="xxh_622pixels">345.56dp</dimen>
    <dimen name="xxh_623pixels">346.11dp</dimen>
    <dimen name="xxh_624pixels">346.67dp</dimen>
    <dimen name="xxh_625pixels">347.22dp</dimen>
    <dimen name="xxh_626pixels">347.78dp</dimen>
    <dimen name="xxh_627pixels">348.33dp</dimen>
    <dimen name="xxh_628pixels">348.89dp</dimen>
    <dimen name="xxh_629pixels">349.44dp</dimen>
    <dimen name="xxh_630pixels">350dp</dimen>
    <dimen name="xxh_631pixels">350.56dp</dimen>
    <dimen name="xxh_632pixels">351.11dp</dimen>
    <dimen name="xxh_633pixels">351.67dp</dimen>
    <dimen name="xxh_634pixels">352.22dp</dimen>
    <dimen name="xxh_635pixels">352.78dp</dimen>
    <dimen name="xxh_636pixels">353.33dp</dimen>
    <dimen name="xxh_637pixels">353.89dp</dimen>
    <dimen name="xxh_638pixels">354.44dp</dimen>
    <dimen name="xxh_639pixels">355dp</dimen>
    <dimen name="xxh_640pixels">355.56dp</dimen>
    <dimen name="xxh_641pixels">356.11dp</dimen>
    <dimen name="xxh_642pixels">356.67dp</dimen>
    <dimen name="xxh_643pixels">357.22dp</dimen>
    <dimen name="xxh_644pixels">357.78dp</dimen>
    <dimen name="xxh_645pixels">358.33dp</dimen>
    <dimen name="xxh_646pixels">358.89dp</dimen>
    <dimen name="xxh_647pixels">359.44dp</dimen>
    <dimen name="xxh_648pixels">360dp</dimen>
    <dimen name="xxh_649pixels">360.56dp</dimen>
    <dimen name="xxh_650pixels">361.11dp</dimen>
    <dimen name="xxh_651pixels">361.67dp</dimen>
    <dimen name="xxh_652pixels">362.22dp</dimen>
    <dimen name="xxh_653pixels">362.78dp</dimen>
    <dimen name="xxh_654pixels">363.33dp</dimen>
    <dimen name="xxh_655pixels">363.89dp</dimen>
    <dimen name="xxh_656pixels">364.44dp</dimen>
    <dimen name="xxh_657pixels">365dp</dimen>
    <dimen name="xxh_658pixels">365.56dp</dimen>
    <dimen name="xxh_659pixels">366.11dp</dimen>
    <dimen name="xxh_660pixels">366.67dp</dimen>
    <dimen name="xxh_661pixels">367.22dp</dimen>
    <dimen name="xxh_662pixels">367.78dp</dimen>
    <dimen name="xxh_663pixels">368.33dp</dimen>
    <dimen name="xxh_664pixels">368.89dp</dimen>
    <dimen name="xxh_665pixels">369.44dp</dimen>
    <dimen name="xxh_666pixels">370dp</dimen>
    <dimen name="xxh_667pixels">370.56dp</dimen>
    <dimen name="xxh_668pixels">371.11dp</dimen>
    <dimen name="xxh_669pixels">371.67dp</dimen>
    <dimen name="xxh_670pixels">372.22dp</dimen>
    <dimen name="xxh_671pixels">372.78dp</dimen>
    <dimen name="xxh_672pixels">373.33dp</dimen>
    <dimen name="xxh_673pixels">373.89dp</dimen>
    <dimen name="xxh_674pixels">374.44dp</dimen>
    <dimen name="xxh_675pixels">375dp</dimen>
    <dimen name="xxh_676pixels">375.56dp</dimen>
    <dimen name="xxh_677pixels">376.11dp</dimen>
    <dimen name="xxh_678pixels">376.67dp</dimen>
    <dimen name="xxh_679pixels">377.22dp</dimen>
    <dimen name="xxh_680pixels">377.78dp</dimen>
    <dimen name="xxh_681pixels">378.33dp</dimen>
    <dimen name="xxh_682pixels">378.89dp</dimen>
    <dimen name="xxh_683pixels">379.44dp</dimen>
    <dimen name="xxh_684pixels">380dp</dimen>
    <dimen name="xxh_685pixels">380.56dp</dimen>
    <dimen name="xxh_686pixels">381.11dp</dimen>
    <dimen name="xxh_687pixels">381.67dp</dimen>
    <dimen name="xxh_688pixels">382.22dp</dimen>
    <dimen name="xxh_689pixels">382.78dp</dimen>
    <dimen name="xxh_690pixels">383.33dp</dimen>
    <dimen name="xxh_691pixels">383.89dp</dimen>
    <dimen name="xxh_692pixels">384.44dp</dimen>
    <dimen name="xxh_693pixels">385dp</dimen>
    <dimen name="xxh_694pixels">385.56dp</dimen>
    <dimen name="xxh_695pixels">386.11dp</dimen>
    <dimen name="xxh_696pixels">386.67dp</dimen>
    <dimen name="xxh_697pixels">387.22dp</dimen>
    <dimen name="xxh_698pixels">387.78dp</dimen>
    <dimen name="xxh_699pixels">388.33dp</dimen>
    <dimen name="xxh_700pixels">388.89dp</dimen>
    <dimen name="xxh_701pixels">389.44dp</dimen>
    <dimen name="xxh_702pixels">390dp</dimen>
    <dimen name="xxh_703pixels">390.56dp</dimen>
    <dimen name="xxh_704pixels">391.11dp</dimen>
    <dimen name="xxh_705pixels">391.67dp</dimen>
    <dimen name="xxh_706pixels">392.22dp</dimen>
    <dimen name="xxh_707pixels">392.78dp</dimen>
    <dimen name="xxh_708pixels">393.33dp</dimen>
    <dimen name="xxh_709pixels">393.89dp</dimen>
    <dimen name="xxh_710pixels">394.44dp</dimen>
    <dimen name="xxh_711pixels">395dp</dimen>
    <dimen name="xxh_712pixels">395.56dp</dimen>
    <dimen name="xxh_713pixels">396.11dp</dimen>
    <dimen name="xxh_714pixels">396.67dp</dimen>
    <dimen name="xxh_715pixels">397.22dp</dimen>
    <dimen name="xxh_716pixels">397.78dp</dimen>
    <dimen name="xxh_717pixels">398.33dp</dimen>
    <dimen name="xxh_718pixels">398.89dp</dimen>
    <dimen name="xxh_719pixels">399.44dp</dimen>
    <dimen name="xxh_720pixels">400dp</dimen>
    <dimen name="xxh_721pixels">400.56dp</dimen>
    <dimen name="xxh_722pixels">401.11dp</dimen>
    <dimen name="xxh_723pixels">401.67dp</dimen>
    <dimen name="xxh_724pixels">402.22dp</dimen>
    <dimen name="xxh_725pixels">402.78dp</dimen>
    <dimen name="xxh_726pixels">403.33dp</dimen>
    <dimen name="xxh_727pixels">403.89dp</dimen>
    <dimen name="xxh_728pixels">404.44dp</dimen>
    <dimen name="xxh_729pixels">405dp</dimen>
    <dimen name="xxh_730pixels">405.56dp</dimen>
    <dimen name="xxh_731pixels">406.11dp</dimen>
    <dimen name="xxh_732pixels">406.67dp</dimen>
    <dimen name="xxh_733pixels">407.22dp</dimen>
    <dimen name="xxh_734pixels">407.78dp</dimen>
    <dimen name="xxh_735pixels">408.33dp</dimen>
    <dimen name="xxh_736pixels">408.89dp</dimen>
    <dimen name="xxh_737pixels">409.44dp</dimen>
    <dimen name="xxh_738pixels">410dp</dimen>
    <dimen name="xxh_739pixels">410.56dp</dimen>
    <dimen name="xxh_740pixels">411.11dp</dimen>
    <dimen name="xxh_741pixels">411.67dp</dimen>
    <dimen name="xxh_742pixels">412.22dp</dimen>
    <dimen name="xxh_743pixels">412.78dp</dimen>
    <dimen name="xxh_744pixels">413.33dp</dimen>
    <dimen name="xxh_745pixels">413.89dp</dimen>
    <dimen name="xxh_746pixels">414.44dp</dimen>
    <dimen name="xxh_747pixels">415dp</dimen>
    <dimen name="xxh_748pixels">415.56dp</dimen>
    <dimen name="xxh_749pixels">416.11dp</dimen>
    <dimen name="xxh_750pixels">416.67dp</dimen>
    <dimen name="xxh_751pixels">417.22dp</dimen>
    <dimen name="xxh_752pixels">417.78dp</dimen>
    <dimen name="xxh_753pixels">418.33dp</dimen>
    <dimen name="xxh_754pixels">418.89dp</dimen>
    <dimen name="xxh_755pixels">419.44dp</dimen>
    <dimen name="xxh_756pixels">420dp</dimen>
    <dimen name="xxh_757pixels">420.56dp</dimen>
    <dimen name="xxh_758pixels">421.11dp</dimen>
    <dimen name="xxh_759pixels">421.67dp</dimen>
    <dimen name="xxh_760pixels">422.22dp</dimen>
    <dimen name="xxh_761pixels">422.78dp</dimen>
    <dimen name="xxh_762pixels">423.33dp</dimen>
    <dimen name="xxh_763pixels">423.89dp</dimen>
    <dimen name="xxh_764pixels">424.44dp</dimen>
    <dimen name="xxh_765pixels">425dp</dimen>
    <dimen name="xxh_766pixels">425.56dp</dimen>
    <dimen name="xxh_767pixels">426.11dp</dimen>
    <dimen name="xxh_768pixels">426.67dp</dimen>
    <dimen name="xxh_769pixels">427.22dp</dimen>
    <dimen name="xxh_770pixels">427.78dp</dimen>
    <dimen name="xxh_771pixels">428.33dp</dimen>
    <dimen name="xxh_772pixels">428.89dp</dimen>
    <dimen name="xxh_773pixels">429.44dp</dimen>
    <dimen name="xxh_774pixels">430dp</dimen>
    <dimen name="xxh_775pixels">430.56dp</dimen>
    <dimen name="xxh_776pixels">431.11dp</dimen>
    <dimen name="xxh_777pixels">431.67dp</dimen>
    <dimen name="xxh_778pixels">432.22dp</dimen>
    <dimen name="xxh_779pixels">432.78dp</dimen>
    <dimen name="xxh_780pixels">433.33dp</dimen>
    <dimen name="xxh_781pixels">433.89dp</dimen>
    <dimen name="xxh_782pixels">434.44dp</dimen>
    <dimen name="xxh_783pixels">435dp</dimen>
    <dimen name="xxh_784pixels">435.56dp</dimen>
    <dimen name="xxh_785pixels">436.11dp</dimen>
    <dimen name="xxh_786pixels">436.67dp</dimen>
    <dimen name="xxh_787pixels">437.22dp</dimen>
    <dimen name="xxh_788pixels">437.78dp</dimen>
    <dimen name="xxh_789pixels">438.33dp</dimen>
    <dimen name="xxh_790pixels">438.89dp</dimen>
    <dimen name="xxh_791pixels">439.44dp</dimen>
    <dimen name="xxh_792pixels">440dp</dimen>
    <dimen name="xxh_793pixels">440.56dp</dimen>
    <dimen name="xxh_794pixels">441.11dp</dimen>
    <dimen name="xxh_795pixels">441.67dp</dimen>
    <dimen name="xxh_796pixels">442.22dp</dimen>
    <dimen name="xxh_797pixels">442.78dp</dimen>
    <dimen name="xxh_798pixels">443.33dp</dimen>
    <dimen name="xxh_799pixels">443.89dp</dimen>
    <dimen name="xxh_800pixels">444.44dp</dimen>
    <dimen name="xxh_801pixels">445dp</dimen>
    <dimen name="xxh_802pixels">445.56dp</dimen>
    <dimen name="xxh_803pixels">446.11dp</dimen>
    <dimen name="xxh_804pixels">446.67dp</dimen>
    <dimen name="xxh_805pixels">447.22dp</dimen>
    <dimen name="xxh_806pixels">447.78dp</dimen>
    <dimen name="xxh_807pixels">448.33dp</dimen>
    <dimen name="xxh_808pixels">448.89dp</dimen>
    <dimen name="xxh_809pixels">449.44dp</dimen>
    <dimen name="xxh_810pixels">450dp</dimen>
    <dimen name="xxh_811pixels">450.56dp</dimen>
    <dimen name="xxh_812pixels">451.11dp</dimen>
    <dimen name="xxh_813pixels">451.67dp</dimen>
    <dimen name="xxh_814pixels">452.22dp</dimen>
    <dimen name="xxh_815pixels">452.78dp</dimen>
    <dimen name="xxh_816pixels">453.33dp</dimen>
    <dimen name="xxh_817pixels">453.89dp</dimen>
    <dimen name="xxh_818pixels">454.44dp</dimen>
    <dimen name="xxh_819pixels">455dp</dimen>
    <dimen name="xxh_820pixels">455.56dp</dimen>
    <dimen name="xxh_821pixels">456.11dp</dimen>
    <dimen name="xxh_822pixels">456.67dp</dimen>
    <dimen name="xxh_823pixels">457.22dp</dimen>
    <dimen name="xxh_824pixels">457.78dp</dimen>
    <dimen name="xxh_825pixels">458.33dp</dimen>
    <dimen name="xxh_826pixels">458.89dp</dimen>
    <dimen name="xxh_827pixels">459.44dp</dimen>
    <dimen name="xxh_828pixels">460dp</dimen>
    <dimen name="xxh_829pixels">460.56dp</dimen>
    <dimen name="xxh_830pixels">461.11dp</dimen>
    <dimen name="xxh_831pixels">461.67dp</dimen>
    <dimen name="xxh_832pixels">462.22dp</dimen>
    <dimen name="xxh_833pixels">462.78dp</dimen>
    <dimen name="xxh_834pixels">463.33dp</dimen>
    <dimen name="xxh_835pixels">463.89dp</dimen>
    <dimen name="xxh_836pixels">464.44dp</dimen>
    <dimen name="xxh_837pixels">465dp</dimen>
    <dimen name="xxh_838pixels">465.56dp</dimen>
    <dimen name="xxh_839pixels">466.11dp</dimen>
    <dimen name="xxh_840pixels">466.67dp</dimen>
    <dimen name="xxh_841pixels">467.22dp</dimen>
    <dimen name="xxh_842pixels">467.78dp</dimen>
    <dimen name="xxh_843pixels">468.33dp</dimen>
    <dimen name="xxh_844pixels">468.89dp</dimen>
    <dimen name="xxh_845pixels">469.44dp</dimen>
    <dimen name="xxh_846pixels">470dp</dimen>
    <dimen name="xxh_847pixels">470.56dp</dimen>
    <dimen name="xxh_848pixels">471.11dp</dimen>
    <dimen name="xxh_849pixels">471.67dp</dimen>
    <dimen name="xxh_850pixels">472.22dp</dimen>
    <dimen name="xxh_851pixels">472.78dp</dimen>
    <dimen name="xxh_852pixels">473.33dp</dimen>
    <dimen name="xxh_853pixels">473.89dp</dimen>
    <dimen name="xxh_854pixels">474.44dp</dimen>
    <dimen name="xxh_855pixels">475dp</dimen>
    <dimen name="xxh_856pixels">475.56dp</dimen>
    <dimen name="xxh_857pixels">476.11dp</dimen>
    <dimen name="xxh_858pixels">476.67dp</dimen>
    <dimen name="xxh_859pixels">477.22dp</dimen>
    <dimen name="xxh_860pixels">477.78dp</dimen>
    <dimen name="xxh_861pixels">478.33dp</dimen>
    <dimen name="xxh_862pixels">478.89dp</dimen>
    <dimen name="xxh_863pixels">479.44dp</dimen>
    <dimen name="xxh_864pixels">480dp</dimen>
    <dimen name="xxh_865pixels">480.56dp</dimen>
    <dimen name="xxh_866pixels">481.11dp</dimen>
    <dimen name="xxh_867pixels">481.67dp</dimen>
    <dimen name="xxh_868pixels">482.22dp</dimen>
    <dimen name="xxh_869pixels">482.78dp</dimen>
    <dimen name="xxh_870pixels">483.33dp</dimen>
    <dimen name="xxh_871pixels">483.89dp</dimen>
    <dimen name="xxh_872pixels">484.44dp</dimen>
    <dimen name="xxh_873pixels">485dp</dimen>
    <dimen name="xxh_874pixels">485.56dp</dimen>
    <dimen name="xxh_875pixels">486.11dp</dimen>
    <dimen name="xxh_876pixels">486.67dp</dimen>
    <dimen name="xxh_877pixels">487.22dp</dimen>
    <dimen name="xxh_878pixels">487.78dp</dimen>
    <dimen name="xxh_879pixels">488.33dp</dimen>
    <dimen name="xxh_880pixels">488.89dp</dimen>
    <dimen name="xxh_881pixels">489.44dp</dimen>
    <dimen name="xxh_882pixels">490dp</dimen>
    <dimen name="xxh_883pixels">490.56dp</dimen>
    <dimen name="xxh_884pixels">491.11dp</dimen>
    <dimen name="xxh_885pixels">491.67dp</dimen>
    <dimen name="xxh_886pixels">492.22dp</dimen>
    <dimen name="xxh_887pixels">492.78dp</dimen>
    <dimen name="xxh_888pixels">493.33dp</dimen>
    <dimen name="xxh_889pixels">493.89dp</dimen>
    <dimen name="xxh_890pixels">494.44dp</dimen>
    <dimen name="xxh_891pixels">495dp</dimen>
    <dimen name="xxh_892pixels">495.56dp</dimen>
    <dimen name="xxh_893pixels">496.11dp</dimen>
    <dimen name="xxh_894pixels">496.67dp</dimen>
    <dimen name="xxh_895pixels">497.22dp</dimen>
    <dimen name="xxh_896pixels">497.78dp</dimen>
    <dimen name="xxh_897pixels">498.33dp</dimen>
    <dimen name="xxh_898pixels">498.89dp</dimen>
    <dimen name="xxh_899pixels">499.44dp</dimen>
    <dimen name="xxh_900pixels">500dp</dimen>
    <dimen name="xxh_901pixels">500.56dp</dimen>
    <dimen name="xxh_902pixels">501.11dp</dimen>
    <dimen name="xxh_903pixels">501.67dp</dimen>
    <dimen name="xxh_904pixels">502.22dp</dimen>
    <dimen name="xxh_905pixels">502.78dp</dimen>
    <dimen name="xxh_906pixels">503.33dp</dimen>
    <dimen name="xxh_907pixels">503.89dp</dimen>
    <dimen name="xxh_908pixels">504.44dp</dimen>
    <dimen name="xxh_909pixels">505dp</dimen>
    <dimen name="xxh_910pixels">505.56dp</dimen>
    <dimen name="xxh_911pixels">506.11dp</dimen>
    <dimen name="xxh_912pixels">506.67dp</dimen>
    <dimen name="xxh_913pixels">507.22dp</dimen>
    <dimen name="xxh_914pixels">507.78dp</dimen>
    <dimen name="xxh_915pixels">508.33dp</dimen>
    <dimen name="xxh_916pixels">508.89dp</dimen>
    <dimen name="xxh_917pixels">509.44dp</dimen>
    <dimen name="xxh_918pixels">510dp</dimen>
    <dimen name="xxh_919pixels">510.56dp</dimen>
    <dimen name="xxh_920pixels">511.11dp</dimen>
    <dimen name="xxh_921pixels">511.67dp</dimen>
    <dimen name="xxh_922pixels">512.22dp</dimen>
    <dimen name="xxh_923pixels">512.78dp</dimen>
    <dimen name="xxh_924pixels">513.33dp</dimen>
    <dimen name="xxh_925pixels">513.89dp</dimen>
    <dimen name="xxh_926pixels">514.44dp</dimen>
    <dimen name="xxh_927pixels">515dp</dimen>
    <dimen name="xxh_928pixels">515.56dp</dimen>
    <dimen name="xxh_929pixels">516.11dp</dimen>
    <dimen name="xxh_930pixels">516.67dp</dimen>
    <dimen name="xxh_931pixels">517.22dp</dimen>
    <dimen name="xxh_932pixels">517.78dp</dimen>
    <dimen name="xxh_933pixels">518.33dp</dimen>
    <dimen name="xxh_934pixels">518.89dp</dimen>
    <dimen name="xxh_935pixels">519.44dp</dimen>
    <dimen name="xxh_936pixels">520dp</dimen>
    <dimen name="xxh_937pixels">520.56dp</dimen>
    <dimen name="xxh_938pixels">521.11dp</dimen>
    <dimen name="xxh_939pixels">521.67dp</dimen>
    <dimen name="xxh_940pixels">522.22dp</dimen>
    <dimen name="xxh_941pixels">522.78dp</dimen>
    <dimen name="xxh_942pixels">523.33dp</dimen>
    <dimen name="xxh_943pixels">523.89dp</dimen>
    <dimen name="xxh_944pixels">524.44dp</dimen>
    <dimen name="xxh_945pixels">525dp</dimen>
    <dimen name="xxh_946pixels">525.56dp</dimen>
    <dimen name="xxh_947pixels">526.11dp</dimen>
    <dimen name="xxh_948pixels">526.67dp</dimen>
    <dimen name="xxh_949pixels">527.22dp</dimen>
    <dimen name="xxh_950pixels">527.78dp</dimen>
    <dimen name="xxh_951pixels">528.33dp</dimen>
    <dimen name="xxh_952pixels">528.89dp</dimen>
    <dimen name="xxh_953pixels">529.44dp</dimen>
    <dimen name="xxh_954pixels">530dp</dimen>
    <dimen name="xxh_955pixels">530.56dp</dimen>
    <dimen name="xxh_956pixels">531.11dp</dimen>
    <dimen name="xxh_957pixels">531.67dp</dimen>
    <dimen name="xxh_958pixels">532.22dp</dimen>
    <dimen name="xxh_959pixels">532.78dp</dimen>
    <dimen name="xxh_960pixels">533.33dp</dimen>
    <dimen name="xxh_961pixels">533.89dp</dimen>
    <dimen name="xxh_962pixels">534.44dp</dimen>
    <dimen name="xxh_963pixels">535dp</dimen>
    <dimen name="xxh_964pixels">535.56dp</dimen>
    <dimen name="xxh_965pixels">536.11dp</dimen>
    <dimen name="xxh_966pixels">536.67dp</dimen>
    <dimen name="xxh_967pixels">537.22dp</dimen>
    <dimen name="xxh_968pixels">537.78dp</dimen>
    <dimen name="xxh_969pixels">538.33dp</dimen>
    <dimen name="xxh_970pixels">538.89dp</dimen>
    <dimen name="xxh_971pixels">539.44dp</dimen>
    <dimen name="xxh_972pixels">540dp</dimen>
    <dimen name="xxh_973pixels">540.56dp</dimen>
    <dimen name="xxh_974pixels">541.11dp</dimen>
    <dimen name="xxh_975pixels">541.67dp</dimen>
    <dimen name="xxh_976pixels">542.22dp</dimen>
    <dimen name="xxh_977pixels">542.78dp</dimen>
    <dimen name="xxh_978pixels">543.33dp</dimen>
    <dimen name="xxh_979pixels">543.89dp</dimen>
    <dimen name="xxh_980pixels">544.44dp</dimen>
    <dimen name="xxh_981pixels">545dp</dimen>
    <dimen name="xxh_982pixels">545.56dp</dimen>
    <dimen name="xxh_983pixels">546.11dp</dimen>
    <dimen name="xxh_984pixels">546.67dp</dimen>
    <dimen name="xxh_985pixels">547.22dp</dimen>
    <dimen name="xxh_986pixels">547.78dp</dimen>
    <dimen name="xxh_987pixels">548.33dp</dimen>
    <dimen name="xxh_988pixels">548.89dp</dimen>
    <dimen name="xxh_989pixels">549.44dp</dimen>
    <dimen name="xxh_990pixels">550dp</dimen>
    <dimen name="xxh_991pixels">550.56dp</dimen>
    <dimen name="xxh_992pixels">551.11dp</dimen>
    <dimen name="xxh_993pixels">551.67dp</dimen>
    <dimen name="xxh_994pixels">552.22dp</dimen>
    <dimen name="xxh_995pixels">552.78dp</dimen>
    <dimen name="xxh_996pixels">553.33dp</dimen>
    <dimen name="xxh_997pixels">553.89dp</dimen>
    <dimen name="xxh_998pixels">554.44dp</dimen>
    <dimen name="xxh_999pixels">555dp</dimen>
    <dimen name="xxh_1000pixels">555.56dp</dimen>
    <dimen name="xxh_1001pixels">556.11dp</dimen>
    <dimen name="xxh_1002pixels">556.67dp</dimen>
    <dimen name="xxh_1003pixels">557.22dp</dimen>
    <dimen name="xxh_1004pixels">557.78dp</dimen>
    <dimen name="xxh_1005pixels">558.33dp</dimen>
    <dimen name="xxh_1006pixels">558.89dp</dimen>
    <dimen name="xxh_1007pixels">559.44dp</dimen>
    <dimen name="xxh_1008pixels">560dp</dimen>
    <dimen name="xxh_1009pixels">560.56dp</dimen>
    <dimen name="xxh_1010pixels">561.11dp</dimen>
    <dimen name="xxh_1011pixels">561.67dp</dimen>
    <dimen name="xxh_1012pixels">562.22dp</dimen>
    <dimen name="xxh_1013pixels">562.78dp</dimen>
    <dimen name="xxh_1014pixels">563.33dp</dimen>
    <dimen name="xxh_1015pixels">563.89dp</dimen>
    <dimen name="xxh_1016pixels">564.44dp</dimen>
    <dimen name="xxh_1017pixels">565dp</dimen>
    <dimen name="xxh_1018pixels">565.56dp</dimen>
    <dimen name="xxh_1019pixels">566.11dp</dimen>
    <dimen name="xxh_1020pixels">566.67dp</dimen>
    <dimen name="xxh_1021pixels">567.22dp</dimen>
    <dimen name="xxh_1022pixels">567.78dp</dimen>
    <dimen name="xxh_1023pixels">568.33dp</dimen>
    <dimen name="xxh_1024pixels">568.89dp</dimen>
    <dimen name="xxh_1025pixels">569.44dp</dimen>
    <dimen name="xxh_1026pixels">570dp</dimen>
    <dimen name="xxh_1027pixels">570.56dp</dimen>
    <dimen name="xxh_1028pixels">571.11dp</dimen>
    <dimen name="xxh_1029pixels">571.67dp</dimen>
    <dimen name="xxh_1030pixels">572.22dp</dimen>
    <dimen name="xxh_1031pixels">572.78dp</dimen>
    <dimen name="xxh_1032pixels">573.33dp</dimen>
    <dimen name="xxh_1033pixels">573.89dp</dimen>
    <dimen name="xxh_1034pixels">574.44dp</dimen>
    <dimen name="xxh_1035pixels">575dp</dimen>
    <dimen name="xxh_1036pixels">575.56dp</dimen>
    <dimen name="xxh_1037pixels">576.11dp</dimen>
    <dimen name="xxh_1038pixels">576.67dp</dimen>
    <dimen name="xxh_1039pixels">577.22dp</dimen>
    <dimen name="xxh_1040pixels">577.78dp</dimen>
    <dimen name="xxh_1041pixels">578.33dp</dimen>
    <dimen name="xxh_1042pixels">578.89dp</dimen>
    <dimen name="xxh_1043pixels">579.44dp</dimen>
    <dimen name="xxh_1044pixels">580dp</dimen>
    <dimen name="xxh_1045pixels">580.56dp</dimen>
    <dimen name="xxh_1046pixels">581.11dp</dimen>
    <dimen name="xxh_1047pixels">581.67dp</dimen>
    <dimen name="xxh_1048pixels">582.22dp</dimen>
    <dimen name="xxh_1049pixels">582.78dp</dimen>
    <dimen name="xxh_1050pixels">583.33dp</dimen>
    <dimen name="xxh_1051pixels">583.89dp</dimen>
    <dimen name="xxh_1052pixels">584.44dp</dimen>
    <dimen name="xxh_1053pixels">585dp</dimen>
    <dimen name="xxh_1054pixels">585.56dp</dimen>
    <dimen name="xxh_1055pixels">586.11dp</dimen>
    <dimen name="xxh_1056pixels">586.67dp</dimen>
    <dimen name="xxh_1057pixels">587.22dp</dimen>
    <dimen name="xxh_1058pixels">587.78dp</dimen>
    <dimen name="xxh_1059pixels">588.33dp</dimen>
    <dimen name="xxh_1060pixels">588.89dp</dimen>
    <dimen name="xxh_1061pixels">589.44dp</dimen>
    <dimen name="xxh_1062pixels">590dp</dimen>
    <dimen name="xxh_1063pixels">590.56dp</dimen>
    <dimen name="xxh_1064pixels">591.11dp</dimen>
    <dimen name="xxh_1065pixels">591.67dp</dimen>
    <dimen name="xxh_1066pixels">592.22dp</dimen>
    <dimen name="xxh_1067pixels">592.78dp</dimen>
    <dimen name="xxh_1068pixels">593.33dp</dimen>
    <dimen name="xxh_1069pixels">593.89dp</dimen>
    <dimen name="xxh_1070pixels">594.44dp</dimen>
    <dimen name="xxh_1071pixels">595dp</dimen>
    <dimen name="xxh_1072pixels">595.56dp</dimen>
    <dimen name="xxh_1073pixels">596.11dp</dimen>
    <dimen name="xxh_1074pixels">596.67dp</dimen>
    <dimen name="xxh_1075pixels">597.22dp</dimen>
    <dimen name="xxh_1076pixels">597.78dp</dimen>
    <dimen name="xxh_1077pixels">598.33dp</dimen>
    <dimen name="xxh_1078pixels">598.89dp</dimen>
    <dimen name="xxh_1079pixels">599.44dp</dimen>
    <dimen name="xxh_1080pixels">600dp</dimen>
    <dimen name="xxh_1081pixels">600.56dp</dimen>
    <dimen name="xxh_1082pixels">601.11dp</dimen>
    <dimen name="xxh_1083pixels">601.67dp</dimen>
    <dimen name="xxh_1084pixels">602.22dp</dimen>
    <dimen name="xxh_1085pixels">602.78dp</dimen>
    <dimen name="xxh_1086pixels">603.33dp</dimen>
    <dimen name="xxh_1087pixels">603.89dp</dimen>
    <dimen name="xxh_1088pixels">604.44dp</dimen>
    <dimen name="xxh_1089pixels">605dp</dimen>
    <dimen name="xxh_1090pixels">605.56dp</dimen>
    <dimen name="xxh_1091pixels">606.11dp</dimen>
    <dimen name="xxh_1092pixels">606.67dp</dimen>
    <dimen name="xxh_1093pixels">607.22dp</dimen>
    <dimen name="xxh_1094pixels">607.78dp</dimen>
    <dimen name="xxh_1095pixels">608.33dp</dimen>
    <dimen name="xxh_1096pixels">608.89dp</dimen>
    <dimen name="xxh_1097pixels">609.44dp</dimen>
    <dimen name="xxh_1098pixels">610dp</dimen>
    <dimen name="xxh_1099pixels">610.56dp</dimen>
    <dimen name="xxh_1100pixels">611.11dp</dimen>
    <dimen name="xxh_1101pixels">611.67dp</dimen>
    <dimen name="xxh_1102pixels">612.22dp</dimen>
    <dimen name="xxh_1103pixels">612.78dp</dimen>
    <dimen name="xxh_1104pixels">613.33dp</dimen>
    <dimen name="xxh_1105pixels">613.89dp</dimen>
    <dimen name="xxh_1106pixels">614.44dp</dimen>
    <dimen name="xxh_1107pixels">615dp</dimen>
    <dimen name="xxh_1108pixels">615.56dp</dimen>
    <dimen name="xxh_1109pixels">616.11dp</dimen>
    <dimen name="xxh_1110pixels">616.67dp</dimen>
    <dimen name="xxh_1111pixels">617.22dp</dimen>
    <dimen name="xxh_1112pixels">617.78dp</dimen>
    <dimen name="xxh_1113pixels">618.33dp</dimen>
    <dimen name="xxh_1114pixels">618.89dp</dimen>
    <dimen name="xxh_1115pixels">619.44dp</dimen>
    <dimen name="xxh_1116pixels">620dp</dimen>
    <dimen name="xxh_1117pixels">620.56dp</dimen>
    <dimen name="xxh_1118pixels">621.11dp</dimen>
    <dimen name="xxh_1119pixels">621.67dp</dimen>
    <dimen name="xxh_1120pixels">622.22dp</dimen>
    <dimen name="xxh_1121pixels">622.78dp</dimen>
    <dimen name="xxh_1122pixels">623.33dp</dimen>
    <dimen name="xxh_1123pixels">623.89dp</dimen>
    <dimen name="xxh_1124pixels">624.44dp</dimen>
    <dimen name="xxh_1125pixels">625dp</dimen>
    <dimen name="xxh_1126pixels">625.56dp</dimen>
    <dimen name="xxh_1127pixels">626.11dp</dimen>
    <dimen name="xxh_1128pixels">626.67dp</dimen>
    <dimen name="xxh_1129pixels">627.22dp</dimen>
    <dimen name="xxh_1130pixels">627.78dp</dimen>
    <dimen name="xxh_1131pixels">628.33dp</dimen>
    <dimen name="xxh_1132pixels">628.89dp</dimen>
    <dimen name="xxh_1133pixels">629.44dp</dimen>
    <dimen name="xxh_1134pixels">630dp</dimen>
    <dimen name="xxh_1135pixels">630.56dp</dimen>
    <dimen name="xxh_1136pixels">631.11dp</dimen>
    <dimen name="xxh_1137pixels">631.67dp</dimen>
    <dimen name="xxh_1138pixels">632.22dp</dimen>
    <dimen name="xxh_1139pixels">632.78dp</dimen>
    <dimen name="xxh_1140pixels">633.33dp</dimen>
    <dimen name="xxh_1141pixels">633.89dp</dimen>
    <dimen name="xxh_1142pixels">634.44dp</dimen>
    <dimen name="xxh_1143pixels">635dp</dimen>
    <dimen name="xxh_1144pixels">635.56dp</dimen>
    <dimen name="xxh_1145pixels">636.11dp</dimen>
    <dimen name="xxh_1146pixels">636.67dp</dimen>
    <dimen name="xxh_1147pixels">637.22dp</dimen>
    <dimen name="xxh_1148pixels">637.78dp</dimen>
    <dimen name="xxh_1149pixels">638.33dp</dimen>
    <dimen name="xxh_1150pixels">638.89dp</dimen>
    <dimen name="xxh_1151pixels">639.44dp</dimen>
    <dimen name="xxh_1152pixels">640dp</dimen>
    <dimen name="xxh_1153pixels">640.56dp</dimen>
    <dimen name="xxh_1154pixels">641.11dp</dimen>
    <dimen name="xxh_1155pixels">641.67dp</dimen>
    <dimen name="xxh_1156pixels">642.22dp</dimen>
    <dimen name="xxh_1157pixels">642.78dp</dimen>
    <dimen name="xxh_1158pixels">643.33dp</dimen>
    <dimen name="xxh_1159pixels">643.89dp</dimen>
    <dimen name="xxh_1160pixels">644.44dp</dimen>
    <dimen name="xxh_1161pixels">645dp</dimen>
    <dimen name="xxh_1162pixels">645.56dp</dimen>
    <dimen name="xxh_1163pixels">646.11dp</dimen>
    <dimen name="xxh_1164pixels">646.67dp</dimen>
    <dimen name="xxh_1165pixels">647.22dp</dimen>
    <dimen name="xxh_1166pixels">647.78dp</dimen>
    <dimen name="xxh_1167pixels">648.33dp</dimen>
    <dimen name="xxh_1168pixels">648.89dp</dimen>
    <dimen name="xxh_1169pixels">649.44dp</dimen>
    <dimen name="xxh_1170pixels">650dp</dimen>
    <dimen name="xxh_1171pixels">650.56dp</dimen>
    <dimen name="xxh_1172pixels">651.11dp</dimen>
    <dimen name="xxh_1173pixels">651.67dp</dimen>
    <dimen name="xxh_1174pixels">652.22dp</dimen>
    <dimen name="xxh_1175pixels">652.78dp</dimen>
    <dimen name="xxh_1176pixels">653.33dp</dimen>
    <dimen name="xxh_1177pixels">653.89dp</dimen>
    <dimen name="xxh_1178pixels">654.44dp</dimen>
    <dimen name="xxh_1179pixels">655dp</dimen>
    <dimen name="xxh_1180pixels">655.56dp</dimen>
    <dimen name="xxh_1181pixels">656.11dp</dimen>
    <dimen name="xxh_1182pixels">656.67dp</dimen>
    <dimen name="xxh_1183pixels">657.22dp</dimen>
    <dimen name="xxh_1184pixels">657.78dp</dimen>
    <dimen name="xxh_1185pixels">658.33dp</dimen>
    <dimen name="xxh_1186pixels">658.89dp</dimen>
    <dimen name="xxh_1187pixels">659.44dp</dimen>
    <dimen name="xxh_1188pixels">660dp</dimen>
    <dimen name="xxh_1189pixels">660.56dp</dimen>
    <dimen name="xxh_1190pixels">661.11dp</dimen>
    <dimen name="xxh_1191pixels">661.67dp</dimen>
    <dimen name="xxh_1192pixels">662.22dp</dimen>
    <dimen name="xxh_1193pixels">662.78dp</dimen>
    <dimen name="xxh_1194pixels">663.33dp</dimen>
    <dimen name="xxh_1195pixels">663.89dp</dimen>
    <dimen name="xxh_1196pixels">664.44dp</dimen>
    <dimen name="xxh_1197pixels">665dp</dimen>
    <dimen name="xxh_1198pixels">665.56dp</dimen>
    <dimen name="xxh_1199pixels">666.11dp</dimen>
    <dimen name="xxh_1200pixels">666.67dp</dimen>
    <dimen name="xxh_1201pixels">667.22dp</dimen>
    <dimen name="xxh_1202pixels">667.78dp</dimen>
    <dimen name="xxh_1203pixels">668.33dp</dimen>
    <dimen name="xxh_1204pixels">668.89dp</dimen>
    <dimen name="xxh_1205pixels">669.44dp</dimen>
    <dimen name="xxh_1206pixels">670dp</dimen>
    <dimen name="xxh_1207pixels">670.56dp</dimen>
    <dimen name="xxh_1208pixels">671.11dp</dimen>
    <dimen name="xxh_1209pixels">671.67dp</dimen>
    <dimen name="xxh_1210pixels">672.22dp</dimen>
    <dimen name="xxh_1211pixels">672.78dp</dimen>
    <dimen name="xxh_1212pixels">673.33dp</dimen>
    <dimen name="xxh_1213pixels">673.89dp</dimen>
    <dimen name="xxh_1214pixels">674.44dp</dimen>
    <dimen name="xxh_1215pixels">675dp</dimen>
    <dimen name="xxh_1216pixels">675.56dp</dimen>
    <dimen name="xxh_1217pixels">676.11dp</dimen>
    <dimen name="xxh_1218pixels">676.67dp</dimen>
    <dimen name="xxh_1219pixels">677.22dp</dimen>
    <dimen name="xxh_1220pixels">677.78dp</dimen>
    <dimen name="xxh_1221pixels">678.33dp</dimen>
    <dimen name="xxh_1222pixels">678.89dp</dimen>
    <dimen name="xxh_1223pixels">679.44dp</dimen>
    <dimen name="xxh_1224pixels">680dp</dimen>
    <dimen name="xxh_1225pixels">680.56dp</dimen>
    <dimen name="xxh_1226pixels">681.11dp</dimen>
    <dimen name="xxh_1227pixels">681.67dp</dimen>
    <dimen name="xxh_1228pixels">682.22dp</dimen>
    <dimen name="xxh_1229pixels">682.78dp</dimen>
    <dimen name="xxh_1230pixels">683.33dp</dimen>
    <dimen name="xxh_1231pixels">683.89dp</dimen>
    <dimen name="xxh_1232pixels">684.44dp</dimen>
    <dimen name="xxh_1233pixels">685dp</dimen>
    <dimen name="xxh_1234pixels">685.56dp</dimen>
    <dimen name="xxh_1235pixels">686.11dp</dimen>
    <dimen name="xxh_1236pixels">686.67dp</dimen>
    <dimen name="xxh_1237pixels">687.22dp</dimen>
    <dimen name="xxh_1238pixels">687.78dp</dimen>
    <dimen name="xxh_1239pixels">688.33dp</dimen>
    <dimen name="xxh_1240pixels">688.89dp</dimen>
    <dimen name="xxh_1241pixels">689.44dp</dimen>
    <dimen name="xxh_1242pixels">690dp</dimen>
    <dimen name="xxh_1243pixels">690.56dp</dimen>
    <dimen name="xxh_1244pixels">691.11dp</dimen>
    <dimen name="xxh_1245pixels">691.67dp</dimen>
    <dimen name="xxh_1246pixels">692.22dp</dimen>
    <dimen name="xxh_1247pixels">692.78dp</dimen>
    <dimen name="xxh_1248pixels">693.33dp</dimen>
    <dimen name="xxh_1249pixels">693.89dp</dimen>
    <dimen name="xxh_1250pixels">694.44dp</dimen>
    <dimen name="xxh_1251pixels">695dp</dimen>
    <dimen name="xxh_1252pixels">695.56dp</dimen>
    <dimen name="xxh_1253pixels">696.11dp</dimen>
    <dimen name="xxh_1254pixels">696.67dp</dimen>
    <dimen name="xxh_1255pixels">697.22dp</dimen>
    <dimen name="xxh_1256pixels">697.78dp</dimen>
    <dimen name="xxh_1257pixels">698.33dp</dimen>
    <dimen name="xxh_1258pixels">698.89dp</dimen>
    <dimen name="xxh_1259pixels">699.44dp</dimen>
    <dimen name="xxh_1260pixels">700dp</dimen>
    <dimen name="xxh_1261pixels">700.56dp</dimen>
    <dimen name="xxh_1262pixels">701.11dp</dimen>
    <dimen name="xxh_1263pixels">701.67dp</dimen>
    <dimen name="xxh_1264pixels">702.22dp</dimen>
    <dimen name="xxh_1265pixels">702.78dp</dimen>
    <dimen name="xxh_1266pixels">703.33dp</dimen>
    <dimen name="xxh_1267pixels">703.89dp</dimen>
    <dimen name="xxh_1268pixels">704.44dp</dimen>
    <dimen name="xxh_1269pixels">705dp</dimen>
    <dimen name="xxh_1270pixels">705.56dp</dimen>
    <dimen name="xxh_1271pixels">706.11dp</dimen>
    <dimen name="xxh_1272pixels">706.67dp</dimen>
    <dimen name="xxh_1273pixels">707.22dp</dimen>
    <dimen name="xxh_1274pixels">707.78dp</dimen>
    <dimen name="xxh_1275pixels">708.33dp</dimen>
    <dimen name="xxh_1276pixels">708.89dp</dimen>
    <dimen name="xxh_1277pixels">709.44dp</dimen>
    <dimen name="xxh_1278pixels">710dp</dimen>
    <dimen name="xxh_1279pixels">710.56dp</dimen>
    <dimen name="xxh_1280pixels">711.11dp</dimen>
    <dimen name="xxh_1281pixels">711.67dp</dimen>
    <dimen name="xxh_1282pixels">712.22dp</dimen>
    <dimen name="xxh_1283pixels">712.78dp</dimen>
    <dimen name="xxh_1284pixels">713.33dp</dimen>
    <dimen name="xxh_1285pixels">713.89dp</dimen>
    <dimen name="xxh_1286pixels">714.44dp</dimen>
    <dimen name="xxh_1287pixels">715dp</dimen>
    <dimen name="xxh_1288pixels">715.56dp</dimen>
    <dimen name="xxh_1289pixels">716.11dp</dimen>
    <dimen name="xxh_1290pixels">716.67dp</dimen>
    <dimen name="xxh_1291pixels">717.22dp</dimen>
    <dimen name="xxh_1292pixels">717.78dp</dimen>
    <dimen name="xxh_1293pixels">718.33dp</dimen>
    <dimen name="xxh_1294pixels">718.89dp</dimen>
    <dimen name="xxh_1295pixels">719.44dp</dimen>
    <dimen name="xxh_1296pixels">720dp</dimen>
    <dimen name="xxh_1297pixels">720.56dp</dimen>
    <dimen name="xxh_1298pixels">721.11dp</dimen>
    <dimen name="xxh_1299pixels">721.67dp</dimen>
    <dimen name="xxh_1300pixels">722.22dp</dimen>
    <dimen name="xxh_1301pixels">722.78dp</dimen>
    <dimen name="xxh_1302pixels">723.33dp</dimen>
    <dimen name="xxh_1303pixels">723.89dp</dimen>
    <dimen name="xxh_1304pixels">724.44dp</dimen>
    <dimen name="xxh_1305pixels">725dp</dimen>
    <dimen name="xxh_1306pixels">725.56dp</dimen>
    <dimen name="xxh_1307pixels">726.11dp</dimen>
    <dimen name="xxh_1308pixels">726.67dp</dimen>
    <dimen name="xxh_1309pixels">727.22dp</dimen>
    <dimen name="xxh_1310pixels">727.78dp</dimen>
    <dimen name="xxh_1311pixels">728.33dp</dimen>
    <dimen name="xxh_1312pixels">728.89dp</dimen>
    <dimen name="xxh_1313pixels">729.44dp</dimen>
    <dimen name="xxh_1314pixels">730dp</dimen>
    <dimen name="xxh_1315pixels">730.56dp</dimen>
    <dimen name="xxh_1316pixels">731.11dp</dimen>
    <dimen name="xxh_1317pixels">731.67dp</dimen>
    <dimen name="xxh_1318pixels">732.22dp</dimen>
    <dimen name="xxh_1319pixels">732.78dp</dimen>
    <dimen name="xxh_1320pixels">733.33dp</dimen>
    <dimen name="xxh_1321pixels">733.89dp</dimen>
    <dimen name="xxh_1322pixels">734.44dp</dimen>
    <dimen name="xxh_1323pixels">735dp</dimen>
    <dimen name="xxh_1324pixels">735.56dp</dimen>
    <dimen name="xxh_1325pixels">736.11dp</dimen>
    <dimen name="xxh_1326pixels">736.67dp</dimen>
    <dimen name="xxh_1327pixels">737.22dp</dimen>
    <dimen name="xxh_1328pixels">737.78dp</dimen>
    <dimen name="xxh_1329pixels">738.33dp</dimen>
    <dimen name="xxh_1330pixels">738.89dp</dimen>
    <dimen name="xxh_1331pixels">739.44dp</dimen>
    <dimen name="xxh_1332pixels">740dp</dimen>
    <dimen name="xxh_1333pixels">740.56dp</dimen>
    <dimen name="xxh_1334pixels">741.11dp</dimen>
    <dimen name="xxh_1335pixels">741.67dp</dimen>
    <dimen name="xxh_1336pixels">742.22dp</dimen>
    <dimen name="xxh_1337pixels">742.78dp</dimen>
    <dimen name="xxh_1338pixels">743.33dp</dimen>
    <dimen name="xxh_1339pixels">743.89dp</dimen>
    <dimen name="xxh_1340pixels">744.44dp</dimen>
    <dimen name="xxh_1341pixels">745dp</dimen>
    <dimen name="xxh_1342pixels">745.56dp</dimen>
    <dimen name="xxh_1343pixels">746.11dp</dimen>
    <dimen name="xxh_1344pixels">746.67dp</dimen>
    <dimen name="xxh_1345pixels">747.22dp</dimen>
    <dimen name="xxh_1346pixels">747.78dp</dimen>
    <dimen name="xxh_1347pixels">748.33dp</dimen>
    <dimen name="xxh_1348pixels">748.89dp</dimen>
    <dimen name="xxh_1349pixels">749.44dp</dimen>
    <dimen name="xxh_1350pixels">750dp</dimen>
    <dimen name="xxh_1351pixels">750.56dp</dimen>
    <dimen name="xxh_1352pixels">751.11dp</dimen>
    <dimen name="xxh_1353pixels">751.67dp</dimen>
    <dimen name="xxh_1354pixels">752.22dp</dimen>
    <dimen name="xxh_1355pixels">752.78dp</dimen>
    <dimen name="xxh_1356pixels">753.33dp</dimen>
    <dimen name="xxh_1357pixels">753.89dp</dimen>
    <dimen name="xxh_1358pixels">754.44dp</dimen>
    <dimen name="xxh_1359pixels">755dp</dimen>
    <dimen name="xxh_1360pixels">755.56dp</dimen>
    <dimen name="xxh_1361pixels">756.11dp</dimen>
    <dimen name="xxh_1362pixels">756.67dp</dimen>
    <dimen name="xxh_1363pixels">757.22dp</dimen>
    <dimen name="xxh_1364pixels">757.78dp</dimen>
    <dimen name="xxh_1365pixels">758.33dp</dimen>
    <dimen name="xxh_1366pixels">758.89dp</dimen>
    <dimen name="xxh_1367pixels">759.44dp</dimen>
    <dimen name="xxh_1368pixels">760dp</dimen>
    <dimen name="xxh_1369pixels">760.56dp</dimen>
    <dimen name="xxh_1370pixels">761.11dp</dimen>
    <dimen name="xxh_1371pixels">761.67dp</dimen>
    <dimen name="xxh_1372pixels">762.22dp</dimen>
    <dimen name="xxh_1373pixels">762.78dp</dimen>
    <dimen name="xxh_1374pixels">763.33dp</dimen>
    <dimen name="xxh_1375pixels">763.89dp</dimen>
    <dimen name="xxh_1376pixels">764.44dp</dimen>
    <dimen name="xxh_1377pixels">765dp</dimen>
    <dimen name="xxh_1378pixels">765.56dp</dimen>
    <dimen name="xxh_1379pixels">766.11dp</dimen>
    <dimen name="xxh_1380pixels">766.67dp</dimen>
    <dimen name="xxh_1381pixels">767.22dp</dimen>
    <dimen name="xxh_1382pixels">767.78dp</dimen>
    <dimen name="xxh_1383pixels">768.33dp</dimen>
    <dimen name="xxh_1384pixels">768.89dp</dimen>
    <dimen name="xxh_1385pixels">769.44dp</dimen>
    <dimen name="xxh_1386pixels">770dp</dimen>
    <dimen name="xxh_1387pixels">770.56dp</dimen>
    <dimen name="xxh_1388pixels">771.11dp</dimen>
    <dimen name="xxh_1389pixels">771.67dp</dimen>
    <dimen name="xxh_1390pixels">772.22dp</dimen>
    <dimen name="xxh_1391pixels">772.78dp</dimen>
    <dimen name="xxh_1392pixels">773.33dp</dimen>
    <dimen name="xxh_1393pixels">773.89dp</dimen>
    <dimen name="xxh_1394pixels">774.44dp</dimen>
    <dimen name="xxh_1395pixels">775dp</dimen>
    <dimen name="xxh_1396pixels">775.56dp</dimen>
    <dimen name="xxh_1397pixels">776.11dp</dimen>
    <dimen name="xxh_1398pixels">776.67dp</dimen>
    <dimen name="xxh_1399pixels">777.22dp</dimen>
    <dimen name="xxh_1400pixels">777.78dp</dimen>
    <dimen name="xxh_1401pixels">778.33dp</dimen>
    <dimen name="xxh_1402pixels">778.89dp</dimen>
    <dimen name="xxh_1403pixels">779.44dp</dimen>
    <dimen name="xxh_1404pixels">780dp</dimen>
    <dimen name="xxh_1405pixels">780.56dp</dimen>
    <dimen name="xxh_1406pixels">781.11dp</dimen>
    <dimen name="xxh_1407pixels">781.67dp</dimen>
    <dimen name="xxh_1408pixels">782.22dp</dimen>
    <dimen name="xxh_1409pixels">782.78dp</dimen>
    <dimen name="xxh_1410pixels">783.33dp</dimen>
    <dimen name="xxh_1411pixels">783.89dp</dimen>
    <dimen name="xxh_1412pixels">784.44dp</dimen>
    <dimen name="xxh_1413pixels">785dp</dimen>
    <dimen name="xxh_1414pixels">785.56dp</dimen>
    <dimen name="xxh_1415pixels">786.11dp</dimen>
    <dimen name="xxh_1416pixels">786.67dp</dimen>
    <dimen name="xxh_1417pixels">787.22dp</dimen>
    <dimen name="xxh_1418pixels">787.78dp</dimen>
    <dimen name="xxh_1419pixels">788.33dp</dimen>
    <dimen name="xxh_1420pixels">788.89dp</dimen>
    <dimen name="xxh_1421pixels">789.44dp</dimen>
    <dimen name="xxh_1422pixels">790dp</dimen>
    <dimen name="xxh_1423pixels">790.56dp</dimen>
    <dimen name="xxh_1424pixels">791.11dp</dimen>
    <dimen name="xxh_1425pixels">791.67dp</dimen>
    <dimen name="xxh_1426pixels">792.22dp</dimen>
    <dimen name="xxh_1427pixels">792.78dp</dimen>
    <dimen name="xxh_1428pixels">793.33dp</dimen>
    <dimen name="xxh_1429pixels">793.89dp</dimen>
    <dimen name="xxh_1430pixels">794.44dp</dimen>
    <dimen name="xxh_1431pixels">795dp</dimen>
    <dimen name="xxh_1432pixels">795.56dp</dimen>
    <dimen name="xxh_1433pixels">796.11dp</dimen>
    <dimen name="xxh_1434pixels">796.67dp</dimen>
    <dimen name="xxh_1435pixels">797.22dp</dimen>
    <dimen name="xxh_1436pixels">797.78dp</dimen>
    <dimen name="xxh_1437pixels">798.33dp</dimen>
    <dimen name="xxh_1438pixels">798.89dp</dimen>
    <dimen name="xxh_1439pixels">799.44dp</dimen>
    <dimen name="xxh_1440pixels">800dp</dimen>
    <dimen name="xxh_1441pixels">800.56dp</dimen>
    <dimen name="xxh_1442pixels">801.11dp</dimen>
    <dimen name="xxh_1443pixels">801.67dp</dimen>
    <dimen name="xxh_1444pixels">802.22dp</dimen>
    <dimen name="xxh_1445pixels">802.78dp</dimen>
    <dimen name="xxh_1446pixels">803.33dp</dimen>
    <dimen name="xxh_1447pixels">803.89dp</dimen>
    <dimen name="xxh_1448pixels">804.44dp</dimen>
    <dimen name="xxh_1449pixels">805dp</dimen>
    <dimen name="xxh_1450pixels">805.56dp</dimen>
    <dimen name="xxh_1451pixels">806.11dp</dimen>
    <dimen name="xxh_1452pixels">806.67dp</dimen>
    <dimen name="xxh_1453pixels">807.22dp</dimen>
    <dimen name="xxh_1454pixels">807.78dp</dimen>
    <dimen name="xxh_1455pixels">808.33dp</dimen>
    <dimen name="xxh_1456pixels">808.89dp</dimen>
    <dimen name="xxh_1457pixels">809.44dp</dimen>
    <dimen name="xxh_1458pixels">810dp</dimen>
    <dimen name="xxh_1459pixels">810.56dp</dimen>
    <dimen name="xxh_1460pixels">811.11dp</dimen>
    <dimen name="xxh_1461pixels">811.67dp</dimen>
    <dimen name="xxh_1462pixels">812.22dp</dimen>
    <dimen name="xxh_1463pixels">812.78dp</dimen>
    <dimen name="xxh_1464pixels">813.33dp</dimen>
    <dimen name="xxh_1465pixels">813.89dp</dimen>
    <dimen name="xxh_1466pixels">814.44dp</dimen>
    <dimen name="xxh_1467pixels">815dp</dimen>
    <dimen name="xxh_1468pixels">815.56dp</dimen>
    <dimen name="xxh_1469pixels">816.11dp</dimen>
    <dimen name="xxh_1470pixels">816.67dp</dimen>
    <dimen name="xxh_1471pixels">817.22dp</dimen>
    <dimen name="xxh_1472pixels">817.78dp</dimen>
    <dimen name="xxh_1473pixels">818.33dp</dimen>
    <dimen name="xxh_1474pixels">818.89dp</dimen>
    <dimen name="xxh_1475pixels">819.44dp</dimen>
    <dimen name="xxh_1476pixels">820dp</dimen>
    <dimen name="xxh_1477pixels">820.56dp</dimen>
    <dimen name="xxh_1478pixels">821.11dp</dimen>
    <dimen name="xxh_1479pixels">821.67dp</dimen>
    <dimen name="xxh_1480pixels">822.22dp</dimen>
    <dimen name="xxh_1481pixels">822.78dp</dimen>
    <dimen name="xxh_1482pixels">823.33dp</dimen>
    <dimen name="xxh_1483pixels">823.89dp</dimen>
    <dimen name="xxh_1484pixels">824.44dp</dimen>
    <dimen name="xxh_1485pixels">825dp</dimen>
    <dimen name="xxh_1486pixels">825.56dp</dimen>
    <dimen name="xxh_1487pixels">826.11dp</dimen>
    <dimen name="xxh_1488pixels">826.67dp</dimen>
    <dimen name="xxh_1489pixels">827.22dp</dimen>
    <dimen name="xxh_1490pixels">827.78dp</dimen>
    <dimen name="xxh_1491pixels">828.33dp</dimen>
    <dimen name="xxh_1492pixels">828.89dp</dimen>
    <dimen name="xxh_1493pixels">829.44dp</dimen>
    <dimen name="xxh_1494pixels">830dp</dimen>
    <dimen name="xxh_1495pixels">830.56dp</dimen>
    <dimen name="xxh_1496pixels">831.11dp</dimen>
    <dimen name="xxh_1497pixels">831.67dp</dimen>
    <dimen name="xxh_1498pixels">832.22dp</dimen>
    <dimen name="xxh_1499pixels">832.78dp</dimen>
    <dimen name="xxh_1500pixels">833.33dp</dimen>
    <dimen name="xxh_1501pixels">833.89dp</dimen>
    <dimen name="xxh_1502pixels">834.44dp</dimen>
    <dimen name="xxh_1503pixels">835dp</dimen>
    <dimen name="xxh_1504pixels">835.56dp</dimen>
    <dimen name="xxh_1505pixels">836.11dp</dimen>
    <dimen name="xxh_1506pixels">836.67dp</dimen>
    <dimen name="xxh_1507pixels">837.22dp</dimen>
    <dimen name="xxh_1508pixels">837.78dp</dimen>
    <dimen name="xxh_1509pixels">838.33dp</dimen>
    <dimen name="xxh_1510pixels">838.89dp</dimen>
    <dimen name="xxh_1511pixels">839.44dp</dimen>
    <dimen name="xxh_1512pixels">840dp</dimen>
    <dimen name="xxh_1513pixels">840.56dp</dimen>
    <dimen name="xxh_1514pixels">841.11dp</dimen>
    <dimen name="xxh_1515pixels">841.67dp</dimen>
    <dimen name="xxh_1516pixels">842.22dp</dimen>
    <dimen name="xxh_1517pixels">842.78dp</dimen>
    <dimen name="xxh_1518pixels">843.33dp</dimen>
    <dimen name="xxh_1519pixels">843.89dp</dimen>
    <dimen name="xxh_1520pixels">844.44dp</dimen>
    <dimen name="xxh_1521pixels">845dp</dimen>
    <dimen name="xxh_1522pixels">845.56dp</dimen>
    <dimen name="xxh_1523pixels">846.11dp</dimen>
    <dimen name="xxh_1524pixels">846.67dp</dimen>
    <dimen name="xxh_1525pixels">847.22dp</dimen>
    <dimen name="xxh_1526pixels">847.78dp</dimen>
    <dimen name="xxh_1527pixels">848.33dp</dimen>
    <dimen name="xxh_1528pixels">848.89dp</dimen>
    <dimen name="xxh_1529pixels">849.44dp</dimen>
    <dimen name="xxh_1530pixels">850dp</dimen>
    <dimen name="xxh_1531pixels">850.56dp</dimen>
    <dimen name="xxh_1532pixels">851.11dp</dimen>
    <dimen name="xxh_1533pixels">851.67dp</dimen>
    <dimen name="xxh_1534pixels">852.22dp</dimen>
    <dimen name="xxh_1535pixels">852.78dp</dimen>
    <dimen name="xxh_1536pixels">853.33dp</dimen>
    <dimen name="xxh_1537pixels">853.89dp</dimen>
    <dimen name="xxh_1538pixels">854.44dp</dimen>
    <dimen name="xxh_1539pixels">855dp</dimen>
    <dimen name="xxh_1540pixels">855.56dp</dimen>
    <dimen name="xxh_1541pixels">856.11dp</dimen>
    <dimen name="xxh_1542pixels">856.67dp</dimen>
    <dimen name="xxh_1543pixels">857.22dp</dimen>
    <dimen name="xxh_1544pixels">857.78dp</dimen>
    <dimen name="xxh_1545pixels">858.33dp</dimen>
    <dimen name="xxh_1546pixels">858.89dp</dimen>
    <dimen name="xxh_1547pixels">859.44dp</dimen>
    <dimen name="xxh_1548pixels">860dp</dimen>
    <dimen name="xxh_1549pixels">860.56dp</dimen>
    <dimen name="xxh_1550pixels">861.11dp</dimen>
    <dimen name="xxh_1551pixels">861.67dp</dimen>
    <dimen name="xxh_1552pixels">862.22dp</dimen>
    <dimen name="xxh_1553pixels">862.78dp</dimen>
    <dimen name="xxh_1554pixels">863.33dp</dimen>
    <dimen name="xxh_1555pixels">863.89dp</dimen>
    <dimen name="xxh_1556pixels">864.44dp</dimen>
    <dimen name="xxh_1557pixels">865dp</dimen>
    <dimen name="xxh_1558pixels">865.56dp</dimen>
    <dimen name="xxh_1559pixels">866.11dp</dimen>
    <dimen name="xxh_1560pixels">866.67dp</dimen>
    <dimen name="xxh_1561pixels">867.22dp</dimen>
    <dimen name="xxh_1562pixels">867.78dp</dimen>
    <dimen name="xxh_1563pixels">868.33dp</dimen>
    <dimen name="xxh_1564pixels">868.89dp</dimen>
    <dimen name="xxh_1565pixels">869.44dp</dimen>
    <dimen name="xxh_1566pixels">870dp</dimen>
    <dimen name="xxh_1567pixels">870.56dp</dimen>
    <dimen name="xxh_1568pixels">871.11dp</dimen>
    <dimen name="xxh_1569pixels">871.67dp</dimen>
    <dimen name="xxh_1570pixels">872.22dp</dimen>
    <dimen name="xxh_1571pixels">872.78dp</dimen>
    <dimen name="xxh_1572pixels">873.33dp</dimen>
    <dimen name="xxh_1573pixels">873.89dp</dimen>
    <dimen name="xxh_1574pixels">874.44dp</dimen>
    <dimen name="xxh_1575pixels">875dp</dimen>
    <dimen name="xxh_1576pixels">875.56dp</dimen>
    <dimen name="xxh_1577pixels">876.11dp</dimen>
    <dimen name="xxh_1578pixels">876.67dp</dimen>
    <dimen name="xxh_1579pixels">877.22dp</dimen>
    <dimen name="xxh_1580pixels">877.78dp</dimen>
    <dimen name="xxh_1581pixels">878.33dp</dimen>
    <dimen name="xxh_1582pixels">878.89dp</dimen>
    <dimen name="xxh_1583pixels">879.44dp</dimen>
    <dimen name="xxh_1584pixels">880dp</dimen>
    <dimen name="xxh_1585pixels">880.56dp</dimen>
    <dimen name="xxh_1586pixels">881.11dp</dimen>
    <dimen name="xxh_1587pixels">881.67dp</dimen>
    <dimen name="xxh_1588pixels">882.22dp</dimen>
    <dimen name="xxh_1589pixels">882.78dp</dimen>
    <dimen name="xxh_1590pixels">883.33dp</dimen>
    <dimen name="xxh_1591pixels">883.89dp</dimen>
    <dimen name="xxh_1592pixels">884.44dp</dimen>
    <dimen name="xxh_1593pixels">885dp</dimen>
    <dimen name="xxh_1594pixels">885.56dp</dimen>
    <dimen name="xxh_1595pixels">886.11dp</dimen>
    <dimen name="xxh_1596pixels">886.67dp</dimen>
    <dimen name="xxh_1597pixels">887.22dp</dimen>
    <dimen name="xxh_1598pixels">887.78dp</dimen>
    <dimen name="xxh_1599pixels">888.33dp</dimen>
    <dimen name="xxh_1600pixels">888.89dp</dimen>
    <dimen name="xxh_1601pixels">889.44dp</dimen>
    <dimen name="xxh_1602pixels">890dp</dimen>
    <dimen name="xxh_1603pixels">890.56dp</dimen>
    <dimen name="xxh_1604pixels">891.11dp</dimen>
    <dimen name="xxh_1605pixels">891.67dp</dimen>
    <dimen name="xxh_1606pixels">892.22dp</dimen>
    <dimen name="xxh_1607pixels">892.78dp</dimen>
    <dimen name="xxh_1608pixels">893.33dp</dimen>
    <dimen name="xxh_1609pixels">893.89dp</dimen>
    <dimen name="xxh_1610pixels">894.44dp</dimen>
    <dimen name="xxh_1611pixels">895dp</dimen>
    <dimen name="xxh_1612pixels">895.56dp</dimen>
    <dimen name="xxh_1613pixels">896.11dp</dimen>
    <dimen name="xxh_1614pixels">896.67dp</dimen>
    <dimen name="xxh_1615pixels">897.22dp</dimen>
    <dimen name="xxh_1616pixels">897.78dp</dimen>
    <dimen name="xxh_1617pixels">898.33dp</dimen>
    <dimen name="xxh_1618pixels">898.89dp</dimen>
    <dimen name="xxh_1619pixels">899.44dp</dimen>
    <dimen name="xxh_1620pixels">900dp</dimen>
    <dimen name="xxh_1621pixels">900.56dp</dimen>
    <dimen name="xxh_1622pixels">901.11dp</dimen>
    <dimen name="xxh_1623pixels">901.67dp</dimen>
    <dimen name="xxh_1624pixels">902.22dp</dimen>
    <dimen name="xxh_1625pixels">902.78dp</dimen>
    <dimen name="xxh_1626pixels">903.33dp</dimen>
    <dimen name="xxh_1627pixels">903.89dp</dimen>
    <dimen name="xxh_1628pixels">904.44dp</dimen>
    <dimen name="xxh_1629pixels">905dp</dimen>
    <dimen name="xxh_1630pixels">905.56dp</dimen>
    <dimen name="xxh_1631pixels">906.11dp</dimen>
    <dimen name="xxh_1632pixels">906.67dp</dimen>
    <dimen name="xxh_1633pixels">907.22dp</dimen>
    <dimen name="xxh_1634pixels">907.78dp</dimen>
    <dimen name="xxh_1635pixels">908.33dp</dimen>
    <dimen name="xxh_1636pixels">908.89dp</dimen>
    <dimen name="xxh_1637pixels">909.44dp</dimen>
    <dimen name="xxh_1638pixels">910dp</dimen>
    <dimen name="xxh_1639pixels">910.56dp</dimen>
    <dimen name="xxh_1640pixels">911.11dp</dimen>
    <dimen name="xxh_1641pixels">911.67dp</dimen>
    <dimen name="xxh_1642pixels">912.22dp</dimen>
    <dimen name="xxh_1643pixels">912.78dp</dimen>
    <dimen name="xxh_1644pixels">913.33dp</dimen>
    <dimen name="xxh_1645pixels">913.89dp</dimen>
    <dimen name="xxh_1646pixels">914.44dp</dimen>
    <dimen name="xxh_1647pixels">915dp</dimen>
    <dimen name="xxh_1648pixels">915.56dp</dimen>
    <dimen name="xxh_1649pixels">916.11dp</dimen>
    <dimen name="xxh_1650pixels">916.67dp</dimen>
    <dimen name="xxh_1651pixels">917.22dp</dimen>
    <dimen name="xxh_1652pixels">917.78dp</dimen>
    <dimen name="xxh_1653pixels">918.33dp</dimen>
    <dimen name="xxh_1654pixels">918.89dp</dimen>
    <dimen name="xxh_1655pixels">919.44dp</dimen>
    <dimen name="xxh_1656pixels">920dp</dimen>
    <dimen name="xxh_1657pixels">920.56dp</dimen>
    <dimen name="xxh_1658pixels">921.11dp</dimen>
    <dimen name="xxh_1659pixels">921.67dp</dimen>
    <dimen name="xxh_1660pixels">922.22dp</dimen>
    <dimen name="xxh_1661pixels">922.78dp</dimen>
    <dimen name="xxh_1662pixels">923.33dp</dimen>
    <dimen name="xxh_1663pixels">923.89dp</dimen>
    <dimen name="xxh_1664pixels">924.44dp</dimen>
    <dimen name="xxh_1665pixels">925dp</dimen>
    <dimen name="xxh_1666pixels">925.56dp</dimen>
    <dimen name="xxh_1667pixels">926.11dp</dimen>
    <dimen name="xxh_1668pixels">926.67dp</dimen>
    <dimen name="xxh_1669pixels">927.22dp</dimen>
    <dimen name="xxh_1670pixels">927.78dp</dimen>
    <dimen name="xxh_1671pixels">928.33dp</dimen>
    <dimen name="xxh_1672pixels">928.89dp</dimen>
    <dimen name="xxh_1673pixels">929.44dp</dimen>
    <dimen name="xxh_1674pixels">930dp</dimen>
    <dimen name="xxh_1675pixels">930.56dp</dimen>
    <dimen name="xxh_1676pixels">931.11dp</dimen>
    <dimen name="xxh_1677pixels">931.67dp</dimen>
    <dimen name="xxh_1678pixels">932.22dp</dimen>
    <dimen name="xxh_1679pixels">932.78dp</dimen>
    <dimen name="xxh_1680pixels">933.33dp</dimen>
    <dimen name="xxh_1681pixels">933.89dp</dimen>
    <dimen name="xxh_1682pixels">934.44dp</dimen>
    <dimen name="xxh_1683pixels">935dp</dimen>
    <dimen name="xxh_1684pixels">935.56dp</dimen>
    <dimen name="xxh_1685pixels">936.11dp</dimen>
    <dimen name="xxh_1686pixels">936.67dp</dimen>
    <dimen name="xxh_1687pixels">937.22dp</dimen>
    <dimen name="xxh_1688pixels">937.78dp</dimen>
    <dimen name="xxh_1689pixels">938.33dp</dimen>
    <dimen name="xxh_1690pixels">938.89dp</dimen>
    <dimen name="xxh_1691pixels">939.44dp</dimen>
    <dimen name="xxh_1692pixels">940dp</dimen>
    <dimen name="xxh_1693pixels">940.56dp</dimen>
    <dimen name="xxh_1694pixels">941.11dp</dimen>
    <dimen name="xxh_1695pixels">941.67dp</dimen>
    <dimen name="xxh_1696pixels">942.22dp</dimen>
    <dimen name="xxh_1697pixels">942.78dp</dimen>
    <dimen name="xxh_1698pixels">943.33dp</dimen>
    <dimen name="xxh_1699pixels">943.89dp</dimen>
    <dimen name="xxh_1700pixels">944.44dp</dimen>
    <dimen name="xxh_1701pixels">945dp</dimen>
    <dimen name="xxh_1702pixels">945.56dp</dimen>
    <dimen name="xxh_1703pixels">946.11dp</dimen>
    <dimen name="xxh_1704pixels">946.67dp</dimen>
    <dimen name="xxh_1705pixels">947.22dp</dimen>
    <dimen name="xxh_1706pixels">947.78dp</dimen>
    <dimen name="xxh_1707pixels">948.33dp</dimen>
    <dimen name="xxh_1708pixels">948.89dp</dimen>
    <dimen name="xxh_1709pixels">949.44dp</dimen>
    <dimen name="xxh_1710pixels">950dp</dimen>
    <dimen name="xxh_1711pixels">950.56dp</dimen>
    <dimen name="xxh_1712pixels">951.11dp</dimen>
    <dimen name="xxh_1713pixels">951.67dp</dimen>
    <dimen name="xxh_1714pixels">952.22dp</dimen>
    <dimen name="xxh_1715pixels">952.78dp</dimen>
    <dimen name="xxh_1716pixels">953.33dp</dimen>
    <dimen name="xxh_1717pixels">953.89dp</dimen>
    <dimen name="xxh_1718pixels">954.44dp</dimen>
    <dimen name="xxh_1719pixels">955dp</dimen>
    <dimen name="xxh_1720pixels">955.56dp</dimen>
    <dimen name="xxh_1721pixels">956.11dp</dimen>
    <dimen name="xxh_1722pixels">956.67dp</dimen>
    <dimen name="xxh_1723pixels">957.22dp</dimen>
    <dimen name="xxh_1724pixels">957.78dp</dimen>
    <dimen name="xxh_1725pixels">958.33dp</dimen>
    <dimen name="xxh_1726pixels">958.89dp</dimen>
    <dimen name="xxh_1727pixels">959.44dp</dimen>
    <dimen name="xxh_1728pixels">960dp</dimen>
    <dimen name="xxh_1729pixels">960.56dp</dimen>
    <dimen name="xxh_1730pixels">961.11dp</dimen>
    <dimen name="xxh_1731pixels">961.67dp</dimen>
    <dimen name="xxh_1732pixels">962.22dp</dimen>
    <dimen name="xxh_1733pixels">962.78dp</dimen>
    <dimen name="xxh_1734pixels">963.33dp</dimen>
    <dimen name="xxh_1735pixels">963.89dp</dimen>
    <dimen name="xxh_1736pixels">964.44dp</dimen>
    <dimen name="xxh_1737pixels">965dp</dimen>
    <dimen name="xxh_1738pixels">965.56dp</dimen>
    <dimen name="xxh_1739pixels">966.11dp</dimen>
    <dimen name="xxh_1740pixels">966.67dp</dimen>
    <dimen name="xxh_1741pixels">967.22dp</dimen>
    <dimen name="xxh_1742pixels">967.78dp</dimen>
    <dimen name="xxh_1743pixels">968.33dp</dimen>
    <dimen name="xxh_1744pixels">968.89dp</dimen>
    <dimen name="xxh_1745pixels">969.44dp</dimen>
    <dimen name="xxh_1746pixels">970dp</dimen>
    <dimen name="xxh_1747pixels">970.56dp</dimen>
    <dimen name="xxh_1748pixels">971.11dp</dimen>
    <dimen name="xxh_1749pixels">971.67dp</dimen>
    <dimen name="xxh_1750pixels">972.22dp</dimen>
    <dimen name="xxh_1751pixels">972.78dp</dimen>
    <dimen name="xxh_1752pixels">973.33dp</dimen>
    <dimen name="xxh_1753pixels">973.89dp</dimen>
    <dimen name="xxh_1754pixels">974.44dp</dimen>
    <dimen name="xxh_1755pixels">975dp</dimen>
    <dimen name="xxh_1756pixels">975.56dp</dimen>
    <dimen name="xxh_1757pixels">976.11dp</dimen>
    <dimen name="xxh_1758pixels">976.67dp</dimen>
    <dimen name="xxh_1759pixels">977.22dp</dimen>
    <dimen name="xxh_1760pixels">977.78dp</dimen>
    <dimen name="xxh_1761pixels">978.33dp</dimen>
    <dimen name="xxh_1762pixels">978.89dp</dimen>
    <dimen name="xxh_1763pixels">979.44dp</dimen>
    <dimen name="xxh_1764pixels">980dp</dimen>
    <dimen name="xxh_1765pixels">980.56dp</dimen>
    <dimen name="xxh_1766pixels">981.11dp</dimen>
    <dimen name="xxh_1767pixels">981.67dp</dimen>
    <dimen name="xxh_1768pixels">982.22dp</dimen>
    <dimen name="xxh_1769pixels">982.78dp</dimen>
    <dimen name="xxh_1770pixels">983.33dp</dimen>
    <dimen name="xxh_1771pixels">983.89dp</dimen>
    <dimen name="xxh_1772pixels">984.44dp</dimen>
    <dimen name="xxh_1773pixels">985dp</dimen>
    <dimen name="xxh_1774pixels">985.56dp</dimen>
    <dimen name="xxh_1775pixels">986.11dp</dimen>
    <dimen name="xxh_1776pixels">986.67dp</dimen>
    <dimen name="xxh_1777pixels">987.22dp</dimen>
    <dimen name="xxh_1778pixels">987.78dp</dimen>
    <dimen name="xxh_1779pixels">988.33dp</dimen>
    <dimen name="xxh_1780pixels">988.89dp</dimen>
    <dimen name="xxh_1781pixels">989.44dp</dimen>
    <dimen name="xxh_1782pixels">990dp</dimen>
    <dimen name="xxh_1783pixels">990.56dp</dimen>
    <dimen name="xxh_1784pixels">991.11dp</dimen>
    <dimen name="xxh_1785pixels">991.67dp</dimen>
    <dimen name="xxh_1786pixels">992.22dp</dimen>
    <dimen name="xxh_1787pixels">992.78dp</dimen>
    <dimen name="xxh_1788pixels">993.33dp</dimen>
    <dimen name="xxh_1789pixels">993.89dp</dimen>
    <dimen name="xxh_1790pixels">994.44dp</dimen>
    <dimen name="xxh_1791pixels">995dp</dimen>
    <dimen name="xxh_1792pixels">995.56dp</dimen>
    <dimen name="xxh_1793pixels">996.11dp</dimen>
    <dimen name="xxh_1794pixels">996.67dp</dimen>
    <dimen name="xxh_1795pixels">997.22dp</dimen>
    <dimen name="xxh_1796pixels">997.78dp</dimen>
    <dimen name="xxh_1797pixels">998.33dp</dimen>
    <dimen name="xxh_1798pixels">998.89dp</dimen>
    <dimen name="xxh_1799pixels">999.44dp</dimen>
    <dimen name="xxh_1800pixels">1000dp</dimen>
    <dimen name="xxh_1801pixels">1000.56dp</dimen>
    <dimen name="xxh_1802pixels">1001.11dp</dimen>
    <dimen name="xxh_1803pixels">1001.67dp</dimen>
    <dimen name="xxh_1804pixels">1002.22dp</dimen>
    <dimen name="xxh_1805pixels">1002.78dp</dimen>
    <dimen name="xxh_1806pixels">1003.33dp</dimen>
    <dimen name="xxh_1807pixels">1003.89dp</dimen>
    <dimen name="xxh_1808pixels">1004.44dp</dimen>
    <dimen name="xxh_1809pixels">1005dp</dimen>
    <dimen name="xxh_1810pixels">1005.56dp</dimen>
    <dimen name="xxh_1811pixels">1006.11dp</dimen>
    <dimen name="xxh_1812pixels">1006.67dp</dimen>
    <dimen name="xxh_1813pixels">1007.22dp</dimen>
    <dimen name="xxh_1814pixels">1007.78dp</dimen>
    <dimen name="xxh_1815pixels">1008.33dp</dimen>
    <dimen name="xxh_1816pixels">1008.89dp</dimen>
    <dimen name="xxh_1817pixels">1009.44dp</dimen>
    <dimen name="xxh_1818pixels">1010dp</dimen>
    <dimen name="xxh_1819pixels">1010.56dp</dimen>
    <dimen name="xxh_1820pixels">1011.11dp</dimen>
    <dimen name="xxh_1821pixels">1011.67dp</dimen>
    <dimen name="xxh_1822pixels">1012.22dp</dimen>
    <dimen name="xxh_1823pixels">1012.78dp</dimen>
    <dimen name="xxh_1824pixels">1013.33dp</dimen>
    <dimen name="xxh_1825pixels">1013.89dp</dimen>
    <dimen name="xxh_1826pixels">1014.44dp</dimen>
    <dimen name="xxh_1827pixels">1015dp</dimen>
    <dimen name="xxh_1828pixels">1015.56dp</dimen>
    <dimen name="xxh_1829pixels">1016.11dp</dimen>
    <dimen name="xxh_1830pixels">1016.67dp</dimen>
    <dimen name="xxh_1831pixels">1017.22dp</dimen>
    <dimen name="xxh_1832pixels">1017.78dp</dimen>
    <dimen name="xxh_1833pixels">1018.33dp</dimen>
    <dimen name="xxh_1834pixels">1018.89dp</dimen>
    <dimen name="xxh_1835pixels">1019.44dp</dimen>
    <dimen name="xxh_1836pixels">1020dp</dimen>
    <dimen name="xxh_1837pixels">1020.56dp</dimen>
    <dimen name="xxh_1838pixels">1021.11dp</dimen>
    <dimen name="xxh_1839pixels">1021.67dp</dimen>
    <dimen name="xxh_1840pixels">1022.22dp</dimen>
    <dimen name="xxh_1841pixels">1022.78dp</dimen>
    <dimen name="xxh_1842pixels">1023.33dp</dimen>
    <dimen name="xxh_1843pixels">1023.89dp</dimen>
    <dimen name="xxh_1844pixels">1024.44dp</dimen>
    <dimen name="xxh_1845pixels">1025dp</dimen>
    <dimen name="xxh_1846pixels">1025.56dp</dimen>
    <dimen name="xxh_1847pixels">1026.11dp</dimen>
    <dimen name="xxh_1848pixels">1026.67dp</dimen>
    <dimen name="xxh_1849pixels">1027.22dp</dimen>
    <dimen name="xxh_1850pixels">1027.78dp</dimen>
    <dimen name="xxh_1851pixels">1028.33dp</dimen>
    <dimen name="xxh_1852pixels">1028.89dp</dimen>
    <dimen name="xxh_1853pixels">1029.44dp</dimen>
    <dimen name="xxh_1854pixels">1030dp</dimen>
    <dimen name="xxh_1855pixels">1030.56dp</dimen>
    <dimen name="xxh_1856pixels">1031.11dp</dimen>
    <dimen name="xxh_1857pixels">1031.67dp</dimen>
    <dimen name="xxh_1858pixels">1032.22dp</dimen>
    <dimen name="xxh_1859pixels">1032.78dp</dimen>
    <dimen name="xxh_1860pixels">1033.33dp</dimen>
    <dimen name="xxh_1861pixels">1033.89dp</dimen>
    <dimen name="xxh_1862pixels">1034.44dp</dimen>
    <dimen name="xxh_1863pixels">1035dp</dimen>
    <dimen name="xxh_1864pixels">1035.56dp</dimen>
    <dimen name="xxh_1865pixels">1036.11dp</dimen>
    <dimen name="xxh_1866pixels">1036.67dp</dimen>
    <dimen name="xxh_1867pixels">1037.22dp</dimen>
    <dimen name="xxh_1868pixels">1037.78dp</dimen>
    <dimen name="xxh_1869pixels">1038.33dp</dimen>
    <dimen name="xxh_1870pixels">1038.89dp</dimen>
    <dimen name="xxh_1871pixels">1039.44dp</dimen>
    <dimen name="xxh_1872pixels">1040dp</dimen>
    <dimen name="xxh_1873pixels">1040.56dp</dimen>
    <dimen name="xxh_1874pixels">1041.11dp</dimen>
    <dimen name="xxh_1875pixels">1041.67dp</dimen>
    <dimen name="xxh_1876pixels">1042.22dp</dimen>
    <dimen name="xxh_1877pixels">1042.78dp</dimen>
    <dimen name="xxh_1878pixels">1043.33dp</dimen>
    <dimen name="xxh_1879pixels">1043.89dp</dimen>
    <dimen name="xxh_1880pixels">1044.44dp</dimen>
    <dimen name="xxh_1881pixels">1045dp</dimen>
    <dimen name="xxh_1882pixels">1045.56dp</dimen>
    <dimen name="xxh_1883pixels">1046.11dp</dimen>
    <dimen name="xxh_1884pixels">1046.67dp</dimen>
    <dimen name="xxh_1885pixels">1047.22dp</dimen>
    <dimen name="xxh_1886pixels">1047.78dp</dimen>
    <dimen name="xxh_1887pixels">1048.33dp</dimen>
    <dimen name="xxh_1888pixels">1048.89dp</dimen>
    <dimen name="xxh_1889pixels">1049.44dp</dimen>
    <dimen name="xxh_1890pixels">1050dp</dimen>
    <dimen name="xxh_1891pixels">1050.56dp</dimen>
    <dimen name="xxh_1892pixels">1051.11dp</dimen>
    <dimen name="xxh_1893pixels">1051.67dp</dimen>
    <dimen name="xxh_1894pixels">1052.22dp</dimen>
    <dimen name="xxh_1895pixels">1052.78dp</dimen>
    <dimen name="xxh_1896pixels">1053.33dp</dimen>
    <dimen name="xxh_1897pixels">1053.89dp</dimen>
    <dimen name="xxh_1898pixels">1054.44dp</dimen>
    <dimen name="xxh_1899pixels">1055dp</dimen>
    <dimen name="xxh_1900pixels">1055.56dp</dimen>
    <dimen name="xxh_1901pixels">1056.11dp</dimen>
    <dimen name="xxh_1902pixels">1056.67dp</dimen>
    <dimen name="xxh_1903pixels">1057.22dp</dimen>
    <dimen name="xxh_1904pixels">1057.78dp</dimen>
    <dimen name="xxh_1905pixels">1058.33dp</dimen>
    <dimen name="xxh_1906pixels">1058.89dp</dimen>
    <dimen name="xxh_1907pixels">1059.44dp</dimen>
    <dimen name="xxh_1908pixels">1060dp</dimen>
    <dimen name="xxh_1909pixels">1060.56dp</dimen>
    <dimen name="xxh_1910pixels">1061.11dp</dimen>
    <dimen name="xxh_1911pixels">1061.67dp</dimen>
    <dimen name="xxh_1912pixels">1062.22dp</dimen>
    <dimen name="xxh_1913pixels">1062.78dp</dimen>
    <dimen name="xxh_1914pixels">1063.33dp</dimen>
    <dimen name="xxh_1915pixels">1063.89dp</dimen>
    <dimen name="xxh_1916pixels">1064.44dp</dimen>
    <dimen name="xxh_1917pixels">1065dp</dimen>
    <dimen name="xxh_1918pixels">1065.56dp</dimen>
    <dimen name="xxh_1919pixels">1066.11dp</dimen>
    <dimen name="xxh_1920pixels">1066.67dp</dimen>
    <dimen name="xxh_1921pixels">1067.22dp</dimen>
    <dimen name="xxh_1922pixels">1067.78dp</dimen>
    <dimen name="xxh_1923pixels">1068.33dp</dimen>
    <dimen name="xxh_1924pixels">1068.89dp</dimen>
    <dimen name="xxh_1925pixels">1069.44dp</dimen>
    <dimen name="xxh_1926pixels">1070dp</dimen>
    <dimen name="xxh_1927pixels">1070.56dp</dimen>
    <dimen name="xxh_1928pixels">1071.11dp</dimen>
    <dimen name="xxh_1929pixels">1071.67dp</dimen>
    <dimen name="xxh_1930pixels">1072.22dp</dimen>
    <dimen name="xxh_1931pixels">1072.78dp</dimen>
    <dimen name="xxh_1932pixels">1073.33dp</dimen>
    <dimen name="xxh_1933pixels">1073.89dp</dimen>
    <dimen name="xxh_1934pixels">1074.44dp</dimen>
    <dimen name="xxh_1935pixels">1075dp</dimen>
    <dimen name="xxh_1936pixels">1075.56dp</dimen>
    <dimen name="xxh_1937pixels">1076.11dp</dimen>
    <dimen name="xxh_1938pixels">1076.67dp</dimen>
    <dimen name="xxh_1939pixels">1077.22dp</dimen>
    <dimen name="xxh_1940pixels">1077.78dp</dimen>
    <dimen name="xxh_1941pixels">1078.33dp</dimen>
    <dimen name="xxh_1942pixels">1078.89dp</dimen>
    <dimen name="xxh_1943pixels">1079.44dp</dimen>
    <dimen name="xxh_1944pixels">1080dp</dimen>
    <dimen name="xxh_1945pixels">1080.56dp</dimen>
    <dimen name="xxh_1946pixels">1081.11dp</dimen>
    <dimen name="xxh_1947pixels">1081.67dp</dimen>
    <dimen name="xxh_1948pixels">1082.22dp</dimen>
    <dimen name="xxh_1949pixels">1082.78dp</dimen>
    <dimen name="xxh_1950pixels">1083.33dp</dimen>
    <dimen name="xxh_1951pixels">1083.89dp</dimen>
    <dimen name="xxh_1952pixels">1084.44dp</dimen>
    <dimen name="xxh_1953pixels">1085dp</dimen>
    <dimen name="xxh_1954pixels">1085.56dp</dimen>
    <dimen name="xxh_1955pixels">1086.11dp</dimen>
    <dimen name="xxh_1956pixels">1086.67dp</dimen>
    <dimen name="xxh_1957pixels">1087.22dp</dimen>
    <dimen name="xxh_1958pixels">1087.78dp</dimen>
    <dimen name="xxh_1959pixels">1088.33dp</dimen>
    <dimen name="xxh_1960pixels">1088.89dp</dimen>
    <dimen name="xxh_1961pixels">1089.44dp</dimen>
    <dimen name="xxh_1962pixels">1090dp</dimen>
    <dimen name="xxh_1963pixels">1090.56dp</dimen>
    <dimen name="xxh_1964pixels">1091.11dp</dimen>
    <dimen name="xxh_1965pixels">1091.67dp</dimen>
    <dimen name="xxh_1966pixels">1092.22dp</dimen>
    <dimen name="xxh_1967pixels">1092.78dp</dimen>
    <dimen name="xxh_1968pixels">1093.33dp</dimen>
    <dimen name="xxh_1969pixels">1093.89dp</dimen>
    <dimen name="xxh_1970pixels">1094.44dp</dimen>
    <dimen name="xxh_1971pixels">1095dp</dimen>
    <dimen name="xxh_1972pixels">1095.56dp</dimen>
    <dimen name="xxh_1973pixels">1096.11dp</dimen>
    <dimen name="xxh_1974pixels">1096.67dp</dimen>
    <dimen name="xxh_1975pixels">1097.22dp</dimen>
    <dimen name="xxh_1976pixels">1097.78dp</dimen>
    <dimen name="xxh_1977pixels">1098.33dp</dimen>
    <dimen name="xxh_1978pixels">1098.89dp</dimen>
    <dimen name="xxh_1979pixels">1099.44dp</dimen>
    <dimen name="xxh_1980pixels">1100dp</dimen>
    <dimen name="xxh_1981pixels">1100.56dp</dimen>
    <dimen name="xxh_1982pixels">1101.11dp</dimen>
    <dimen name="xxh_1983pixels">1101.67dp</dimen>
    <dimen name="xxh_1984pixels">1102.22dp</dimen>
    <dimen name="xxh_1985pixels">1102.78dp</dimen>
    <dimen name="xxh_1986pixels">1103.33dp</dimen>
    <dimen name="xxh_1987pixels">1103.89dp</dimen>
    <dimen name="xxh_1988pixels">1104.44dp</dimen>
    <dimen name="xxh_1989pixels">1105dp</dimen>
    <dimen name="xxh_1990pixels">1105.56dp</dimen>
    <dimen name="xxh_1991pixels">1106.11dp</dimen>
    <dimen name="xxh_1992pixels">1106.67dp</dimen>
    <dimen name="xxh_1993pixels">1107.22dp</dimen>
    <dimen name="xxh_1994pixels">1107.78dp</dimen>
    <dimen name="xxh_1995pixels">1108.33dp</dimen>
    <dimen name="xxh_1996pixels">1108.89dp</dimen>
    <dimen name="xxh_1997pixels">1109.44dp</dimen>
    <dimen name="xxh_1998pixels">1110dp</dimen>
    <dimen name="xxh_1999pixels">1110.56dp</dimen>
    <dimen name="xxh_2000pixels">1111.11dp</dimen>

</resources>