<?xml version="1.0" encoding="utf-8"?>
<resources>

    <dimen name="xxh_m130pixels">-119.17dp</dimen>
    <dimen name="xxh_m48pixels">-44dp</dimen>
    <dimen name="xxh_m42pixels">-38.5dp</dimen>
    <dimen name="xxh_m30pixels">-27.5dp</dimen>
    <dimen name="xxh_m26pixels">-23.83dp</dimen>
    <dimen name="xxh_m25pixels">-22.92dp</dimen>
    <dimen name="xxh_m24pixels">-22dp</dimen>
    <dimen name="xxh_m23pixels">-21.08dp</dimen>
    <dimen name="xxh_m21pixels">-19.25dp</dimen>
    <dimen name="xxh_m20pixels">-18.33dp</dimen>
    <dimen name="xxh_m18pixels">-16.5dp</dimen>
    <dimen name="xxh_m16pixels">-14.67dp</dimen>
    <dimen name="xxh_m14pixels">-12.83dp</dimen>
    <dimen name="xxh_m10pixels">-9.17dp</dimen>
    <dimen name="xxh_m8pixels">-7.33dp</dimen>
    <dimen name="xxh_m5pixels">-4.58dp</dimen>
    <dimen name="xxh_m1pixels">-0.92dp</dimen>

    <dimen name="xxh_1pixels">0.92dp</dimen>
    <dimen name="xxh_2pixels">1.83dp</dimen>
    <dimen name="xxh_3pixels">2.75dp</dimen>
    <dimen name="xxh_4pixels">3.67dp</dimen>
    <dimen name="xxh_5pixels">4.58dp</dimen>
    <dimen name="xxh_6pixels">5.5dp</dimen>
    <dimen name="xxh_7pixels">6.42dp</dimen>
    <dimen name="xxh_8pixels">7.33dp</dimen>
    <dimen name="xxh_9pixels">8.25dp</dimen>
    <dimen name="xxh_10pixels">9.17dp</dimen>
    <dimen name="xxh_11pixels">10.08dp</dimen>
    <dimen name="xxh_12pixels">11dp</dimen>
    <dimen name="xxh_13pixels">11.92dp</dimen>
    <dimen name="xxh_14pixels">12.83dp</dimen>
    <dimen name="xxh_15pixels">13.75dp</dimen>
    <dimen name="xxh_16pixels">14.67dp</dimen>
    <dimen name="xxh_17pixels">15.58dp</dimen>
    <dimen name="xxh_18pixels">16.5dp</dimen>
    <dimen name="xxh_19pixels">17.42dp</dimen>
    <dimen name="xxh_20pixels">18.33dp</dimen>
    <dimen name="xxh_21pixels">19.25dp</dimen>
    <dimen name="xxh_22pixels">20.17dp</dimen>
    <dimen name="xxh_23pixels">21.08dp</dimen>
    <dimen name="xxh_24pixels">22dp</dimen>
    <dimen name="xxh_25pixels">22.92dp</dimen>
    <dimen name="xxh_26pixels">23.83dp</dimen>
    <dimen name="xxh_27pixels">24.75dp</dimen>
    <dimen name="xxh_28pixels">25.67dp</dimen>
    <dimen name="xxh_29pixels">26.58dp</dimen>
    <dimen name="xxh_30pixels">27.5dp</dimen>
    <dimen name="xxh_31pixels">28.42dp</dimen>
    <dimen name="xxh_32pixels">29.33dp</dimen>
    <dimen name="xxh_33pixels">30.25dp</dimen>
    <dimen name="xxh_34pixels">31.17dp</dimen>
    <dimen name="xxh_35pixels">32.08dp</dimen>
    <dimen name="xxh_36pixels">33dp</dimen>
    <dimen name="xxh_37pixels">33.92dp</dimen>
    <dimen name="xxh_38pixels">34.83dp</dimen>
    <dimen name="xxh_39pixels">35.75dp</dimen>
    <dimen name="xxh_40pixels">36.67dp</dimen>
    <dimen name="xxh_41pixels">37.58dp</dimen>
    <dimen name="xxh_42pixels">38.5dp</dimen>
    <dimen name="xxh_43pixels">39.42dp</dimen>
    <dimen name="xxh_44pixels">40.33dp</dimen>
    <dimen name="xxh_45pixels">41.25dp</dimen>
    <dimen name="xxh_46pixels">42.17dp</dimen>
    <dimen name="xxh_47pixels">43.08dp</dimen>
    <dimen name="xxh_48pixels">44dp</dimen>
    <dimen name="xxh_49pixels">44.92dp</dimen>
    <dimen name="xxh_50pixels">45.83dp</dimen>
    <dimen name="xxh_51pixels">46.75dp</dimen>
    <dimen name="xxh_52pixels">47.67dp</dimen>
    <dimen name="xxh_53pixels">48.58dp</dimen>
    <dimen name="xxh_54pixels">49.5dp</dimen>
    <dimen name="xxh_55pixels">50.42dp</dimen>
    <dimen name="xxh_56pixels">51.33dp</dimen>
    <dimen name="xxh_57pixels">52.25dp</dimen>
    <dimen name="xxh_58pixels">53.17dp</dimen>
    <dimen name="xxh_59pixels">54.08dp</dimen>
    <dimen name="xxh_60pixels">55dp</dimen>
    <dimen name="xxh_61pixels">55.92dp</dimen>
    <dimen name="xxh_62pixels">56.83dp</dimen>
    <dimen name="xxh_63pixels">57.75dp</dimen>
    <dimen name="xxh_64pixels">58.67dp</dimen>
    <dimen name="xxh_65pixels">59.58dp</dimen>
    <dimen name="xxh_66pixels">60.5dp</dimen>
    <dimen name="xxh_67pixels">61.42dp</dimen>
    <dimen name="xxh_68pixels">62.33dp</dimen>
    <dimen name="xxh_69pixels">63.25dp</dimen>
    <dimen name="xxh_70pixels">64.17dp</dimen>
    <dimen name="xxh_71pixels">65.08dp</dimen>
    <dimen name="xxh_72pixels">66dp</dimen>
    <dimen name="xxh_73pixels">66.92dp</dimen>
    <dimen name="xxh_74pixels">67.83dp</dimen>
    <dimen name="xxh_75pixels">68.75dp</dimen>
    <dimen name="xxh_76pixels">69.67dp</dimen>
    <dimen name="xxh_77pixels">70.58dp</dimen>
    <dimen name="xxh_78pixels">71.5dp</dimen>
    <dimen name="xxh_79pixels">72.42dp</dimen>
    <dimen name="xxh_80pixels">73.33dp</dimen>
    <dimen name="xxh_81pixels">74.25dp</dimen>
    <dimen name="xxh_82pixels">75.17dp</dimen>
    <dimen name="xxh_83pixels">76.08dp</dimen>
    <dimen name="xxh_84pixels">77dp</dimen>
    <dimen name="xxh_85pixels">77.92dp</dimen>
    <dimen name="xxh_86pixels">78.83dp</dimen>
    <dimen name="xxh_87pixels">79.75dp</dimen>
    <dimen name="xxh_88pixels">80.67dp</dimen>
    <dimen name="xxh_89pixels">81.58dp</dimen>
    <dimen name="xxh_90pixels">82.5dp</dimen>
    <dimen name="xxh_91pixels">83.42dp</dimen>
    <dimen name="xxh_92pixels">84.33dp</dimen>
    <dimen name="xxh_93pixels">85.25dp</dimen>
    <dimen name="xxh_94pixels">86.17dp</dimen>
    <dimen name="xxh_95pixels">87.08dp</dimen>
    <dimen name="xxh_96pixels">88dp</dimen>
    <dimen name="xxh_97pixels">88.92dp</dimen>
    <dimen name="xxh_98pixels">89.83dp</dimen>
    <dimen name="xxh_99pixels">90.75dp</dimen>
    <dimen name="xxh_100pixels">91.67dp</dimen>
    <dimen name="xxh_101pixels">92.58dp</dimen>
    <dimen name="xxh_102pixels">93.5dp</dimen>
    <dimen name="xxh_103pixels">94.42dp</dimen>
    <dimen name="xxh_104pixels">95.33dp</dimen>
    <dimen name="xxh_105pixels">96.25dp</dimen>
    <dimen name="xxh_106pixels">97.17dp</dimen>
    <dimen name="xxh_107pixels">98.08dp</dimen>
    <dimen name="xxh_108pixels">99dp</dimen>
    <dimen name="xxh_109pixels">99.92dp</dimen>
    <dimen name="xxh_110pixels">100.83dp</dimen>
    <dimen name="xxh_111pixels">101.75dp</dimen>
    <dimen name="xxh_112pixels">102.67dp</dimen>
    <dimen name="xxh_113pixels">103.58dp</dimen>
    <dimen name="xxh_114pixels">104.5dp</dimen>
    <dimen name="xxh_115pixels">105.42dp</dimen>
    <dimen name="xxh_116pixels">106.33dp</dimen>
    <dimen name="xxh_117pixels">107.25dp</dimen>
    <dimen name="xxh_118pixels">108.17dp</dimen>
    <dimen name="xxh_119pixels">109.08dp</dimen>
    <dimen name="xxh_120pixels">110dp</dimen>
    <dimen name="xxh_121pixels">110.92dp</dimen>
    <dimen name="xxh_122pixels">111.83dp</dimen>
    <dimen name="xxh_123pixels">112.75dp</dimen>
    <dimen name="xxh_124pixels">113.67dp</dimen>
    <dimen name="xxh_125pixels">114.58dp</dimen>
    <dimen name="xxh_126pixels">115.5dp</dimen>
    <dimen name="xxh_127pixels">116.42dp</dimen>
    <dimen name="xxh_128pixels">117.33dp</dimen>
    <dimen name="xxh_129pixels">118.25dp</dimen>
    <dimen name="xxh_130pixels">119.17dp</dimen>
    <dimen name="xxh_131pixels">120.08dp</dimen>
    <dimen name="xxh_132pixels">121dp</dimen>
    <dimen name="xxh_133pixels">121.92dp</dimen>
    <dimen name="xxh_134pixels">122.83dp</dimen>
    <dimen name="xxh_135pixels">123.75dp</dimen>
    <dimen name="xxh_136pixels">124.67dp</dimen>
    <dimen name="xxh_137pixels">125.58dp</dimen>
    <dimen name="xxh_138pixels">126.5dp</dimen>
    <dimen name="xxh_139pixels">127.42dp</dimen>
    <dimen name="xxh_140pixels">128.33dp</dimen>
    <dimen name="xxh_141pixels">129.25dp</dimen>
    <dimen name="xxh_142pixels">130.17dp</dimen>
    <dimen name="xxh_143pixels">131.08dp</dimen>
    <dimen name="xxh_144pixels">132dp</dimen>
    <dimen name="xxh_145pixels">132.92dp</dimen>
    <dimen name="xxh_146pixels">133.83dp</dimen>
    <dimen name="xxh_147pixels">134.75dp</dimen>
    <dimen name="xxh_148pixels">135.67dp</dimen>
    <dimen name="xxh_149pixels">136.58dp</dimen>
    <dimen name="xxh_150pixels">137.5dp</dimen>
    <dimen name="xxh_151pixels">138.42dp</dimen>
    <dimen name="xxh_152pixels">139.33dp</dimen>
    <dimen name="xxh_153pixels">140.25dp</dimen>
    <dimen name="xxh_154pixels">141.17dp</dimen>
    <dimen name="xxh_155pixels">142.08dp</dimen>
    <dimen name="xxh_156pixels">143dp</dimen>
    <dimen name="xxh_157pixels">143.92dp</dimen>
    <dimen name="xxh_158pixels">144.83dp</dimen>
    <dimen name="xxh_159pixels">145.75dp</dimen>
    <dimen name="xxh_160pixels">146.67dp</dimen>
    <dimen name="xxh_161pixels">147.58dp</dimen>
    <dimen name="xxh_162pixels">148.5dp</dimen>
    <dimen name="xxh_163pixels">149.42dp</dimen>
    <dimen name="xxh_164pixels">150.33dp</dimen>
    <dimen name="xxh_165pixels">151.25dp</dimen>
    <dimen name="xxh_166pixels">152.17dp</dimen>
    <dimen name="xxh_167pixels">153.08dp</dimen>
    <dimen name="xxh_168pixels">154dp</dimen>
    <dimen name="xxh_169pixels">154.92dp</dimen>
    <dimen name="xxh_170pixels">155.83dp</dimen>
    <dimen name="xxh_171pixels">156.75dp</dimen>
    <dimen name="xxh_172pixels">157.67dp</dimen>
    <dimen name="xxh_173pixels">158.58dp</dimen>
    <dimen name="xxh_174pixels">159.5dp</dimen>
    <dimen name="xxh_175pixels">160.42dp</dimen>
    <dimen name="xxh_176pixels">161.33dp</dimen>
    <dimen name="xxh_177pixels">162.25dp</dimen>
    <dimen name="xxh_178pixels">163.17dp</dimen>
    <dimen name="xxh_179pixels">164.08dp</dimen>
    <dimen name="xxh_180pixels">165dp</dimen>
    <dimen name="xxh_181pixels">165.92dp</dimen>
    <dimen name="xxh_182pixels">166.83dp</dimen>
    <dimen name="xxh_183pixels">167.75dp</dimen>
    <dimen name="xxh_184pixels">168.67dp</dimen>
    <dimen name="xxh_185pixels">169.58dp</dimen>
    <dimen name="xxh_186pixels">170.5dp</dimen>
    <dimen name="xxh_187pixels">171.42dp</dimen>
    <dimen name="xxh_188pixels">172.33dp</dimen>
    <dimen name="xxh_189pixels">173.25dp</dimen>
    <dimen name="xxh_190pixels">174.17dp</dimen>
    <dimen name="xxh_191pixels">175.08dp</dimen>
    <dimen name="xxh_192pixels">176dp</dimen>
    <dimen name="xxh_193pixels">176.92dp</dimen>
    <dimen name="xxh_194pixels">177.83dp</dimen>
    <dimen name="xxh_195pixels">178.75dp</dimen>
    <dimen name="xxh_196pixels">179.67dp</dimen>
    <dimen name="xxh_197pixels">180.58dp</dimen>
    <dimen name="xxh_198pixels">181.5dp</dimen>
    <dimen name="xxh_199pixels">182.42dp</dimen>
    <dimen name="xxh_200pixels">183.33dp</dimen>
    <dimen name="xxh_201pixels">184.25dp</dimen>
    <dimen name="xxh_202pixels">185.17dp</dimen>
    <dimen name="xxh_203pixels">186.08dp</dimen>
    <dimen name="xxh_204pixels">187dp</dimen>
    <dimen name="xxh_205pixels">187.92dp</dimen>
    <dimen name="xxh_206pixels">188.83dp</dimen>
    <dimen name="xxh_207pixels">189.75dp</dimen>
    <dimen name="xxh_208pixels">190.67dp</dimen>
    <dimen name="xxh_209pixels">191.58dp</dimen>
    <dimen name="xxh_210pixels">192.5dp</dimen>
    <dimen name="xxh_211pixels">193.42dp</dimen>
    <dimen name="xxh_212pixels">194.33dp</dimen>
    <dimen name="xxh_213pixels">195.25dp</dimen>
    <dimen name="xxh_214pixels">196.17dp</dimen>
    <dimen name="xxh_215pixels">197.08dp</dimen>
    <dimen name="xxh_216pixels">198dp</dimen>
    <dimen name="xxh_217pixels">198.92dp</dimen>
    <dimen name="xxh_218pixels">199.83dp</dimen>
    <dimen name="xxh_219pixels">200.75dp</dimen>
    <dimen name="xxh_220pixels">201.67dp</dimen>
    <dimen name="xxh_221pixels">202.58dp</dimen>
    <dimen name="xxh_222pixels">203.5dp</dimen>
    <dimen name="xxh_223pixels">204.42dp</dimen>
    <dimen name="xxh_224pixels">205.33dp</dimen>
    <dimen name="xxh_225pixels">206.25dp</dimen>
    <dimen name="xxh_226pixels">207.17dp</dimen>
    <dimen name="xxh_227pixels">208.08dp</dimen>
    <dimen name="xxh_228pixels">209dp</dimen>
    <dimen name="xxh_229pixels">209.92dp</dimen>
    <dimen name="xxh_230pixels">210.83dp</dimen>
    <dimen name="xxh_231pixels">211.75dp</dimen>
    <dimen name="xxh_232pixels">212.67dp</dimen>
    <dimen name="xxh_233pixels">213.58dp</dimen>
    <dimen name="xxh_234pixels">214.5dp</dimen>
    <dimen name="xxh_235pixels">215.42dp</dimen>
    <dimen name="xxh_236pixels">216.33dp</dimen>
    <dimen name="xxh_237pixels">217.25dp</dimen>
    <dimen name="xxh_238pixels">218.17dp</dimen>
    <dimen name="xxh_239pixels">219.08dp</dimen>
    <dimen name="xxh_240pixels">220dp</dimen>
    <dimen name="xxh_241pixels">220.92dp</dimen>
    <dimen name="xxh_242pixels">221.83dp</dimen>
    <dimen name="xxh_243pixels">222.75dp</dimen>
    <dimen name="xxh_244pixels">223.67dp</dimen>
    <dimen name="xxh_245pixels">224.58dp</dimen>
    <dimen name="xxh_246pixels">225.5dp</dimen>
    <dimen name="xxh_247pixels">226.42dp</dimen>
    <dimen name="xxh_248pixels">227.33dp</dimen>
    <dimen name="xxh_249pixels">228.25dp</dimen>
    <dimen name="xxh_250pixels">229.17dp</dimen>
    <dimen name="xxh_251pixels">230.08dp</dimen>
    <dimen name="xxh_252pixels">231dp</dimen>
    <dimen name="xxh_253pixels">231.92dp</dimen>
    <dimen name="xxh_254pixels">232.83dp</dimen>
    <dimen name="xxh_255pixels">233.75dp</dimen>
    <dimen name="xxh_256pixels">234.67dp</dimen>
    <dimen name="xxh_257pixels">235.58dp</dimen>
    <dimen name="xxh_258pixels">236.5dp</dimen>
    <dimen name="xxh_259pixels">237.42dp</dimen>
    <dimen name="xxh_260pixels">238.33dp</dimen>
    <dimen name="xxh_261pixels">239.25dp</dimen>
    <dimen name="xxh_262pixels">240.17dp</dimen>
    <dimen name="xxh_263pixels">241.08dp</dimen>
    <dimen name="xxh_264pixels">242dp</dimen>
    <dimen name="xxh_265pixels">242.92dp</dimen>
    <dimen name="xxh_266pixels">243.83dp</dimen>
    <dimen name="xxh_267pixels">244.75dp</dimen>
    <dimen name="xxh_268pixels">245.67dp</dimen>
    <dimen name="xxh_269pixels">246.58dp</dimen>
    <dimen name="xxh_270pixels">247.5dp</dimen>
    <dimen name="xxh_271pixels">248.42dp</dimen>
    <dimen name="xxh_272pixels">249.33dp</dimen>
    <dimen name="xxh_273pixels">250.25dp</dimen>
    <dimen name="xxh_274pixels">251.17dp</dimen>
    <dimen name="xxh_275pixels">252.08dp</dimen>
    <dimen name="xxh_276pixels">253dp</dimen>
    <dimen name="xxh_277pixels">253.92dp</dimen>
    <dimen name="xxh_278pixels">254.83dp</dimen>
    <dimen name="xxh_279pixels">255.75dp</dimen>
    <dimen name="xxh_280pixels">256.67dp</dimen>
    <dimen name="xxh_281pixels">257.58dp</dimen>
    <dimen name="xxh_282pixels">258.5dp</dimen>
    <dimen name="xxh_283pixels">259.42dp</dimen>
    <dimen name="xxh_284pixels">260.33dp</dimen>
    <dimen name="xxh_285pixels">261.25dp</dimen>
    <dimen name="xxh_286pixels">262.17dp</dimen>
    <dimen name="xxh_287pixels">263.08dp</dimen>
    <dimen name="xxh_288pixels">264dp</dimen>
    <dimen name="xxh_289pixels">264.92dp</dimen>
    <dimen name="xxh_290pixels">265.83dp</dimen>
    <dimen name="xxh_291pixels">266.75dp</dimen>
    <dimen name="xxh_292pixels">267.67dp</dimen>
    <dimen name="xxh_293pixels">268.58dp</dimen>
    <dimen name="xxh_294pixels">269.5dp</dimen>
    <dimen name="xxh_295pixels">270.42dp</dimen>
    <dimen name="xxh_296pixels">271.33dp</dimen>
    <dimen name="xxh_297pixels">272.25dp</dimen>
    <dimen name="xxh_298pixels">273.17dp</dimen>
    <dimen name="xxh_299pixels">274.08dp</dimen>
    <dimen name="xxh_300pixels">275dp</dimen>
    <dimen name="xxh_301pixels">275.92dp</dimen>
    <dimen name="xxh_302pixels">276.83dp</dimen>
    <dimen name="xxh_303pixels">277.75dp</dimen>
    <dimen name="xxh_304pixels">278.67dp</dimen>
    <dimen name="xxh_305pixels">279.58dp</dimen>
    <dimen name="xxh_306pixels">280.5dp</dimen>
    <dimen name="xxh_307pixels">281.42dp</dimen>
    <dimen name="xxh_308pixels">282.33dp</dimen>
    <dimen name="xxh_309pixels">283.25dp</dimen>
    <dimen name="xxh_310pixels">284.17dp</dimen>
    <dimen name="xxh_311pixels">285.08dp</dimen>
    <dimen name="xxh_312pixels">286dp</dimen>
    <dimen name="xxh_313pixels">286.92dp</dimen>
    <dimen name="xxh_314pixels">287.83dp</dimen>
    <dimen name="xxh_315pixels">288.75dp</dimen>
    <dimen name="xxh_316pixels">289.67dp</dimen>
    <dimen name="xxh_317pixels">290.58dp</dimen>
    <dimen name="xxh_318pixels">291.5dp</dimen>
    <dimen name="xxh_319pixels">292.42dp</dimen>
    <dimen name="xxh_320pixels">293.33dp</dimen>
    <dimen name="xxh_321pixels">294.25dp</dimen>
    <dimen name="xxh_322pixels">295.17dp</dimen>
    <dimen name="xxh_323pixels">296.08dp</dimen>
    <dimen name="xxh_324pixels">297dp</dimen>
    <dimen name="xxh_325pixels">297.92dp</dimen>
    <dimen name="xxh_326pixels">298.83dp</dimen>
    <dimen name="xxh_327pixels">299.75dp</dimen>
    <dimen name="xxh_328pixels">300.67dp</dimen>
    <dimen name="xxh_329pixels">301.58dp</dimen>
    <dimen name="xxh_330pixels">302.5dp</dimen>
    <dimen name="xxh_331pixels">303.42dp</dimen>
    <dimen name="xxh_332pixels">304.33dp</dimen>
    <dimen name="xxh_333pixels">305.25dp</dimen>
    <dimen name="xxh_334pixels">306.17dp</dimen>
    <dimen name="xxh_335pixels">307.08dp</dimen>
    <dimen name="xxh_336pixels">308dp</dimen>
    <dimen name="xxh_337pixels">308.92dp</dimen>
    <dimen name="xxh_338pixels">309.83dp</dimen>
    <dimen name="xxh_339pixels">310.75dp</dimen>
    <dimen name="xxh_340pixels">311.67dp</dimen>
    <dimen name="xxh_341pixels">312.58dp</dimen>
    <dimen name="xxh_342pixels">313.5dp</dimen>
    <dimen name="xxh_343pixels">314.42dp</dimen>
    <dimen name="xxh_344pixels">315.33dp</dimen>
    <dimen name="xxh_345pixels">316.25dp</dimen>
    <dimen name="xxh_346pixels">317.17dp</dimen>
    <dimen name="xxh_347pixels">318.08dp</dimen>
    <dimen name="xxh_348pixels">319dp</dimen>
    <dimen name="xxh_349pixels">319.92dp</dimen>
    <dimen name="xxh_350pixels">320.83dp</dimen>
    <dimen name="xxh_351pixels">321.75dp</dimen>
    <dimen name="xxh_352pixels">322.67dp</dimen>
    <dimen name="xxh_353pixels">323.58dp</dimen>
    <dimen name="xxh_354pixels">324.5dp</dimen>
    <dimen name="xxh_355pixels">325.42dp</dimen>
    <dimen name="xxh_356pixels">326.33dp</dimen>
    <dimen name="xxh_357pixels">327.25dp</dimen>
    <dimen name="xxh_358pixels">328.17dp</dimen>
    <dimen name="xxh_359pixels">329.08dp</dimen>
    <dimen name="xxh_360pixels">330dp</dimen>
    <dimen name="xxh_361pixels">330.92dp</dimen>
    <dimen name="xxh_362pixels">331.83dp</dimen>
    <dimen name="xxh_363pixels">332.75dp</dimen>
    <dimen name="xxh_364pixels">333.67dp</dimen>
    <dimen name="xxh_365pixels">334.58dp</dimen>
    <dimen name="xxh_366pixels">335.5dp</dimen>
    <dimen name="xxh_367pixels">336.42dp</dimen>
    <dimen name="xxh_368pixels">337.33dp</dimen>
    <dimen name="xxh_369pixels">338.25dp</dimen>
    <dimen name="xxh_370pixels">339.17dp</dimen>
    <dimen name="xxh_371pixels">340.08dp</dimen>
    <dimen name="xxh_372pixels">341dp</dimen>
    <dimen name="xxh_373pixels">341.92dp</dimen>
    <dimen name="xxh_374pixels">342.83dp</dimen>
    <dimen name="xxh_375pixels">343.75dp</dimen>
    <dimen name="xxh_376pixels">344.67dp</dimen>
    <dimen name="xxh_377pixels">345.58dp</dimen>
    <dimen name="xxh_378pixels">346.5dp</dimen>
    <dimen name="xxh_379pixels">347.42dp</dimen>
    <dimen name="xxh_380pixels">348.33dp</dimen>
    <dimen name="xxh_381pixels">349.25dp</dimen>
    <dimen name="xxh_382pixels">350.17dp</dimen>
    <dimen name="xxh_383pixels">351.08dp</dimen>
    <dimen name="xxh_384pixels">352dp</dimen>
    <dimen name="xxh_385pixels">352.92dp</dimen>
    <dimen name="xxh_386pixels">353.83dp</dimen>
    <dimen name="xxh_387pixels">354.75dp</dimen>
    <dimen name="xxh_388pixels">355.67dp</dimen>
    <dimen name="xxh_389pixels">356.58dp</dimen>
    <dimen name="xxh_390pixels">357.5dp</dimen>
    <dimen name="xxh_391pixels">358.42dp</dimen>
    <dimen name="xxh_392pixels">359.33dp</dimen>
    <dimen name="xxh_393pixels">360.25dp</dimen>
    <dimen name="xxh_394pixels">361.17dp</dimen>
    <dimen name="xxh_395pixels">362.08dp</dimen>
    <dimen name="xxh_396pixels">363dp</dimen>
    <dimen name="xxh_397pixels">363.92dp</dimen>
    <dimen name="xxh_398pixels">364.83dp</dimen>
    <dimen name="xxh_399pixels">365.75dp</dimen>
    <dimen name="xxh_400pixels">366.67dp</dimen>
    <dimen name="xxh_401pixels">367.58dp</dimen>
    <dimen name="xxh_402pixels">368.5dp</dimen>
    <dimen name="xxh_403pixels">369.42dp</dimen>
    <dimen name="xxh_404pixels">370.33dp</dimen>
    <dimen name="xxh_405pixels">371.25dp</dimen>
    <dimen name="xxh_406pixels">372.17dp</dimen>
    <dimen name="xxh_407pixels">373.08dp</dimen>
    <dimen name="xxh_408pixels">374dp</dimen>
    <dimen name="xxh_409pixels">374.92dp</dimen>
    <dimen name="xxh_410pixels">375.83dp</dimen>
    <dimen name="xxh_411pixels">376.75dp</dimen>
    <dimen name="xxh_412pixels">377.67dp</dimen>
    <dimen name="xxh_413pixels">378.58dp</dimen>
    <dimen name="xxh_414pixels">379.5dp</dimen>
    <dimen name="xxh_415pixels">380.42dp</dimen>
    <dimen name="xxh_416pixels">381.33dp</dimen>
    <dimen name="xxh_417pixels">382.25dp</dimen>
    <dimen name="xxh_418pixels">383.17dp</dimen>
    <dimen name="xxh_419pixels">384.08dp</dimen>
    <dimen name="xxh_420pixels">385dp</dimen>
    <dimen name="xxh_421pixels">385.92dp</dimen>
    <dimen name="xxh_422pixels">386.83dp</dimen>
    <dimen name="xxh_423pixels">387.75dp</dimen>
    <dimen name="xxh_424pixels">388.67dp</dimen>
    <dimen name="xxh_425pixels">389.58dp</dimen>
    <dimen name="xxh_426pixels">390.5dp</dimen>
    <dimen name="xxh_427pixels">391.42dp</dimen>
    <dimen name="xxh_428pixels">392.33dp</dimen>
    <dimen name="xxh_429pixels">393.25dp</dimen>
    <dimen name="xxh_430pixels">394.17dp</dimen>
    <dimen name="xxh_431pixels">395.08dp</dimen>
    <dimen name="xxh_432pixels">396dp</dimen>
    <dimen name="xxh_433pixels">396.92dp</dimen>
    <dimen name="xxh_434pixels">397.83dp</dimen>
    <dimen name="xxh_435pixels">398.75dp</dimen>
    <dimen name="xxh_436pixels">399.67dp</dimen>
    <dimen name="xxh_437pixels">400.58dp</dimen>
    <dimen name="xxh_438pixels">401.5dp</dimen>
    <dimen name="xxh_439pixels">402.42dp</dimen>
    <dimen name="xxh_440pixels">403.33dp</dimen>
    <dimen name="xxh_441pixels">404.25dp</dimen>
    <dimen name="xxh_442pixels">405.17dp</dimen>
    <dimen name="xxh_443pixels">406.08dp</dimen>
    <dimen name="xxh_444pixels">407dp</dimen>
    <dimen name="xxh_445pixels">407.92dp</dimen>
    <dimen name="xxh_446pixels">408.83dp</dimen>
    <dimen name="xxh_447pixels">409.75dp</dimen>
    <dimen name="xxh_448pixels">410.67dp</dimen>
    <dimen name="xxh_449pixels">411.58dp</dimen>
    <dimen name="xxh_450pixels">412.5dp</dimen>
    <dimen name="xxh_451pixels">413.42dp</dimen>
    <dimen name="xxh_452pixels">414.33dp</dimen>
    <dimen name="xxh_453pixels">415.25dp</dimen>
    <dimen name="xxh_454pixels">416.17dp</dimen>
    <dimen name="xxh_455pixels">417.08dp</dimen>
    <dimen name="xxh_456pixels">418dp</dimen>
    <dimen name="xxh_457pixels">418.92dp</dimen>
    <dimen name="xxh_458pixels">419.83dp</dimen>
    <dimen name="xxh_459pixels">420.75dp</dimen>
    <dimen name="xxh_460pixels">421.67dp</dimen>
    <dimen name="xxh_461pixels">422.58dp</dimen>
    <dimen name="xxh_462pixels">423.5dp</dimen>
    <dimen name="xxh_463pixels">424.42dp</dimen>
    <dimen name="xxh_464pixels">425.33dp</dimen>
    <dimen name="xxh_465pixels">426.25dp</dimen>
    <dimen name="xxh_466pixels">427.17dp</dimen>
    <dimen name="xxh_467pixels">428.08dp</dimen>
    <dimen name="xxh_468pixels">429dp</dimen>
    <dimen name="xxh_469pixels">429.92dp</dimen>
    <dimen name="xxh_470pixels">430.83dp</dimen>
    <dimen name="xxh_471pixels">431.75dp</dimen>
    <dimen name="xxh_472pixels">432.67dp</dimen>
    <dimen name="xxh_473pixels">433.58dp</dimen>
    <dimen name="xxh_474pixels">434.5dp</dimen>
    <dimen name="xxh_475pixels">435.42dp</dimen>
    <dimen name="xxh_476pixels">436.33dp</dimen>
    <dimen name="xxh_477pixels">437.25dp</dimen>
    <dimen name="xxh_478pixels">438.17dp</dimen>
    <dimen name="xxh_479pixels">439.08dp</dimen>
    <dimen name="xxh_480pixels">440dp</dimen>
    <dimen name="xxh_481pixels">440.92dp</dimen>
    <dimen name="xxh_482pixels">441.83dp</dimen>
    <dimen name="xxh_483pixels">442.75dp</dimen>
    <dimen name="xxh_484pixels">443.67dp</dimen>
    <dimen name="xxh_485pixels">444.58dp</dimen>
    <dimen name="xxh_486pixels">445.5dp</dimen>
    <dimen name="xxh_487pixels">446.42dp</dimen>
    <dimen name="xxh_488pixels">447.33dp</dimen>
    <dimen name="xxh_489pixels">448.25dp</dimen>
    <dimen name="xxh_490pixels">449.17dp</dimen>
    <dimen name="xxh_491pixels">450.08dp</dimen>
    <dimen name="xxh_492pixels">451dp</dimen>
    <dimen name="xxh_493pixels">451.92dp</dimen>
    <dimen name="xxh_494pixels">452.83dp</dimen>
    <dimen name="xxh_495pixels">453.75dp</dimen>
    <dimen name="xxh_496pixels">454.67dp</dimen>
    <dimen name="xxh_497pixels">455.58dp</dimen>
    <dimen name="xxh_498pixels">456.5dp</dimen>
    <dimen name="xxh_499pixels">457.42dp</dimen>
    <dimen name="xxh_500pixels">458.33dp</dimen>
    <dimen name="xxh_501pixels">459.25dp</dimen>
    <dimen name="xxh_502pixels">460.17dp</dimen>
    <dimen name="xxh_503pixels">461.08dp</dimen>
    <dimen name="xxh_504pixels">462dp</dimen>
    <dimen name="xxh_505pixels">462.92dp</dimen>
    <dimen name="xxh_506pixels">463.83dp</dimen>
    <dimen name="xxh_507pixels">464.75dp</dimen>
    <dimen name="xxh_508pixels">465.67dp</dimen>
    <dimen name="xxh_509pixels">466.58dp</dimen>
    <dimen name="xxh_510pixels">467.5dp</dimen>
    <dimen name="xxh_511pixels">468.42dp</dimen>
    <dimen name="xxh_512pixels">469.33dp</dimen>
    <dimen name="xxh_513pixels">470.25dp</dimen>
    <dimen name="xxh_514pixels">471.17dp</dimen>
    <dimen name="xxh_515pixels">472.08dp</dimen>
    <dimen name="xxh_516pixels">473dp</dimen>
    <dimen name="xxh_517pixels">473.92dp</dimen>
    <dimen name="xxh_518pixels">474.83dp</dimen>
    <dimen name="xxh_519pixels">475.75dp</dimen>
    <dimen name="xxh_520pixels">476.67dp</dimen>
    <dimen name="xxh_521pixels">477.58dp</dimen>
    <dimen name="xxh_522pixels">478.5dp</dimen>
    <dimen name="xxh_523pixels">479.42dp</dimen>
    <dimen name="xxh_524pixels">480.33dp</dimen>
    <dimen name="xxh_525pixels">481.25dp</dimen>
    <dimen name="xxh_526pixels">482.17dp</dimen>
    <dimen name="xxh_527pixels">483.08dp</dimen>
    <dimen name="xxh_528pixels">484dp</dimen>
    <dimen name="xxh_529pixels">484.92dp</dimen>
    <dimen name="xxh_530pixels">485.83dp</dimen>
    <dimen name="xxh_531pixels">486.75dp</dimen>
    <dimen name="xxh_532pixels">487.67dp</dimen>
    <dimen name="xxh_533pixels">488.58dp</dimen>
    <dimen name="xxh_534pixels">489.5dp</dimen>
    <dimen name="xxh_535pixels">490.42dp</dimen>
    <dimen name="xxh_536pixels">491.33dp</dimen>
    <dimen name="xxh_537pixels">492.25dp</dimen>
    <dimen name="xxh_538pixels">493.17dp</dimen>
    <dimen name="xxh_539pixels">494.08dp</dimen>
    <dimen name="xxh_540pixels">495dp</dimen>
    <dimen name="xxh_541pixels">495.92dp</dimen>
    <dimen name="xxh_542pixels">496.83dp</dimen>
    <dimen name="xxh_543pixels">497.75dp</dimen>
    <dimen name="xxh_544pixels">498.67dp</dimen>
    <dimen name="xxh_545pixels">499.58dp</dimen>
    <dimen name="xxh_546pixels">500.5dp</dimen>
    <dimen name="xxh_547pixels">501.42dp</dimen>
    <dimen name="xxh_548pixels">502.33dp</dimen>
    <dimen name="xxh_549pixels">503.25dp</dimen>
    <dimen name="xxh_550pixels">504.17dp</dimen>
    <dimen name="xxh_551pixels">505.08dp</dimen>
    <dimen name="xxh_552pixels">506dp</dimen>
    <dimen name="xxh_553pixels">506.92dp</dimen>
    <dimen name="xxh_554pixels">507.83dp</dimen>
    <dimen name="xxh_555pixels">508.75dp</dimen>
    <dimen name="xxh_556pixels">509.67dp</dimen>
    <dimen name="xxh_557pixels">510.58dp</dimen>
    <dimen name="xxh_558pixels">511.5dp</dimen>
    <dimen name="xxh_559pixels">512.42dp</dimen>
    <dimen name="xxh_560pixels">513.33dp</dimen>
    <dimen name="xxh_561pixels">514.25dp</dimen>
    <dimen name="xxh_562pixels">515.17dp</dimen>
    <dimen name="xxh_563pixels">516.08dp</dimen>
    <dimen name="xxh_564pixels">517dp</dimen>
    <dimen name="xxh_565pixels">517.92dp</dimen>
    <dimen name="xxh_566pixels">518.83dp</dimen>
    <dimen name="xxh_567pixels">519.75dp</dimen>
    <dimen name="xxh_568pixels">520.67dp</dimen>
    <dimen name="xxh_569pixels">521.58dp</dimen>
    <dimen name="xxh_570pixels">522.5dp</dimen>
    <dimen name="xxh_571pixels">523.42dp</dimen>
    <dimen name="xxh_572pixels">524.33dp</dimen>
    <dimen name="xxh_573pixels">525.25dp</dimen>
    <dimen name="xxh_574pixels">526.17dp</dimen>
    <dimen name="xxh_575pixels">527.08dp</dimen>
    <dimen name="xxh_576pixels">528dp</dimen>
    <dimen name="xxh_577pixels">528.92dp</dimen>
    <dimen name="xxh_578pixels">529.83dp</dimen>
    <dimen name="xxh_579pixels">530.75dp</dimen>
    <dimen name="xxh_580pixels">531.67dp</dimen>
    <dimen name="xxh_581pixels">532.58dp</dimen>
    <dimen name="xxh_582pixels">533.5dp</dimen>
    <dimen name="xxh_583pixels">534.42dp</dimen>
    <dimen name="xxh_584pixels">535.33dp</dimen>
    <dimen name="xxh_585pixels">536.25dp</dimen>
    <dimen name="xxh_586pixels">537.17dp</dimen>
    <dimen name="xxh_587pixels">538.08dp</dimen>
    <dimen name="xxh_588pixels">539dp</dimen>
    <dimen name="xxh_589pixels">539.92dp</dimen>
    <dimen name="xxh_590pixels">540.83dp</dimen>
    <dimen name="xxh_591pixels">541.75dp</dimen>
    <dimen name="xxh_592pixels">542.67dp</dimen>
    <dimen name="xxh_593pixels">543.58dp</dimen>
    <dimen name="xxh_594pixels">544.5dp</dimen>
    <dimen name="xxh_595pixels">545.42dp</dimen>
    <dimen name="xxh_596pixels">546.33dp</dimen>
    <dimen name="xxh_597pixels">547.25dp</dimen>
    <dimen name="xxh_598pixels">548.17dp</dimen>
    <dimen name="xxh_599pixels">549.08dp</dimen>
    <dimen name="xxh_600pixels">550dp</dimen>
    <dimen name="xxh_601pixels">550.92dp</dimen>
    <dimen name="xxh_602pixels">551.83dp</dimen>
    <dimen name="xxh_603pixels">552.75dp</dimen>
    <dimen name="xxh_604pixels">553.67dp</dimen>
    <dimen name="xxh_605pixels">554.58dp</dimen>
    <dimen name="xxh_606pixels">555.5dp</dimen>
    <dimen name="xxh_607pixels">556.42dp</dimen>
    <dimen name="xxh_608pixels">557.33dp</dimen>
    <dimen name="xxh_609pixels">558.25dp</dimen>
    <dimen name="xxh_610pixels">559.17dp</dimen>
    <dimen name="xxh_611pixels">560.08dp</dimen>
    <dimen name="xxh_612pixels">561dp</dimen>
    <dimen name="xxh_613pixels">561.92dp</dimen>
    <dimen name="xxh_614pixels">562.83dp</dimen>
    <dimen name="xxh_615pixels">563.75dp</dimen>
    <dimen name="xxh_616pixels">564.67dp</dimen>
    <dimen name="xxh_617pixels">565.58dp</dimen>
    <dimen name="xxh_618pixels">566.5dp</dimen>
    <dimen name="xxh_619pixels">567.42dp</dimen>
    <dimen name="xxh_620pixels">568.33dp</dimen>
    <dimen name="xxh_621pixels">569.25dp</dimen>
    <dimen name="xxh_622pixels">570.17dp</dimen>
    <dimen name="xxh_623pixels">571.08dp</dimen>
    <dimen name="xxh_624pixels">572dp</dimen>
    <dimen name="xxh_625pixels">572.92dp</dimen>
    <dimen name="xxh_626pixels">573.83dp</dimen>
    <dimen name="xxh_627pixels">574.75dp</dimen>
    <dimen name="xxh_628pixels">575.67dp</dimen>
    <dimen name="xxh_629pixels">576.58dp</dimen>
    <dimen name="xxh_630pixels">577.5dp</dimen>
    <dimen name="xxh_631pixels">578.42dp</dimen>
    <dimen name="xxh_632pixels">579.33dp</dimen>
    <dimen name="xxh_633pixels">580.25dp</dimen>
    <dimen name="xxh_634pixels">581.17dp</dimen>
    <dimen name="xxh_635pixels">582.08dp</dimen>
    <dimen name="xxh_636pixels">583dp</dimen>
    <dimen name="xxh_637pixels">583.92dp</dimen>
    <dimen name="xxh_638pixels">584.83dp</dimen>
    <dimen name="xxh_639pixels">585.75dp</dimen>
    <dimen name="xxh_640pixels">586.67dp</dimen>
    <dimen name="xxh_641pixels">587.58dp</dimen>
    <dimen name="xxh_642pixels">588.5dp</dimen>
    <dimen name="xxh_643pixels">589.42dp</dimen>
    <dimen name="xxh_644pixels">590.33dp</dimen>
    <dimen name="xxh_645pixels">591.25dp</dimen>
    <dimen name="xxh_646pixels">592.17dp</dimen>
    <dimen name="xxh_647pixels">593.08dp</dimen>
    <dimen name="xxh_648pixels">594dp</dimen>
    <dimen name="xxh_649pixels">594.92dp</dimen>
    <dimen name="xxh_650pixels">595.83dp</dimen>
    <dimen name="xxh_651pixels">596.75dp</dimen>
    <dimen name="xxh_652pixels">597.67dp</dimen>
    <dimen name="xxh_653pixels">598.58dp</dimen>
    <dimen name="xxh_654pixels">599.5dp</dimen>
    <dimen name="xxh_655pixels">600.42dp</dimen>
    <dimen name="xxh_656pixels">601.33dp</dimen>
    <dimen name="xxh_657pixels">602.25dp</dimen>
    <dimen name="xxh_658pixels">603.17dp</dimen>
    <dimen name="xxh_659pixels">604.08dp</dimen>
    <dimen name="xxh_660pixels">605dp</dimen>
    <dimen name="xxh_661pixels">605.92dp</dimen>
    <dimen name="xxh_662pixels">606.83dp</dimen>
    <dimen name="xxh_663pixels">607.75dp</dimen>
    <dimen name="xxh_664pixels">608.67dp</dimen>
    <dimen name="xxh_665pixels">609.58dp</dimen>
    <dimen name="xxh_666pixels">610.5dp</dimen>
    <dimen name="xxh_667pixels">611.42dp</dimen>
    <dimen name="xxh_668pixels">612.33dp</dimen>
    <dimen name="xxh_669pixels">613.25dp</dimen>
    <dimen name="xxh_670pixels">614.17dp</dimen>
    <dimen name="xxh_671pixels">615.08dp</dimen>
    <dimen name="xxh_672pixels">616dp</dimen>
    <dimen name="xxh_673pixels">616.92dp</dimen>
    <dimen name="xxh_674pixels">617.83dp</dimen>
    <dimen name="xxh_675pixels">618.75dp</dimen>
    <dimen name="xxh_676pixels">619.67dp</dimen>
    <dimen name="xxh_677pixels">620.58dp</dimen>
    <dimen name="xxh_678pixels">621.5dp</dimen>
    <dimen name="xxh_679pixels">622.42dp</dimen>
    <dimen name="xxh_680pixels">623.33dp</dimen>
    <dimen name="xxh_681pixels">624.25dp</dimen>
    <dimen name="xxh_682pixels">625.17dp</dimen>
    <dimen name="xxh_683pixels">626.08dp</dimen>
    <dimen name="xxh_684pixels">627dp</dimen>
    <dimen name="xxh_685pixels">627.92dp</dimen>
    <dimen name="xxh_686pixels">628.83dp</dimen>
    <dimen name="xxh_687pixels">629.75dp</dimen>
    <dimen name="xxh_688pixels">630.67dp</dimen>
    <dimen name="xxh_689pixels">631.58dp</dimen>
    <dimen name="xxh_690pixels">632.5dp</dimen>
    <dimen name="xxh_691pixels">633.42dp</dimen>
    <dimen name="xxh_692pixels">634.33dp</dimen>
    <dimen name="xxh_693pixels">635.25dp</dimen>
    <dimen name="xxh_694pixels">636.17dp</dimen>
    <dimen name="xxh_695pixels">637.08dp</dimen>
    <dimen name="xxh_696pixels">638dp</dimen>
    <dimen name="xxh_697pixels">638.92dp</dimen>
    <dimen name="xxh_698pixels">639.83dp</dimen>
    <dimen name="xxh_699pixels">640.75dp</dimen>
    <dimen name="xxh_700pixels">641.67dp</dimen>
    <dimen name="xxh_701pixels">642.58dp</dimen>
    <dimen name="xxh_702pixels">643.5dp</dimen>
    <dimen name="xxh_703pixels">644.42dp</dimen>
    <dimen name="xxh_704pixels">645.33dp</dimen>
    <dimen name="xxh_705pixels">646.25dp</dimen>
    <dimen name="xxh_706pixels">647.17dp</dimen>
    <dimen name="xxh_707pixels">648.08dp</dimen>
    <dimen name="xxh_708pixels">649dp</dimen>
    <dimen name="xxh_709pixels">649.92dp</dimen>
    <dimen name="xxh_710pixels">650.83dp</dimen>
    <dimen name="xxh_711pixels">651.75dp</dimen>
    <dimen name="xxh_712pixels">652.67dp</dimen>
    <dimen name="xxh_713pixels">653.58dp</dimen>
    <dimen name="xxh_714pixels">654.5dp</dimen>
    <dimen name="xxh_715pixels">655.42dp</dimen>
    <dimen name="xxh_716pixels">656.33dp</dimen>
    <dimen name="xxh_717pixels">657.25dp</dimen>
    <dimen name="xxh_718pixels">658.17dp</dimen>
    <dimen name="xxh_719pixels">659.08dp</dimen>
    <dimen name="xxh_720pixels">660dp</dimen>
    <dimen name="xxh_721pixels">660.92dp</dimen>
    <dimen name="xxh_722pixels">661.83dp</dimen>
    <dimen name="xxh_723pixels">662.75dp</dimen>
    <dimen name="xxh_724pixels">663.67dp</dimen>
    <dimen name="xxh_725pixels">664.58dp</dimen>
    <dimen name="xxh_726pixels">665.5dp</dimen>
    <dimen name="xxh_727pixels">666.42dp</dimen>
    <dimen name="xxh_728pixels">667.33dp</dimen>
    <dimen name="xxh_729pixels">668.25dp</dimen>
    <dimen name="xxh_730pixels">669.17dp</dimen>
    <dimen name="xxh_731pixels">670.08dp</dimen>
    <dimen name="xxh_732pixels">671dp</dimen>
    <dimen name="xxh_733pixels">671.92dp</dimen>
    <dimen name="xxh_734pixels">672.83dp</dimen>
    <dimen name="xxh_735pixels">673.75dp</dimen>
    <dimen name="xxh_736pixels">674.67dp</dimen>
    <dimen name="xxh_737pixels">675.58dp</dimen>
    <dimen name="xxh_738pixels">676.5dp</dimen>
    <dimen name="xxh_739pixels">677.42dp</dimen>
    <dimen name="xxh_740pixels">678.33dp</dimen>
    <dimen name="xxh_741pixels">679.25dp</dimen>
    <dimen name="xxh_742pixels">680.17dp</dimen>
    <dimen name="xxh_743pixels">681.08dp</dimen>
    <dimen name="xxh_744pixels">682dp</dimen>
    <dimen name="xxh_745pixels">682.92dp</dimen>
    <dimen name="xxh_746pixels">683.83dp</dimen>
    <dimen name="xxh_747pixels">684.75dp</dimen>
    <dimen name="xxh_748pixels">685.67dp</dimen>
    <dimen name="xxh_749pixels">686.58dp</dimen>
    <dimen name="xxh_750pixels">687.5dp</dimen>
    <dimen name="xxh_751pixels">688.42dp</dimen>
    <dimen name="xxh_752pixels">689.33dp</dimen>
    <dimen name="xxh_753pixels">690.25dp</dimen>
    <dimen name="xxh_754pixels">691.17dp</dimen>
    <dimen name="xxh_755pixels">692.08dp</dimen>
    <dimen name="xxh_756pixels">693dp</dimen>
    <dimen name="xxh_757pixels">693.92dp</dimen>
    <dimen name="xxh_758pixels">694.83dp</dimen>
    <dimen name="xxh_759pixels">695.75dp</dimen>
    <dimen name="xxh_760pixels">696.67dp</dimen>
    <dimen name="xxh_761pixels">697.58dp</dimen>
    <dimen name="xxh_762pixels">698.5dp</dimen>
    <dimen name="xxh_763pixels">699.42dp</dimen>
    <dimen name="xxh_764pixels">700.33dp</dimen>
    <dimen name="xxh_765pixels">701.25dp</dimen>
    <dimen name="xxh_766pixels">702.17dp</dimen>
    <dimen name="xxh_767pixels">703.08dp</dimen>
    <dimen name="xxh_768pixels">704dp</dimen>
    <dimen name="xxh_769pixels">704.92dp</dimen>
    <dimen name="xxh_770pixels">705.83dp</dimen>
    <dimen name="xxh_771pixels">706.75dp</dimen>
    <dimen name="xxh_772pixels">707.67dp</dimen>
    <dimen name="xxh_773pixels">708.58dp</dimen>
    <dimen name="xxh_774pixels">709.5dp</dimen>
    <dimen name="xxh_775pixels">710.42dp</dimen>
    <dimen name="xxh_776pixels">711.33dp</dimen>
    <dimen name="xxh_777pixels">712.25dp</dimen>
    <dimen name="xxh_778pixels">713.17dp</dimen>
    <dimen name="xxh_779pixels">714.08dp</dimen>
    <dimen name="xxh_780pixels">715dp</dimen>
    <dimen name="xxh_781pixels">715.92dp</dimen>
    <dimen name="xxh_782pixels">716.83dp</dimen>
    <dimen name="xxh_783pixels">717.75dp</dimen>
    <dimen name="xxh_784pixels">718.67dp</dimen>
    <dimen name="xxh_785pixels">719.58dp</dimen>
    <dimen name="xxh_786pixels">720.5dp</dimen>
    <dimen name="xxh_787pixels">721.42dp</dimen>
    <dimen name="xxh_788pixels">722.33dp</dimen>
    <dimen name="xxh_789pixels">723.25dp</dimen>
    <dimen name="xxh_790pixels">724.17dp</dimen>
    <dimen name="xxh_791pixels">725.08dp</dimen>
    <dimen name="xxh_792pixels">726dp</dimen>
    <dimen name="xxh_793pixels">726.92dp</dimen>
    <dimen name="xxh_794pixels">727.83dp</dimen>
    <dimen name="xxh_795pixels">728.75dp</dimen>
    <dimen name="xxh_796pixels">729.67dp</dimen>
    <dimen name="xxh_797pixels">730.58dp</dimen>
    <dimen name="xxh_798pixels">731.5dp</dimen>
    <dimen name="xxh_799pixels">732.42dp</dimen>
    <dimen name="xxh_800pixels">733.33dp</dimen>
    <dimen name="xxh_801pixels">734.25dp</dimen>
    <dimen name="xxh_802pixels">735.17dp</dimen>
    <dimen name="xxh_803pixels">736.08dp</dimen>
    <dimen name="xxh_804pixels">737dp</dimen>
    <dimen name="xxh_805pixels">737.92dp</dimen>
    <dimen name="xxh_806pixels">738.83dp</dimen>
    <dimen name="xxh_807pixels">739.75dp</dimen>
    <dimen name="xxh_808pixels">740.67dp</dimen>
    <dimen name="xxh_809pixels">741.58dp</dimen>
    <dimen name="xxh_810pixels">742.5dp</dimen>
    <dimen name="xxh_811pixels">743.42dp</dimen>
    <dimen name="xxh_812pixels">744.33dp</dimen>
    <dimen name="xxh_813pixels">745.25dp</dimen>
    <dimen name="xxh_814pixels">746.17dp</dimen>
    <dimen name="xxh_815pixels">747.08dp</dimen>
    <dimen name="xxh_816pixels">748dp</dimen>
    <dimen name="xxh_817pixels">748.92dp</dimen>
    <dimen name="xxh_818pixels">749.83dp</dimen>
    <dimen name="xxh_819pixels">750.75dp</dimen>
    <dimen name="xxh_820pixels">751.67dp</dimen>
    <dimen name="xxh_821pixels">752.58dp</dimen>
    <dimen name="xxh_822pixels">753.5dp</dimen>
    <dimen name="xxh_823pixels">754.42dp</dimen>
    <dimen name="xxh_824pixels">755.33dp</dimen>
    <dimen name="xxh_825pixels">756.25dp</dimen>
    <dimen name="xxh_826pixels">757.17dp</dimen>
    <dimen name="xxh_827pixels">758.08dp</dimen>
    <dimen name="xxh_828pixels">759dp</dimen>
    <dimen name="xxh_829pixels">759.92dp</dimen>
    <dimen name="xxh_830pixels">760.83dp</dimen>
    <dimen name="xxh_831pixels">761.75dp</dimen>
    <dimen name="xxh_832pixels">762.67dp</dimen>
    <dimen name="xxh_833pixels">763.58dp</dimen>
    <dimen name="xxh_834pixels">764.5dp</dimen>
    <dimen name="xxh_835pixels">765.42dp</dimen>
    <dimen name="xxh_836pixels">766.33dp</dimen>
    <dimen name="xxh_837pixels">767.25dp</dimen>
    <dimen name="xxh_838pixels">768.17dp</dimen>
    <dimen name="xxh_839pixels">769.08dp</dimen>
    <dimen name="xxh_840pixels">770dp</dimen>
    <dimen name="xxh_841pixels">770.92dp</dimen>
    <dimen name="xxh_842pixels">771.83dp</dimen>
    <dimen name="xxh_843pixels">772.75dp</dimen>
    <dimen name="xxh_844pixels">773.67dp</dimen>
    <dimen name="xxh_845pixels">774.58dp</dimen>
    <dimen name="xxh_846pixels">775.5dp</dimen>
    <dimen name="xxh_847pixels">776.42dp</dimen>
    <dimen name="xxh_848pixels">777.33dp</dimen>
    <dimen name="xxh_849pixels">778.25dp</dimen>
    <dimen name="xxh_850pixels">779.17dp</dimen>
    <dimen name="xxh_851pixels">780.08dp</dimen>
    <dimen name="xxh_852pixels">781dp</dimen>
    <dimen name="xxh_853pixels">781.92dp</dimen>
    <dimen name="xxh_854pixels">782.83dp</dimen>
    <dimen name="xxh_855pixels">783.75dp</dimen>
    <dimen name="xxh_856pixels">784.67dp</dimen>
    <dimen name="xxh_857pixels">785.58dp</dimen>
    <dimen name="xxh_858pixels">786.5dp</dimen>
    <dimen name="xxh_859pixels">787.42dp</dimen>
    <dimen name="xxh_860pixels">788.33dp</dimen>
    <dimen name="xxh_861pixels">789.25dp</dimen>
    <dimen name="xxh_862pixels">790.17dp</dimen>
    <dimen name="xxh_863pixels">791.08dp</dimen>
    <dimen name="xxh_864pixels">792dp</dimen>
    <dimen name="xxh_865pixels">792.92dp</dimen>
    <dimen name="xxh_866pixels">793.83dp</dimen>
    <dimen name="xxh_867pixels">794.75dp</dimen>
    <dimen name="xxh_868pixels">795.67dp</dimen>
    <dimen name="xxh_869pixels">796.58dp</dimen>
    <dimen name="xxh_870pixels">797.5dp</dimen>
    <dimen name="xxh_871pixels">798.42dp</dimen>
    <dimen name="xxh_872pixels">799.33dp</dimen>
    <dimen name="xxh_873pixels">800.25dp</dimen>
    <dimen name="xxh_874pixels">801.17dp</dimen>
    <dimen name="xxh_875pixels">802.08dp</dimen>
    <dimen name="xxh_876pixels">803dp</dimen>
    <dimen name="xxh_877pixels">803.92dp</dimen>
    <dimen name="xxh_878pixels">804.83dp</dimen>
    <dimen name="xxh_879pixels">805.75dp</dimen>
    <dimen name="xxh_880pixels">806.67dp</dimen>
    <dimen name="xxh_881pixels">807.58dp</dimen>
    <dimen name="xxh_882pixels">808.5dp</dimen>
    <dimen name="xxh_883pixels">809.42dp</dimen>
    <dimen name="xxh_884pixels">810.33dp</dimen>
    <dimen name="xxh_885pixels">811.25dp</dimen>
    <dimen name="xxh_886pixels">812.17dp</dimen>
    <dimen name="xxh_887pixels">813.08dp</dimen>
    <dimen name="xxh_888pixels">814dp</dimen>
    <dimen name="xxh_889pixels">814.92dp</dimen>
    <dimen name="xxh_890pixels">815.83dp</dimen>
    <dimen name="xxh_891pixels">816.75dp</dimen>
    <dimen name="xxh_892pixels">817.67dp</dimen>
    <dimen name="xxh_893pixels">818.58dp</dimen>
    <dimen name="xxh_894pixels">819.5dp</dimen>
    <dimen name="xxh_895pixels">820.42dp</dimen>
    <dimen name="xxh_896pixels">821.33dp</dimen>
    <dimen name="xxh_897pixels">822.25dp</dimen>
    <dimen name="xxh_898pixels">823.17dp</dimen>
    <dimen name="xxh_899pixels">824.08dp</dimen>
    <dimen name="xxh_900pixels">825dp</dimen>
    <dimen name="xxh_901pixels">825.92dp</dimen>
    <dimen name="xxh_902pixels">826.83dp</dimen>
    <dimen name="xxh_903pixels">827.75dp</dimen>
    <dimen name="xxh_904pixels">828.67dp</dimen>
    <dimen name="xxh_905pixels">829.58dp</dimen>
    <dimen name="xxh_906pixels">830.5dp</dimen>
    <dimen name="xxh_907pixels">831.42dp</dimen>
    <dimen name="xxh_908pixels">832.33dp</dimen>
    <dimen name="xxh_909pixels">833.25dp</dimen>
    <dimen name="xxh_910pixels">834.17dp</dimen>
    <dimen name="xxh_911pixels">835.08dp</dimen>
    <dimen name="xxh_912pixels">836dp</dimen>
    <dimen name="xxh_913pixels">836.92dp</dimen>
    <dimen name="xxh_914pixels">837.83dp</dimen>
    <dimen name="xxh_915pixels">838.75dp</dimen>
    <dimen name="xxh_916pixels">839.67dp</dimen>
    <dimen name="xxh_917pixels">840.58dp</dimen>
    <dimen name="xxh_918pixels">841.5dp</dimen>
    <dimen name="xxh_919pixels">842.42dp</dimen>
    <dimen name="xxh_920pixels">843.33dp</dimen>
    <dimen name="xxh_921pixels">844.25dp</dimen>
    <dimen name="xxh_922pixels">845.17dp</dimen>
    <dimen name="xxh_923pixels">846.08dp</dimen>
    <dimen name="xxh_924pixels">847dp</dimen>
    <dimen name="xxh_925pixels">847.92dp</dimen>
    <dimen name="xxh_926pixels">848.83dp</dimen>
    <dimen name="xxh_927pixels">849.75dp</dimen>
    <dimen name="xxh_928pixels">850.67dp</dimen>
    <dimen name="xxh_929pixels">851.58dp</dimen>
    <dimen name="xxh_930pixels">852.5dp</dimen>
    <dimen name="xxh_931pixels">853.42dp</dimen>
    <dimen name="xxh_932pixels">854.33dp</dimen>
    <dimen name="xxh_933pixels">855.25dp</dimen>
    <dimen name="xxh_934pixels">856.17dp</dimen>
    <dimen name="xxh_935pixels">857.08dp</dimen>
    <dimen name="xxh_936pixels">858dp</dimen>
    <dimen name="xxh_937pixels">858.92dp</dimen>
    <dimen name="xxh_938pixels">859.83dp</dimen>
    <dimen name="xxh_939pixels">860.75dp</dimen>
    <dimen name="xxh_940pixels">861.67dp</dimen>
    <dimen name="xxh_941pixels">862.58dp</dimen>
    <dimen name="xxh_942pixels">863.5dp</dimen>
    <dimen name="xxh_943pixels">864.42dp</dimen>
    <dimen name="xxh_944pixels">865.33dp</dimen>
    <dimen name="xxh_945pixels">866.25dp</dimen>
    <dimen name="xxh_946pixels">867.17dp</dimen>
    <dimen name="xxh_947pixels">868.08dp</dimen>
    <dimen name="xxh_948pixels">869dp</dimen>
    <dimen name="xxh_949pixels">869.92dp</dimen>
    <dimen name="xxh_950pixels">870.83dp</dimen>
    <dimen name="xxh_951pixels">871.75dp</dimen>
    <dimen name="xxh_952pixels">872.67dp</dimen>
    <dimen name="xxh_953pixels">873.58dp</dimen>
    <dimen name="xxh_954pixels">874.5dp</dimen>
    <dimen name="xxh_955pixels">875.42dp</dimen>
    <dimen name="xxh_956pixels">876.33dp</dimen>
    <dimen name="xxh_957pixels">877.25dp</dimen>
    <dimen name="xxh_958pixels">878.17dp</dimen>
    <dimen name="xxh_959pixels">879.08dp</dimen>
    <dimen name="xxh_960pixels">880dp</dimen>
    <dimen name="xxh_961pixels">880.92dp</dimen>
    <dimen name="xxh_962pixels">881.83dp</dimen>
    <dimen name="xxh_963pixels">882.75dp</dimen>
    <dimen name="xxh_964pixels">883.67dp</dimen>
    <dimen name="xxh_965pixels">884.58dp</dimen>
    <dimen name="xxh_966pixels">885.5dp</dimen>
    <dimen name="xxh_967pixels">886.42dp</dimen>
    <dimen name="xxh_968pixels">887.33dp</dimen>
    <dimen name="xxh_969pixels">888.25dp</dimen>
    <dimen name="xxh_970pixels">889.17dp</dimen>
    <dimen name="xxh_971pixels">890.08dp</dimen>
    <dimen name="xxh_972pixels">891dp</dimen>
    <dimen name="xxh_973pixels">891.92dp</dimen>
    <dimen name="xxh_974pixels">892.83dp</dimen>
    <dimen name="xxh_975pixels">893.75dp</dimen>
    <dimen name="xxh_976pixels">894.67dp</dimen>
    <dimen name="xxh_977pixels">895.58dp</dimen>
    <dimen name="xxh_978pixels">896.5dp</dimen>
    <dimen name="xxh_979pixels">897.42dp</dimen>
    <dimen name="xxh_980pixels">898.33dp</dimen>
    <dimen name="xxh_981pixels">899.25dp</dimen>
    <dimen name="xxh_982pixels">900.17dp</dimen>
    <dimen name="xxh_983pixels">901.08dp</dimen>
    <dimen name="xxh_984pixels">902dp</dimen>
    <dimen name="xxh_985pixels">902.92dp</dimen>
    <dimen name="xxh_986pixels">903.83dp</dimen>
    <dimen name="xxh_987pixels">904.75dp</dimen>
    <dimen name="xxh_988pixels">905.67dp</dimen>
    <dimen name="xxh_989pixels">906.58dp</dimen>
    <dimen name="xxh_990pixels">907.5dp</dimen>
    <dimen name="xxh_991pixels">908.42dp</dimen>
    <dimen name="xxh_992pixels">909.33dp</dimen>
    <dimen name="xxh_993pixels">910.25dp</dimen>
    <dimen name="xxh_994pixels">911.17dp</dimen>
    <dimen name="xxh_995pixels">912.08dp</dimen>
    <dimen name="xxh_996pixels">913dp</dimen>
    <dimen name="xxh_997pixels">913.92dp</dimen>
    <dimen name="xxh_998pixels">914.83dp</dimen>
    <dimen name="xxh_999pixels">915.75dp</dimen>
    <dimen name="xxh_1000pixels">916.67dp</dimen>
    <dimen name="xxh_1001pixels">917.58dp</dimen>
    <dimen name="xxh_1002pixels">918.5dp</dimen>
    <dimen name="xxh_1003pixels">919.42dp</dimen>
    <dimen name="xxh_1004pixels">920.33dp</dimen>
    <dimen name="xxh_1005pixels">921.25dp</dimen>
    <dimen name="xxh_1006pixels">922.17dp</dimen>
    <dimen name="xxh_1007pixels">923.08dp</dimen>
    <dimen name="xxh_1008pixels">924dp</dimen>
    <dimen name="xxh_1009pixels">924.92dp</dimen>
    <dimen name="xxh_1010pixels">925.83dp</dimen>
    <dimen name="xxh_1011pixels">926.75dp</dimen>
    <dimen name="xxh_1012pixels">927.67dp</dimen>
    <dimen name="xxh_1013pixels">928.58dp</dimen>
    <dimen name="xxh_1014pixels">929.5dp</dimen>
    <dimen name="xxh_1015pixels">930.42dp</dimen>
    <dimen name="xxh_1016pixels">931.33dp</dimen>
    <dimen name="xxh_1017pixels">932.25dp</dimen>
    <dimen name="xxh_1018pixels">933.17dp</dimen>
    <dimen name="xxh_1019pixels">934.08dp</dimen>
    <dimen name="xxh_1020pixels">935dp</dimen>
    <dimen name="xxh_1021pixels">935.92dp</dimen>
    <dimen name="xxh_1022pixels">936.83dp</dimen>
    <dimen name="xxh_1023pixels">937.75dp</dimen>
    <dimen name="xxh_1024pixels">938.67dp</dimen>
    <dimen name="xxh_1025pixels">939.58dp</dimen>
    <dimen name="xxh_1026pixels">940.5dp</dimen>
    <dimen name="xxh_1027pixels">941.42dp</dimen>
    <dimen name="xxh_1028pixels">942.33dp</dimen>
    <dimen name="xxh_1029pixels">943.25dp</dimen>
    <dimen name="xxh_1030pixels">944.17dp</dimen>
    <dimen name="xxh_1031pixels">945.08dp</dimen>
    <dimen name="xxh_1032pixels">946dp</dimen>
    <dimen name="xxh_1033pixels">946.92dp</dimen>
    <dimen name="xxh_1034pixels">947.83dp</dimen>
    <dimen name="xxh_1035pixels">948.75dp</dimen>
    <dimen name="xxh_1036pixels">949.67dp</dimen>
    <dimen name="xxh_1037pixels">950.58dp</dimen>
    <dimen name="xxh_1038pixels">951.5dp</dimen>
    <dimen name="xxh_1039pixels">952.42dp</dimen>
    <dimen name="xxh_1040pixels">953.33dp</dimen>
    <dimen name="xxh_1041pixels">954.25dp</dimen>
    <dimen name="xxh_1042pixels">955.17dp</dimen>
    <dimen name="xxh_1043pixels">956.08dp</dimen>
    <dimen name="xxh_1044pixels">957dp</dimen>
    <dimen name="xxh_1045pixels">957.92dp</dimen>
    <dimen name="xxh_1046pixels">958.83dp</dimen>
    <dimen name="xxh_1047pixels">959.75dp</dimen>
    <dimen name="xxh_1048pixels">960.67dp</dimen>
    <dimen name="xxh_1049pixels">961.58dp</dimen>
    <dimen name="xxh_1050pixels">962.5dp</dimen>
    <dimen name="xxh_1051pixels">963.42dp</dimen>
    <dimen name="xxh_1052pixels">964.33dp</dimen>
    <dimen name="xxh_1053pixels">965.25dp</dimen>
    <dimen name="xxh_1054pixels">966.17dp</dimen>
    <dimen name="xxh_1055pixels">967.08dp</dimen>
    <dimen name="xxh_1056pixels">968dp</dimen>
    <dimen name="xxh_1057pixels">968.92dp</dimen>
    <dimen name="xxh_1058pixels">969.83dp</dimen>
    <dimen name="xxh_1059pixels">970.75dp</dimen>
    <dimen name="xxh_1060pixels">971.67dp</dimen>
    <dimen name="xxh_1061pixels">972.58dp</dimen>
    <dimen name="xxh_1062pixels">973.5dp</dimen>
    <dimen name="xxh_1063pixels">974.42dp</dimen>
    <dimen name="xxh_1064pixels">975.33dp</dimen>
    <dimen name="xxh_1065pixels">976.25dp</dimen>
    <dimen name="xxh_1066pixels">977.17dp</dimen>
    <dimen name="xxh_1067pixels">978.08dp</dimen>
    <dimen name="xxh_1068pixels">979dp</dimen>
    <dimen name="xxh_1069pixels">979.92dp</dimen>
    <dimen name="xxh_1070pixels">980.83dp</dimen>
    <dimen name="xxh_1071pixels">981.75dp</dimen>
    <dimen name="xxh_1072pixels">982.67dp</dimen>
    <dimen name="xxh_1073pixels">983.58dp</dimen>
    <dimen name="xxh_1074pixels">984.5dp</dimen>
    <dimen name="xxh_1075pixels">985.42dp</dimen>
    <dimen name="xxh_1076pixels">986.33dp</dimen>
    <dimen name="xxh_1077pixels">987.25dp</dimen>
    <dimen name="xxh_1078pixels">988.17dp</dimen>
    <dimen name="xxh_1079pixels">989.08dp</dimen>
    <dimen name="xxh_1080pixels">990dp</dimen>
    <dimen name="xxh_1081pixels">990.92dp</dimen>
    <dimen name="xxh_1082pixels">991.83dp</dimen>
    <dimen name="xxh_1083pixels">992.75dp</dimen>
    <dimen name="xxh_1084pixels">993.67dp</dimen>
    <dimen name="xxh_1085pixels">994.58dp</dimen>
    <dimen name="xxh_1086pixels">995.5dp</dimen>
    <dimen name="xxh_1087pixels">996.42dp</dimen>
    <dimen name="xxh_1088pixels">997.33dp</dimen>
    <dimen name="xxh_1089pixels">998.25dp</dimen>
    <dimen name="xxh_1090pixels">999.17dp</dimen>
    <dimen name="xxh_1091pixels">1000.08dp</dimen>
    <dimen name="xxh_1092pixels">1001dp</dimen>
    <dimen name="xxh_1093pixels">1001.92dp</dimen>
    <dimen name="xxh_1094pixels">1002.83dp</dimen>
    <dimen name="xxh_1095pixels">1003.75dp</dimen>
    <dimen name="xxh_1096pixels">1004.67dp</dimen>
    <dimen name="xxh_1097pixels">1005.58dp</dimen>
    <dimen name="xxh_1098pixels">1006.5dp</dimen>
    <dimen name="xxh_1099pixels">1007.42dp</dimen>
    <dimen name="xxh_1100pixels">1008.33dp</dimen>
    <dimen name="xxh_1101pixels">1009.25dp</dimen>
    <dimen name="xxh_1102pixels">1010.17dp</dimen>
    <dimen name="xxh_1103pixels">1011.08dp</dimen>
    <dimen name="xxh_1104pixels">1012dp</dimen>
    <dimen name="xxh_1105pixels">1012.92dp</dimen>
    <dimen name="xxh_1106pixels">1013.83dp</dimen>
    <dimen name="xxh_1107pixels">1014.75dp</dimen>
    <dimen name="xxh_1108pixels">1015.67dp</dimen>
    <dimen name="xxh_1109pixels">1016.58dp</dimen>
    <dimen name="xxh_1110pixels">1017.5dp</dimen>
    <dimen name="xxh_1111pixels">1018.42dp</dimen>
    <dimen name="xxh_1112pixels">1019.33dp</dimen>
    <dimen name="xxh_1113pixels">1020.25dp</dimen>
    <dimen name="xxh_1114pixels">1021.17dp</dimen>
    <dimen name="xxh_1115pixels">1022.08dp</dimen>
    <dimen name="xxh_1116pixels">1023dp</dimen>
    <dimen name="xxh_1117pixels">1023.92dp</dimen>
    <dimen name="xxh_1118pixels">1024.83dp</dimen>
    <dimen name="xxh_1119pixels">1025.75dp</dimen>
    <dimen name="xxh_1120pixels">1026.67dp</dimen>
    <dimen name="xxh_1121pixels">1027.58dp</dimen>
    <dimen name="xxh_1122pixels">1028.5dp</dimen>
    <dimen name="xxh_1123pixels">1029.42dp</dimen>
    <dimen name="xxh_1124pixels">1030.33dp</dimen>
    <dimen name="xxh_1125pixels">1031.25dp</dimen>
    <dimen name="xxh_1126pixels">1032.17dp</dimen>
    <dimen name="xxh_1127pixels">1033.08dp</dimen>
    <dimen name="xxh_1128pixels">1034dp</dimen>
    <dimen name="xxh_1129pixels">1034.92dp</dimen>
    <dimen name="xxh_1130pixels">1035.83dp</dimen>
    <dimen name="xxh_1131pixels">1036.75dp</dimen>
    <dimen name="xxh_1132pixels">1037.67dp</dimen>
    <dimen name="xxh_1133pixels">1038.58dp</dimen>
    <dimen name="xxh_1134pixels">1039.5dp</dimen>
    <dimen name="xxh_1135pixels">1040.42dp</dimen>
    <dimen name="xxh_1136pixels">1041.33dp</dimen>
    <dimen name="xxh_1137pixels">1042.25dp</dimen>
    <dimen name="xxh_1138pixels">1043.17dp</dimen>
    <dimen name="xxh_1139pixels">1044.08dp</dimen>
    <dimen name="xxh_1140pixels">1045dp</dimen>
    <dimen name="xxh_1141pixels">1045.92dp</dimen>
    <dimen name="xxh_1142pixels">1046.83dp</dimen>
    <dimen name="xxh_1143pixels">1047.75dp</dimen>
    <dimen name="xxh_1144pixels">1048.67dp</dimen>
    <dimen name="xxh_1145pixels">1049.58dp</dimen>
    <dimen name="xxh_1146pixels">1050.5dp</dimen>
    <dimen name="xxh_1147pixels">1051.42dp</dimen>
    <dimen name="xxh_1148pixels">1052.33dp</dimen>
    <dimen name="xxh_1149pixels">1053.25dp</dimen>
    <dimen name="xxh_1150pixels">1054.17dp</dimen>
    <dimen name="xxh_1151pixels">1055.08dp</dimen>
    <dimen name="xxh_1152pixels">1056dp</dimen>
    <dimen name="xxh_1153pixels">1056.92dp</dimen>
    <dimen name="xxh_1154pixels">1057.83dp</dimen>
    <dimen name="xxh_1155pixels">1058.75dp</dimen>
    <dimen name="xxh_1156pixels">1059.67dp</dimen>
    <dimen name="xxh_1157pixels">1060.58dp</dimen>
    <dimen name="xxh_1158pixels">1061.5dp</dimen>
    <dimen name="xxh_1159pixels">1062.42dp</dimen>
    <dimen name="xxh_1160pixels">1063.33dp</dimen>
    <dimen name="xxh_1161pixels">1064.25dp</dimen>
    <dimen name="xxh_1162pixels">1065.17dp</dimen>
    <dimen name="xxh_1163pixels">1066.08dp</dimen>
    <dimen name="xxh_1164pixels">1067dp</dimen>
    <dimen name="xxh_1165pixels">1067.92dp</dimen>
    <dimen name="xxh_1166pixels">1068.83dp</dimen>
    <dimen name="xxh_1167pixels">1069.75dp</dimen>
    <dimen name="xxh_1168pixels">1070.67dp</dimen>
    <dimen name="xxh_1169pixels">1071.58dp</dimen>
    <dimen name="xxh_1170pixels">1072.5dp</dimen>
    <dimen name="xxh_1171pixels">1073.42dp</dimen>
    <dimen name="xxh_1172pixels">1074.33dp</dimen>
    <dimen name="xxh_1173pixels">1075.25dp</dimen>
    <dimen name="xxh_1174pixels">1076.17dp</dimen>
    <dimen name="xxh_1175pixels">1077.08dp</dimen>
    <dimen name="xxh_1176pixels">1078dp</dimen>
    <dimen name="xxh_1177pixels">1078.92dp</dimen>
    <dimen name="xxh_1178pixels">1079.83dp</dimen>
    <dimen name="xxh_1179pixels">1080.75dp</dimen>
    <dimen name="xxh_1180pixels">1081.67dp</dimen>
    <dimen name="xxh_1181pixels">1082.58dp</dimen>
    <dimen name="xxh_1182pixels">1083.5dp</dimen>
    <dimen name="xxh_1183pixels">1084.42dp</dimen>
    <dimen name="xxh_1184pixels">1085.33dp</dimen>
    <dimen name="xxh_1185pixels">1086.25dp</dimen>
    <dimen name="xxh_1186pixels">1087.17dp</dimen>
    <dimen name="xxh_1187pixels">1088.08dp</dimen>
    <dimen name="xxh_1188pixels">1089dp</dimen>
    <dimen name="xxh_1189pixels">1089.92dp</dimen>
    <dimen name="xxh_1190pixels">1090.83dp</dimen>
    <dimen name="xxh_1191pixels">1091.75dp</dimen>
    <dimen name="xxh_1192pixels">1092.67dp</dimen>
    <dimen name="xxh_1193pixels">1093.58dp</dimen>
    <dimen name="xxh_1194pixels">1094.5dp</dimen>
    <dimen name="xxh_1195pixels">1095.42dp</dimen>
    <dimen name="xxh_1196pixels">1096.33dp</dimen>
    <dimen name="xxh_1197pixels">1097.25dp</dimen>
    <dimen name="xxh_1198pixels">1098.17dp</dimen>
    <dimen name="xxh_1199pixels">1099.08dp</dimen>
    <dimen name="xxh_1200pixels">1100dp</dimen>
    <dimen name="xxh_1201pixels">1100.92dp</dimen>
    <dimen name="xxh_1202pixels">1101.83dp</dimen>
    <dimen name="xxh_1203pixels">1102.75dp</dimen>
    <dimen name="xxh_1204pixels">1103.67dp</dimen>
    <dimen name="xxh_1205pixels">1104.58dp</dimen>
    <dimen name="xxh_1206pixels">1105.5dp</dimen>
    <dimen name="xxh_1207pixels">1106.42dp</dimen>
    <dimen name="xxh_1208pixels">1107.33dp</dimen>
    <dimen name="xxh_1209pixels">1108.25dp</dimen>
    <dimen name="xxh_1210pixels">1109.17dp</dimen>
    <dimen name="xxh_1211pixels">1110.08dp</dimen>
    <dimen name="xxh_1212pixels">1111dp</dimen>
    <dimen name="xxh_1213pixels">1111.92dp</dimen>
    <dimen name="xxh_1214pixels">1112.83dp</dimen>
    <dimen name="xxh_1215pixels">1113.75dp</dimen>
    <dimen name="xxh_1216pixels">1114.67dp</dimen>
    <dimen name="xxh_1217pixels">1115.58dp</dimen>
    <dimen name="xxh_1218pixels">1116.5dp</dimen>
    <dimen name="xxh_1219pixels">1117.42dp</dimen>
    <dimen name="xxh_1220pixels">1118.33dp</dimen>
    <dimen name="xxh_1221pixels">1119.25dp</dimen>
    <dimen name="xxh_1222pixels">1120.17dp</dimen>
    <dimen name="xxh_1223pixels">1121.08dp</dimen>
    <dimen name="xxh_1224pixels">1122dp</dimen>
    <dimen name="xxh_1225pixels">1122.92dp</dimen>
    <dimen name="xxh_1226pixels">1123.83dp</dimen>
    <dimen name="xxh_1227pixels">1124.75dp</dimen>
    <dimen name="xxh_1228pixels">1125.67dp</dimen>
    <dimen name="xxh_1229pixels">1126.58dp</dimen>
    <dimen name="xxh_1230pixels">1127.5dp</dimen>
    <dimen name="xxh_1231pixels">1128.42dp</dimen>
    <dimen name="xxh_1232pixels">1129.33dp</dimen>
    <dimen name="xxh_1233pixels">1130.25dp</dimen>
    <dimen name="xxh_1234pixels">1131.17dp</dimen>
    <dimen name="xxh_1235pixels">1132.08dp</dimen>
    <dimen name="xxh_1236pixels">1133dp</dimen>
    <dimen name="xxh_1237pixels">1133.92dp</dimen>
    <dimen name="xxh_1238pixels">1134.83dp</dimen>
    <dimen name="xxh_1239pixels">1135.75dp</dimen>
    <dimen name="xxh_1240pixels">1136.67dp</dimen>
    <dimen name="xxh_1241pixels">1137.58dp</dimen>
    <dimen name="xxh_1242pixels">1138.5dp</dimen>
    <dimen name="xxh_1243pixels">1139.42dp</dimen>
    <dimen name="xxh_1244pixels">1140.33dp</dimen>
    <dimen name="xxh_1245pixels">1141.25dp</dimen>
    <dimen name="xxh_1246pixels">1142.17dp</dimen>
    <dimen name="xxh_1247pixels">1143.08dp</dimen>
    <dimen name="xxh_1248pixels">1144dp</dimen>
    <dimen name="xxh_1249pixels">1144.92dp</dimen>
    <dimen name="xxh_1250pixels">1145.83dp</dimen>
    <dimen name="xxh_1251pixels">1146.75dp</dimen>
    <dimen name="xxh_1252pixels">1147.67dp</dimen>
    <dimen name="xxh_1253pixels">1148.58dp</dimen>
    <dimen name="xxh_1254pixels">1149.5dp</dimen>
    <dimen name="xxh_1255pixels">1150.42dp</dimen>
    <dimen name="xxh_1256pixels">1151.33dp</dimen>
    <dimen name="xxh_1257pixels">1152.25dp</dimen>
    <dimen name="xxh_1258pixels">1153.17dp</dimen>
    <dimen name="xxh_1259pixels">1154.08dp</dimen>
    <dimen name="xxh_1260pixels">1155dp</dimen>
    <dimen name="xxh_1261pixels">1155.92dp</dimen>
    <dimen name="xxh_1262pixels">1156.83dp</dimen>
    <dimen name="xxh_1263pixels">1157.75dp</dimen>
    <dimen name="xxh_1264pixels">1158.67dp</dimen>
    <dimen name="xxh_1265pixels">1159.58dp</dimen>
    <dimen name="xxh_1266pixels">1160.5dp</dimen>
    <dimen name="xxh_1267pixels">1161.42dp</dimen>
    <dimen name="xxh_1268pixels">1162.33dp</dimen>
    <dimen name="xxh_1269pixels">1163.25dp</dimen>
    <dimen name="xxh_1270pixels">1164.17dp</dimen>
    <dimen name="xxh_1271pixels">1165.08dp</dimen>
    <dimen name="xxh_1272pixels">1166dp</dimen>
    <dimen name="xxh_1273pixels">1166.92dp</dimen>
    <dimen name="xxh_1274pixels">1167.83dp</dimen>
    <dimen name="xxh_1275pixels">1168.75dp</dimen>
    <dimen name="xxh_1276pixels">1169.67dp</dimen>
    <dimen name="xxh_1277pixels">1170.58dp</dimen>
    <dimen name="xxh_1278pixels">1171.5dp</dimen>
    <dimen name="xxh_1279pixels">1172.42dp</dimen>
    <dimen name="xxh_1280pixels">1173.33dp</dimen>
    <dimen name="xxh_1281pixels">1174.25dp</dimen>
    <dimen name="xxh_1282pixels">1175.17dp</dimen>
    <dimen name="xxh_1283pixels">1176.08dp</dimen>
    <dimen name="xxh_1284pixels">1177dp</dimen>
    <dimen name="xxh_1285pixels">1177.92dp</dimen>
    <dimen name="xxh_1286pixels">1178.83dp</dimen>
    <dimen name="xxh_1287pixels">1179.75dp</dimen>
    <dimen name="xxh_1288pixels">1180.67dp</dimen>
    <dimen name="xxh_1289pixels">1181.58dp</dimen>
    <dimen name="xxh_1290pixels">1182.5dp</dimen>
    <dimen name="xxh_1291pixels">1183.42dp</dimen>
    <dimen name="xxh_1292pixels">1184.33dp</dimen>
    <dimen name="xxh_1293pixels">1185.25dp</dimen>
    <dimen name="xxh_1294pixels">1186.17dp</dimen>
    <dimen name="xxh_1295pixels">1187.08dp</dimen>
    <dimen name="xxh_1296pixels">1188dp</dimen>
    <dimen name="xxh_1297pixels">1188.92dp</dimen>
    <dimen name="xxh_1298pixels">1189.83dp</dimen>
    <dimen name="xxh_1299pixels">1190.75dp</dimen>
    <dimen name="xxh_1300pixels">1191.67dp</dimen>
    <dimen name="xxh_1301pixels">1192.58dp</dimen>
    <dimen name="xxh_1302pixels">1193.5dp</dimen>
    <dimen name="xxh_1303pixels">1194.42dp</dimen>
    <dimen name="xxh_1304pixels">1195.33dp</dimen>
    <dimen name="xxh_1305pixels">1196.25dp</dimen>
    <dimen name="xxh_1306pixels">1197.17dp</dimen>
    <dimen name="xxh_1307pixels">1198.08dp</dimen>
    <dimen name="xxh_1308pixels">1199dp</dimen>
    <dimen name="xxh_1309pixels">1199.92dp</dimen>
    <dimen name="xxh_1310pixels">1200.83dp</dimen>
    <dimen name="xxh_1311pixels">1201.75dp</dimen>
    <dimen name="xxh_1312pixels">1202.67dp</dimen>
    <dimen name="xxh_1313pixels">1203.58dp</dimen>
    <dimen name="xxh_1314pixels">1204.5dp</dimen>
    <dimen name="xxh_1315pixels">1205.42dp</dimen>
    <dimen name="xxh_1316pixels">1206.33dp</dimen>
    <dimen name="xxh_1317pixels">1207.25dp</dimen>
    <dimen name="xxh_1318pixels">1208.17dp</dimen>
    <dimen name="xxh_1319pixels">1209.08dp</dimen>
    <dimen name="xxh_1320pixels">1210dp</dimen>
    <dimen name="xxh_1321pixels">1210.92dp</dimen>
    <dimen name="xxh_1322pixels">1211.83dp</dimen>
    <dimen name="xxh_1323pixels">1212.75dp</dimen>
    <dimen name="xxh_1324pixels">1213.67dp</dimen>
    <dimen name="xxh_1325pixels">1214.58dp</dimen>
    <dimen name="xxh_1326pixels">1215.5dp</dimen>
    <dimen name="xxh_1327pixels">1216.42dp</dimen>
    <dimen name="xxh_1328pixels">1217.33dp</dimen>
    <dimen name="xxh_1329pixels">1218.25dp</dimen>
    <dimen name="xxh_1330pixels">1219.17dp</dimen>
    <dimen name="xxh_1331pixels">1220.08dp</dimen>
    <dimen name="xxh_1332pixels">1221dp</dimen>
    <dimen name="xxh_1333pixels">1221.92dp</dimen>
    <dimen name="xxh_1334pixels">1222.83dp</dimen>
    <dimen name="xxh_1335pixels">1223.75dp</dimen>
    <dimen name="xxh_1336pixels">1224.67dp</dimen>
    <dimen name="xxh_1337pixels">1225.58dp</dimen>
    <dimen name="xxh_1338pixels">1226.5dp</dimen>
    <dimen name="xxh_1339pixels">1227.42dp</dimen>
    <dimen name="xxh_1340pixels">1228.33dp</dimen>
    <dimen name="xxh_1341pixels">1229.25dp</dimen>
    <dimen name="xxh_1342pixels">1230.17dp</dimen>
    <dimen name="xxh_1343pixels">1231.08dp</dimen>
    <dimen name="xxh_1344pixels">1232dp</dimen>
    <dimen name="xxh_1345pixels">1232.92dp</dimen>
    <dimen name="xxh_1346pixels">1233.83dp</dimen>
    <dimen name="xxh_1347pixels">1234.75dp</dimen>
    <dimen name="xxh_1348pixels">1235.67dp</dimen>
    <dimen name="xxh_1349pixels">1236.58dp</dimen>
    <dimen name="xxh_1350pixels">1237.5dp</dimen>
    <dimen name="xxh_1351pixels">1238.42dp</dimen>
    <dimen name="xxh_1352pixels">1239.33dp</dimen>
    <dimen name="xxh_1353pixels">1240.25dp</dimen>
    <dimen name="xxh_1354pixels">1241.17dp</dimen>
    <dimen name="xxh_1355pixels">1242.08dp</dimen>
    <dimen name="xxh_1356pixels">1243dp</dimen>
    <dimen name="xxh_1357pixels">1243.92dp</dimen>
    <dimen name="xxh_1358pixels">1244.83dp</dimen>
    <dimen name="xxh_1359pixels">1245.75dp</dimen>
    <dimen name="xxh_1360pixels">1246.67dp</dimen>
    <dimen name="xxh_1361pixels">1247.58dp</dimen>
    <dimen name="xxh_1362pixels">1248.5dp</dimen>
    <dimen name="xxh_1363pixels">1249.42dp</dimen>
    <dimen name="xxh_1364pixels">1250.33dp</dimen>
    <dimen name="xxh_1365pixels">1251.25dp</dimen>
    <dimen name="xxh_1366pixels">1252.17dp</dimen>
    <dimen name="xxh_1367pixels">1253.08dp</dimen>
    <dimen name="xxh_1368pixels">1254dp</dimen>
    <dimen name="xxh_1369pixels">1254.92dp</dimen>
    <dimen name="xxh_1370pixels">1255.83dp</dimen>
    <dimen name="xxh_1371pixels">1256.75dp</dimen>
    <dimen name="xxh_1372pixels">1257.67dp</dimen>
    <dimen name="xxh_1373pixels">1258.58dp</dimen>
    <dimen name="xxh_1374pixels">1259.5dp</dimen>
    <dimen name="xxh_1375pixels">1260.42dp</dimen>
    <dimen name="xxh_1376pixels">1261.33dp</dimen>
    <dimen name="xxh_1377pixels">1262.25dp</dimen>
    <dimen name="xxh_1378pixels">1263.17dp</dimen>
    <dimen name="xxh_1379pixels">1264.08dp</dimen>
    <dimen name="xxh_1380pixels">1265dp</dimen>
    <dimen name="xxh_1381pixels">1265.92dp</dimen>
    <dimen name="xxh_1382pixels">1266.83dp</dimen>
    <dimen name="xxh_1383pixels">1267.75dp</dimen>
    <dimen name="xxh_1384pixels">1268.67dp</dimen>
    <dimen name="xxh_1385pixels">1269.58dp</dimen>
    <dimen name="xxh_1386pixels">1270.5dp</dimen>
    <dimen name="xxh_1387pixels">1271.42dp</dimen>
    <dimen name="xxh_1388pixels">1272.33dp</dimen>
    <dimen name="xxh_1389pixels">1273.25dp</dimen>
    <dimen name="xxh_1390pixels">1274.17dp</dimen>
    <dimen name="xxh_1391pixels">1275.08dp</dimen>
    <dimen name="xxh_1392pixels">1276dp</dimen>
    <dimen name="xxh_1393pixels">1276.92dp</dimen>
    <dimen name="xxh_1394pixels">1277.83dp</dimen>
    <dimen name="xxh_1395pixels">1278.75dp</dimen>
    <dimen name="xxh_1396pixels">1279.67dp</dimen>
    <dimen name="xxh_1397pixels">1280.58dp</dimen>
    <dimen name="xxh_1398pixels">1281.5dp</dimen>
    <dimen name="xxh_1399pixels">1282.42dp</dimen>
    <dimen name="xxh_1400pixels">1283.33dp</dimen>
    <dimen name="xxh_1401pixels">1284.25dp</dimen>
    <dimen name="xxh_1402pixels">1285.17dp</dimen>
    <dimen name="xxh_1403pixels">1286.08dp</dimen>
    <dimen name="xxh_1404pixels">1287dp</dimen>
    <dimen name="xxh_1405pixels">1287.92dp</dimen>
    <dimen name="xxh_1406pixels">1288.83dp</dimen>
    <dimen name="xxh_1407pixels">1289.75dp</dimen>
    <dimen name="xxh_1408pixels">1290.67dp</dimen>
    <dimen name="xxh_1409pixels">1291.58dp</dimen>
    <dimen name="xxh_1410pixels">1292.5dp</dimen>
    <dimen name="xxh_1411pixels">1293.42dp</dimen>
    <dimen name="xxh_1412pixels">1294.33dp</dimen>
    <dimen name="xxh_1413pixels">1295.25dp</dimen>
    <dimen name="xxh_1414pixels">1296.17dp</dimen>
    <dimen name="xxh_1415pixels">1297.08dp</dimen>
    <dimen name="xxh_1416pixels">1298dp</dimen>
    <dimen name="xxh_1417pixels">1298.92dp</dimen>
    <dimen name="xxh_1418pixels">1299.83dp</dimen>
    <dimen name="xxh_1419pixels">1300.75dp</dimen>
    <dimen name="xxh_1420pixels">1301.67dp</dimen>
    <dimen name="xxh_1421pixels">1302.58dp</dimen>
    <dimen name="xxh_1422pixels">1303.5dp</dimen>
    <dimen name="xxh_1423pixels">1304.42dp</dimen>
    <dimen name="xxh_1424pixels">1305.33dp</dimen>
    <dimen name="xxh_1425pixels">1306.25dp</dimen>
    <dimen name="xxh_1426pixels">1307.17dp</dimen>
    <dimen name="xxh_1427pixels">1308.08dp</dimen>
    <dimen name="xxh_1428pixels">1309dp</dimen>
    <dimen name="xxh_1429pixels">1309.92dp</dimen>
    <dimen name="xxh_1430pixels">1310.83dp</dimen>
    <dimen name="xxh_1431pixels">1311.75dp</dimen>
    <dimen name="xxh_1432pixels">1312.67dp</dimen>
    <dimen name="xxh_1433pixels">1313.58dp</dimen>
    <dimen name="xxh_1434pixels">1314.5dp</dimen>
    <dimen name="xxh_1435pixels">1315.42dp</dimen>
    <dimen name="xxh_1436pixels">1316.33dp</dimen>
    <dimen name="xxh_1437pixels">1317.25dp</dimen>
    <dimen name="xxh_1438pixels">1318.17dp</dimen>
    <dimen name="xxh_1439pixels">1319.08dp</dimen>
    <dimen name="xxh_1440pixels">1320dp</dimen>
    <dimen name="xxh_1441pixels">1320.92dp</dimen>
    <dimen name="xxh_1442pixels">1321.83dp</dimen>
    <dimen name="xxh_1443pixels">1322.75dp</dimen>
    <dimen name="xxh_1444pixels">1323.67dp</dimen>
    <dimen name="xxh_1445pixels">1324.58dp</dimen>
    <dimen name="xxh_1446pixels">1325.5dp</dimen>
    <dimen name="xxh_1447pixels">1326.42dp</dimen>
    <dimen name="xxh_1448pixels">1327.33dp</dimen>
    <dimen name="xxh_1449pixels">1328.25dp</dimen>
    <dimen name="xxh_1450pixels">1329.17dp</dimen>
    <dimen name="xxh_1451pixels">1330.08dp</dimen>
    <dimen name="xxh_1452pixels">1331dp</dimen>
    <dimen name="xxh_1453pixels">1331.92dp</dimen>
    <dimen name="xxh_1454pixels">1332.83dp</dimen>
    <dimen name="xxh_1455pixels">1333.75dp</dimen>
    <dimen name="xxh_1456pixels">1334.67dp</dimen>
    <dimen name="xxh_1457pixels">1335.58dp</dimen>
    <dimen name="xxh_1458pixels">1336.5dp</dimen>
    <dimen name="xxh_1459pixels">1337.42dp</dimen>
    <dimen name="xxh_1460pixels">1338.33dp</dimen>
    <dimen name="xxh_1461pixels">1339.25dp</dimen>
    <dimen name="xxh_1462pixels">1340.17dp</dimen>
    <dimen name="xxh_1463pixels">1341.08dp</dimen>
    <dimen name="xxh_1464pixels">1342dp</dimen>
    <dimen name="xxh_1465pixels">1342.92dp</dimen>
    <dimen name="xxh_1466pixels">1343.83dp</dimen>
    <dimen name="xxh_1467pixels">1344.75dp</dimen>
    <dimen name="xxh_1468pixels">1345.67dp</dimen>
    <dimen name="xxh_1469pixels">1346.58dp</dimen>
    <dimen name="xxh_1470pixels">1347.5dp</dimen>
    <dimen name="xxh_1471pixels">1348.42dp</dimen>
    <dimen name="xxh_1472pixels">1349.33dp</dimen>
    <dimen name="xxh_1473pixels">1350.25dp</dimen>
    <dimen name="xxh_1474pixels">1351.17dp</dimen>
    <dimen name="xxh_1475pixels">1352.08dp</dimen>
    <dimen name="xxh_1476pixels">1353dp</dimen>
    <dimen name="xxh_1477pixels">1353.92dp</dimen>
    <dimen name="xxh_1478pixels">1354.83dp</dimen>
    <dimen name="xxh_1479pixels">1355.75dp</dimen>
    <dimen name="xxh_1480pixels">1356.67dp</dimen>
    <dimen name="xxh_1481pixels">1357.58dp</dimen>
    <dimen name="xxh_1482pixels">1358.5dp</dimen>
    <dimen name="xxh_1483pixels">1359.42dp</dimen>
    <dimen name="xxh_1484pixels">1360.33dp</dimen>
    <dimen name="xxh_1485pixels">1361.25dp</dimen>
    <dimen name="xxh_1486pixels">1362.17dp</dimen>
    <dimen name="xxh_1487pixels">1363.08dp</dimen>
    <dimen name="xxh_1488pixels">1364dp</dimen>
    <dimen name="xxh_1489pixels">1364.92dp</dimen>
    <dimen name="xxh_1490pixels">1365.83dp</dimen>
    <dimen name="xxh_1491pixels">1366.75dp</dimen>
    <dimen name="xxh_1492pixels">1367.67dp</dimen>
    <dimen name="xxh_1493pixels">1368.58dp</dimen>
    <dimen name="xxh_1494pixels">1369.5dp</dimen>
    <dimen name="xxh_1495pixels">1370.42dp</dimen>
    <dimen name="xxh_1496pixels">1371.33dp</dimen>
    <dimen name="xxh_1497pixels">1372.25dp</dimen>
    <dimen name="xxh_1498pixels">1373.17dp</dimen>
    <dimen name="xxh_1499pixels">1374.08dp</dimen>
    <dimen name="xxh_1500pixels">1375dp</dimen>
    <dimen name="xxh_1501pixels">1375.92dp</dimen>
    <dimen name="xxh_1502pixels">1376.83dp</dimen>
    <dimen name="xxh_1503pixels">1377.75dp</dimen>
    <dimen name="xxh_1504pixels">1378.67dp</dimen>
    <dimen name="xxh_1505pixels">1379.58dp</dimen>
    <dimen name="xxh_1506pixels">1380.5dp</dimen>
    <dimen name="xxh_1507pixels">1381.42dp</dimen>
    <dimen name="xxh_1508pixels">1382.33dp</dimen>
    <dimen name="xxh_1509pixels">1383.25dp</dimen>
    <dimen name="xxh_1510pixels">1384.17dp</dimen>
    <dimen name="xxh_1511pixels">1385.08dp</dimen>
    <dimen name="xxh_1512pixels">1386dp</dimen>
    <dimen name="xxh_1513pixels">1386.92dp</dimen>
    <dimen name="xxh_1514pixels">1387.83dp</dimen>
    <dimen name="xxh_1515pixels">1388.75dp</dimen>
    <dimen name="xxh_1516pixels">1389.67dp</dimen>
    <dimen name="xxh_1517pixels">1390.58dp</dimen>
    <dimen name="xxh_1518pixels">1391.5dp</dimen>
    <dimen name="xxh_1519pixels">1392.42dp</dimen>
    <dimen name="xxh_1520pixels">1393.33dp</dimen>
    <dimen name="xxh_1521pixels">1394.25dp</dimen>
    <dimen name="xxh_1522pixels">1395.17dp</dimen>
    <dimen name="xxh_1523pixels">1396.08dp</dimen>
    <dimen name="xxh_1524pixels">1397dp</dimen>
    <dimen name="xxh_1525pixels">1397.92dp</dimen>
    <dimen name="xxh_1526pixels">1398.83dp</dimen>
    <dimen name="xxh_1527pixels">1399.75dp</dimen>
    <dimen name="xxh_1528pixels">1400.67dp</dimen>
    <dimen name="xxh_1529pixels">1401.58dp</dimen>
    <dimen name="xxh_1530pixels">1402.5dp</dimen>
    <dimen name="xxh_1531pixels">1403.42dp</dimen>
    <dimen name="xxh_1532pixels">1404.33dp</dimen>
    <dimen name="xxh_1533pixels">1405.25dp</dimen>
    <dimen name="xxh_1534pixels">1406.17dp</dimen>
    <dimen name="xxh_1535pixels">1407.08dp</dimen>
    <dimen name="xxh_1536pixels">1408dp</dimen>
    <dimen name="xxh_1537pixels">1408.92dp</dimen>
    <dimen name="xxh_1538pixels">1409.83dp</dimen>
    <dimen name="xxh_1539pixels">1410.75dp</dimen>
    <dimen name="xxh_1540pixels">1411.67dp</dimen>
    <dimen name="xxh_1541pixels">1412.58dp</dimen>
    <dimen name="xxh_1542pixels">1413.5dp</dimen>
    <dimen name="xxh_1543pixels">1414.42dp</dimen>
    <dimen name="xxh_1544pixels">1415.33dp</dimen>
    <dimen name="xxh_1545pixels">1416.25dp</dimen>
    <dimen name="xxh_1546pixels">1417.17dp</dimen>
    <dimen name="xxh_1547pixels">1418.08dp</dimen>
    <dimen name="xxh_1548pixels">1419dp</dimen>
    <dimen name="xxh_1549pixels">1419.92dp</dimen>
    <dimen name="xxh_1550pixels">1420.83dp</dimen>
    <dimen name="xxh_1551pixels">1421.75dp</dimen>
    <dimen name="xxh_1552pixels">1422.67dp</dimen>
    <dimen name="xxh_1553pixels">1423.58dp</dimen>
    <dimen name="xxh_1554pixels">1424.5dp</dimen>
    <dimen name="xxh_1555pixels">1425.42dp</dimen>
    <dimen name="xxh_1556pixels">1426.33dp</dimen>
    <dimen name="xxh_1557pixels">1427.25dp</dimen>
    <dimen name="xxh_1558pixels">1428.17dp</dimen>
    <dimen name="xxh_1559pixels">1429.08dp</dimen>
    <dimen name="xxh_1560pixels">1430dp</dimen>
    <dimen name="xxh_1561pixels">1430.92dp</dimen>
    <dimen name="xxh_1562pixels">1431.83dp</dimen>
    <dimen name="xxh_1563pixels">1432.75dp</dimen>
    <dimen name="xxh_1564pixels">1433.67dp</dimen>
    <dimen name="xxh_1565pixels">1434.58dp</dimen>
    <dimen name="xxh_1566pixels">1435.5dp</dimen>
    <dimen name="xxh_1567pixels">1436.42dp</dimen>
    <dimen name="xxh_1568pixels">1437.33dp</dimen>
    <dimen name="xxh_1569pixels">1438.25dp</dimen>
    <dimen name="xxh_1570pixels">1439.17dp</dimen>
    <dimen name="xxh_1571pixels">1440.08dp</dimen>
    <dimen name="xxh_1572pixels">1441dp</dimen>
    <dimen name="xxh_1573pixels">1441.92dp</dimen>
    <dimen name="xxh_1574pixels">1442.83dp</dimen>
    <dimen name="xxh_1575pixels">1443.75dp</dimen>
    <dimen name="xxh_1576pixels">1444.67dp</dimen>
    <dimen name="xxh_1577pixels">1445.58dp</dimen>
    <dimen name="xxh_1578pixels">1446.5dp</dimen>
    <dimen name="xxh_1579pixels">1447.42dp</dimen>
    <dimen name="xxh_1580pixels">1448.33dp</dimen>
    <dimen name="xxh_1581pixels">1449.25dp</dimen>
    <dimen name="xxh_1582pixels">1450.17dp</dimen>
    <dimen name="xxh_1583pixels">1451.08dp</dimen>
    <dimen name="xxh_1584pixels">1452dp</dimen>
    <dimen name="xxh_1585pixels">1452.92dp</dimen>
    <dimen name="xxh_1586pixels">1453.83dp</dimen>
    <dimen name="xxh_1587pixels">1454.75dp</dimen>
    <dimen name="xxh_1588pixels">1455.67dp</dimen>
    <dimen name="xxh_1589pixels">1456.58dp</dimen>
    <dimen name="xxh_1590pixels">1457.5dp</dimen>
    <dimen name="xxh_1591pixels">1458.42dp</dimen>
    <dimen name="xxh_1592pixels">1459.33dp</dimen>
    <dimen name="xxh_1593pixels">1460.25dp</dimen>
    <dimen name="xxh_1594pixels">1461.17dp</dimen>
    <dimen name="xxh_1595pixels">1462.08dp</dimen>
    <dimen name="xxh_1596pixels">1463dp</dimen>
    <dimen name="xxh_1597pixels">1463.92dp</dimen>
    <dimen name="xxh_1598pixels">1464.83dp</dimen>
    <dimen name="xxh_1599pixels">1465.75dp</dimen>
    <dimen name="xxh_1600pixels">1466.67dp</dimen>
    <dimen name="xxh_1601pixels">1467.58dp</dimen>
    <dimen name="xxh_1602pixels">1468.5dp</dimen>
    <dimen name="xxh_1603pixels">1469.42dp</dimen>
    <dimen name="xxh_1604pixels">1470.33dp</dimen>
    <dimen name="xxh_1605pixels">1471.25dp</dimen>
    <dimen name="xxh_1606pixels">1472.17dp</dimen>
    <dimen name="xxh_1607pixels">1473.08dp</dimen>
    <dimen name="xxh_1608pixels">1474dp</dimen>
    <dimen name="xxh_1609pixels">1474.92dp</dimen>
    <dimen name="xxh_1610pixels">1475.83dp</dimen>
    <dimen name="xxh_1611pixels">1476.75dp</dimen>
    <dimen name="xxh_1612pixels">1477.67dp</dimen>
    <dimen name="xxh_1613pixels">1478.58dp</dimen>
    <dimen name="xxh_1614pixels">1479.5dp</dimen>
    <dimen name="xxh_1615pixels">1480.42dp</dimen>
    <dimen name="xxh_1616pixels">1481.33dp</dimen>
    <dimen name="xxh_1617pixels">1482.25dp</dimen>
    <dimen name="xxh_1618pixels">1483.17dp</dimen>
    <dimen name="xxh_1619pixels">1484.08dp</dimen>
    <dimen name="xxh_1620pixels">1485dp</dimen>
    <dimen name="xxh_1621pixels">1485.92dp</dimen>
    <dimen name="xxh_1622pixels">1486.83dp</dimen>
    <dimen name="xxh_1623pixels">1487.75dp</dimen>
    <dimen name="xxh_1624pixels">1488.67dp</dimen>
    <dimen name="xxh_1625pixels">1489.58dp</dimen>
    <dimen name="xxh_1626pixels">1490.5dp</dimen>
    <dimen name="xxh_1627pixels">1491.42dp</dimen>
    <dimen name="xxh_1628pixels">1492.33dp</dimen>
    <dimen name="xxh_1629pixels">1493.25dp</dimen>
    <dimen name="xxh_1630pixels">1494.17dp</dimen>
    <dimen name="xxh_1631pixels">1495.08dp</dimen>
    <dimen name="xxh_1632pixels">1496dp</dimen>
    <dimen name="xxh_1633pixels">1496.92dp</dimen>
    <dimen name="xxh_1634pixels">1497.83dp</dimen>
    <dimen name="xxh_1635pixels">1498.75dp</dimen>
    <dimen name="xxh_1636pixels">1499.67dp</dimen>
    <dimen name="xxh_1637pixels">1500.58dp</dimen>
    <dimen name="xxh_1638pixels">1501.5dp</dimen>
    <dimen name="xxh_1639pixels">1502.42dp</dimen>
    <dimen name="xxh_1640pixels">1503.33dp</dimen>
    <dimen name="xxh_1641pixels">1504.25dp</dimen>
    <dimen name="xxh_1642pixels">1505.17dp</dimen>
    <dimen name="xxh_1643pixels">1506.08dp</dimen>
    <dimen name="xxh_1644pixels">1507dp</dimen>
    <dimen name="xxh_1645pixels">1507.92dp</dimen>
    <dimen name="xxh_1646pixels">1508.83dp</dimen>
    <dimen name="xxh_1647pixels">1509.75dp</dimen>
    <dimen name="xxh_1648pixels">1510.67dp</dimen>
    <dimen name="xxh_1649pixels">1511.58dp</dimen>
    <dimen name="xxh_1650pixels">1512.5dp</dimen>
    <dimen name="xxh_1651pixels">1513.42dp</dimen>
    <dimen name="xxh_1652pixels">1514.33dp</dimen>
    <dimen name="xxh_1653pixels">1515.25dp</dimen>
    <dimen name="xxh_1654pixels">1516.17dp</dimen>
    <dimen name="xxh_1655pixels">1517.08dp</dimen>
    <dimen name="xxh_1656pixels">1518dp</dimen>
    <dimen name="xxh_1657pixels">1518.92dp</dimen>
    <dimen name="xxh_1658pixels">1519.83dp</dimen>
    <dimen name="xxh_1659pixels">1520.75dp</dimen>
    <dimen name="xxh_1660pixels">1521.67dp</dimen>
    <dimen name="xxh_1661pixels">1522.58dp</dimen>
    <dimen name="xxh_1662pixels">1523.5dp</dimen>
    <dimen name="xxh_1663pixels">1524.42dp</dimen>
    <dimen name="xxh_1664pixels">1525.33dp</dimen>
    <dimen name="xxh_1665pixels">1526.25dp</dimen>
    <dimen name="xxh_1666pixels">1527.17dp</dimen>
    <dimen name="xxh_1667pixels">1528.08dp</dimen>
    <dimen name="xxh_1668pixels">1529dp</dimen>
    <dimen name="xxh_1669pixels">1529.92dp</dimen>
    <dimen name="xxh_1670pixels">1530.83dp</dimen>
    <dimen name="xxh_1671pixels">1531.75dp</dimen>
    <dimen name="xxh_1672pixels">1532.67dp</dimen>
    <dimen name="xxh_1673pixels">1533.58dp</dimen>
    <dimen name="xxh_1674pixels">1534.5dp</dimen>
    <dimen name="xxh_1675pixels">1535.42dp</dimen>
    <dimen name="xxh_1676pixels">1536.33dp</dimen>
    <dimen name="xxh_1677pixels">1537.25dp</dimen>
    <dimen name="xxh_1678pixels">1538.17dp</dimen>
    <dimen name="xxh_1679pixels">1539.08dp</dimen>
    <dimen name="xxh_1680pixels">1540dp</dimen>
    <dimen name="xxh_1681pixels">1540.92dp</dimen>
    <dimen name="xxh_1682pixels">1541.83dp</dimen>
    <dimen name="xxh_1683pixels">1542.75dp</dimen>
    <dimen name="xxh_1684pixels">1543.67dp</dimen>
    <dimen name="xxh_1685pixels">1544.58dp</dimen>
    <dimen name="xxh_1686pixels">1545.5dp</dimen>
    <dimen name="xxh_1687pixels">1546.42dp</dimen>
    <dimen name="xxh_1688pixels">1547.33dp</dimen>
    <dimen name="xxh_1689pixels">1548.25dp</dimen>
    <dimen name="xxh_1690pixels">1549.17dp</dimen>
    <dimen name="xxh_1691pixels">1550.08dp</dimen>
    <dimen name="xxh_1692pixels">1551dp</dimen>
    <dimen name="xxh_1693pixels">1551.92dp</dimen>
    <dimen name="xxh_1694pixels">1552.83dp</dimen>
    <dimen name="xxh_1695pixels">1553.75dp</dimen>
    <dimen name="xxh_1696pixels">1554.67dp</dimen>
    <dimen name="xxh_1697pixels">1555.58dp</dimen>
    <dimen name="xxh_1698pixels">1556.5dp</dimen>
    <dimen name="xxh_1699pixels">1557.42dp</dimen>
    <dimen name="xxh_1700pixels">1558.33dp</dimen>
    <dimen name="xxh_1701pixels">1559.25dp</dimen>
    <dimen name="xxh_1702pixels">1560.17dp</dimen>
    <dimen name="xxh_1703pixels">1561.08dp</dimen>
    <dimen name="xxh_1704pixels">1562dp</dimen>
    <dimen name="xxh_1705pixels">1562.92dp</dimen>
    <dimen name="xxh_1706pixels">1563.83dp</dimen>
    <dimen name="xxh_1707pixels">1564.75dp</dimen>
    <dimen name="xxh_1708pixels">1565.67dp</dimen>
    <dimen name="xxh_1709pixels">1566.58dp</dimen>
    <dimen name="xxh_1710pixels">1567.5dp</dimen>
    <dimen name="xxh_1711pixels">1568.42dp</dimen>
    <dimen name="xxh_1712pixels">1569.33dp</dimen>
    <dimen name="xxh_1713pixels">1570.25dp</dimen>
    <dimen name="xxh_1714pixels">1571.17dp</dimen>
    <dimen name="xxh_1715pixels">1572.08dp</dimen>
    <dimen name="xxh_1716pixels">1573dp</dimen>
    <dimen name="xxh_1717pixels">1573.92dp</dimen>
    <dimen name="xxh_1718pixels">1574.83dp</dimen>
    <dimen name="xxh_1719pixels">1575.75dp</dimen>
    <dimen name="xxh_1720pixels">1576.67dp</dimen>
    <dimen name="xxh_1721pixels">1577.58dp</dimen>
    <dimen name="xxh_1722pixels">1578.5dp</dimen>
    <dimen name="xxh_1723pixels">1579.42dp</dimen>
    <dimen name="xxh_1724pixels">1580.33dp</dimen>
    <dimen name="xxh_1725pixels">1581.25dp</dimen>
    <dimen name="xxh_1726pixels">1582.17dp</dimen>
    <dimen name="xxh_1727pixels">1583.08dp</dimen>
    <dimen name="xxh_1728pixels">1584dp</dimen>
    <dimen name="xxh_1729pixels">1584.92dp</dimen>
    <dimen name="xxh_1730pixels">1585.83dp</dimen>
    <dimen name="xxh_1731pixels">1586.75dp</dimen>
    <dimen name="xxh_1732pixels">1587.67dp</dimen>
    <dimen name="xxh_1733pixels">1588.58dp</dimen>
    <dimen name="xxh_1734pixels">1589.5dp</dimen>
    <dimen name="xxh_1735pixels">1590.42dp</dimen>
    <dimen name="xxh_1736pixels">1591.33dp</dimen>
    <dimen name="xxh_1737pixels">1592.25dp</dimen>
    <dimen name="xxh_1738pixels">1593.17dp</dimen>
    <dimen name="xxh_1739pixels">1594.08dp</dimen>
    <dimen name="xxh_1740pixels">1595dp</dimen>
    <dimen name="xxh_1741pixels">1595.92dp</dimen>
    <dimen name="xxh_1742pixels">1596.83dp</dimen>
    <dimen name="xxh_1743pixels">1597.75dp</dimen>
    <dimen name="xxh_1744pixels">1598.67dp</dimen>
    <dimen name="xxh_1745pixels">1599.58dp</dimen>
    <dimen name="xxh_1746pixels">1600.5dp</dimen>
    <dimen name="xxh_1747pixels">1601.42dp</dimen>
    <dimen name="xxh_1748pixels">1602.33dp</dimen>
    <dimen name="xxh_1749pixels">1603.25dp</dimen>
    <dimen name="xxh_1750pixels">1604.17dp</dimen>
    <dimen name="xxh_1751pixels">1605.08dp</dimen>
    <dimen name="xxh_1752pixels">1606dp</dimen>
    <dimen name="xxh_1753pixels">1606.92dp</dimen>
    <dimen name="xxh_1754pixels">1607.83dp</dimen>
    <dimen name="xxh_1755pixels">1608.75dp</dimen>
    <dimen name="xxh_1756pixels">1609.67dp</dimen>
    <dimen name="xxh_1757pixels">1610.58dp</dimen>
    <dimen name="xxh_1758pixels">1611.5dp</dimen>
    <dimen name="xxh_1759pixels">1612.42dp</dimen>
    <dimen name="xxh_1760pixels">1613.33dp</dimen>
    <dimen name="xxh_1761pixels">1614.25dp</dimen>
    <dimen name="xxh_1762pixels">1615.17dp</dimen>
    <dimen name="xxh_1763pixels">1616.08dp</dimen>
    <dimen name="xxh_1764pixels">1617dp</dimen>
    <dimen name="xxh_1765pixels">1617.92dp</dimen>
    <dimen name="xxh_1766pixels">1618.83dp</dimen>
    <dimen name="xxh_1767pixels">1619.75dp</dimen>
    <dimen name="xxh_1768pixels">1620.67dp</dimen>
    <dimen name="xxh_1769pixels">1621.58dp</dimen>
    <dimen name="xxh_1770pixels">1622.5dp</dimen>
    <dimen name="xxh_1771pixels">1623.42dp</dimen>
    <dimen name="xxh_1772pixels">1624.33dp</dimen>
    <dimen name="xxh_1773pixels">1625.25dp</dimen>
    <dimen name="xxh_1774pixels">1626.17dp</dimen>
    <dimen name="xxh_1775pixels">1627.08dp</dimen>
    <dimen name="xxh_1776pixels">1628dp</dimen>
    <dimen name="xxh_1777pixels">1628.92dp</dimen>
    <dimen name="xxh_1778pixels">1629.83dp</dimen>
    <dimen name="xxh_1779pixels">1630.75dp</dimen>
    <dimen name="xxh_1780pixels">1631.67dp</dimen>
    <dimen name="xxh_1781pixels">1632.58dp</dimen>
    <dimen name="xxh_1782pixels">1633.5dp</dimen>
    <dimen name="xxh_1783pixels">1634.42dp</dimen>
    <dimen name="xxh_1784pixels">1635.33dp</dimen>
    <dimen name="xxh_1785pixels">1636.25dp</dimen>
    <dimen name="xxh_1786pixels">1637.17dp</dimen>
    <dimen name="xxh_1787pixels">1638.08dp</dimen>
    <dimen name="xxh_1788pixels">1639dp</dimen>
    <dimen name="xxh_1789pixels">1639.92dp</dimen>
    <dimen name="xxh_1790pixels">1640.83dp</dimen>
    <dimen name="xxh_1791pixels">1641.75dp</dimen>
    <dimen name="xxh_1792pixels">1642.67dp</dimen>
    <dimen name="xxh_1793pixels">1643.58dp</dimen>
    <dimen name="xxh_1794pixels">1644.5dp</dimen>
    <dimen name="xxh_1795pixels">1645.42dp</dimen>
    <dimen name="xxh_1796pixels">1646.33dp</dimen>
    <dimen name="xxh_1797pixels">1647.25dp</dimen>
    <dimen name="xxh_1798pixels">1648.17dp</dimen>
    <dimen name="xxh_1799pixels">1649.08dp</dimen>
    <dimen name="xxh_1800pixels">1650dp</dimen>
    <dimen name="xxh_1801pixels">1650.92dp</dimen>
    <dimen name="xxh_1802pixels">1651.83dp</dimen>
    <dimen name="xxh_1803pixels">1652.75dp</dimen>
    <dimen name="xxh_1804pixels">1653.67dp</dimen>
    <dimen name="xxh_1805pixels">1654.58dp</dimen>
    <dimen name="xxh_1806pixels">1655.5dp</dimen>
    <dimen name="xxh_1807pixels">1656.42dp</dimen>
    <dimen name="xxh_1808pixels">1657.33dp</dimen>
    <dimen name="xxh_1809pixels">1658.25dp</dimen>
    <dimen name="xxh_1810pixels">1659.17dp</dimen>
    <dimen name="xxh_1811pixels">1660.08dp</dimen>
    <dimen name="xxh_1812pixels">1661dp</dimen>
    <dimen name="xxh_1813pixels">1661.92dp</dimen>
    <dimen name="xxh_1814pixels">1662.83dp</dimen>
    <dimen name="xxh_1815pixels">1663.75dp</dimen>
    <dimen name="xxh_1816pixels">1664.67dp</dimen>
    <dimen name="xxh_1817pixels">1665.58dp</dimen>
    <dimen name="xxh_1818pixels">1666.5dp</dimen>
    <dimen name="xxh_1819pixels">1667.42dp</dimen>
    <dimen name="xxh_1820pixels">1668.33dp</dimen>
    <dimen name="xxh_1821pixels">1669.25dp</dimen>
    <dimen name="xxh_1822pixels">1670.17dp</dimen>
    <dimen name="xxh_1823pixels">1671.08dp</dimen>
    <dimen name="xxh_1824pixels">1672dp</dimen>
    <dimen name="xxh_1825pixels">1672.92dp</dimen>
    <dimen name="xxh_1826pixels">1673.83dp</dimen>
    <dimen name="xxh_1827pixels">1674.75dp</dimen>
    <dimen name="xxh_1828pixels">1675.67dp</dimen>
    <dimen name="xxh_1829pixels">1676.58dp</dimen>
    <dimen name="xxh_1830pixels">1677.5dp</dimen>
    <dimen name="xxh_1831pixels">1678.42dp</dimen>
    <dimen name="xxh_1832pixels">1679.33dp</dimen>
    <dimen name="xxh_1833pixels">1680.25dp</dimen>
    <dimen name="xxh_1834pixels">1681.17dp</dimen>
    <dimen name="xxh_1835pixels">1682.08dp</dimen>
    <dimen name="xxh_1836pixels">1683dp</dimen>
    <dimen name="xxh_1837pixels">1683.92dp</dimen>
    <dimen name="xxh_1838pixels">1684.83dp</dimen>
    <dimen name="xxh_1839pixels">1685.75dp</dimen>
    <dimen name="xxh_1840pixels">1686.67dp</dimen>
    <dimen name="xxh_1841pixels">1687.58dp</dimen>
    <dimen name="xxh_1842pixels">1688.5dp</dimen>
    <dimen name="xxh_1843pixels">1689.42dp</dimen>
    <dimen name="xxh_1844pixels">1690.33dp</dimen>
    <dimen name="xxh_1845pixels">1691.25dp</dimen>
    <dimen name="xxh_1846pixels">1692.17dp</dimen>
    <dimen name="xxh_1847pixels">1693.08dp</dimen>
    <dimen name="xxh_1848pixels">1694dp</dimen>
    <dimen name="xxh_1849pixels">1694.92dp</dimen>
    <dimen name="xxh_1850pixels">1695.83dp</dimen>
    <dimen name="xxh_1851pixels">1696.75dp</dimen>
    <dimen name="xxh_1852pixels">1697.67dp</dimen>
    <dimen name="xxh_1853pixels">1698.58dp</dimen>
    <dimen name="xxh_1854pixels">1699.5dp</dimen>
    <dimen name="xxh_1855pixels">1700.42dp</dimen>
    <dimen name="xxh_1856pixels">1701.33dp</dimen>
    <dimen name="xxh_1857pixels">1702.25dp</dimen>
    <dimen name="xxh_1858pixels">1703.17dp</dimen>
    <dimen name="xxh_1859pixels">1704.08dp</dimen>
    <dimen name="xxh_1860pixels">1705dp</dimen>
    <dimen name="xxh_1861pixels">1705.92dp</dimen>
    <dimen name="xxh_1862pixels">1706.83dp</dimen>
    <dimen name="xxh_1863pixels">1707.75dp</dimen>
    <dimen name="xxh_1864pixels">1708.67dp</dimen>
    <dimen name="xxh_1865pixels">1709.58dp</dimen>
    <dimen name="xxh_1866pixels">1710.5dp</dimen>
    <dimen name="xxh_1867pixels">1711.42dp</dimen>
    <dimen name="xxh_1868pixels">1712.33dp</dimen>
    <dimen name="xxh_1869pixels">1713.25dp</dimen>
    <dimen name="xxh_1870pixels">1714.17dp</dimen>
    <dimen name="xxh_1871pixels">1715.08dp</dimen>
    <dimen name="xxh_1872pixels">1716dp</dimen>
    <dimen name="xxh_1873pixels">1716.92dp</dimen>
    <dimen name="xxh_1874pixels">1717.83dp</dimen>
    <dimen name="xxh_1875pixels">1718.75dp</dimen>
    <dimen name="xxh_1876pixels">1719.67dp</dimen>
    <dimen name="xxh_1877pixels">1720.58dp</dimen>
    <dimen name="xxh_1878pixels">1721.5dp</dimen>
    <dimen name="xxh_1879pixels">1722.42dp</dimen>
    <dimen name="xxh_1880pixels">1723.33dp</dimen>
    <dimen name="xxh_1881pixels">1724.25dp</dimen>
    <dimen name="xxh_1882pixels">1725.17dp</dimen>
    <dimen name="xxh_1883pixels">1726.08dp</dimen>
    <dimen name="xxh_1884pixels">1727dp</dimen>
    <dimen name="xxh_1885pixels">1727.92dp</dimen>
    <dimen name="xxh_1886pixels">1728.83dp</dimen>
    <dimen name="xxh_1887pixels">1729.75dp</dimen>
    <dimen name="xxh_1888pixels">1730.67dp</dimen>
    <dimen name="xxh_1889pixels">1731.58dp</dimen>
    <dimen name="xxh_1890pixels">1732.5dp</dimen>
    <dimen name="xxh_1891pixels">1733.42dp</dimen>
    <dimen name="xxh_1892pixels">1734.33dp</dimen>
    <dimen name="xxh_1893pixels">1735.25dp</dimen>
    <dimen name="xxh_1894pixels">1736.17dp</dimen>
    <dimen name="xxh_1895pixels">1737.08dp</dimen>
    <dimen name="xxh_1896pixels">1738dp</dimen>
    <dimen name="xxh_1897pixels">1738.92dp</dimen>
    <dimen name="xxh_1898pixels">1739.83dp</dimen>
    <dimen name="xxh_1899pixels">1740.75dp</dimen>
    <dimen name="xxh_1900pixels">1741.67dp</dimen>
    <dimen name="xxh_1901pixels">1742.58dp</dimen>
    <dimen name="xxh_1902pixels">1743.5dp</dimen>
    <dimen name="xxh_1903pixels">1744.42dp</dimen>
    <dimen name="xxh_1904pixels">1745.33dp</dimen>
    <dimen name="xxh_1905pixels">1746.25dp</dimen>
    <dimen name="xxh_1906pixels">1747.17dp</dimen>
    <dimen name="xxh_1907pixels">1748.08dp</dimen>
    <dimen name="xxh_1908pixels">1749dp</dimen>
    <dimen name="xxh_1909pixels">1749.92dp</dimen>
    <dimen name="xxh_1910pixels">1750.83dp</dimen>
    <dimen name="xxh_1911pixels">1751.75dp</dimen>
    <dimen name="xxh_1912pixels">1752.67dp</dimen>
    <dimen name="xxh_1913pixels">1753.58dp</dimen>
    <dimen name="xxh_1914pixels">1754.5dp</dimen>
    <dimen name="xxh_1915pixels">1755.42dp</dimen>
    <dimen name="xxh_1916pixels">1756.33dp</dimen>
    <dimen name="xxh_1917pixels">1757.25dp</dimen>
    <dimen name="xxh_1918pixels">1758.17dp</dimen>
    <dimen name="xxh_1919pixels">1759.08dp</dimen>
    <dimen name="xxh_1920pixels">1760dp</dimen>
    <dimen name="xxh_1921pixels">1760.92dp</dimen>
    <dimen name="xxh_1922pixels">1761.83dp</dimen>
    <dimen name="xxh_1923pixels">1762.75dp</dimen>
    <dimen name="xxh_1924pixels">1763.67dp</dimen>
    <dimen name="xxh_1925pixels">1764.58dp</dimen>
    <dimen name="xxh_1926pixels">1765.5dp</dimen>
    <dimen name="xxh_1927pixels">1766.42dp</dimen>
    <dimen name="xxh_1928pixels">1767.33dp</dimen>
    <dimen name="xxh_1929pixels">1768.25dp</dimen>
    <dimen name="xxh_1930pixels">1769.17dp</dimen>
    <dimen name="xxh_1931pixels">1770.08dp</dimen>
    <dimen name="xxh_1932pixels">1771dp</dimen>
    <dimen name="xxh_1933pixels">1771.92dp</dimen>
    <dimen name="xxh_1934pixels">1772.83dp</dimen>
    <dimen name="xxh_1935pixels">1773.75dp</dimen>
    <dimen name="xxh_1936pixels">1774.67dp</dimen>
    <dimen name="xxh_1937pixels">1775.58dp</dimen>
    <dimen name="xxh_1938pixels">1776.5dp</dimen>
    <dimen name="xxh_1939pixels">1777.42dp</dimen>
    <dimen name="xxh_1940pixels">1778.33dp</dimen>
    <dimen name="xxh_1941pixels">1779.25dp</dimen>
    <dimen name="xxh_1942pixels">1780.17dp</dimen>
    <dimen name="xxh_1943pixels">1781.08dp</dimen>
    <dimen name="xxh_1944pixels">1782dp</dimen>
    <dimen name="xxh_1945pixels">1782.92dp</dimen>
    <dimen name="xxh_1946pixels">1783.83dp</dimen>
    <dimen name="xxh_1947pixels">1784.75dp</dimen>
    <dimen name="xxh_1948pixels">1785.67dp</dimen>
    <dimen name="xxh_1949pixels">1786.58dp</dimen>
    <dimen name="xxh_1950pixels">1787.5dp</dimen>
    <dimen name="xxh_1951pixels">1788.42dp</dimen>
    <dimen name="xxh_1952pixels">1789.33dp</dimen>
    <dimen name="xxh_1953pixels">1790.25dp</dimen>
    <dimen name="xxh_1954pixels">1791.17dp</dimen>
    <dimen name="xxh_1955pixels">1792.08dp</dimen>
    <dimen name="xxh_1956pixels">1793dp</dimen>
    <dimen name="xxh_1957pixels">1793.92dp</dimen>
    <dimen name="xxh_1958pixels">1794.83dp</dimen>
    <dimen name="xxh_1959pixels">1795.75dp</dimen>
    <dimen name="xxh_1960pixels">1796.67dp</dimen>
    <dimen name="xxh_1961pixels">1797.58dp</dimen>
    <dimen name="xxh_1962pixels">1798.5dp</dimen>
    <dimen name="xxh_1963pixels">1799.42dp</dimen>
    <dimen name="xxh_1964pixels">1800.33dp</dimen>
    <dimen name="xxh_1965pixels">1801.25dp</dimen>
    <dimen name="xxh_1966pixels">1802.17dp</dimen>
    <dimen name="xxh_1967pixels">1803.08dp</dimen>
    <dimen name="xxh_1968pixels">1804dp</dimen>
    <dimen name="xxh_1969pixels">1804.92dp</dimen>
    <dimen name="xxh_1970pixels">1805.83dp</dimen>
    <dimen name="xxh_1971pixels">1806.75dp</dimen>
    <dimen name="xxh_1972pixels">1807.67dp</dimen>
    <dimen name="xxh_1973pixels">1808.58dp</dimen>
    <dimen name="xxh_1974pixels">1809.5dp</dimen>
    <dimen name="xxh_1975pixels">1810.42dp</dimen>
    <dimen name="xxh_1976pixels">1811.33dp</dimen>
    <dimen name="xxh_1977pixels">1812.25dp</dimen>
    <dimen name="xxh_1978pixels">1813.17dp</dimen>
    <dimen name="xxh_1979pixels">1814.08dp</dimen>
    <dimen name="xxh_1980pixels">1815dp</dimen>
    <dimen name="xxh_1981pixels">1815.92dp</dimen>
    <dimen name="xxh_1982pixels">1816.83dp</dimen>
    <dimen name="xxh_1983pixels">1817.75dp</dimen>
    <dimen name="xxh_1984pixels">1818.67dp</dimen>
    <dimen name="xxh_1985pixels">1819.58dp</dimen>
    <dimen name="xxh_1986pixels">1820.5dp</dimen>
    <dimen name="xxh_1987pixels">1821.42dp</dimen>
    <dimen name="xxh_1988pixels">1822.33dp</dimen>
    <dimen name="xxh_1989pixels">1823.25dp</dimen>
    <dimen name="xxh_1990pixels">1824.17dp</dimen>
    <dimen name="xxh_1991pixels">1825.08dp</dimen>
    <dimen name="xxh_1992pixels">1826dp</dimen>
    <dimen name="xxh_1993pixels">1826.92dp</dimen>
    <dimen name="xxh_1994pixels">1827.83dp</dimen>
    <dimen name="xxh_1995pixels">1828.75dp</dimen>
    <dimen name="xxh_1996pixels">1829.67dp</dimen>
    <dimen name="xxh_1997pixels">1830.58dp</dimen>
    <dimen name="xxh_1998pixels">1831.5dp</dimen>
    <dimen name="xxh_1999pixels">1832.42dp</dimen>
    <dimen name="xxh_2000pixels">1833.33dp</dimen>

</resources>