<?xml version="1.0" encoding="utf-8"?>
<resources>
    <dimen name="xxh_m130pixels">-65dp</dimen>
    <dimen name="xxh_m48pixels">-24dp</dimen>
    <dimen name="xxh_m42pixels">-21dp</dimen>
    <dimen name="xxh_m30pixels">-15.00dp</dimen>
    <dimen name="xxh_m26pixels">-13dp</dimen>
    <dimen name="xxh_m25pixels">-12.5dp</dimen>
    <dimen name="xxh_m24pixels">-12dp</dimen>
    <dimen name="xxh_m23pixels">-11.5dp</dimen>
    <dimen name="xxh_m21pixels">-10.5dp</dimen>
    <dimen name="xxh_m20pixels">-10dp</dimen>
    <dimen name="xxh_m18pixels">-9dp</dimen>
    <dimen name="xxh_m16pixels">-8dp</dimen>
    <dimen name="xxh_m14pixels">-7dp</dimen>
    <dimen name="xxh_m10pixels">-5dp</dimen>
    <dimen name="xxh_m8pixels">-4dp</dimen>
    <dimen name="xxh_m5pixels">-2.5dp</dimen>
    <dimen name="xxh_m1pixels">-0.5dp</dimen>
    <dimen name="xxh_1pixels">0.50dp</dimen>
    <dimen name="xxh_2pixels">1.00dp</dimen>
    <dimen name="xxh_3pixels">1.50dp</dimen>
    <dimen name="xxh_4pixels">2.00dp</dimen>
    <dimen name="xxh_5pixels">2.50dp</dimen>
    <dimen name="xxh_6pixels">3.00dp</dimen>
    <dimen name="xxh_7pixels">3.50dp</dimen>
    <dimen name="xxh_8pixels">4.00dp</dimen>
    <dimen name="xxh_9pixels">4.50dp</dimen>
    <dimen name="xxh_10pixels">5.00dp</dimen>
    <dimen name="xxh_11pixels">5.50dp</dimen>
    <dimen name="xxh_12pixels">6.00dp</dimen>
    <dimen name="xxh_13pixels">6.50dp</dimen>
    <dimen name="xxh_14pixels">7.00dp</dimen>
    <dimen name="xxh_15pixels">7.50dp</dimen>
    <dimen name="xxh_16pixels">8.00dp</dimen>
    <dimen name="xxh_17pixels">8.50dp</dimen>
    <dimen name="xxh_18pixels">9.00dp</dimen>
    <dimen name="xxh_19pixels">9.50dp</dimen>
    <dimen name="xxh_20pixels">10.00dp</dimen>
    <dimen name="xxh_21pixels">10.50dp</dimen>
    <dimen name="xxh_22pixels">11.00dp</dimen>
    <dimen name="xxh_23pixels">11.50dp</dimen>
    <dimen name="xxh_24pixels">12.00dp</dimen>
    <dimen name="xxh_25pixels">12.50dp</dimen>
    <dimen name="xxh_26pixels">13.00dp</dimen>
    <dimen name="xxh_27pixels">13.50dp</dimen>
    <dimen name="xxh_28pixels">14.00dp</dimen>
    <dimen name="xxh_29pixels">14.50dp</dimen>
    <dimen name="xxh_30pixels">15.00dp</dimen>
    <dimen name="xxh_31pixels">15.50dp</dimen>
    <dimen name="xxh_32pixels">16.00dp</dimen>
    <dimen name="xxh_33pixels">16.50dp</dimen>
    <dimen name="xxh_34pixels">17.00dp</dimen>
    <dimen name="xxh_35pixels">17.50dp</dimen>
    <dimen name="xxh_36pixels">18.00dp</dimen>
    <dimen name="xxh_37pixels">18.50dp</dimen>
    <dimen name="xxh_38pixels">19.00dp</dimen>
    <dimen name="xxh_39pixels">19.50dp</dimen>
    <dimen name="xxh_40pixels">20.00dp</dimen>
    <dimen name="xxh_41pixels">20.50dp</dimen>
    <dimen name="xxh_42pixels">21.00dp</dimen>
    <dimen name="xxh_43pixels">21.50dp</dimen>
    <dimen name="xxh_44pixels">22.00dp</dimen>
    <dimen name="xxh_45pixels">22.50dp</dimen>
    <dimen name="xxh_46pixels">23.00dp</dimen>
    <dimen name="xxh_47pixels">23.50dp</dimen>
    <dimen name="xxh_48pixels">24.00dp</dimen>
    <dimen name="xxh_49pixels">24.50dp</dimen>
    <dimen name="xxh_50pixels">25.00dp</dimen>
    <dimen name="xxh_51pixels">25.50dp</dimen>
    <dimen name="xxh_52pixels">26.00dp</dimen>
    <dimen name="xxh_53pixels">26.50dp</dimen>
    <dimen name="xxh_54pixels">27.00dp</dimen>
    <dimen name="xxh_55pixels">27.50dp</dimen>
    <dimen name="xxh_56pixels">28.00dp</dimen>
    <dimen name="xxh_57pixels">28.50dp</dimen>
    <dimen name="xxh_58pixels">29.00dp</dimen>
    <dimen name="xxh_59pixels">29.50dp</dimen>
    <dimen name="xxh_60pixels">30.00dp</dimen>
    <dimen name="xxh_61pixels">30.50dp</dimen>
    <dimen name="xxh_62pixels">31.00dp</dimen>
    <dimen name="xxh_63pixels">31.50dp</dimen>
    <dimen name="xxh_64pixels">32.00dp</dimen>
    <dimen name="xxh_65pixels">32.50dp</dimen>
    <dimen name="xxh_66pixels">33.00dp</dimen>
    <dimen name="xxh_67pixels">33.50dp</dimen>
    <dimen name="xxh_68pixels">34.00dp</dimen>
    <dimen name="xxh_69pixels">34.50dp</dimen>
    <dimen name="xxh_70pixels">35.00dp</dimen>
    <dimen name="xxh_71pixels">35.50dp</dimen>
    <dimen name="xxh_72pixels">36.00dp</dimen>
    <dimen name="xxh_73pixels">36.50dp</dimen>
    <dimen name="xxh_74pixels">37.00dp</dimen>
    <dimen name="xxh_75pixels">37.50dp</dimen>
    <dimen name="xxh_76pixels">38.00dp</dimen>
    <dimen name="xxh_77pixels">38.50dp</dimen>
    <dimen name="xxh_78pixels">39.00dp</dimen>
    <dimen name="xxh_79pixels">39.50dp</dimen>
    <dimen name="xxh_80pixels">40.00dp</dimen>
    <dimen name="xxh_81pixels">40.50dp</dimen>
    <dimen name="xxh_82pixels">41.00dp</dimen>
    <dimen name="xxh_83pixels">41.50dp</dimen>
    <dimen name="xxh_84pixels">42.00dp</dimen>
    <dimen name="xxh_85pixels">42.50dp</dimen>
    <dimen name="xxh_86pixels">43.00dp</dimen>
    <dimen name="xxh_87pixels">43.50dp</dimen>
    <dimen name="xxh_88pixels">44.00dp</dimen>
    <dimen name="xxh_89pixels">44.50dp</dimen>
    <dimen name="xxh_90pixels">45.00dp</dimen>
    <dimen name="xxh_91pixels">45.50dp</dimen>
    <dimen name="xxh_92pixels">46.00dp</dimen>
    <dimen name="xxh_93pixels">46.50dp</dimen>
    <dimen name="xxh_94pixels">47.00dp</dimen>
    <dimen name="xxh_95pixels">47.50dp</dimen>
    <dimen name="xxh_96pixels">48.00dp</dimen>
    <dimen name="xxh_97pixels">48.50dp</dimen>
    <dimen name="xxh_98pixels">49.00dp</dimen>
    <dimen name="xxh_99pixels">49.50dp</dimen>
    <dimen name="xxh_100pixels">50.00dp</dimen>
    <dimen name="xxh_101pixels">50.50dp</dimen>
    <dimen name="xxh_102pixels">51.00dp</dimen>
    <dimen name="xxh_103pixels">51.50dp</dimen>
    <dimen name="xxh_104pixels">52.00dp</dimen>
    <dimen name="xxh_105pixels">52.50dp</dimen>
    <dimen name="xxh_106pixels">53.00dp</dimen>
    <dimen name="xxh_107pixels">53.50dp</dimen>
    <dimen name="xxh_108pixels">54.00dp</dimen>
    <dimen name="xxh_109pixels">54.50dp</dimen>
    <dimen name="xxh_110pixels">55.00dp</dimen>
    <dimen name="xxh_111pixels">55.50dp</dimen>
    <dimen name="xxh_112pixels">56.00dp</dimen>
    <dimen name="xxh_113pixels">56.50dp</dimen>
    <dimen name="xxh_114pixels">57.00dp</dimen>
    <dimen name="xxh_115pixels">57.50dp</dimen>
    <dimen name="xxh_116pixels">58.00dp</dimen>
    <dimen name="xxh_117pixels">58.50dp</dimen>
    <dimen name="xxh_118pixels">59.00dp</dimen>
    <dimen name="xxh_119pixels">59.50dp</dimen>
    <dimen name="xxh_120pixels">60.00dp</dimen>
    <dimen name="xxh_121pixels">60.50dp</dimen>
    <dimen name="xxh_122pixels">61.00dp</dimen>
    <dimen name="xxh_123pixels">61.50dp</dimen>
    <dimen name="xxh_124pixels">62.00dp</dimen>
    <dimen name="xxh_125pixels">62.50dp</dimen>
    <dimen name="xxh_126pixels">63.00dp</dimen>
    <dimen name="xxh_127pixels">63.50dp</dimen>
    <dimen name="xxh_128pixels">64.00dp</dimen>
    <dimen name="xxh_129pixels">64.50dp</dimen>
    <dimen name="xxh_130pixels">65.00dp</dimen>
    <dimen name="xxh_131pixels">65.50dp</dimen>
    <dimen name="xxh_132pixels">66.00dp</dimen>
    <dimen name="xxh_133pixels">66.50dp</dimen>
    <dimen name="xxh_134pixels">67.00dp</dimen>
    <dimen name="xxh_135pixels">67.50dp</dimen>
    <dimen name="xxh_136pixels">68.00dp</dimen>
    <dimen name="xxh_137pixels">68.50dp</dimen>
    <dimen name="xxh_138pixels">69.00dp</dimen>
    <dimen name="xxh_139pixels">69.50dp</dimen>
    <dimen name="xxh_140pixels">70.00dp</dimen>
    <dimen name="xxh_141pixels">70.50dp</dimen>
    <dimen name="xxh_142pixels">71.00dp</dimen>
    <dimen name="xxh_143pixels">71.50dp</dimen>
    <dimen name="xxh_144pixels">72.00dp</dimen>
    <dimen name="xxh_145pixels">72.50dp</dimen>
    <dimen name="xxh_146pixels">73.00dp</dimen>
    <dimen name="xxh_147pixels">73.50dp</dimen>
    <dimen name="xxh_148pixels">74.00dp</dimen>
    <dimen name="xxh_149pixels">74.50dp</dimen>
    <dimen name="xxh_150pixels">75.00dp</dimen>
    <dimen name="xxh_151pixels">75.50dp</dimen>
    <dimen name="xxh_152pixels">76.00dp</dimen>
    <dimen name="xxh_153pixels">76.50dp</dimen>
    <dimen name="xxh_154pixels">77.00dp</dimen>
    <dimen name="xxh_155pixels">77.50dp</dimen>
    <dimen name="xxh_156pixels">78.00dp</dimen>
    <dimen name="xxh_157pixels">78.50dp</dimen>
    <dimen name="xxh_158pixels">79.00dp</dimen>
    <dimen name="xxh_159pixels">79.50dp</dimen>
    <dimen name="xxh_160pixels">80.00dp</dimen>
    <dimen name="xxh_161pixels">80.50dp</dimen>
    <dimen name="xxh_162pixels">81.00dp</dimen>
    <dimen name="xxh_163pixels">81.50dp</dimen>
    <dimen name="xxh_164pixels">82.00dp</dimen>
    <dimen name="xxh_165pixels">82.50dp</dimen>
    <dimen name="xxh_166pixels">83.00dp</dimen>
    <dimen name="xxh_167pixels">83.50dp</dimen>
    <dimen name="xxh_168pixels">84.00dp</dimen>
    <dimen name="xxh_169pixels">84.50dp</dimen>
    <dimen name="xxh_170pixels">85.00dp</dimen>
    <dimen name="xxh_171pixels">85.50dp</dimen>
    <dimen name="xxh_172pixels">86.00dp</dimen>
    <dimen name="xxh_173pixels">86.50dp</dimen>
    <dimen name="xxh_174pixels">87.00dp</dimen>
    <dimen name="xxh_175pixels">87.50dp</dimen>
    <dimen name="xxh_176pixels">88.00dp</dimen>
    <dimen name="xxh_177pixels">88.50dp</dimen>
    <dimen name="xxh_178pixels">89.00dp</dimen>
    <dimen name="xxh_179pixels">89.50dp</dimen>
    <dimen name="xxh_180pixels">90.00dp</dimen>
    <dimen name="xxh_181pixels">90.50dp</dimen>
    <dimen name="xxh_182pixels">91.00dp</dimen>
    <dimen name="xxh_183pixels">91.50dp</dimen>
    <dimen name="xxh_184pixels">92.00dp</dimen>
    <dimen name="xxh_185pixels">92.50dp</dimen>
    <dimen name="xxh_186pixels">93.00dp</dimen>
    <dimen name="xxh_187pixels">93.50dp</dimen>
    <dimen name="xxh_188pixels">94.00dp</dimen>
    <dimen name="xxh_189pixels">94.50dp</dimen>
    <dimen name="xxh_190pixels">95.00dp</dimen>
    <dimen name="xxh_191pixels">95.50dp</dimen>
    <dimen name="xxh_192pixels">96.00dp</dimen>
    <dimen name="xxh_193pixels">96.50dp</dimen>
    <dimen name="xxh_194pixels">97.00dp</dimen>
    <dimen name="xxh_195pixels">97.50dp</dimen>
    <dimen name="xxh_196pixels">98.00dp</dimen>
    <dimen name="xxh_197pixels">98.50dp</dimen>
    <dimen name="xxh_198pixels">99.00dp</dimen>
    <dimen name="xxh_199pixels">99.50dp</dimen>
    <dimen name="xxh_200pixels">100.00dp</dimen>
    <dimen name="xxh_201pixels">100.50dp</dimen>
    <dimen name="xxh_202pixels">101.00dp</dimen>
    <dimen name="xxh_203pixels">101.50dp</dimen>
    <dimen name="xxh_204pixels">102.00dp</dimen>
    <dimen name="xxh_205pixels">102.50dp</dimen>
    <dimen name="xxh_206pixels">103.00dp</dimen>
    <dimen name="xxh_207pixels">103.50dp</dimen>
    <dimen name="xxh_208pixels">104.00dp</dimen>
    <dimen name="xxh_209pixels">104.50dp</dimen>
    <dimen name="xxh_210pixels">105.00dp</dimen>
    <dimen name="xxh_211pixels">105.50dp</dimen>
    <dimen name="xxh_212pixels">106.00dp</dimen>
    <dimen name="xxh_213pixels">106.50dp</dimen>
    <dimen name="xxh_214pixels">107.00dp</dimen>
    <dimen name="xxh_215pixels">107.50dp</dimen>
    <dimen name="xxh_216pixels">108.00dp</dimen>
    <dimen name="xxh_217pixels">108.50dp</dimen>
    <dimen name="xxh_218pixels">109.00dp</dimen>
    <dimen name="xxh_219pixels">109.50dp</dimen>
    <dimen name="xxh_220pixels">110.00dp</dimen>
    <dimen name="xxh_221pixels">110.50dp</dimen>
    <dimen name="xxh_222pixels">111.00dp</dimen>
    <dimen name="xxh_223pixels">111.50dp</dimen>
    <dimen name="xxh_224pixels">112.00dp</dimen>
    <dimen name="xxh_225pixels">112.50dp</dimen>
    <dimen name="xxh_226pixels">113.00dp</dimen>
    <dimen name="xxh_227pixels">113.50dp</dimen>
    <dimen name="xxh_228pixels">114.00dp</dimen>
    <dimen name="xxh_229pixels">114.50dp</dimen>
    <dimen name="xxh_230pixels">115.00dp</dimen>
    <dimen name="xxh_231pixels">115.50dp</dimen>
    <dimen name="xxh_232pixels">116.00dp</dimen>
    <dimen name="xxh_233pixels">116.50dp</dimen>
    <dimen name="xxh_234pixels">117.00dp</dimen>
    <dimen name="xxh_235pixels">117.50dp</dimen>
    <dimen name="xxh_236pixels">118.00dp</dimen>
    <dimen name="xxh_237pixels">118.50dp</dimen>
    <dimen name="xxh_238pixels">119.00dp</dimen>
    <dimen name="xxh_239pixels">119.50dp</dimen>
    <dimen name="xxh_240pixels">120.00dp</dimen>
    <dimen name="xxh_241pixels">120.50dp</dimen>
    <dimen name="xxh_242pixels">121.00dp</dimen>
    <dimen name="xxh_243pixels">121.50dp</dimen>
    <dimen name="xxh_244pixels">122.00dp</dimen>
    <dimen name="xxh_245pixels">122.50dp</dimen>
    <dimen name="xxh_246pixels">123.00dp</dimen>
    <dimen name="xxh_247pixels">123.50dp</dimen>
    <dimen name="xxh_248pixels">124.00dp</dimen>
    <dimen name="xxh_249pixels">124.50dp</dimen>
    <dimen name="xxh_250pixels">125.00dp</dimen>
    <dimen name="xxh_251pixels">125.50dp</dimen>
    <dimen name="xxh_252pixels">126.00dp</dimen>
    <dimen name="xxh_253pixels">126.50dp</dimen>
    <dimen name="xxh_254pixels">127.00dp</dimen>
    <dimen name="xxh_255pixels">127.50dp</dimen>
    <dimen name="xxh_256pixels">128.00dp</dimen>
    <dimen name="xxh_257pixels">128.50dp</dimen>
    <dimen name="xxh_258pixels">129.00dp</dimen>
    <dimen name="xxh_259pixels">129.50dp</dimen>
    <dimen name="xxh_260pixels">130.00dp</dimen>
    <dimen name="xxh_261pixels">130.50dp</dimen>
    <dimen name="xxh_262pixels">131.00dp</dimen>
    <dimen name="xxh_263pixels">131.50dp</dimen>
    <dimen name="xxh_264pixels">132.00dp</dimen>
    <dimen name="xxh_265pixels">132.50dp</dimen>
    <dimen name="xxh_266pixels">133.00dp</dimen>
    <dimen name="xxh_267pixels">133.50dp</dimen>
    <dimen name="xxh_268pixels">134.00dp</dimen>
    <dimen name="xxh_269pixels">134.50dp</dimen>
    <dimen name="xxh_270pixels">135.00dp</dimen>
    <dimen name="xxh_271pixels">135.50dp</dimen>
    <dimen name="xxh_272pixels">136.00dp</dimen>
    <dimen name="xxh_273pixels">136.50dp</dimen>
    <dimen name="xxh_274pixels">137.00dp</dimen>
    <dimen name="xxh_275pixels">137.50dp</dimen>
    <dimen name="xxh_276pixels">138.00dp</dimen>
    <dimen name="xxh_277pixels">138.50dp</dimen>
    <dimen name="xxh_278pixels">139.00dp</dimen>
    <dimen name="xxh_279pixels">139.50dp</dimen>
    <dimen name="xxh_280pixels">140.00dp</dimen>
    <dimen name="xxh_281pixels">140.50dp</dimen>
    <dimen name="xxh_282pixels">141.00dp</dimen>
    <dimen name="xxh_283pixels">141.50dp</dimen>
    <dimen name="xxh_284pixels">142.00dp</dimen>
    <dimen name="xxh_285pixels">142.50dp</dimen>
    <dimen name="xxh_286pixels">143.00dp</dimen>
    <dimen name="xxh_287pixels">143.50dp</dimen>
    <dimen name="xxh_288pixels">144.00dp</dimen>
    <dimen name="xxh_289pixels">144.50dp</dimen>
    <dimen name="xxh_290pixels">145.00dp</dimen>
    <dimen name="xxh_291pixels">145.50dp</dimen>
    <dimen name="xxh_292pixels">146.00dp</dimen>
    <dimen name="xxh_293pixels">146.50dp</dimen>
    <dimen name="xxh_294pixels">147.00dp</dimen>
    <dimen name="xxh_295pixels">147.50dp</dimen>
    <dimen name="xxh_296pixels">148.00dp</dimen>
    <dimen name="xxh_297pixels">148.50dp</dimen>
    <dimen name="xxh_298pixels">149.00dp</dimen>
    <dimen name="xxh_299pixels">149.50dp</dimen>
    <dimen name="xxh_300pixels">150.00dp</dimen>
    <dimen name="xxh_301pixels">150.50dp</dimen>
    <dimen name="xxh_302pixels">151.00dp</dimen>
    <dimen name="xxh_303pixels">151.50dp</dimen>
    <dimen name="xxh_304pixels">152.00dp</dimen>
    <dimen name="xxh_305pixels">152.50dp</dimen>
    <dimen name="xxh_306pixels">153.00dp</dimen>
    <dimen name="xxh_307pixels">153.50dp</dimen>
    <dimen name="xxh_308pixels">154.00dp</dimen>
    <dimen name="xxh_309pixels">154.50dp</dimen>
    <dimen name="xxh_310pixels">155.00dp</dimen>
    <dimen name="xxh_311pixels">155.50dp</dimen>
    <dimen name="xxh_312pixels">156.00dp</dimen>
    <dimen name="xxh_313pixels">156.50dp</dimen>
    <dimen name="xxh_314pixels">157.00dp</dimen>
    <dimen name="xxh_315pixels">157.50dp</dimen>
    <dimen name="xxh_316pixels">158.00dp</dimen>
    <dimen name="xxh_317pixels">158.50dp</dimen>
    <dimen name="xxh_318pixels">159.00dp</dimen>
    <dimen name="xxh_319pixels">159.50dp</dimen>
    <dimen name="xxh_320pixels">160.00dp</dimen>
    <dimen name="xxh_321pixels">160.50dp</dimen>
    <dimen name="xxh_322pixels">161.00dp</dimen>
    <dimen name="xxh_323pixels">161.50dp</dimen>
    <dimen name="xxh_324pixels">162.00dp</dimen>
    <dimen name="xxh_325pixels">162.50dp</dimen>
    <dimen name="xxh_326pixels">163.00dp</dimen>
    <dimen name="xxh_327pixels">163.50dp</dimen>
    <dimen name="xxh_328pixels">164.00dp</dimen>
    <dimen name="xxh_329pixels">164.50dp</dimen>
    <dimen name="xxh_330pixels">165.00dp</dimen>
    <dimen name="xxh_331pixels">165.50dp</dimen>
    <dimen name="xxh_332pixels">166.00dp</dimen>
    <dimen name="xxh_333pixels">166.50dp</dimen>
    <dimen name="xxh_334pixels">167.00dp</dimen>
    <dimen name="xxh_335pixels">167.50dp</dimen>
    <dimen name="xxh_336pixels">168.00dp</dimen>
    <dimen name="xxh_337pixels">168.50dp</dimen>
    <dimen name="xxh_338pixels">169.00dp</dimen>
    <dimen name="xxh_339pixels">169.50dp</dimen>
    <dimen name="xxh_340pixels">170.00dp</dimen>
    <dimen name="xxh_341pixels">170.50dp</dimen>
    <dimen name="xxh_342pixels">171.00dp</dimen>
    <dimen name="xxh_343pixels">171.50dp</dimen>
    <dimen name="xxh_344pixels">172.00dp</dimen>
    <dimen name="xxh_345pixels">172.50dp</dimen>
    <dimen name="xxh_346pixels">173.00dp</dimen>
    <dimen name="xxh_347pixels">173.50dp</dimen>
    <dimen name="xxh_348pixels">174.00dp</dimen>
    <dimen name="xxh_349pixels">174.50dp</dimen>
    <dimen name="xxh_350pixels">175.00dp</dimen>
    <dimen name="xxh_351pixels">175.50dp</dimen>
    <dimen name="xxh_352pixels">176.00dp</dimen>
    <dimen name="xxh_353pixels">176.50dp</dimen>
    <dimen name="xxh_354pixels">177.00dp</dimen>
    <dimen name="xxh_355pixels">177.50dp</dimen>
    <dimen name="xxh_356pixels">178.00dp</dimen>
    <dimen name="xxh_357pixels">178.50dp</dimen>
    <dimen name="xxh_358pixels">179.00dp</dimen>
    <dimen name="xxh_359pixels">179.50dp</dimen>
    <dimen name="xxh_360pixels">180.00dp</dimen>
    <dimen name="xxh_361pixels">180.50dp</dimen>
    <dimen name="xxh_362pixels">181.00dp</dimen>
    <dimen name="xxh_363pixels">181.50dp</dimen>
    <dimen name="xxh_364pixels">182.00dp</dimen>
    <dimen name="xxh_365pixels">182.50dp</dimen>
    <dimen name="xxh_366pixels">183.00dp</dimen>
    <dimen name="xxh_367pixels">183.50dp</dimen>
    <dimen name="xxh_368pixels">184.00dp</dimen>
    <dimen name="xxh_369pixels">184.50dp</dimen>
    <dimen name="xxh_370pixels">185.00dp</dimen>
    <dimen name="xxh_371pixels">185.50dp</dimen>
    <dimen name="xxh_372pixels">186.00dp</dimen>
    <dimen name="xxh_373pixels">186.50dp</dimen>
    <dimen name="xxh_374pixels">187.00dp</dimen>
    <dimen name="xxh_375pixels">187.50dp</dimen>
    <dimen name="xxh_376pixels">188.00dp</dimen>
    <dimen name="xxh_377pixels">188.50dp</dimen>
    <dimen name="xxh_378pixels">189.00dp</dimen>
    <dimen name="xxh_379pixels">189.50dp</dimen>
    <dimen name="xxh_380pixels">190.00dp</dimen>
    <dimen name="xxh_381pixels">190.50dp</dimen>
    <dimen name="xxh_382pixels">191.00dp</dimen>
    <dimen name="xxh_383pixels">191.50dp</dimen>
    <dimen name="xxh_384pixels">192.00dp</dimen>
    <dimen name="xxh_385pixels">192.50dp</dimen>
    <dimen name="xxh_386pixels">193.00dp</dimen>
    <dimen name="xxh_387pixels">193.50dp</dimen>
    <dimen name="xxh_388pixels">194.00dp</dimen>
    <dimen name="xxh_389pixels">194.50dp</dimen>
    <dimen name="xxh_390pixels">195.00dp</dimen>
    <dimen name="xxh_391pixels">195.50dp</dimen>
    <dimen name="xxh_392pixels">196.00dp</dimen>
    <dimen name="xxh_393pixels">196.50dp</dimen>
    <dimen name="xxh_394pixels">197.00dp</dimen>
    <dimen name="xxh_395pixels">197.50dp</dimen>
    <dimen name="xxh_396pixels">198.00dp</dimen>
    <dimen name="xxh_397pixels">198.50dp</dimen>
    <dimen name="xxh_398pixels">199.00dp</dimen>
    <dimen name="xxh_399pixels">199.50dp</dimen>
    <dimen name="xxh_400pixels">200.00dp</dimen>
    <dimen name="xxh_401pixels">200.50dp</dimen>
    <dimen name="xxh_402pixels">201.00dp</dimen>
    <dimen name="xxh_403pixels">201.50dp</dimen>
    <dimen name="xxh_404pixels">202.00dp</dimen>
    <dimen name="xxh_405pixels">202.50dp</dimen>
    <dimen name="xxh_406pixels">203.00dp</dimen>
    <dimen name="xxh_407pixels">203.50dp</dimen>
    <dimen name="xxh_408pixels">204.00dp</dimen>
    <dimen name="xxh_409pixels">204.50dp</dimen>
    <dimen name="xxh_410pixels">205.00dp</dimen>
    <dimen name="xxh_411pixels">205.50dp</dimen>
    <dimen name="xxh_412pixels">206.00dp</dimen>
    <dimen name="xxh_413pixels">206.50dp</dimen>
    <dimen name="xxh_414pixels">207.00dp</dimen>
    <dimen name="xxh_415pixels">207.50dp</dimen>
    <dimen name="xxh_416pixels">208.00dp</dimen>
    <dimen name="xxh_417pixels">208.50dp</dimen>
    <dimen name="xxh_418pixels">209.00dp</dimen>
    <dimen name="xxh_419pixels">209.50dp</dimen>
    <dimen name="xxh_420pixels">210.00dp</dimen>
    <dimen name="xxh_421pixels">210.50dp</dimen>
    <dimen name="xxh_422pixels">211.00dp</dimen>
    <dimen name="xxh_423pixels">211.50dp</dimen>
    <dimen name="xxh_424pixels">212.00dp</dimen>
    <dimen name="xxh_425pixels">212.50dp</dimen>
    <dimen name="xxh_426pixels">213.00dp</dimen>
    <dimen name="xxh_427pixels">213.50dp</dimen>
    <dimen name="xxh_428pixels">214.00dp</dimen>
    <dimen name="xxh_429pixels">214.50dp</dimen>
    <dimen name="xxh_430pixels">215.00dp</dimen>
    <dimen name="xxh_431pixels">215.50dp</dimen>
    <dimen name="xxh_432pixels">216.00dp</dimen>
    <dimen name="xxh_433pixels">216.50dp</dimen>
    <dimen name="xxh_434pixels">217.00dp</dimen>
    <dimen name="xxh_435pixels">217.50dp</dimen>
    <dimen name="xxh_436pixels">218.00dp</dimen>
    <dimen name="xxh_437pixels">218.50dp</dimen>
    <dimen name="xxh_438pixels">219.00dp</dimen>
    <dimen name="xxh_439pixels">219.50dp</dimen>
    <dimen name="xxh_440pixels">220.00dp</dimen>
    <dimen name="xxh_441pixels">220.50dp</dimen>
    <dimen name="xxh_442pixels">221.00dp</dimen>
    <dimen name="xxh_443pixels">221.50dp</dimen>
    <dimen name="xxh_444pixels">222.00dp</dimen>
    <dimen name="xxh_445pixels">222.50dp</dimen>
    <dimen name="xxh_446pixels">223.00dp</dimen>
    <dimen name="xxh_447pixels">223.50dp</dimen>
    <dimen name="xxh_448pixels">224.00dp</dimen>
    <dimen name="xxh_449pixels">224.50dp</dimen>
    <dimen name="xxh_450pixels">225.00dp</dimen>
    <dimen name="xxh_451pixels">225.50dp</dimen>
    <dimen name="xxh_452pixels">226.00dp</dimen>
    <dimen name="xxh_453pixels">226.50dp</dimen>
    <dimen name="xxh_454pixels">227.00dp</dimen>
    <dimen name="xxh_455pixels">227.50dp</dimen>
    <dimen name="xxh_456pixels">228.00dp</dimen>
    <dimen name="xxh_457pixels">228.50dp</dimen>
    <dimen name="xxh_458pixels">229.00dp</dimen>
    <dimen name="xxh_459pixels">229.50dp</dimen>
    <dimen name="xxh_460pixels">230.00dp</dimen>
    <dimen name="xxh_461pixels">230.50dp</dimen>
    <dimen name="xxh_462pixels">231.00dp</dimen>
    <dimen name="xxh_463pixels">231.50dp</dimen>
    <dimen name="xxh_464pixels">232.00dp</dimen>
    <dimen name="xxh_465pixels">232.50dp</dimen>
    <dimen name="xxh_466pixels">233.00dp</dimen>
    <dimen name="xxh_467pixels">233.50dp</dimen>
    <dimen name="xxh_468pixels">234.00dp</dimen>
    <dimen name="xxh_469pixels">234.50dp</dimen>
    <dimen name="xxh_470pixels">235.00dp</dimen>
    <dimen name="xxh_471pixels">235.50dp</dimen>
    <dimen name="xxh_472pixels">236.00dp</dimen>
    <dimen name="xxh_473pixels">236.50dp</dimen>
    <dimen name="xxh_474pixels">237.00dp</dimen>
    <dimen name="xxh_475pixels">237.50dp</dimen>
    <dimen name="xxh_476pixels">238.00dp</dimen>
    <dimen name="xxh_477pixels">238.50dp</dimen>
    <dimen name="xxh_478pixels">239.00dp</dimen>
    <dimen name="xxh_479pixels">239.50dp</dimen>
    <dimen name="xxh_480pixels">240.00dp</dimen>
    <dimen name="xxh_481pixels">240.50dp</dimen>
    <dimen name="xxh_482pixels">241.00dp</dimen>
    <dimen name="xxh_483pixels">241.50dp</dimen>
    <dimen name="xxh_484pixels">242.00dp</dimen>
    <dimen name="xxh_485pixels">242.50dp</dimen>
    <dimen name="xxh_486pixels">243.00dp</dimen>
    <dimen name="xxh_487pixels">243.50dp</dimen>
    <dimen name="xxh_488pixels">244.00dp</dimen>
    <dimen name="xxh_489pixels">244.50dp</dimen>
    <dimen name="xxh_490pixels">245.00dp</dimen>
    <dimen name="xxh_491pixels">245.50dp</dimen>
    <dimen name="xxh_492pixels">246.00dp</dimen>
    <dimen name="xxh_493pixels">246.50dp</dimen>
    <dimen name="xxh_494pixels">247.00dp</dimen>
    <dimen name="xxh_495pixels">247.50dp</dimen>
    <dimen name="xxh_496pixels">248.00dp</dimen>
    <dimen name="xxh_497pixels">248.50dp</dimen>
    <dimen name="xxh_498pixels">249.00dp</dimen>
    <dimen name="xxh_499pixels">249.50dp</dimen>
    <dimen name="xxh_500pixels">250.00dp</dimen>
    <dimen name="xxh_501pixels">250.50dp</dimen>
    <dimen name="xxh_502pixels">251.00dp</dimen>
    <dimen name="xxh_503pixels">251.50dp</dimen>
    <dimen name="xxh_504pixels">252.00dp</dimen>
    <dimen name="xxh_505pixels">252.50dp</dimen>
    <dimen name="xxh_506pixels">253.00dp</dimen>
    <dimen name="xxh_507pixels">253.50dp</dimen>
    <dimen name="xxh_508pixels">254.00dp</dimen>
    <dimen name="xxh_509pixels">254.50dp</dimen>
    <dimen name="xxh_510pixels">255.00dp</dimen>
    <dimen name="xxh_511pixels">255.50dp</dimen>
    <dimen name="xxh_512pixels">256.00dp</dimen>
    <dimen name="xxh_513pixels">256.50dp</dimen>
    <dimen name="xxh_514pixels">257.00dp</dimen>
    <dimen name="xxh_515pixels">257.50dp</dimen>
    <dimen name="xxh_516pixels">258.00dp</dimen>
    <dimen name="xxh_517pixels">258.50dp</dimen>
    <dimen name="xxh_518pixels">259.00dp</dimen>
    <dimen name="xxh_519pixels">259.50dp</dimen>
    <dimen name="xxh_520pixels">260.00dp</dimen>
    <dimen name="xxh_521pixels">260.50dp</dimen>
    <dimen name="xxh_522pixels">261.00dp</dimen>
    <dimen name="xxh_523pixels">261.50dp</dimen>
    <dimen name="xxh_524pixels">262.00dp</dimen>
    <dimen name="xxh_525pixels">262.50dp</dimen>
    <dimen name="xxh_526pixels">263.00dp</dimen>
    <dimen name="xxh_527pixels">263.50dp</dimen>
    <dimen name="xxh_528pixels">264.00dp</dimen>
    <dimen name="xxh_529pixels">264.50dp</dimen>
    <dimen name="xxh_530pixels">265.00dp</dimen>
    <dimen name="xxh_531pixels">265.50dp</dimen>
    <dimen name="xxh_532pixels">266.00dp</dimen>
    <dimen name="xxh_533pixels">266.50dp</dimen>
    <dimen name="xxh_534pixels">267.00dp</dimen>
    <dimen name="xxh_535pixels">267.50dp</dimen>
    <dimen name="xxh_536pixels">268.00dp</dimen>
    <dimen name="xxh_537pixels">268.50dp</dimen>
    <dimen name="xxh_538pixels">269.00dp</dimen>
    <dimen name="xxh_539pixels">269.50dp</dimen>
    <dimen name="xxh_540pixels">270.00dp</dimen>
    <dimen name="xxh_541pixels">270.50dp</dimen>
    <dimen name="xxh_542pixels">271.00dp</dimen>
    <dimen name="xxh_543pixels">271.50dp</dimen>
    <dimen name="xxh_544pixels">272.00dp</dimen>
    <dimen name="xxh_545pixels">272.50dp</dimen>
    <dimen name="xxh_546pixels">273.00dp</dimen>
    <dimen name="xxh_547pixels">273.50dp</dimen>
    <dimen name="xxh_548pixels">274.00dp</dimen>
    <dimen name="xxh_549pixels">274.50dp</dimen>
    <dimen name="xxh_550pixels">275.00dp</dimen>
    <dimen name="xxh_551pixels">275.50dp</dimen>
    <dimen name="xxh_552pixels">276.00dp</dimen>
    <dimen name="xxh_553pixels">276.50dp</dimen>
    <dimen name="xxh_554pixels">277.00dp</dimen>
    <dimen name="xxh_555pixels">277.50dp</dimen>
    <dimen name="xxh_556pixels">278.00dp</dimen>
    <dimen name="xxh_557pixels">278.50dp</dimen>
    <dimen name="xxh_558pixels">279.00dp</dimen>
    <dimen name="xxh_559pixels">279.50dp</dimen>
    <dimen name="xxh_560pixels">280.00dp</dimen>
    <dimen name="xxh_561pixels">280.50dp</dimen>
    <dimen name="xxh_562pixels">281.00dp</dimen>
    <dimen name="xxh_563pixels">281.50dp</dimen>
    <dimen name="xxh_564pixels">282.00dp</dimen>
    <dimen name="xxh_565pixels">282.50dp</dimen>
    <dimen name="xxh_566pixels">283.00dp</dimen>
    <dimen name="xxh_567pixels">283.50dp</dimen>
    <dimen name="xxh_568pixels">284.00dp</dimen>
    <dimen name="xxh_569pixels">284.50dp</dimen>
    <dimen name="xxh_570pixels">285.00dp</dimen>
    <dimen name="xxh_571pixels">285.50dp</dimen>
    <dimen name="xxh_572pixels">286.00dp</dimen>
    <dimen name="xxh_573pixels">286.50dp</dimen>
    <dimen name="xxh_574pixels">287.00dp</dimen>
    <dimen name="xxh_575pixels">287.50dp</dimen>
    <dimen name="xxh_576pixels">288.00dp</dimen>
    <dimen name="xxh_577pixels">288.50dp</dimen>
    <dimen name="xxh_578pixels">289.00dp</dimen>
    <dimen name="xxh_579pixels">289.50dp</dimen>
    <dimen name="xxh_580pixels">290.00dp</dimen>
    <dimen name="xxh_581pixels">290.50dp</dimen>
    <dimen name="xxh_582pixels">291.00dp</dimen>
    <dimen name="xxh_583pixels">291.50dp</dimen>
    <dimen name="xxh_584pixels">292.00dp</dimen>
    <dimen name="xxh_585pixels">292.50dp</dimen>
    <dimen name="xxh_586pixels">293.00dp</dimen>
    <dimen name="xxh_587pixels">293.50dp</dimen>
    <dimen name="xxh_588pixels">294.00dp</dimen>
    <dimen name="xxh_589pixels">294.50dp</dimen>
    <dimen name="xxh_590pixels">295.00dp</dimen>
    <dimen name="xxh_591pixels">295.50dp</dimen>
    <dimen name="xxh_592pixels">296.00dp</dimen>
    <dimen name="xxh_593pixels">296.50dp</dimen>
    <dimen name="xxh_594pixels">297.00dp</dimen>
    <dimen name="xxh_595pixels">297.50dp</dimen>
    <dimen name="xxh_596pixels">298.00dp</dimen>
    <dimen name="xxh_597pixels">298.50dp</dimen>
    <dimen name="xxh_598pixels">299.00dp</dimen>
    <dimen name="xxh_599pixels">299.50dp</dimen>
    <dimen name="xxh_600pixels">300.00dp</dimen>
    <dimen name="xxh_601pixels">300.50dp</dimen>
    <dimen name="xxh_602pixels">301.00dp</dimen>
    <dimen name="xxh_603pixels">301.50dp</dimen>
    <dimen name="xxh_604pixels">302.00dp</dimen>
    <dimen name="xxh_605pixels">302.50dp</dimen>
    <dimen name="xxh_606pixels">303.00dp</dimen>
    <dimen name="xxh_607pixels">303.50dp</dimen>
    <dimen name="xxh_608pixels">304.00dp</dimen>
    <dimen name="xxh_609pixels">304.50dp</dimen>
    <dimen name="xxh_610pixels">305.00dp</dimen>
    <dimen name="xxh_611pixels">305.50dp</dimen>
    <dimen name="xxh_612pixels">306.00dp</dimen>
    <dimen name="xxh_613pixels">306.50dp</dimen>
    <dimen name="xxh_614pixels">307.00dp</dimen>
    <dimen name="xxh_615pixels">307.50dp</dimen>
    <dimen name="xxh_616pixels">308.00dp</dimen>
    <dimen name="xxh_617pixels">308.50dp</dimen>
    <dimen name="xxh_618pixels">309.00dp</dimen>
    <dimen name="xxh_619pixels">309.50dp</dimen>
    <dimen name="xxh_620pixels">310.00dp</dimen>
    <dimen name="xxh_621pixels">310.50dp</dimen>
    <dimen name="xxh_622pixels">311.00dp</dimen>
    <dimen name="xxh_623pixels">311.50dp</dimen>
    <dimen name="xxh_624pixels">312.00dp</dimen>
    <dimen name="xxh_625pixels">312.50dp</dimen>
    <dimen name="xxh_626pixels">313.00dp</dimen>
    <dimen name="xxh_627pixels">313.50dp</dimen>
    <dimen name="xxh_628pixels">314.00dp</dimen>
    <dimen name="xxh_629pixels">314.50dp</dimen>
    <dimen name="xxh_630pixels">315.00dp</dimen>
    <dimen name="xxh_631pixels">315.50dp</dimen>
    <dimen name="xxh_632pixels">316.00dp</dimen>
    <dimen name="xxh_633pixels">316.50dp</dimen>
    <dimen name="xxh_634pixels">317.00dp</dimen>
    <dimen name="xxh_635pixels">317.50dp</dimen>
    <dimen name="xxh_636pixels">318.00dp</dimen>
    <dimen name="xxh_637pixels">318.50dp</dimen>
    <dimen name="xxh_638pixels">319.00dp</dimen>
    <dimen name="xxh_639pixels">319.50dp</dimen>
    <dimen name="xxh_640pixels">320.00dp</dimen>
    <dimen name="xxh_641pixels">320.50dp</dimen>
    <dimen name="xxh_642pixels">321.00dp</dimen>
    <dimen name="xxh_643pixels">321.50dp</dimen>
    <dimen name="xxh_644pixels">322.00dp</dimen>
    <dimen name="xxh_645pixels">322.50dp</dimen>
    <dimen name="xxh_646pixels">323.00dp</dimen>
    <dimen name="xxh_647pixels">323.50dp</dimen>
    <dimen name="xxh_648pixels">324.00dp</dimen>
    <dimen name="xxh_649pixels">324.50dp</dimen>
    <dimen name="xxh_650pixels">325.00dp</dimen>
    <dimen name="xxh_651pixels">325.50dp</dimen>
    <dimen name="xxh_652pixels">326.00dp</dimen>
    <dimen name="xxh_653pixels">326.50dp</dimen>
    <dimen name="xxh_654pixels">327.00dp</dimen>
    <dimen name="xxh_655pixels">327.50dp</dimen>
    <dimen name="xxh_656pixels">328.00dp</dimen>
    <dimen name="xxh_657pixels">328.50dp</dimen>
    <dimen name="xxh_658pixels">329.00dp</dimen>
    <dimen name="xxh_659pixels">329.50dp</dimen>
    <dimen name="xxh_660pixels">330.00dp</dimen>
    <dimen name="xxh_661pixels">330.50dp</dimen>
    <dimen name="xxh_662pixels">331.00dp</dimen>
    <dimen name="xxh_663pixels">331.50dp</dimen>
    <dimen name="xxh_664pixels">332.00dp</dimen>
    <dimen name="xxh_665pixels">332.50dp</dimen>
    <dimen name="xxh_666pixels">333.00dp</dimen>
    <dimen name="xxh_667pixels">333.50dp</dimen>
    <dimen name="xxh_668pixels">334.00dp</dimen>
    <dimen name="xxh_669pixels">334.50dp</dimen>
    <dimen name="xxh_670pixels">335.00dp</dimen>
    <dimen name="xxh_671pixels">335.50dp</dimen>
    <dimen name="xxh_672pixels">336.00dp</dimen>
    <dimen name="xxh_673pixels">336.50dp</dimen>
    <dimen name="xxh_674pixels">337.00dp</dimen>
    <dimen name="xxh_675pixels">337.50dp</dimen>
    <dimen name="xxh_676pixels">338.00dp</dimen>
    <dimen name="xxh_677pixels">338.50dp</dimen>
    <dimen name="xxh_678pixels">339.00dp</dimen>
    <dimen name="xxh_679pixels">339.50dp</dimen>
    <dimen name="xxh_680pixels">340.00dp</dimen>
    <dimen name="xxh_681pixels">340.50dp</dimen>
    <dimen name="xxh_682pixels">341.00dp</dimen>
    <dimen name="xxh_683pixels">341.50dp</dimen>
    <dimen name="xxh_684pixels">342.00dp</dimen>
    <dimen name="xxh_685pixels">342.50dp</dimen>
    <dimen name="xxh_686pixels">343.00dp</dimen>
    <dimen name="xxh_687pixels">343.50dp</dimen>
    <dimen name="xxh_688pixels">344.00dp</dimen>
    <dimen name="xxh_689pixels">344.50dp</dimen>
    <dimen name="xxh_690pixels">345.00dp</dimen>
    <dimen name="xxh_691pixels">345.50dp</dimen>
    <dimen name="xxh_692pixels">346.00dp</dimen>
    <dimen name="xxh_693pixels">346.50dp</dimen>
    <dimen name="xxh_694pixels">347.00dp</dimen>
    <dimen name="xxh_695pixels">347.50dp</dimen>
    <dimen name="xxh_696pixels">348.00dp</dimen>
    <dimen name="xxh_697pixels">348.50dp</dimen>
    <dimen name="xxh_698pixels">349.00dp</dimen>
    <dimen name="xxh_699pixels">349.50dp</dimen>
    <dimen name="xxh_700pixels">350.00dp</dimen>
    <dimen name="xxh_701pixels">350.50dp</dimen>
    <dimen name="xxh_702pixels">351.00dp</dimen>
    <dimen name="xxh_703pixels">351.50dp</dimen>
    <dimen name="xxh_704pixels">352.00dp</dimen>
    <dimen name="xxh_705pixels">352.50dp</dimen>
    <dimen name="xxh_706pixels">353.00dp</dimen>
    <dimen name="xxh_707pixels">353.50dp</dimen>
    <dimen name="xxh_708pixels">354.00dp</dimen>
    <dimen name="xxh_709pixels">354.50dp</dimen>
    <dimen name="xxh_710pixels">355.00dp</dimen>
    <dimen name="xxh_711pixels">355.50dp</dimen>
    <dimen name="xxh_712pixels">356.00dp</dimen>
    <dimen name="xxh_713pixels">356.50dp</dimen>
    <dimen name="xxh_714pixels">357.00dp</dimen>
    <dimen name="xxh_715pixels">357.50dp</dimen>
    <dimen name="xxh_716pixels">358.00dp</dimen>
    <dimen name="xxh_717pixels">358.50dp</dimen>
    <dimen name="xxh_718pixels">359.00dp</dimen>
    <dimen name="xxh_719pixels">359.50dp</dimen>
    <dimen name="xxh_720pixels">360.00dp</dimen>
    <dimen name="xxh_721pixels">360.50dp</dimen>
    <dimen name="xxh_722pixels">361.00dp</dimen>
    <dimen name="xxh_723pixels">361.50dp</dimen>
    <dimen name="xxh_724pixels">362.00dp</dimen>
    <dimen name="xxh_725pixels">362.50dp</dimen>
    <dimen name="xxh_726pixels">363.00dp</dimen>
    <dimen name="xxh_727pixels">363.50dp</dimen>
    <dimen name="xxh_728pixels">364.00dp</dimen>
    <dimen name="xxh_729pixels">364.50dp</dimen>
    <dimen name="xxh_730pixels">365.00dp</dimen>
    <dimen name="xxh_731pixels">365.50dp</dimen>
    <dimen name="xxh_732pixels">366.00dp</dimen>
    <dimen name="xxh_733pixels">366.50dp</dimen>
    <dimen name="xxh_734pixels">367.00dp</dimen>
    <dimen name="xxh_735pixels">367.50dp</dimen>
    <dimen name="xxh_736pixels">368.00dp</dimen>
    <dimen name="xxh_737pixels">368.50dp</dimen>
    <dimen name="xxh_738pixels">369.00dp</dimen>
    <dimen name="xxh_739pixels">369.50dp</dimen>
    <dimen name="xxh_740pixels">370.00dp</dimen>
    <dimen name="xxh_741pixels">370.50dp</dimen>
    <dimen name="xxh_742pixels">371.00dp</dimen>
    <dimen name="xxh_743pixels">371.50dp</dimen>
    <dimen name="xxh_744pixels">372.00dp</dimen>
    <dimen name="xxh_745pixels">372.50dp</dimen>
    <dimen name="xxh_746pixels">373.00dp</dimen>
    <dimen name="xxh_747pixels">373.50dp</dimen>
    <dimen name="xxh_748pixels">374.00dp</dimen>
    <dimen name="xxh_749pixels">374.50dp</dimen>
    <dimen name="xxh_750pixels">375.00dp</dimen>
    <dimen name="xxh_751pixels">375.50dp</dimen>
    <dimen name="xxh_752pixels">376.00dp</dimen>
    <dimen name="xxh_753pixels">376.50dp</dimen>
    <dimen name="xxh_754pixels">377.00dp</dimen>
    <dimen name="xxh_755pixels">377.50dp</dimen>
    <dimen name="xxh_756pixels">378.00dp</dimen>
    <dimen name="xxh_757pixels">378.50dp</dimen>
    <dimen name="xxh_758pixels">379.00dp</dimen>
    <dimen name="xxh_759pixels">379.50dp</dimen>
    <dimen name="xxh_760pixels">380.00dp</dimen>
    <dimen name="xxh_761pixels">380.50dp</dimen>
    <dimen name="xxh_762pixels">381.00dp</dimen>
    <dimen name="xxh_763pixels">381.50dp</dimen>
    <dimen name="xxh_764pixels">382.00dp</dimen>
    <dimen name="xxh_765pixels">382.50dp</dimen>
    <dimen name="xxh_766pixels">383.00dp</dimen>
    <dimen name="xxh_767pixels">383.50dp</dimen>
    <dimen name="xxh_768pixels">384.00dp</dimen>
    <dimen name="xxh_769pixels">384.50dp</dimen>
    <dimen name="xxh_770pixels">385.00dp</dimen>
    <dimen name="xxh_771pixels">385.50dp</dimen>
    <dimen name="xxh_772pixels">386.00dp</dimen>
    <dimen name="xxh_773pixels">386.50dp</dimen>
    <dimen name="xxh_774pixels">387.00dp</dimen>
    <dimen name="xxh_775pixels">387.50dp</dimen>
    <dimen name="xxh_776pixels">388.00dp</dimen>
    <dimen name="xxh_777pixels">388.50dp</dimen>
    <dimen name="xxh_778pixels">389.00dp</dimen>
    <dimen name="xxh_779pixels">389.50dp</dimen>
    <dimen name="xxh_780pixels">390.00dp</dimen>
    <dimen name="xxh_781pixels">390.50dp</dimen>
    <dimen name="xxh_782pixels">391.00dp</dimen>
    <dimen name="xxh_783pixels">391.50dp</dimen>
    <dimen name="xxh_784pixels">392.00dp</dimen>
    <dimen name="xxh_785pixels">392.50dp</dimen>
    <dimen name="xxh_786pixels">393.00dp</dimen>
    <dimen name="xxh_787pixels">393.50dp</dimen>
    <dimen name="xxh_788pixels">394.00dp</dimen>
    <dimen name="xxh_789pixels">394.50dp</dimen>
    <dimen name="xxh_790pixels">395.00dp</dimen>
    <dimen name="xxh_791pixels">395.50dp</dimen>
    <dimen name="xxh_792pixels">396.00dp</dimen>
    <dimen name="xxh_793pixels">396.50dp</dimen>
    <dimen name="xxh_794pixels">397.00dp</dimen>
    <dimen name="xxh_795pixels">397.50dp</dimen>
    <dimen name="xxh_796pixels">398.00dp</dimen>
    <dimen name="xxh_797pixels">398.50dp</dimen>
    <dimen name="xxh_798pixels">399.00dp</dimen>
    <dimen name="xxh_799pixels">399.50dp</dimen>
    <dimen name="xxh_800pixels">400.00dp</dimen>
    <dimen name="xxh_801pixels">400.50dp</dimen>
    <dimen name="xxh_802pixels">401.00dp</dimen>
    <dimen name="xxh_803pixels">401.50dp</dimen>
    <dimen name="xxh_804pixels">402.00dp</dimen>
    <dimen name="xxh_805pixels">402.50dp</dimen>
    <dimen name="xxh_806pixels">403.00dp</dimen>
    <dimen name="xxh_807pixels">403.50dp</dimen>
    <dimen name="xxh_808pixels">404.00dp</dimen>
    <dimen name="xxh_809pixels">404.50dp</dimen>
    <dimen name="xxh_810pixels">405.00dp</dimen>
    <dimen name="xxh_811pixels">405.50dp</dimen>
    <dimen name="xxh_812pixels">406.00dp</dimen>
    <dimen name="xxh_813pixels">406.50dp</dimen>
    <dimen name="xxh_814pixels">407.00dp</dimen>
    <dimen name="xxh_815pixels">407.50dp</dimen>
    <dimen name="xxh_816pixels">408.00dp</dimen>
    <dimen name="xxh_817pixels">408.50dp</dimen>
    <dimen name="xxh_818pixels">409.00dp</dimen>
    <dimen name="xxh_819pixels">409.50dp</dimen>
    <dimen name="xxh_820pixels">410.00dp</dimen>
    <dimen name="xxh_821pixels">410.50dp</dimen>
    <dimen name="xxh_822pixels">411.00dp</dimen>
    <dimen name="xxh_823pixels">411.50dp</dimen>
    <dimen name="xxh_824pixels">412.00dp</dimen>
    <dimen name="xxh_825pixels">412.50dp</dimen>
    <dimen name="xxh_826pixels">413.00dp</dimen>
    <dimen name="xxh_827pixels">413.50dp</dimen>
    <dimen name="xxh_828pixels">414.00dp</dimen>
    <dimen name="xxh_829pixels">414.50dp</dimen>
    <dimen name="xxh_830pixels">415.00dp</dimen>
    <dimen name="xxh_831pixels">415.50dp</dimen>
    <dimen name="xxh_832pixels">416.00dp</dimen>
    <dimen name="xxh_833pixels">416.50dp</dimen>
    <dimen name="xxh_834pixels">417.00dp</dimen>
    <dimen name="xxh_835pixels">417.50dp</dimen>
    <dimen name="xxh_836pixels">418.00dp</dimen>
    <dimen name="xxh_837pixels">418.50dp</dimen>
    <dimen name="xxh_838pixels">419.00dp</dimen>
    <dimen name="xxh_839pixels">419.50dp</dimen>
    <dimen name="xxh_840pixels">420.00dp</dimen>
    <dimen name="xxh_841pixels">420.50dp</dimen>
    <dimen name="xxh_842pixels">421.00dp</dimen>
    <dimen name="xxh_843pixels">421.50dp</dimen>
    <dimen name="xxh_844pixels">422.00dp</dimen>
    <dimen name="xxh_845pixels">422.50dp</dimen>
    <dimen name="xxh_846pixels">423.00dp</dimen>
    <dimen name="xxh_847pixels">423.50dp</dimen>
    <dimen name="xxh_848pixels">424.00dp</dimen>
    <dimen name="xxh_849pixels">424.50dp</dimen>
    <dimen name="xxh_850pixels">425.00dp</dimen>
    <dimen name="xxh_851pixels">425.50dp</dimen>
    <dimen name="xxh_852pixels">426.00dp</dimen>
    <dimen name="xxh_853pixels">426.50dp</dimen>
    <dimen name="xxh_854pixels">427.00dp</dimen>
    <dimen name="xxh_855pixels">427.50dp</dimen>
    <dimen name="xxh_856pixels">428.00dp</dimen>
    <dimen name="xxh_857pixels">428.50dp</dimen>
    <dimen name="xxh_858pixels">429.00dp</dimen>
    <dimen name="xxh_859pixels">429.50dp</dimen>
    <dimen name="xxh_860pixels">430.00dp</dimen>
    <dimen name="xxh_861pixels">430.50dp</dimen>
    <dimen name="xxh_862pixels">431.00dp</dimen>
    <dimen name="xxh_863pixels">431.50dp</dimen>
    <dimen name="xxh_864pixels">432.00dp</dimen>
    <dimen name="xxh_865pixels">432.50dp</dimen>
    <dimen name="xxh_866pixels">433.00dp</dimen>
    <dimen name="xxh_867pixels">433.50dp</dimen>
    <dimen name="xxh_868pixels">434.00dp</dimen>
    <dimen name="xxh_869pixels">434.50dp</dimen>
    <dimen name="xxh_870pixels">435.00dp</dimen>
    <dimen name="xxh_871pixels">435.50dp</dimen>
    <dimen name="xxh_872pixels">436.00dp</dimen>
    <dimen name="xxh_873pixels">436.50dp</dimen>
    <dimen name="xxh_874pixels">437.00dp</dimen>
    <dimen name="xxh_875pixels">437.50dp</dimen>
    <dimen name="xxh_876pixels">438.00dp</dimen>
    <dimen name="xxh_877pixels">438.50dp</dimen>
    <dimen name="xxh_878pixels">439.00dp</dimen>
    <dimen name="xxh_879pixels">439.50dp</dimen>
    <dimen name="xxh_880pixels">440.00dp</dimen>
    <dimen name="xxh_881pixels">440.50dp</dimen>
    <dimen name="xxh_882pixels">441.00dp</dimen>
    <dimen name="xxh_883pixels">441.50dp</dimen>
    <dimen name="xxh_884pixels">442.00dp</dimen>
    <dimen name="xxh_885pixels">442.50dp</dimen>
    <dimen name="xxh_886pixels">443.00dp</dimen>
    <dimen name="xxh_887pixels">443.50dp</dimen>
    <dimen name="xxh_888pixels">444.00dp</dimen>
    <dimen name="xxh_889pixels">444.50dp</dimen>
    <dimen name="xxh_890pixels">445.00dp</dimen>
    <dimen name="xxh_891pixels">445.50dp</dimen>
    <dimen name="xxh_892pixels">446.00dp</dimen>
    <dimen name="xxh_893pixels">446.50dp</dimen>
    <dimen name="xxh_894pixels">447.00dp</dimen>
    <dimen name="xxh_895pixels">447.50dp</dimen>
    <dimen name="xxh_896pixels">448.00dp</dimen>
    <dimen name="xxh_897pixels">448.50dp</dimen>
    <dimen name="xxh_898pixels">449.00dp</dimen>
    <dimen name="xxh_899pixels">449.50dp</dimen>
    <dimen name="xxh_900pixels">450.00dp</dimen>
    <dimen name="xxh_901pixels">450.50dp</dimen>
    <dimen name="xxh_902pixels">451.00dp</dimen>
    <dimen name="xxh_903pixels">451.50dp</dimen>
    <dimen name="xxh_904pixels">452.00dp</dimen>
    <dimen name="xxh_905pixels">452.50dp</dimen>
    <dimen name="xxh_906pixels">453.00dp</dimen>
    <dimen name="xxh_907pixels">453.50dp</dimen>
    <dimen name="xxh_908pixels">454.00dp</dimen>
    <dimen name="xxh_909pixels">454.50dp</dimen>
    <dimen name="xxh_910pixels">455.00dp</dimen>
    <dimen name="xxh_911pixels">455.50dp</dimen>
    <dimen name="xxh_912pixels">456.00dp</dimen>
    <dimen name="xxh_913pixels">456.50dp</dimen>
    <dimen name="xxh_914pixels">457.00dp</dimen>
    <dimen name="xxh_915pixels">457.50dp</dimen>
    <dimen name="xxh_916pixels">458.00dp</dimen>
    <dimen name="xxh_917pixels">458.50dp</dimen>
    <dimen name="xxh_918pixels">459.00dp</dimen>
    <dimen name="xxh_919pixels">459.50dp</dimen>
    <dimen name="xxh_920pixels">460.00dp</dimen>
    <dimen name="xxh_921pixels">460.50dp</dimen>
    <dimen name="xxh_922pixels">461.00dp</dimen>
    <dimen name="xxh_923pixels">461.50dp</dimen>
    <dimen name="xxh_924pixels">462.00dp</dimen>
    <dimen name="xxh_925pixels">462.50dp</dimen>
    <dimen name="xxh_926pixels">463.00dp</dimen>
    <dimen name="xxh_927pixels">463.50dp</dimen>
    <dimen name="xxh_928pixels">464.00dp</dimen>
    <dimen name="xxh_929pixels">464.50dp</dimen>
    <dimen name="xxh_930pixels">465.00dp</dimen>
    <dimen name="xxh_931pixels">465.50dp</dimen>
    <dimen name="xxh_932pixels">466.00dp</dimen>
    <dimen name="xxh_933pixels">466.50dp</dimen>
    <dimen name="xxh_934pixels">467.00dp</dimen>
    <dimen name="xxh_935pixels">467.50dp</dimen>
    <dimen name="xxh_936pixels">468.00dp</dimen>
    <dimen name="xxh_937pixels">468.50dp</dimen>
    <dimen name="xxh_938pixels">469.00dp</dimen>
    <dimen name="xxh_939pixels">469.50dp</dimen>
    <dimen name="xxh_940pixels">470.00dp</dimen>
    <dimen name="xxh_941pixels">470.50dp</dimen>
    <dimen name="xxh_942pixels">471.00dp</dimen>
    <dimen name="xxh_943pixels">471.50dp</dimen>
    <dimen name="xxh_944pixels">472.00dp</dimen>
    <dimen name="xxh_945pixels">472.50dp</dimen>
    <dimen name="xxh_946pixels">473.00dp</dimen>
    <dimen name="xxh_947pixels">473.50dp</dimen>
    <dimen name="xxh_948pixels">474.00dp</dimen>
    <dimen name="xxh_949pixels">474.50dp</dimen>
    <dimen name="xxh_950pixels">475.00dp</dimen>
    <dimen name="xxh_951pixels">475.50dp</dimen>
    <dimen name="xxh_952pixels">476.00dp</dimen>
    <dimen name="xxh_953pixels">476.50dp</dimen>
    <dimen name="xxh_954pixels">477.00dp</dimen>
    <dimen name="xxh_955pixels">477.50dp</dimen>
    <dimen name="xxh_956pixels">478.00dp</dimen>
    <dimen name="xxh_957pixels">478.50dp</dimen>
    <dimen name="xxh_958pixels">479.00dp</dimen>
    <dimen name="xxh_959pixels">479.50dp</dimen>
    <dimen name="xxh_960pixels">480.00dp</dimen>
    <dimen name="xxh_961pixels">480.50dp</dimen>
    <dimen name="xxh_962pixels">481.00dp</dimen>
    <dimen name="xxh_963pixels">481.50dp</dimen>
    <dimen name="xxh_964pixels">482.00dp</dimen>
    <dimen name="xxh_965pixels">482.50dp</dimen>
    <dimen name="xxh_966pixels">483.00dp</dimen>
    <dimen name="xxh_967pixels">483.50dp</dimen>
    <dimen name="xxh_968pixels">484.00dp</dimen>
    <dimen name="xxh_969pixels">484.50dp</dimen>
    <dimen name="xxh_970pixels">485.00dp</dimen>
    <dimen name="xxh_971pixels">485.50dp</dimen>
    <dimen name="xxh_972pixels">486.00dp</dimen>
    <dimen name="xxh_973pixels">486.50dp</dimen>
    <dimen name="xxh_974pixels">487.00dp</dimen>
    <dimen name="xxh_975pixels">487.50dp</dimen>
    <dimen name="xxh_976pixels">488.00dp</dimen>
    <dimen name="xxh_977pixels">488.50dp</dimen>
    <dimen name="xxh_978pixels">489.00dp</dimen>
    <dimen name="xxh_979pixels">489.50dp</dimen>
    <dimen name="xxh_980pixels">490.00dp</dimen>
    <dimen name="xxh_981pixels">490.50dp</dimen>
    <dimen name="xxh_982pixels">491.00dp</dimen>
    <dimen name="xxh_983pixels">491.50dp</dimen>
    <dimen name="xxh_984pixels">492.00dp</dimen>
    <dimen name="xxh_985pixels">492.50dp</dimen>
    <dimen name="xxh_986pixels">493.00dp</dimen>
    <dimen name="xxh_987pixels">493.50dp</dimen>
    <dimen name="xxh_988pixels">494.00dp</dimen>
    <dimen name="xxh_989pixels">494.50dp</dimen>
    <dimen name="xxh_990pixels">495.00dp</dimen>
    <dimen name="xxh_991pixels">495.50dp</dimen>
    <dimen name="xxh_992pixels">496.00dp</dimen>
    <dimen name="xxh_993pixels">496.50dp</dimen>
    <dimen name="xxh_994pixels">497.00dp</dimen>
    <dimen name="xxh_995pixels">497.50dp</dimen>
    <dimen name="xxh_996pixels">498.00dp</dimen>
    <dimen name="xxh_997pixels">498.50dp</dimen>
    <dimen name="xxh_998pixels">499.00dp</dimen>
    <dimen name="xxh_999pixels">499.50dp</dimen>
    <dimen name="xxh_1000pixels">500.00dp</dimen>
    <dimen name="xxh_1001pixels">500.50dp</dimen>
    <dimen name="xxh_1002pixels">501.00dp</dimen>
    <dimen name="xxh_1003pixels">501.50dp</dimen>
    <dimen name="xxh_1004pixels">502.00dp</dimen>
    <dimen name="xxh_1005pixels">502.50dp</dimen>
    <dimen name="xxh_1006pixels">503.00dp</dimen>
    <dimen name="xxh_1007pixels">503.50dp</dimen>
    <dimen name="xxh_1008pixels">504.00dp</dimen>
    <dimen name="xxh_1009pixels">504.50dp</dimen>
    <dimen name="xxh_1010pixels">505.00dp</dimen>
    <dimen name="xxh_1011pixels">505.50dp</dimen>
    <dimen name="xxh_1012pixels">506.00dp</dimen>
    <dimen name="xxh_1013pixels">506.50dp</dimen>
    <dimen name="xxh_1014pixels">507.00dp</dimen>
    <dimen name="xxh_1015pixels">507.50dp</dimen>
    <dimen name="xxh_1016pixels">508.00dp</dimen>
    <dimen name="xxh_1017pixels">508.50dp</dimen>
    <dimen name="xxh_1018pixels">509.00dp</dimen>
    <dimen name="xxh_1019pixels">509.50dp</dimen>
    <dimen name="xxh_1020pixels">510.00dp</dimen>
    <dimen name="xxh_1021pixels">510.50dp</dimen>
    <dimen name="xxh_1022pixels">511.00dp</dimen>
    <dimen name="xxh_1023pixels">511.50dp</dimen>
    <dimen name="xxh_1024pixels">512.00dp</dimen>
    <dimen name="xxh_1025pixels">512.50dp</dimen>
    <dimen name="xxh_1026pixels">513.00dp</dimen>
    <dimen name="xxh_1027pixels">513.50dp</dimen>
    <dimen name="xxh_1028pixels">514.00dp</dimen>
    <dimen name="xxh_1029pixels">514.50dp</dimen>
    <dimen name="xxh_1030pixels">515.00dp</dimen>
    <dimen name="xxh_1031pixels">515.50dp</dimen>
    <dimen name="xxh_1032pixels">516.00dp</dimen>
    <dimen name="xxh_1033pixels">516.50dp</dimen>
    <dimen name="xxh_1034pixels">517.00dp</dimen>
    <dimen name="xxh_1035pixels">517.50dp</dimen>
    <dimen name="xxh_1036pixels">518.00dp</dimen>
    <dimen name="xxh_1037pixels">518.50dp</dimen>
    <dimen name="xxh_1038pixels">519.00dp</dimen>
    <dimen name="xxh_1039pixels">519.50dp</dimen>
    <dimen name="xxh_1040pixels">520.00dp</dimen>
    <dimen name="xxh_1041pixels">520.50dp</dimen>
    <dimen name="xxh_1042pixels">521.00dp</dimen>
    <dimen name="xxh_1043pixels">521.50dp</dimen>
    <dimen name="xxh_1044pixels">522.00dp</dimen>
    <dimen name="xxh_1045pixels">522.50dp</dimen>
    <dimen name="xxh_1046pixels">523.00dp</dimen>
    <dimen name="xxh_1047pixels">523.50dp</dimen>
    <dimen name="xxh_1048pixels">524.00dp</dimen>
    <dimen name="xxh_1049pixels">524.50dp</dimen>
    <dimen name="xxh_1050pixels">525.00dp</dimen>
    <dimen name="xxh_1051pixels">525.50dp</dimen>
    <dimen name="xxh_1052pixels">526.00dp</dimen>
    <dimen name="xxh_1053pixels">526.50dp</dimen>
    <dimen name="xxh_1054pixels">527.00dp</dimen>
    <dimen name="xxh_1055pixels">527.50dp</dimen>
    <dimen name="xxh_1056pixels">528.00dp</dimen>
    <dimen name="xxh_1057pixels">528.50dp</dimen>
    <dimen name="xxh_1058pixels">529.00dp</dimen>
    <dimen name="xxh_1059pixels">529.50dp</dimen>
    <dimen name="xxh_1060pixels">530.00dp</dimen>
    <dimen name="xxh_1061pixels">530.50dp</dimen>
    <dimen name="xxh_1062pixels">531.00dp</dimen>
    <dimen name="xxh_1063pixels">531.50dp</dimen>
    <dimen name="xxh_1064pixels">532.00dp</dimen>
    <dimen name="xxh_1065pixels">532.50dp</dimen>
    <dimen name="xxh_1066pixels">533.00dp</dimen>
    <dimen name="xxh_1067pixels">533.50dp</dimen>
    <dimen name="xxh_1068pixels">534.00dp</dimen>
    <dimen name="xxh_1069pixels">534.50dp</dimen>
    <dimen name="xxh_1070pixels">535.00dp</dimen>
    <dimen name="xxh_1071pixels">535.50dp</dimen>
    <dimen name="xxh_1072pixels">536.00dp</dimen>
    <dimen name="xxh_1073pixels">536.50dp</dimen>
    <dimen name="xxh_1074pixels">537.00dp</dimen>
    <dimen name="xxh_1075pixels">537.50dp</dimen>
    <dimen name="xxh_1076pixels">538.00dp</dimen>
    <dimen name="xxh_1077pixels">538.50dp</dimen>
    <dimen name="xxh_1078pixels">539.00dp</dimen>
    <dimen name="xxh_1079pixels">539.50dp</dimen>
    <dimen name="xxh_1080pixels">540.00dp</dimen>
    <dimen name="xxh_1081pixels">540.50dp</dimen>
    <dimen name="xxh_1082pixels">541.00dp</dimen>
    <dimen name="xxh_1083pixels">541.50dp</dimen>
    <dimen name="xxh_1084pixels">542.00dp</dimen>
    <dimen name="xxh_1085pixels">542.50dp</dimen>
    <dimen name="xxh_1086pixels">543.00dp</dimen>
    <dimen name="xxh_1087pixels">543.50dp</dimen>
    <dimen name="xxh_1088pixels">544.00dp</dimen>
    <dimen name="xxh_1089pixels">544.50dp</dimen>
    <dimen name="xxh_1090pixels">545.00dp</dimen>
    <dimen name="xxh_1091pixels">545.50dp</dimen>
    <dimen name="xxh_1092pixels">546.00dp</dimen>
    <dimen name="xxh_1093pixels">546.50dp</dimen>
    <dimen name="xxh_1094pixels">547.00dp</dimen>
    <dimen name="xxh_1095pixels">547.50dp</dimen>
    <dimen name="xxh_1096pixels">548.00dp</dimen>
    <dimen name="xxh_1097pixels">548.50dp</dimen>
    <dimen name="xxh_1098pixels">549.00dp</dimen>
    <dimen name="xxh_1099pixels">549.50dp</dimen>
    <dimen name="xxh_1100pixels">550.00dp</dimen>
    <dimen name="xxh_1101pixels">550.50dp</dimen>
    <dimen name="xxh_1102pixels">551.00dp</dimen>
    <dimen name="xxh_1103pixels">551.50dp</dimen>
    <dimen name="xxh_1104pixels">552.00dp</dimen>
    <dimen name="xxh_1105pixels">552.50dp</dimen>
    <dimen name="xxh_1106pixels">553.00dp</dimen>
    <dimen name="xxh_1107pixels">553.50dp</dimen>
    <dimen name="xxh_1108pixels">554.00dp</dimen>
    <dimen name="xxh_1109pixels">554.50dp</dimen>
    <dimen name="xxh_1110pixels">555.00dp</dimen>
    <dimen name="xxh_1111pixels">555.50dp</dimen>
    <dimen name="xxh_1112pixels">556.00dp</dimen>
    <dimen name="xxh_1113pixels">556.50dp</dimen>
    <dimen name="xxh_1114pixels">557.00dp</dimen>
    <dimen name="xxh_1115pixels">557.50dp</dimen>
    <dimen name="xxh_1116pixels">558.00dp</dimen>
    <dimen name="xxh_1117pixels">558.50dp</dimen>
    <dimen name="xxh_1118pixels">559.00dp</dimen>
    <dimen name="xxh_1119pixels">559.50dp</dimen>
    <dimen name="xxh_1120pixels">560.00dp</dimen>
    <dimen name="xxh_1121pixels">560.50dp</dimen>
    <dimen name="xxh_1122pixels">561.00dp</dimen>
    <dimen name="xxh_1123pixels">561.50dp</dimen>
    <dimen name="xxh_1124pixels">562.00dp</dimen>
    <dimen name="xxh_1125pixels">562.50dp</dimen>
    <dimen name="xxh_1126pixels">563.00dp</dimen>
    <dimen name="xxh_1127pixels">563.50dp</dimen>
    <dimen name="xxh_1128pixels">564.00dp</dimen>
    <dimen name="xxh_1129pixels">564.50dp</dimen>
    <dimen name="xxh_1130pixels">565.00dp</dimen>
    <dimen name="xxh_1131pixels">565.50dp</dimen>
    <dimen name="xxh_1132pixels">566.00dp</dimen>
    <dimen name="xxh_1133pixels">566.50dp</dimen>
    <dimen name="xxh_1134pixels">567.00dp</dimen>
    <dimen name="xxh_1135pixels">567.50dp</dimen>
    <dimen name="xxh_1136pixels">568.00dp</dimen>
    <dimen name="xxh_1137pixels">568.50dp</dimen>
    <dimen name="xxh_1138pixels">569.00dp</dimen>
    <dimen name="xxh_1139pixels">569.50dp</dimen>
    <dimen name="xxh_1140pixels">570.00dp</dimen>
    <dimen name="xxh_1141pixels">570.50dp</dimen>
    <dimen name="xxh_1142pixels">571.00dp</dimen>
    <dimen name="xxh_1143pixels">571.50dp</dimen>
    <dimen name="xxh_1144pixels">572.00dp</dimen>
    <dimen name="xxh_1145pixels">572.50dp</dimen>
    <dimen name="xxh_1146pixels">573.00dp</dimen>
    <dimen name="xxh_1147pixels">573.50dp</dimen>
    <dimen name="xxh_1148pixels">574.00dp</dimen>
    <dimen name="xxh_1149pixels">574.50dp</dimen>
    <dimen name="xxh_1150pixels">575.00dp</dimen>
    <dimen name="xxh_1151pixels">575.50dp</dimen>
    <dimen name="xxh_1152pixels">576.00dp</dimen>
    <dimen name="xxh_1153pixels">576.50dp</dimen>
    <dimen name="xxh_1154pixels">577.00dp</dimen>
    <dimen name="xxh_1155pixels">577.50dp</dimen>
    <dimen name="xxh_1156pixels">578.00dp</dimen>
    <dimen name="xxh_1157pixels">578.50dp</dimen>
    <dimen name="xxh_1158pixels">579.00dp</dimen>
    <dimen name="xxh_1159pixels">579.50dp</dimen>
    <dimen name="xxh_1160pixels">580.00dp</dimen>
    <dimen name="xxh_1161pixels">580.50dp</dimen>
    <dimen name="xxh_1162pixels">581.00dp</dimen>
    <dimen name="xxh_1163pixels">581.50dp</dimen>
    <dimen name="xxh_1164pixels">582.00dp</dimen>
    <dimen name="xxh_1165pixels">582.50dp</dimen>
    <dimen name="xxh_1166pixels">583.00dp</dimen>
    <dimen name="xxh_1167pixels">583.50dp</dimen>
    <dimen name="xxh_1168pixels">584.00dp</dimen>
    <dimen name="xxh_1169pixels">584.50dp</dimen>
    <dimen name="xxh_1170pixels">585.00dp</dimen>
    <dimen name="xxh_1171pixels">585.50dp</dimen>
    <dimen name="xxh_1172pixels">586.00dp</dimen>
    <dimen name="xxh_1173pixels">586.50dp</dimen>
    <dimen name="xxh_1174pixels">587.00dp</dimen>
    <dimen name="xxh_1175pixels">587.50dp</dimen>
    <dimen name="xxh_1176pixels">588.00dp</dimen>
    <dimen name="xxh_1177pixels">588.50dp</dimen>
    <dimen name="xxh_1178pixels">589.00dp</dimen>
    <dimen name="xxh_1179pixels">589.50dp</dimen>
    <dimen name="xxh_1180pixels">590.00dp</dimen>
    <dimen name="xxh_1181pixels">590.50dp</dimen>
    <dimen name="xxh_1182pixels">591.00dp</dimen>
    <dimen name="xxh_1183pixels">591.50dp</dimen>
    <dimen name="xxh_1184pixels">592.00dp</dimen>
    <dimen name="xxh_1185pixels">592.50dp</dimen>
    <dimen name="xxh_1186pixels">593.00dp</dimen>
    <dimen name="xxh_1187pixels">593.50dp</dimen>
    <dimen name="xxh_1188pixels">594.00dp</dimen>
    <dimen name="xxh_1189pixels">594.50dp</dimen>
    <dimen name="xxh_1190pixels">595.00dp</dimen>
    <dimen name="xxh_1191pixels">595.50dp</dimen>
    <dimen name="xxh_1192pixels">596.00dp</dimen>
    <dimen name="xxh_1193pixels">596.50dp</dimen>
    <dimen name="xxh_1194pixels">597.00dp</dimen>
    <dimen name="xxh_1195pixels">597.50dp</dimen>
    <dimen name="xxh_1196pixels">598.00dp</dimen>
    <dimen name="xxh_1197pixels">598.50dp</dimen>
    <dimen name="xxh_1198pixels">599.00dp</dimen>
    <dimen name="xxh_1199pixels">599.50dp</dimen>
    <dimen name="xxh_1200pixels">600.00dp</dimen>
    <dimen name="xxh_1201pixels">600.50dp</dimen>
    <dimen name="xxh_1202pixels">601.00dp</dimen>
    <dimen name="xxh_1203pixels">601.50dp</dimen>
    <dimen name="xxh_1204pixels">602.00dp</dimen>
    <dimen name="xxh_1205pixels">602.50dp</dimen>
    <dimen name="xxh_1206pixels">603.00dp</dimen>
    <dimen name="xxh_1207pixels">603.50dp</dimen>
    <dimen name="xxh_1208pixels">604.00dp</dimen>
    <dimen name="xxh_1209pixels">604.50dp</dimen>
    <dimen name="xxh_1210pixels">605.00dp</dimen>
    <dimen name="xxh_1211pixels">605.50dp</dimen>
    <dimen name="xxh_1212pixels">606.00dp</dimen>
    <dimen name="xxh_1213pixels">606.50dp</dimen>
    <dimen name="xxh_1214pixels">607.00dp</dimen>
    <dimen name="xxh_1215pixels">607.50dp</dimen>
    <dimen name="xxh_1216pixels">608.00dp</dimen>
    <dimen name="xxh_1217pixels">608.50dp</dimen>
    <dimen name="xxh_1218pixels">609.00dp</dimen>
    <dimen name="xxh_1219pixels">609.50dp</dimen>
    <dimen name="xxh_1220pixels">610.00dp</dimen>
    <dimen name="xxh_1221pixels">610.50dp</dimen>
    <dimen name="xxh_1222pixels">611.00dp</dimen>
    <dimen name="xxh_1223pixels">611.50dp</dimen>
    <dimen name="xxh_1224pixels">612.00dp</dimen>
    <dimen name="xxh_1225pixels">612.50dp</dimen>
    <dimen name="xxh_1226pixels">613.00dp</dimen>
    <dimen name="xxh_1227pixels">613.50dp</dimen>
    <dimen name="xxh_1228pixels">614.00dp</dimen>
    <dimen name="xxh_1229pixels">614.50dp</dimen>
    <dimen name="xxh_1230pixels">615.00dp</dimen>
    <dimen name="xxh_1231pixels">615.50dp</dimen>
    <dimen name="xxh_1232pixels">616.00dp</dimen>
    <dimen name="xxh_1233pixels">616.50dp</dimen>
    <dimen name="xxh_1234pixels">617.00dp</dimen>
    <dimen name="xxh_1235pixels">617.50dp</dimen>
    <dimen name="xxh_1236pixels">618.00dp</dimen>
    <dimen name="xxh_1237pixels">618.50dp</dimen>
    <dimen name="xxh_1238pixels">619.00dp</dimen>
    <dimen name="xxh_1239pixels">619.50dp</dimen>
    <dimen name="xxh_1240pixels">620.00dp</dimen>
    <dimen name="xxh_1241pixels">620.50dp</dimen>
    <dimen name="xxh_1242pixels">621.00dp</dimen>
    <dimen name="xxh_1243pixels">621.50dp</dimen>
    <dimen name="xxh_1244pixels">622.00dp</dimen>
    <dimen name="xxh_1245pixels">622.50dp</dimen>
    <dimen name="xxh_1246pixels">623.00dp</dimen>
    <dimen name="xxh_1247pixels">623.50dp</dimen>
    <dimen name="xxh_1248pixels">624.00dp</dimen>
    <dimen name="xxh_1249pixels">624.50dp</dimen>
    <dimen name="xxh_1250pixels">625.00dp</dimen>
    <dimen name="xxh_1251pixels">625.50dp</dimen>
    <dimen name="xxh_1252pixels">626.00dp</dimen>
    <dimen name="xxh_1253pixels">626.50dp</dimen>
    <dimen name="xxh_1254pixels">627.00dp</dimen>
    <dimen name="xxh_1255pixels">627.50dp</dimen>
    <dimen name="xxh_1256pixels">628.00dp</dimen>
    <dimen name="xxh_1257pixels">628.50dp</dimen>
    <dimen name="xxh_1258pixels">629.00dp</dimen>
    <dimen name="xxh_1259pixels">629.50dp</dimen>
    <dimen name="xxh_1260pixels">630.00dp</dimen>
    <dimen name="xxh_1261pixels">630.50dp</dimen>
    <dimen name="xxh_1262pixels">631.00dp</dimen>
    <dimen name="xxh_1263pixels">631.50dp</dimen>
    <dimen name="xxh_1264pixels">632.00dp</dimen>
    <dimen name="xxh_1265pixels">632.50dp</dimen>
    <dimen name="xxh_1266pixels">633.00dp</dimen>
    <dimen name="xxh_1267pixels">633.50dp</dimen>
    <dimen name="xxh_1268pixels">634.00dp</dimen>
    <dimen name="xxh_1269pixels">634.50dp</dimen>
    <dimen name="xxh_1270pixels">635.00dp</dimen>
    <dimen name="xxh_1271pixels">635.50dp</dimen>
    <dimen name="xxh_1272pixels">636.00dp</dimen>
    <dimen name="xxh_1273pixels">636.50dp</dimen>
    <dimen name="xxh_1274pixels">637.00dp</dimen>
    <dimen name="xxh_1275pixels">637.50dp</dimen>
    <dimen name="xxh_1276pixels">638.00dp</dimen>
    <dimen name="xxh_1277pixels">638.50dp</dimen>
    <dimen name="xxh_1278pixels">639.00dp</dimen>
    <dimen name="xxh_1279pixels">639.50dp</dimen>
    <dimen name="xxh_1280pixels">640.00dp</dimen>
    <dimen name="xxh_1281pixels">640.50dp</dimen>
    <dimen name="xxh_1282pixels">641.00dp</dimen>
    <dimen name="xxh_1283pixels">641.50dp</dimen>
    <dimen name="xxh_1284pixels">642.00dp</dimen>
    <dimen name="xxh_1285pixels">642.50dp</dimen>
    <dimen name="xxh_1286pixels">643.00dp</dimen>
    <dimen name="xxh_1287pixels">643.50dp</dimen>
    <dimen name="xxh_1288pixels">644.00dp</dimen>
    <dimen name="xxh_1289pixels">644.50dp</dimen>
    <dimen name="xxh_1290pixels">645.00dp</dimen>
    <dimen name="xxh_1291pixels">645.50dp</dimen>
    <dimen name="xxh_1292pixels">646.00dp</dimen>
    <dimen name="xxh_1293pixels">646.50dp</dimen>
    <dimen name="xxh_1294pixels">647.00dp</dimen>
    <dimen name="xxh_1295pixels">647.50dp</dimen>
    <dimen name="xxh_1296pixels">648.00dp</dimen>
    <dimen name="xxh_1297pixels">648.50dp</dimen>
    <dimen name="xxh_1298pixels">649.00dp</dimen>
    <dimen name="xxh_1299pixels">649.50dp</dimen>
    <dimen name="xxh_1300pixels">650.00dp</dimen>
    <dimen name="xxh_1301pixels">650.50dp</dimen>
    <dimen name="xxh_1302pixels">651.00dp</dimen>
    <dimen name="xxh_1303pixels">651.50dp</dimen>
    <dimen name="xxh_1304pixels">652.00dp</dimen>
    <dimen name="xxh_1305pixels">652.50dp</dimen>
    <dimen name="xxh_1306pixels">653.00dp</dimen>
    <dimen name="xxh_1307pixels">653.50dp</dimen>
    <dimen name="xxh_1308pixels">654.00dp</dimen>
    <dimen name="xxh_1309pixels">654.50dp</dimen>
    <dimen name="xxh_1310pixels">655.00dp</dimen>
    <dimen name="xxh_1311pixels">655.50dp</dimen>
    <dimen name="xxh_1312pixels">656.00dp</dimen>
    <dimen name="xxh_1313pixels">656.50dp</dimen>
    <dimen name="xxh_1314pixels">657.00dp</dimen>
    <dimen name="xxh_1315pixels">657.50dp</dimen>
    <dimen name="xxh_1316pixels">658.00dp</dimen>
    <dimen name="xxh_1317pixels">658.50dp</dimen>
    <dimen name="xxh_1318pixels">659.00dp</dimen>
    <dimen name="xxh_1319pixels">659.50dp</dimen>
    <dimen name="xxh_1320pixels">660.00dp</dimen>
    <dimen name="xxh_1321pixels">660.50dp</dimen>
    <dimen name="xxh_1322pixels">661.00dp</dimen>
    <dimen name="xxh_1323pixels">661.50dp</dimen>
    <dimen name="xxh_1324pixels">662.00dp</dimen>
    <dimen name="xxh_1325pixels">662.50dp</dimen>
    <dimen name="xxh_1326pixels">663.00dp</dimen>
    <dimen name="xxh_1327pixels">663.50dp</dimen>
    <dimen name="xxh_1328pixels">664.00dp</dimen>
    <dimen name="xxh_1329pixels">664.50dp</dimen>
    <dimen name="xxh_1330pixels">665.00dp</dimen>
    <dimen name="xxh_1331pixels">665.50dp</dimen>
    <dimen name="xxh_1332pixels">666.00dp</dimen>
    <dimen name="xxh_1333pixels">666.50dp</dimen>
    <dimen name="xxh_1334pixels">667.00dp</dimen>
    <dimen name="xxh_1335pixels">667.50dp</dimen>
    <dimen name="xxh_1336pixels">668.00dp</dimen>
    <dimen name="xxh_1337pixels">668.50dp</dimen>
    <dimen name="xxh_1338pixels">669.00dp</dimen>
    <dimen name="xxh_1339pixels">669.50dp</dimen>
    <dimen name="xxh_1340pixels">670.00dp</dimen>
    <dimen name="xxh_1341pixels">670.50dp</dimen>
    <dimen name="xxh_1342pixels">671.00dp</dimen>
    <dimen name="xxh_1343pixels">671.50dp</dimen>
    <dimen name="xxh_1344pixels">672.00dp</dimen>
    <dimen name="xxh_1345pixels">672.50dp</dimen>
    <dimen name="xxh_1346pixels">673.00dp</dimen>
    <dimen name="xxh_1347pixels">673.50dp</dimen>
    <dimen name="xxh_1348pixels">674.00dp</dimen>
    <dimen name="xxh_1349pixels">674.50dp</dimen>
    <dimen name="xxh_1350pixels">675.00dp</dimen>
    <dimen name="xxh_1351pixels">675.50dp</dimen>
    <dimen name="xxh_1352pixels">676.00dp</dimen>
    <dimen name="xxh_1353pixels">676.50dp</dimen>
    <dimen name="xxh_1354pixels">677.00dp</dimen>
    <dimen name="xxh_1355pixels">677.50dp</dimen>
    <dimen name="xxh_1356pixels">678.00dp</dimen>
    <dimen name="xxh_1357pixels">678.50dp</dimen>
    <dimen name="xxh_1358pixels">679.00dp</dimen>
    <dimen name="xxh_1359pixels">679.50dp</dimen>
    <dimen name="xxh_1360pixels">680.00dp</dimen>
    <dimen name="xxh_1361pixels">680.50dp</dimen>
    <dimen name="xxh_1362pixels">681.00dp</dimen>
    <dimen name="xxh_1363pixels">681.50dp</dimen>
    <dimen name="xxh_1364pixels">682.00dp</dimen>
    <dimen name="xxh_1365pixels">682.50dp</dimen>
    <dimen name="xxh_1366pixels">683.00dp</dimen>
    <dimen name="xxh_1367pixels">683.50dp</dimen>
    <dimen name="xxh_1368pixels">684.00dp</dimen>
    <dimen name="xxh_1369pixels">684.50dp</dimen>
    <dimen name="xxh_1370pixels">685.00dp</dimen>
    <dimen name="xxh_1371pixels">685.50dp</dimen>
    <dimen name="xxh_1372pixels">686.00dp</dimen>
    <dimen name="xxh_1373pixels">686.50dp</dimen>
    <dimen name="xxh_1374pixels">687.00dp</dimen>
    <dimen name="xxh_1375pixels">687.50dp</dimen>
    <dimen name="xxh_1376pixels">688.00dp</dimen>
    <dimen name="xxh_1377pixels">688.50dp</dimen>
    <dimen name="xxh_1378pixels">689.00dp</dimen>
    <dimen name="xxh_1379pixels">689.50dp</dimen>
    <dimen name="xxh_1380pixels">690.00dp</dimen>
    <dimen name="xxh_1381pixels">690.50dp</dimen>
    <dimen name="xxh_1382pixels">691.00dp</dimen>
    <dimen name="xxh_1383pixels">691.50dp</dimen>
    <dimen name="xxh_1384pixels">692.00dp</dimen>
    <dimen name="xxh_1385pixels">692.50dp</dimen>
    <dimen name="xxh_1386pixels">693.00dp</dimen>
    <dimen name="xxh_1387pixels">693.50dp</dimen>
    <dimen name="xxh_1388pixels">694.00dp</dimen>
    <dimen name="xxh_1389pixels">694.50dp</dimen>
    <dimen name="xxh_1390pixels">695.00dp</dimen>
    <dimen name="xxh_1391pixels">695.50dp</dimen>
    <dimen name="xxh_1392pixels">696.00dp</dimen>
    <dimen name="xxh_1393pixels">696.50dp</dimen>
    <dimen name="xxh_1394pixels">697.00dp</dimen>
    <dimen name="xxh_1395pixels">697.50dp</dimen>
    <dimen name="xxh_1396pixels">698.00dp</dimen>
    <dimen name="xxh_1397pixels">698.50dp</dimen>
    <dimen name="xxh_1398pixels">699.00dp</dimen>
    <dimen name="xxh_1399pixels">699.50dp</dimen>
    <dimen name="xxh_1400pixels">700.00dp</dimen>
    <dimen name="xxh_1401pixels">700.50dp</dimen>
    <dimen name="xxh_1402pixels">701.00dp</dimen>
    <dimen name="xxh_1403pixels">701.50dp</dimen>
    <dimen name="xxh_1404pixels">702.00dp</dimen>
    <dimen name="xxh_1405pixels">702.50dp</dimen>
    <dimen name="xxh_1406pixels">703.00dp</dimen>
    <dimen name="xxh_1407pixels">703.50dp</dimen>
    <dimen name="xxh_1408pixels">704.00dp</dimen>
    <dimen name="xxh_1409pixels">704.50dp</dimen>
    <dimen name="xxh_1410pixels">705.00dp</dimen>
    <dimen name="xxh_1411pixels">705.50dp</dimen>
    <dimen name="xxh_1412pixels">706.00dp</dimen>
    <dimen name="xxh_1413pixels">706.50dp</dimen>
    <dimen name="xxh_1414pixels">707.00dp</dimen>
    <dimen name="xxh_1415pixels">707.50dp</dimen>
    <dimen name="xxh_1416pixels">708.00dp</dimen>
    <dimen name="xxh_1417pixels">708.50dp</dimen>
    <dimen name="xxh_1418pixels">709.00dp</dimen>
    <dimen name="xxh_1419pixels">709.50dp</dimen>
    <dimen name="xxh_1420pixels">710.00dp</dimen>
    <dimen name="xxh_1421pixels">710.50dp</dimen>
    <dimen name="xxh_1422pixels">711.00dp</dimen>
    <dimen name="xxh_1423pixels">711.50dp</dimen>
    <dimen name="xxh_1424pixels">712.00dp</dimen>
    <dimen name="xxh_1425pixels">712.50dp</dimen>
    <dimen name="xxh_1426pixels">713.00dp</dimen>
    <dimen name="xxh_1427pixels">713.50dp</dimen>
    <dimen name="xxh_1428pixels">714.00dp</dimen>
    <dimen name="xxh_1429pixels">714.50dp</dimen>
    <dimen name="xxh_1430pixels">715.00dp</dimen>
    <dimen name="xxh_1431pixels">715.50dp</dimen>
    <dimen name="xxh_1432pixels">716.00dp</dimen>
    <dimen name="xxh_1433pixels">716.50dp</dimen>
    <dimen name="xxh_1434pixels">717.00dp</dimen>
    <dimen name="xxh_1435pixels">717.50dp</dimen>
    <dimen name="xxh_1436pixels">718.00dp</dimen>
    <dimen name="xxh_1437pixels">718.50dp</dimen>
    <dimen name="xxh_1438pixels">719.00dp</dimen>
    <dimen name="xxh_1439pixels">719.50dp</dimen>
    <dimen name="xxh_1440pixels">720.00dp</dimen>
    <dimen name="xxh_1441pixels">720.50dp</dimen>
    <dimen name="xxh_1442pixels">721.00dp</dimen>
    <dimen name="xxh_1443pixels">721.50dp</dimen>
    <dimen name="xxh_1444pixels">722.00dp</dimen>
    <dimen name="xxh_1445pixels">722.50dp</dimen>
    <dimen name="xxh_1446pixels">723.00dp</dimen>
    <dimen name="xxh_1447pixels">723.50dp</dimen>
    <dimen name="xxh_1448pixels">724.00dp</dimen>
    <dimen name="xxh_1449pixels">724.50dp</dimen>
    <dimen name="xxh_1450pixels">725.00dp</dimen>
    <dimen name="xxh_1451pixels">725.50dp</dimen>
    <dimen name="xxh_1452pixels">726.00dp</dimen>
    <dimen name="xxh_1453pixels">726.50dp</dimen>
    <dimen name="xxh_1454pixels">727.00dp</dimen>
    <dimen name="xxh_1455pixels">727.50dp</dimen>
    <dimen name="xxh_1456pixels">728.00dp</dimen>
    <dimen name="xxh_1457pixels">728.50dp</dimen>
    <dimen name="xxh_1458pixels">729.00dp</dimen>
    <dimen name="xxh_1459pixels">729.50dp</dimen>
    <dimen name="xxh_1460pixels">730.00dp</dimen>
    <dimen name="xxh_1461pixels">730.50dp</dimen>
    <dimen name="xxh_1462pixels">731.00dp</dimen>
    <dimen name="xxh_1463pixels">731.50dp</dimen>
    <dimen name="xxh_1464pixels">732.00dp</dimen>
    <dimen name="xxh_1465pixels">732.50dp</dimen>
    <dimen name="xxh_1466pixels">733.00dp</dimen>
    <dimen name="xxh_1467pixels">733.50dp</dimen>
    <dimen name="xxh_1468pixels">734.00dp</dimen>
    <dimen name="xxh_1469pixels">734.50dp</dimen>
    <dimen name="xxh_1470pixels">735.00dp</dimen>
    <dimen name="xxh_1471pixels">735.50dp</dimen>
    <dimen name="xxh_1472pixels">736.00dp</dimen>
    <dimen name="xxh_1473pixels">736.50dp</dimen>
    <dimen name="xxh_1474pixels">737.00dp</dimen>
    <dimen name="xxh_1475pixels">737.50dp</dimen>
    <dimen name="xxh_1476pixels">738.00dp</dimen>
    <dimen name="xxh_1477pixels">738.50dp</dimen>
    <dimen name="xxh_1478pixels">739.00dp</dimen>
    <dimen name="xxh_1479pixels">739.50dp</dimen>
    <dimen name="xxh_1480pixels">740.00dp</dimen>
    <dimen name="xxh_1481pixels">740.50dp</dimen>
    <dimen name="xxh_1482pixels">741.00dp</dimen>
    <dimen name="xxh_1483pixels">741.50dp</dimen>
    <dimen name="xxh_1484pixels">742.00dp</dimen>
    <dimen name="xxh_1485pixels">742.50dp</dimen>
    <dimen name="xxh_1486pixels">743.00dp</dimen>
    <dimen name="xxh_1487pixels">743.50dp</dimen>
    <dimen name="xxh_1488pixels">744.00dp</dimen>
    <dimen name="xxh_1489pixels">744.50dp</dimen>
    <dimen name="xxh_1490pixels">745.00dp</dimen>
    <dimen name="xxh_1491pixels">745.50dp</dimen>
    <dimen name="xxh_1492pixels">746.00dp</dimen>
    <dimen name="xxh_1493pixels">746.50dp</dimen>
    <dimen name="xxh_1494pixels">747.00dp</dimen>
    <dimen name="xxh_1495pixels">747.50dp</dimen>
    <dimen name="xxh_1496pixels">748.00dp</dimen>
    <dimen name="xxh_1497pixels">748.50dp</dimen>
    <dimen name="xxh_1498pixels">749.00dp</dimen>
    <dimen name="xxh_1499pixels">749.50dp</dimen>
    <dimen name="xxh_1500pixels">750.00dp</dimen>
    <dimen name="xxh_1501pixels">750.50dp</dimen>
    <dimen name="xxh_1502pixels">751.00dp</dimen>
    <dimen name="xxh_1503pixels">751.50dp</dimen>
    <dimen name="xxh_1504pixels">752.00dp</dimen>
    <dimen name="xxh_1505pixels">752.50dp</dimen>
    <dimen name="xxh_1506pixels">753.00dp</dimen>
    <dimen name="xxh_1507pixels">753.50dp</dimen>
    <dimen name="xxh_1508pixels">754.00dp</dimen>
    <dimen name="xxh_1509pixels">754.50dp</dimen>
    <dimen name="xxh_1510pixels">755.00dp</dimen>
    <dimen name="xxh_1511pixels">755.50dp</dimen>
    <dimen name="xxh_1512pixels">756.00dp</dimen>
    <dimen name="xxh_1513pixels">756.50dp</dimen>
    <dimen name="xxh_1514pixels">757.00dp</dimen>
    <dimen name="xxh_1515pixels">757.50dp</dimen>
    <dimen name="xxh_1516pixels">758.00dp</dimen>
    <dimen name="xxh_1517pixels">758.50dp</dimen>
    <dimen name="xxh_1518pixels">759.00dp</dimen>
    <dimen name="xxh_1519pixels">759.50dp</dimen>
    <dimen name="xxh_1520pixels">760.00dp</dimen>
    <dimen name="xxh_1521pixels">760.50dp</dimen>
    <dimen name="xxh_1522pixels">761.00dp</dimen>
    <dimen name="xxh_1523pixels">761.50dp</dimen>
    <dimen name="xxh_1524pixels">762.00dp</dimen>
    <dimen name="xxh_1525pixels">762.50dp</dimen>
    <dimen name="xxh_1526pixels">763.00dp</dimen>
    <dimen name="xxh_1527pixels">763.50dp</dimen>
    <dimen name="xxh_1528pixels">764.00dp</dimen>
    <dimen name="xxh_1529pixels">764.50dp</dimen>
    <dimen name="xxh_1530pixels">765.00dp</dimen>
    <dimen name="xxh_1531pixels">765.50dp</dimen>
    <dimen name="xxh_1532pixels">766.00dp</dimen>
    <dimen name="xxh_1533pixels">766.50dp</dimen>
    <dimen name="xxh_1534pixels">767.00dp</dimen>
    <dimen name="xxh_1535pixels">767.50dp</dimen>
    <dimen name="xxh_1536pixels">768.00dp</dimen>
    <dimen name="xxh_1537pixels">768.50dp</dimen>
    <dimen name="xxh_1538pixels">769.00dp</dimen>
    <dimen name="xxh_1539pixels">769.50dp</dimen>
    <dimen name="xxh_1540pixels">770.00dp</dimen>
    <dimen name="xxh_1541pixels">770.50dp</dimen>
    <dimen name="xxh_1542pixels">771.00dp</dimen>
    <dimen name="xxh_1543pixels">771.50dp</dimen>
    <dimen name="xxh_1544pixels">772.00dp</dimen>
    <dimen name="xxh_1545pixels">772.50dp</dimen>
    <dimen name="xxh_1546pixels">773.00dp</dimen>
    <dimen name="xxh_1547pixels">773.50dp</dimen>
    <dimen name="xxh_1548pixels">774.00dp</dimen>
    <dimen name="xxh_1549pixels">774.50dp</dimen>
    <dimen name="xxh_1550pixels">775.00dp</dimen>
    <dimen name="xxh_1551pixels">775.50dp</dimen>
    <dimen name="xxh_1552pixels">776.00dp</dimen>
    <dimen name="xxh_1553pixels">776.50dp</dimen>
    <dimen name="xxh_1554pixels">777.00dp</dimen>
    <dimen name="xxh_1555pixels">777.50dp</dimen>
    <dimen name="xxh_1556pixels">778.00dp</dimen>
    <dimen name="xxh_1557pixels">778.50dp</dimen>
    <dimen name="xxh_1558pixels">779.00dp</dimen>
    <dimen name="xxh_1559pixels">779.50dp</dimen>
    <dimen name="xxh_1560pixels">780.00dp</dimen>
    <dimen name="xxh_1561pixels">780.50dp</dimen>
    <dimen name="xxh_1562pixels">781.00dp</dimen>
    <dimen name="xxh_1563pixels">781.50dp</dimen>
    <dimen name="xxh_1564pixels">782.00dp</dimen>
    <dimen name="xxh_1565pixels">782.50dp</dimen>
    <dimen name="xxh_1566pixels">783.00dp</dimen>
    <dimen name="xxh_1567pixels">783.50dp</dimen>
    <dimen name="xxh_1568pixels">784.00dp</dimen>
    <dimen name="xxh_1569pixels">784.50dp</dimen>
    <dimen name="xxh_1570pixels">785.00dp</dimen>
    <dimen name="xxh_1571pixels">785.50dp</dimen>
    <dimen name="xxh_1572pixels">786.00dp</dimen>
    <dimen name="xxh_1573pixels">786.50dp</dimen>
    <dimen name="xxh_1574pixels">787.00dp</dimen>
    <dimen name="xxh_1575pixels">787.50dp</dimen>
    <dimen name="xxh_1576pixels">788.00dp</dimen>
    <dimen name="xxh_1577pixels">788.50dp</dimen>
    <dimen name="xxh_1578pixels">789.00dp</dimen>
    <dimen name="xxh_1579pixels">789.50dp</dimen>
    <dimen name="xxh_1580pixels">790.00dp</dimen>
    <dimen name="xxh_1581pixels">790.50dp</dimen>
    <dimen name="xxh_1582pixels">791.00dp</dimen>
    <dimen name="xxh_1583pixels">791.50dp</dimen>
    <dimen name="xxh_1584pixels">792.00dp</dimen>
    <dimen name="xxh_1585pixels">792.50dp</dimen>
    <dimen name="xxh_1586pixels">793.00dp</dimen>
    <dimen name="xxh_1587pixels">793.50dp</dimen>
    <dimen name="xxh_1588pixels">794.00dp</dimen>
    <dimen name="xxh_1589pixels">794.50dp</dimen>
    <dimen name="xxh_1590pixels">795.00dp</dimen>
    <dimen name="xxh_1591pixels">795.50dp</dimen>
    <dimen name="xxh_1592pixels">796.00dp</dimen>
    <dimen name="xxh_1593pixels">796.50dp</dimen>
    <dimen name="xxh_1594pixels">797.00dp</dimen>
    <dimen name="xxh_1595pixels">797.50dp</dimen>
    <dimen name="xxh_1596pixels">798.00dp</dimen>
    <dimen name="xxh_1597pixels">798.50dp</dimen>
    <dimen name="xxh_1598pixels">799.00dp</dimen>
    <dimen name="xxh_1599pixels">799.50dp</dimen>
    <dimen name="xxh_1600pixels">800.00dp</dimen>
    <dimen name="xxh_1601pixels">800.50dp</dimen>
    <dimen name="xxh_1602pixels">801.00dp</dimen>
    <dimen name="xxh_1603pixels">801.50dp</dimen>
    <dimen name="xxh_1604pixels">802.00dp</dimen>
    <dimen name="xxh_1605pixels">802.50dp</dimen>
    <dimen name="xxh_1606pixels">803.00dp</dimen>
    <dimen name="xxh_1607pixels">803.50dp</dimen>
    <dimen name="xxh_1608pixels">804.00dp</dimen>
    <dimen name="xxh_1609pixels">804.50dp</dimen>
    <dimen name="xxh_1610pixels">805.00dp</dimen>
    <dimen name="xxh_1611pixels">805.50dp</dimen>
    <dimen name="xxh_1612pixels">806.00dp</dimen>
    <dimen name="xxh_1613pixels">806.50dp</dimen>
    <dimen name="xxh_1614pixels">807.00dp</dimen>
    <dimen name="xxh_1615pixels">807.50dp</dimen>
    <dimen name="xxh_1616pixels">808.00dp</dimen>
    <dimen name="xxh_1617pixels">808.50dp</dimen>
    <dimen name="xxh_1618pixels">809.00dp</dimen>
    <dimen name="xxh_1619pixels">809.50dp</dimen>
    <dimen name="xxh_1620pixels">810.00dp</dimen>
    <dimen name="xxh_1621pixels">810.50dp</dimen>
    <dimen name="xxh_1622pixels">811.00dp</dimen>
    <dimen name="xxh_1623pixels">811.50dp</dimen>
    <dimen name="xxh_1624pixels">812.00dp</dimen>
    <dimen name="xxh_1625pixels">812.50dp</dimen>
    <dimen name="xxh_1626pixels">813.00dp</dimen>
    <dimen name="xxh_1627pixels">813.50dp</dimen>
    <dimen name="xxh_1628pixels">814.00dp</dimen>
    <dimen name="xxh_1629pixels">814.50dp</dimen>
    <dimen name="xxh_1630pixels">815.00dp</dimen>
    <dimen name="xxh_1631pixels">815.50dp</dimen>
    <dimen name="xxh_1632pixels">816.00dp</dimen>
    <dimen name="xxh_1633pixels">816.50dp</dimen>
    <dimen name="xxh_1634pixels">817.00dp</dimen>
    <dimen name="xxh_1635pixels">817.50dp</dimen>
    <dimen name="xxh_1636pixels">818.00dp</dimen>
    <dimen name="xxh_1637pixels">818.50dp</dimen>
    <dimen name="xxh_1638pixels">819.00dp</dimen>
    <dimen name="xxh_1639pixels">819.50dp</dimen>
    <dimen name="xxh_1640pixels">820.00dp</dimen>
    <dimen name="xxh_1641pixels">820.50dp</dimen>
    <dimen name="xxh_1642pixels">821.00dp</dimen>
    <dimen name="xxh_1643pixels">821.50dp</dimen>
    <dimen name="xxh_1644pixels">822.00dp</dimen>
    <dimen name="xxh_1645pixels">822.50dp</dimen>
    <dimen name="xxh_1646pixels">823.00dp</dimen>
    <dimen name="xxh_1647pixels">823.50dp</dimen>
    <dimen name="xxh_1648pixels">824.00dp</dimen>
    <dimen name="xxh_1649pixels">824.50dp</dimen>
    <dimen name="xxh_1650pixels">825.00dp</dimen>
    <dimen name="xxh_1651pixels">825.50dp</dimen>
    <dimen name="xxh_1652pixels">826.00dp</dimen>
    <dimen name="xxh_1653pixels">826.50dp</dimen>
    <dimen name="xxh_1654pixels">827.00dp</dimen>
    <dimen name="xxh_1655pixels">827.50dp</dimen>
    <dimen name="xxh_1656pixels">828.00dp</dimen>
    <dimen name="xxh_1657pixels">828.50dp</dimen>
    <dimen name="xxh_1658pixels">829.00dp</dimen>
    <dimen name="xxh_1659pixels">829.50dp</dimen>
    <dimen name="xxh_1660pixels">830.00dp</dimen>
    <dimen name="xxh_1661pixels">830.50dp</dimen>
    <dimen name="xxh_1662pixels">831.00dp</dimen>
    <dimen name="xxh_1663pixels">831.50dp</dimen>
    <dimen name="xxh_1664pixels">832.00dp</dimen>
    <dimen name="xxh_1665pixels">832.50dp</dimen>
    <dimen name="xxh_1666pixels">833.00dp</dimen>
    <dimen name="xxh_1667pixels">833.50dp</dimen>
    <dimen name="xxh_1668pixels">834.00dp</dimen>
    <dimen name="xxh_1669pixels">834.50dp</dimen>
    <dimen name="xxh_1670pixels">835.00dp</dimen>
    <dimen name="xxh_1671pixels">835.50dp</dimen>
    <dimen name="xxh_1672pixels">836.00dp</dimen>
    <dimen name="xxh_1673pixels">836.50dp</dimen>
    <dimen name="xxh_1674pixels">837.00dp</dimen>
    <dimen name="xxh_1675pixels">837.50dp</dimen>
    <dimen name="xxh_1676pixels">838.00dp</dimen>
    <dimen name="xxh_1677pixels">838.50dp</dimen>
    <dimen name="xxh_1678pixels">839.00dp</dimen>
    <dimen name="xxh_1679pixels">839.50dp</dimen>
    <dimen name="xxh_1680pixels">840.00dp</dimen>
    <dimen name="xxh_1681pixels">840.50dp</dimen>
    <dimen name="xxh_1682pixels">841.00dp</dimen>
    <dimen name="xxh_1683pixels">841.50dp</dimen>
    <dimen name="xxh_1684pixels">842.00dp</dimen>
    <dimen name="xxh_1685pixels">842.50dp</dimen>
    <dimen name="xxh_1686pixels">843.00dp</dimen>
    <dimen name="xxh_1687pixels">843.50dp</dimen>
    <dimen name="xxh_1688pixels">844.00dp</dimen>
    <dimen name="xxh_1689pixels">844.50dp</dimen>
    <dimen name="xxh_1690pixels">845.00dp</dimen>
    <dimen name="xxh_1691pixels">845.50dp</dimen>
    <dimen name="xxh_1692pixels">846.00dp</dimen>
    <dimen name="xxh_1693pixels">846.50dp</dimen>
    <dimen name="xxh_1694pixels">847.00dp</dimen>
    <dimen name="xxh_1695pixels">847.50dp</dimen>
    <dimen name="xxh_1696pixels">848.00dp</dimen>
    <dimen name="xxh_1697pixels">848.50dp</dimen>
    <dimen name="xxh_1698pixels">849.00dp</dimen>
    <dimen name="xxh_1699pixels">849.50dp</dimen>
    <dimen name="xxh_1700pixels">850.00dp</dimen>
    <dimen name="xxh_1701pixels">850.50dp</dimen>
    <dimen name="xxh_1702pixels">851.00dp</dimen>
    <dimen name="xxh_1703pixels">851.50dp</dimen>
    <dimen name="xxh_1704pixels">852.00dp</dimen>
    <dimen name="xxh_1705pixels">852.50dp</dimen>
    <dimen name="xxh_1706pixels">853.00dp</dimen>
    <dimen name="xxh_1707pixels">853.50dp</dimen>
    <dimen name="xxh_1708pixels">854.00dp</dimen>
    <dimen name="xxh_1709pixels">854.50dp</dimen>
    <dimen name="xxh_1710pixels">855.00dp</dimen>
    <dimen name="xxh_1711pixels">855.50dp</dimen>
    <dimen name="xxh_1712pixels">856.00dp</dimen>
    <dimen name="xxh_1713pixels">856.50dp</dimen>
    <dimen name="xxh_1714pixels">857.00dp</dimen>
    <dimen name="xxh_1715pixels">857.50dp</dimen>
    <dimen name="xxh_1716pixels">858.00dp</dimen>
    <dimen name="xxh_1717pixels">858.50dp</dimen>
    <dimen name="xxh_1718pixels">859.00dp</dimen>
    <dimen name="xxh_1719pixels">859.50dp</dimen>
    <dimen name="xxh_1720pixels">860.00dp</dimen>
    <dimen name="xxh_1721pixels">860.50dp</dimen>
    <dimen name="xxh_1722pixels">861.00dp</dimen>
    <dimen name="xxh_1723pixels">861.50dp</dimen>
    <dimen name="xxh_1724pixels">862.00dp</dimen>
    <dimen name="xxh_1725pixels">862.50dp</dimen>
    <dimen name="xxh_1726pixels">863.00dp</dimen>
    <dimen name="xxh_1727pixels">863.50dp</dimen>
    <dimen name="xxh_1728pixels">864.00dp</dimen>
    <dimen name="xxh_1729pixels">864.50dp</dimen>
    <dimen name="xxh_1730pixels">865.00dp</dimen>
    <dimen name="xxh_1731pixels">865.50dp</dimen>
    <dimen name="xxh_1732pixels">866.00dp</dimen>
    <dimen name="xxh_1733pixels">866.50dp</dimen>
    <dimen name="xxh_1734pixels">867.00dp</dimen>
    <dimen name="xxh_1735pixels">867.50dp</dimen>
    <dimen name="xxh_1736pixels">868.00dp</dimen>
    <dimen name="xxh_1737pixels">868.50dp</dimen>
    <dimen name="xxh_1738pixels">869.00dp</dimen>
    <dimen name="xxh_1739pixels">869.50dp</dimen>
    <dimen name="xxh_1740pixels">870.00dp</dimen>
    <dimen name="xxh_1741pixels">870.50dp</dimen>
    <dimen name="xxh_1742pixels">871.00dp</dimen>
    <dimen name="xxh_1743pixels">871.50dp</dimen>
    <dimen name="xxh_1744pixels">872.00dp</dimen>
    <dimen name="xxh_1745pixels">872.50dp</dimen>
    <dimen name="xxh_1746pixels">873.00dp</dimen>
    <dimen name="xxh_1747pixels">873.50dp</dimen>
    <dimen name="xxh_1748pixels">874.00dp</dimen>
    <dimen name="xxh_1749pixels">874.50dp</dimen>
    <dimen name="xxh_1750pixels">875.00dp</dimen>
    <dimen name="xxh_1751pixels">875.50dp</dimen>
    <dimen name="xxh_1752pixels">876.00dp</dimen>
    <dimen name="xxh_1753pixels">876.50dp</dimen>
    <dimen name="xxh_1754pixels">877.00dp</dimen>
    <dimen name="xxh_1755pixels">877.50dp</dimen>
    <dimen name="xxh_1756pixels">878.00dp</dimen>
    <dimen name="xxh_1757pixels">878.50dp</dimen>
    <dimen name="xxh_1758pixels">879.00dp</dimen>
    <dimen name="xxh_1759pixels">879.50dp</dimen>
    <dimen name="xxh_1760pixels">880.00dp</dimen>
    <dimen name="xxh_1761pixels">880.50dp</dimen>
    <dimen name="xxh_1762pixels">881.00dp</dimen>
    <dimen name="xxh_1763pixels">881.50dp</dimen>
    <dimen name="xxh_1764pixels">882.00dp</dimen>
    <dimen name="xxh_1765pixels">882.50dp</dimen>
    <dimen name="xxh_1766pixels">883.00dp</dimen>
    <dimen name="xxh_1767pixels">883.50dp</dimen>
    <dimen name="xxh_1768pixels">884.00dp</dimen>
    <dimen name="xxh_1769pixels">884.50dp</dimen>
    <dimen name="xxh_1770pixels">885.00dp</dimen>
    <dimen name="xxh_1771pixels">885.50dp</dimen>
    <dimen name="xxh_1772pixels">886.00dp</dimen>
    <dimen name="xxh_1773pixels">886.50dp</dimen>
    <dimen name="xxh_1774pixels">887.00dp</dimen>
    <dimen name="xxh_1775pixels">887.50dp</dimen>
    <dimen name="xxh_1776pixels">888.00dp</dimen>
    <dimen name="xxh_1777pixels">888.50dp</dimen>
    <dimen name="xxh_1778pixels">889.00dp</dimen>
    <dimen name="xxh_1779pixels">889.50dp</dimen>
    <dimen name="xxh_1780pixels">890.00dp</dimen>
    <dimen name="xxh_1781pixels">890.50dp</dimen>
    <dimen name="xxh_1782pixels">891.00dp</dimen>
    <dimen name="xxh_1783pixels">891.50dp</dimen>
    <dimen name="xxh_1784pixels">892.00dp</dimen>
    <dimen name="xxh_1785pixels">892.50dp</dimen>
    <dimen name="xxh_1786pixels">893.00dp</dimen>
    <dimen name="xxh_1787pixels">893.50dp</dimen>
    <dimen name="xxh_1788pixels">894.00dp</dimen>
    <dimen name="xxh_1789pixels">894.50dp</dimen>
    <dimen name="xxh_1790pixels">895.00dp</dimen>
    <dimen name="xxh_1791pixels">895.50dp</dimen>
    <dimen name="xxh_1792pixels">896.00dp</dimen>
    <dimen name="xxh_1793pixels">896.50dp</dimen>
    <dimen name="xxh_1794pixels">897.00dp</dimen>
    <dimen name="xxh_1795pixels">897.50dp</dimen>
    <dimen name="xxh_1796pixels">898.00dp</dimen>
    <dimen name="xxh_1797pixels">898.50dp</dimen>
    <dimen name="xxh_1798pixels">899.00dp</dimen>
    <dimen name="xxh_1799pixels">899.50dp</dimen>
    <dimen name="xxh_1800pixels">900.00dp</dimen>
    <dimen name="xxh_1801pixels">900.50dp</dimen>
    <dimen name="xxh_1802pixels">901.00dp</dimen>
    <dimen name="xxh_1803pixels">901.50dp</dimen>
    <dimen name="xxh_1804pixels">902.00dp</dimen>
    <dimen name="xxh_1805pixels">902.50dp</dimen>
    <dimen name="xxh_1806pixels">903.00dp</dimen>
    <dimen name="xxh_1807pixels">903.50dp</dimen>
    <dimen name="xxh_1808pixels">904.00dp</dimen>
    <dimen name="xxh_1809pixels">904.50dp</dimen>
    <dimen name="xxh_1810pixels">905.00dp</dimen>
    <dimen name="xxh_1811pixels">905.50dp</dimen>
    <dimen name="xxh_1812pixels">906.00dp</dimen>
    <dimen name="xxh_1813pixels">906.50dp</dimen>
    <dimen name="xxh_1814pixels">907.00dp</dimen>
    <dimen name="xxh_1815pixels">907.50dp</dimen>
    <dimen name="xxh_1816pixels">908.00dp</dimen>
    <dimen name="xxh_1817pixels">908.50dp</dimen>
    <dimen name="xxh_1818pixels">909.00dp</dimen>
    <dimen name="xxh_1819pixels">909.50dp</dimen>
    <dimen name="xxh_1820pixels">910.00dp</dimen>
    <dimen name="xxh_1821pixels">910.50dp</dimen>
    <dimen name="xxh_1822pixels">911.00dp</dimen>
    <dimen name="xxh_1823pixels">911.50dp</dimen>
    <dimen name="xxh_1824pixels">912.00dp</dimen>
    <dimen name="xxh_1825pixels">912.50dp</dimen>
    <dimen name="xxh_1826pixels">913.00dp</dimen>
    <dimen name="xxh_1827pixels">913.50dp</dimen>
    <dimen name="xxh_1828pixels">914.00dp</dimen>
    <dimen name="xxh_1829pixels">914.50dp</dimen>
    <dimen name="xxh_1830pixels">915.00dp</dimen>
    <dimen name="xxh_1831pixels">915.50dp</dimen>
    <dimen name="xxh_1832pixels">916.00dp</dimen>
    <dimen name="xxh_1833pixels">916.50dp</dimen>
    <dimen name="xxh_1834pixels">917.00dp</dimen>
    <dimen name="xxh_1835pixels">917.50dp</dimen>
    <dimen name="xxh_1836pixels">918.00dp</dimen>
    <dimen name="xxh_1837pixels">918.50dp</dimen>
    <dimen name="xxh_1838pixels">919.00dp</dimen>
    <dimen name="xxh_1839pixels">919.50dp</dimen>
    <dimen name="xxh_1840pixels">920.00dp</dimen>
    <dimen name="xxh_1841pixels">920.50dp</dimen>
    <dimen name="xxh_1842pixels">921.00dp</dimen>
    <dimen name="xxh_1843pixels">921.50dp</dimen>
    <dimen name="xxh_1844pixels">922.00dp</dimen>
    <dimen name="xxh_1845pixels">922.50dp</dimen>
    <dimen name="xxh_1846pixels">923.00dp</dimen>
    <dimen name="xxh_1847pixels">923.50dp</dimen>
    <dimen name="xxh_1848pixels">924.00dp</dimen>
    <dimen name="xxh_1849pixels">924.50dp</dimen>
    <dimen name="xxh_1850pixels">925.00dp</dimen>
    <dimen name="xxh_1851pixels">925.50dp</dimen>
    <dimen name="xxh_1852pixels">926.00dp</dimen>
    <dimen name="xxh_1853pixels">926.50dp</dimen>
    <dimen name="xxh_1854pixels">927.00dp</dimen>
    <dimen name="xxh_1855pixels">927.50dp</dimen>
    <dimen name="xxh_1856pixels">928.00dp</dimen>
    <dimen name="xxh_1857pixels">928.50dp</dimen>
    <dimen name="xxh_1858pixels">929.00dp</dimen>
    <dimen name="xxh_1859pixels">929.50dp</dimen>
    <dimen name="xxh_1860pixels">930.00dp</dimen>
    <dimen name="xxh_1861pixels">930.50dp</dimen>
    <dimen name="xxh_1862pixels">931.00dp</dimen>
    <dimen name="xxh_1863pixels">931.50dp</dimen>
    <dimen name="xxh_1864pixels">932.00dp</dimen>
    <dimen name="xxh_1865pixels">932.50dp</dimen>
    <dimen name="xxh_1866pixels">933.00dp</dimen>
    <dimen name="xxh_1867pixels">933.50dp</dimen>
    <dimen name="xxh_1868pixels">934.00dp</dimen>
    <dimen name="xxh_1869pixels">934.50dp</dimen>
    <dimen name="xxh_1870pixels">935.00dp</dimen>
    <dimen name="xxh_1871pixels">935.50dp</dimen>
    <dimen name="xxh_1872pixels">936.00dp</dimen>
    <dimen name="xxh_1873pixels">936.50dp</dimen>
    <dimen name="xxh_1874pixels">937.00dp</dimen>
    <dimen name="xxh_1875pixels">937.50dp</dimen>
    <dimen name="xxh_1876pixels">938.00dp</dimen>
    <dimen name="xxh_1877pixels">938.50dp</dimen>
    <dimen name="xxh_1878pixels">939.00dp</dimen>
    <dimen name="xxh_1879pixels">939.50dp</dimen>
    <dimen name="xxh_1880pixels">940.00dp</dimen>
    <dimen name="xxh_1881pixels">940.50dp</dimen>
    <dimen name="xxh_1882pixels">941.00dp</dimen>
    <dimen name="xxh_1883pixels">941.50dp</dimen>
    <dimen name="xxh_1884pixels">942.00dp</dimen>
    <dimen name="xxh_1885pixels">942.50dp</dimen>
    <dimen name="xxh_1886pixels">943.00dp</dimen>
    <dimen name="xxh_1887pixels">943.50dp</dimen>
    <dimen name="xxh_1888pixels">944.00dp</dimen>
    <dimen name="xxh_1889pixels">944.50dp</dimen>
    <dimen name="xxh_1890pixels">945.00dp</dimen>
    <dimen name="xxh_1891pixels">945.50dp</dimen>
    <dimen name="xxh_1892pixels">946.00dp</dimen>
    <dimen name="xxh_1893pixels">946.50dp</dimen>
    <dimen name="xxh_1894pixels">947.00dp</dimen>
    <dimen name="xxh_1895pixels">947.50dp</dimen>
    <dimen name="xxh_1896pixels">948.00dp</dimen>
    <dimen name="xxh_1897pixels">948.50dp</dimen>
    <dimen name="xxh_1898pixels">949.00dp</dimen>
    <dimen name="xxh_1899pixels">949.50dp</dimen>
    <dimen name="xxh_1900pixels">950.00dp</dimen>
    <dimen name="xxh_1901pixels">950.50dp</dimen>
    <dimen name="xxh_1902pixels">951.00dp</dimen>
    <dimen name="xxh_1903pixels">951.50dp</dimen>
    <dimen name="xxh_1904pixels">952.00dp</dimen>
    <dimen name="xxh_1905pixels">952.50dp</dimen>
    <dimen name="xxh_1906pixels">953.00dp</dimen>
    <dimen name="xxh_1907pixels">953.50dp</dimen>
    <dimen name="xxh_1908pixels">954.00dp</dimen>
    <dimen name="xxh_1909pixels">954.50dp</dimen>
    <dimen name="xxh_1910pixels">955.00dp</dimen>
    <dimen name="xxh_1911pixels">955.50dp</dimen>
    <dimen name="xxh_1912pixels">956.00dp</dimen>
    <dimen name="xxh_1913pixels">956.50dp</dimen>
    <dimen name="xxh_1914pixels">957.00dp</dimen>
    <dimen name="xxh_1915pixels">957.50dp</dimen>
    <dimen name="xxh_1916pixels">958.00dp</dimen>
    <dimen name="xxh_1917pixels">958.50dp</dimen>
    <dimen name="xxh_1918pixels">959.00dp</dimen>
    <dimen name="xxh_1919pixels">959.50dp</dimen>
    <dimen name="xxh_1920pixels">960.00dp</dimen>
    <dimen name="xxh_1921pixels">960.50dp</dimen>
    <dimen name="xxh_1922pixels">961.00dp</dimen>
    <dimen name="xxh_1923pixels">961.50dp</dimen>
    <dimen name="xxh_1924pixels">962.00dp</dimen>
    <dimen name="xxh_1925pixels">962.50dp</dimen>
    <dimen name="xxh_1926pixels">963.00dp</dimen>
    <dimen name="xxh_1927pixels">963.50dp</dimen>
    <dimen name="xxh_1928pixels">964.00dp</dimen>
    <dimen name="xxh_1929pixels">964.50dp</dimen>
    <dimen name="xxh_1930pixels">965.00dp</dimen>
    <dimen name="xxh_1931pixels">965.50dp</dimen>
    <dimen name="xxh_1932pixels">966.00dp</dimen>
    <dimen name="xxh_1933pixels">966.50dp</dimen>
    <dimen name="xxh_1934pixels">967.00dp</dimen>
    <dimen name="xxh_1935pixels">967.50dp</dimen>
    <dimen name="xxh_1936pixels">968.00dp</dimen>
    <dimen name="xxh_1937pixels">968.50dp</dimen>
    <dimen name="xxh_1938pixels">969.00dp</dimen>
    <dimen name="xxh_1939pixels">969.50dp</dimen>
    <dimen name="xxh_1940pixels">970.00dp</dimen>
    <dimen name="xxh_1941pixels">970.50dp</dimen>
    <dimen name="xxh_1942pixels">971.00dp</dimen>
    <dimen name="xxh_1943pixels">971.50dp</dimen>
    <dimen name="xxh_1944pixels">972.00dp</dimen>
    <dimen name="xxh_1945pixels">972.50dp</dimen>
    <dimen name="xxh_1946pixels">973.00dp</dimen>
    <dimen name="xxh_1947pixels">973.50dp</dimen>
    <dimen name="xxh_1948pixels">974.00dp</dimen>
    <dimen name="xxh_1949pixels">974.50dp</dimen>
    <dimen name="xxh_1950pixels">975.00dp</dimen>
    <dimen name="xxh_1951pixels">975.50dp</dimen>
    <dimen name="xxh_1952pixels">976.00dp</dimen>
    <dimen name="xxh_1953pixels">976.50dp</dimen>
    <dimen name="xxh_1954pixels">977.00dp</dimen>
    <dimen name="xxh_1955pixels">977.50dp</dimen>
    <dimen name="xxh_1956pixels">978.00dp</dimen>
    <dimen name="xxh_1957pixels">978.50dp</dimen>
    <dimen name="xxh_1958pixels">979.00dp</dimen>
    <dimen name="xxh_1959pixels">979.50dp</dimen>
    <dimen name="xxh_1960pixels">980.00dp</dimen>
    <dimen name="xxh_1961pixels">980.50dp</dimen>
    <dimen name="xxh_1962pixels">981.00dp</dimen>
    <dimen name="xxh_1963pixels">981.50dp</dimen>
    <dimen name="xxh_1964pixels">982.00dp</dimen>
    <dimen name="xxh_1965pixels">982.50dp</dimen>
    <dimen name="xxh_1966pixels">983.00dp</dimen>
    <dimen name="xxh_1967pixels">983.50dp</dimen>
    <dimen name="xxh_1968pixels">984.00dp</dimen>
    <dimen name="xxh_1969pixels">984.50dp</dimen>
    <dimen name="xxh_1970pixels">985.00dp</dimen>
    <dimen name="xxh_1971pixels">985.50dp</dimen>
    <dimen name="xxh_1972pixels">986.00dp</dimen>
    <dimen name="xxh_1973pixels">986.50dp</dimen>
    <dimen name="xxh_1974pixels">987.00dp</dimen>
    <dimen name="xxh_1975pixels">987.50dp</dimen>
    <dimen name="xxh_1976pixels">988.00dp</dimen>
    <dimen name="xxh_1977pixels">988.50dp</dimen>
    <dimen name="xxh_1978pixels">989.00dp</dimen>
    <dimen name="xxh_1979pixels">989.50dp</dimen>
    <dimen name="xxh_1980pixels">990.00dp</dimen>
    <dimen name="xxh_1981pixels">990.50dp</dimen>
    <dimen name="xxh_1982pixels">991.00dp</dimen>
    <dimen name="xxh_1983pixels">991.50dp</dimen>
    <dimen name="xxh_1984pixels">992.00dp</dimen>
    <dimen name="xxh_1985pixels">992.50dp</dimen>
    <dimen name="xxh_1986pixels">993.00dp</dimen>
    <dimen name="xxh_1987pixels">993.50dp</dimen>
    <dimen name="xxh_1988pixels">994.00dp</dimen>
    <dimen name="xxh_1989pixels">994.50dp</dimen>
    <dimen name="xxh_1990pixels">995.00dp</dimen>
    <dimen name="xxh_1991pixels">995.50dp</dimen>
    <dimen name="xxh_1992pixels">996.00dp</dimen>
    <dimen name="xxh_1993pixels">996.50dp</dimen>
    <dimen name="xxh_1994pixels">997.00dp</dimen>
    <dimen name="xxh_1995pixels">997.50dp</dimen>
    <dimen name="xxh_1996pixels">998.00dp</dimen>
    <dimen name="xxh_1997pixels">998.50dp</dimen>
    <dimen name="xxh_1998pixels">999.00dp</dimen>
    <dimen name="xxh_1999pixels">999.50dp</dimen>
    <dimen name="xxh_2000pixels">1000.00dp</dimen>

</resources>