<?xml version="1.0" encoding="utf-8"?>
<resources>
    <dimen name="xxh_m130pixels">-54.17dp</dimen>
    <dimen name="xxh_m48pixels">-20dp</dimen>
    <dimen name="xxh_m42pixels">-17.50dp</dimen>
    <dimen name="xxh_m30pixels">-12.50dp</dimen>
    <dimen name="xxh_m26pixels">-10.83dp</dimen>
    <dimen name="xxh_m25pixels">-10.42dp</dimen>
    <dimen name="xxh_m24pixels">-10.00dp</dimen>
    <dimen name="xxh_m23pixels">-9.58dp</dimen>
    <dimen name="xxh_m21pixels">-8.75dp</dimen>
    <dimen name="xxh_m20pixels">-8.33dp</dimen>
    <dimen name="xxh_m18pixels">-7.50dp</dimen>
    <dimen name="xxh_m16pixels">-6.67dp</dimen>
    <dimen name="xxh_m14pixels">-5.83dp</dimen>
    <dimen name="xxh_m10pixels">-4.17dp</dimen>
    <dimen name="xxh_m8pixels">-3.33dp</dimen>
    <dimen name="xxh_m5pixels">-2.08dp</dimen>
    <dimen name="xxh_m1pixels">-0.42dp</dimen>

    <dimen name="xxh_1pixels">0.42dp</dimen>
    <dimen name="xxh_2pixels">0.83dp</dimen>
    <dimen name="xxh_3pixels">1.25dp</dimen>
    <dimen name="xxh_4pixels">1.67dp</dimen>
    <dimen name="xxh_5pixels">2.08dp</dimen>
    <dimen name="xxh_6pixels">2.50dp</dimen>
    <dimen name="xxh_7pixels">2.92dp</dimen>
    <dimen name="xxh_8pixels">3.33dp</dimen>
    <dimen name="xxh_9pixels">3.75dp</dimen>
    <dimen name="xxh_10pixels">4.17dp</dimen>
    <dimen name="xxh_11pixels">4.58dp</dimen>
    <dimen name="xxh_12pixels">5.00dp</dimen>
    <dimen name="xxh_13pixels">5.42dp</dimen>
    <dimen name="xxh_14pixels">5.83dp</dimen>
    <dimen name="xxh_15pixels">6.25dp</dimen>
    <dimen name="xxh_16pixels">6.67dp</dimen>
    <dimen name="xxh_17pixels">7.08dp</dimen>
    <dimen name="xxh_18pixels">7.50dp</dimen>
    <dimen name="xxh_19pixels">7.92dp</dimen>
    <dimen name="xxh_20pixels">8.33dp</dimen>
    <dimen name="xxh_21pixels">8.75dp</dimen>
    <dimen name="xxh_22pixels">9.17dp</dimen>
    <dimen name="xxh_23pixels">9.58dp</dimen>
    <dimen name="xxh_24pixels">10.00dp</dimen>
    <dimen name="xxh_25pixels">10.42dp</dimen>
    <dimen name="xxh_26pixels">10.83dp</dimen>
    <dimen name="xxh_27pixels">11.25dp</dimen>
    <dimen name="xxh_28pixels">11.67dp</dimen>
    <dimen name="xxh_29pixels">12.08dp</dimen>
    <dimen name="xxh_30pixels">12.50dp</dimen>
    <dimen name="xxh_31pixels">12.92dp</dimen>
    <dimen name="xxh_32pixels">13.33dp</dimen>
    <dimen name="xxh_33pixels">13.75dp</dimen>
    <dimen name="xxh_34pixels">14.17dp</dimen>
    <dimen name="xxh_35pixels">14.58dp</dimen>
    <dimen name="xxh_36pixels">15.00dp</dimen>
    <dimen name="xxh_37pixels">15.42dp</dimen>
    <dimen name="xxh_38pixels">15.83dp</dimen>
    <dimen name="xxh_39pixels">16.25dp</dimen>
    <dimen name="xxh_40pixels">16.67dp</dimen>
    <dimen name="xxh_41pixels">17.08dp</dimen>
    <dimen name="xxh_42pixels">17.50dp</dimen>
    <dimen name="xxh_43pixels">17.92dp</dimen>
    <dimen name="xxh_44pixels">18.33dp</dimen>
    <dimen name="xxh_45pixels">18.75dp</dimen>
    <dimen name="xxh_46pixels">19.17dp</dimen>
    <dimen name="xxh_47pixels">19.58dp</dimen>
    <dimen name="xxh_48pixels">20.00dp</dimen>
    <dimen name="xxh_49pixels">20.42dp</dimen>
    <dimen name="xxh_50pixels">20.83dp</dimen>
    <dimen name="xxh_51pixels">21.25dp</dimen>
    <dimen name="xxh_52pixels">21.67dp</dimen>
    <dimen name="xxh_53pixels">22.08dp</dimen>
    <dimen name="xxh_54pixels">22.50dp</dimen>
    <dimen name="xxh_55pixels">22.92dp</dimen>
    <dimen name="xxh_56pixels">23.33dp</dimen>
    <dimen name="xxh_57pixels">23.75dp</dimen>
    <dimen name="xxh_58pixels">24.17dp</dimen>
    <dimen name="xxh_59pixels">24.58dp</dimen>
    <dimen name="xxh_60pixels">25.00dp</dimen>
    <dimen name="xxh_61pixels">25.42dp</dimen>
    <dimen name="xxh_62pixels">25.83dp</dimen>
    <dimen name="xxh_63pixels">26.25dp</dimen>
    <dimen name="xxh_64pixels">26.67dp</dimen>
    <dimen name="xxh_65pixels">27.08dp</dimen>
    <dimen name="xxh_66pixels">27.50dp</dimen>
    <dimen name="xxh_67pixels">27.92dp</dimen>
    <dimen name="xxh_68pixels">28.33dp</dimen>
    <dimen name="xxh_69pixels">28.75dp</dimen>
    <dimen name="xxh_70pixels">29.17dp</dimen>
    <dimen name="xxh_71pixels">29.58dp</dimen>
    <dimen name="xxh_72pixels">30.00dp</dimen>
    <dimen name="xxh_73pixels">30.42dp</dimen>
    <dimen name="xxh_74pixels">30.83dp</dimen>
    <dimen name="xxh_75pixels">31.25dp</dimen>
    <dimen name="xxh_76pixels">31.67dp</dimen>
    <dimen name="xxh_77pixels">32.08dp</dimen>
    <dimen name="xxh_78pixels">32.50dp</dimen>
    <dimen name="xxh_79pixels">32.92dp</dimen>
    <dimen name="xxh_80pixels">33.33dp</dimen>
    <dimen name="xxh_81pixels">33.75dp</dimen>
    <dimen name="xxh_82pixels">34.17dp</dimen>
    <dimen name="xxh_83pixels">34.58dp</dimen>
    <dimen name="xxh_84pixels">35.00dp</dimen>
    <dimen name="xxh_85pixels">35.42dp</dimen>
    <dimen name="xxh_86pixels">35.83dp</dimen>
    <dimen name="xxh_87pixels">36.25dp</dimen>
    <dimen name="xxh_88pixels">36.67dp</dimen>
    <dimen name="xxh_89pixels">37.08dp</dimen>
    <dimen name="xxh_90pixels">37.50dp</dimen>
    <dimen name="xxh_91pixels">37.92dp</dimen>
    <dimen name="xxh_92pixels">38.33dp</dimen>
    <dimen name="xxh_93pixels">38.75dp</dimen>
    <dimen name="xxh_94pixels">39.17dp</dimen>
    <dimen name="xxh_95pixels">39.58dp</dimen>
    <dimen name="xxh_96pixels">40.00dp</dimen>
    <dimen name="xxh_97pixels">40.42dp</dimen>
    <dimen name="xxh_98pixels">40.83dp</dimen>
    <dimen name="xxh_99pixels">41.25dp</dimen>
    <dimen name="xxh_100pixels">41.67dp</dimen>
    <dimen name="xxh_101pixels">42.08dp</dimen>
    <dimen name="xxh_102pixels">42.50dp</dimen>
    <dimen name="xxh_103pixels">42.92dp</dimen>
    <dimen name="xxh_104pixels">43.33dp</dimen>
    <dimen name="xxh_105pixels">43.75dp</dimen>
    <dimen name="xxh_106pixels">44.17dp</dimen>
    <dimen name="xxh_107pixels">44.58dp</dimen>
    <dimen name="xxh_108pixels">45.00dp</dimen>
    <dimen name="xxh_109pixels">45.42dp</dimen>
    <dimen name="xxh_110pixels">45.83dp</dimen>
    <dimen name="xxh_111pixels">46.25dp</dimen>
    <dimen name="xxh_112pixels">46.67dp</dimen>
    <dimen name="xxh_113pixels">47.08dp</dimen>
    <dimen name="xxh_114pixels">47.50dp</dimen>
    <dimen name="xxh_115pixels">47.92dp</dimen>
    <dimen name="xxh_116pixels">48.33dp</dimen>
    <dimen name="xxh_117pixels">48.75dp</dimen>
    <dimen name="xxh_118pixels">49.17dp</dimen>
    <dimen name="xxh_119pixels">49.58dp</dimen>
    <dimen name="xxh_120pixels">50.00dp</dimen>
    <dimen name="xxh_121pixels">50.42dp</dimen>
    <dimen name="xxh_122pixels">50.83dp</dimen>
    <dimen name="xxh_123pixels">51.25dp</dimen>
    <dimen name="xxh_124pixels">51.67dp</dimen>
    <dimen name="xxh_125pixels">52.08dp</dimen>
    <dimen name="xxh_126pixels">52.50dp</dimen>
    <dimen name="xxh_127pixels">52.92dp</dimen>
    <dimen name="xxh_128pixels">53.33dp</dimen>
    <dimen name="xxh_129pixels">53.75dp</dimen>
    <dimen name="xxh_130pixels">54.17dp</dimen>
    <dimen name="xxh_131pixels">54.58dp</dimen>
    <dimen name="xxh_132pixels">55.00dp</dimen>
    <dimen name="xxh_133pixels">55.42dp</dimen>
    <dimen name="xxh_134pixels">55.83dp</dimen>
    <dimen name="xxh_135pixels">56.25dp</dimen>
    <dimen name="xxh_136pixels">56.67dp</dimen>
    <dimen name="xxh_137pixels">57.08dp</dimen>
    <dimen name="xxh_138pixels">57.50dp</dimen>
    <dimen name="xxh_139pixels">57.92dp</dimen>
    <dimen name="xxh_140pixels">58.33dp</dimen>
    <dimen name="xxh_141pixels">58.75dp</dimen>
    <dimen name="xxh_142pixels">59.17dp</dimen>
    <dimen name="xxh_143pixels">59.58dp</dimen>
    <dimen name="xxh_144pixels">60.00dp</dimen>
    <dimen name="xxh_145pixels">60.42dp</dimen>
    <dimen name="xxh_146pixels">60.83dp</dimen>
    <dimen name="xxh_147pixels">61.25dp</dimen>
    <dimen name="xxh_148pixels">61.67dp</dimen>
    <dimen name="xxh_149pixels">62.08dp</dimen>
    <dimen name="xxh_150pixels">62.50dp</dimen>
    <dimen name="xxh_151pixels">62.92dp</dimen>
    <dimen name="xxh_152pixels">63.33dp</dimen>
    <dimen name="xxh_153pixels">63.75dp</dimen>
    <dimen name="xxh_154pixels">64.17dp</dimen>
    <dimen name="xxh_155pixels">64.58dp</dimen>
    <dimen name="xxh_156pixels">65.00dp</dimen>
    <dimen name="xxh_157pixels">65.42dp</dimen>
    <dimen name="xxh_158pixels">65.83dp</dimen>
    <dimen name="xxh_159pixels">66.25dp</dimen>
    <dimen name="xxh_160pixels">66.67dp</dimen>
    <dimen name="xxh_161pixels">67.08dp</dimen>
    <dimen name="xxh_162pixels">67.50dp</dimen>
    <dimen name="xxh_163pixels">67.92dp</dimen>
    <dimen name="xxh_164pixels">68.33dp</dimen>
    <dimen name="xxh_165pixels">68.75dp</dimen>
    <dimen name="xxh_166pixels">69.17dp</dimen>
    <dimen name="xxh_167pixels">69.58dp</dimen>
    <dimen name="xxh_168pixels">70.00dp</dimen>
    <dimen name="xxh_169pixels">70.42dp</dimen>
    <dimen name="xxh_170pixels">70.83dp</dimen>
    <dimen name="xxh_171pixels">71.25dp</dimen>
    <dimen name="xxh_172pixels">71.67dp</dimen>
    <dimen name="xxh_173pixels">72.08dp</dimen>
    <dimen name="xxh_174pixels">72.50dp</dimen>
    <dimen name="xxh_175pixels">72.92dp</dimen>
    <dimen name="xxh_176pixels">73.33dp</dimen>
    <dimen name="xxh_177pixels">73.75dp</dimen>
    <dimen name="xxh_178pixels">74.17dp</dimen>
    <dimen name="xxh_179pixels">74.58dp</dimen>
    <dimen name="xxh_180pixels">75.00dp</dimen>
    <dimen name="xxh_181pixels">75.42dp</dimen>
    <dimen name="xxh_182pixels">75.83dp</dimen>
    <dimen name="xxh_183pixels">76.25dp</dimen>
    <dimen name="xxh_184pixels">76.67dp</dimen>
    <dimen name="xxh_185pixels">77.08dp</dimen>
    <dimen name="xxh_186pixels">77.50dp</dimen>
    <dimen name="xxh_187pixels">77.92dp</dimen>
    <dimen name="xxh_188pixels">78.33dp</dimen>
    <dimen name="xxh_189pixels">78.75dp</dimen>
    <dimen name="xxh_190pixels">79.17dp</dimen>
    <dimen name="xxh_191pixels">79.58dp</dimen>
    <dimen name="xxh_192pixels">80.00dp</dimen>
    <dimen name="xxh_193pixels">80.42dp</dimen>
    <dimen name="xxh_194pixels">80.83dp</dimen>
    <dimen name="xxh_195pixels">81.25dp</dimen>
    <dimen name="xxh_196pixels">81.67dp</dimen>
    <dimen name="xxh_197pixels">82.08dp</dimen>
    <dimen name="xxh_198pixels">82.50dp</dimen>
    <dimen name="xxh_199pixels">82.92dp</dimen>
    <dimen name="xxh_200pixels">83.33dp</dimen>
    <dimen name="xxh_201pixels">83.75dp</dimen>
    <dimen name="xxh_202pixels">84.17dp</dimen>
    <dimen name="xxh_203pixels">84.58dp</dimen>
    <dimen name="xxh_204pixels">85.00dp</dimen>
    <dimen name="xxh_205pixels">85.42dp</dimen>
    <dimen name="xxh_206pixels">85.83dp</dimen>
    <dimen name="xxh_207pixels">86.25dp</dimen>
    <dimen name="xxh_208pixels">86.67dp</dimen>
    <dimen name="xxh_209pixels">87.08dp</dimen>
    <dimen name="xxh_210pixels">87.50dp</dimen>
    <dimen name="xxh_211pixels">87.92dp</dimen>
    <dimen name="xxh_212pixels">88.33dp</dimen>
    <dimen name="xxh_213pixels">88.75dp</dimen>
    <dimen name="xxh_214pixels">89.17dp</dimen>
    <dimen name="xxh_215pixels">89.58dp</dimen>
    <dimen name="xxh_216pixels">90.00dp</dimen>
    <dimen name="xxh_217pixels">90.42dp</dimen>
    <dimen name="xxh_218pixels">90.83dp</dimen>
    <dimen name="xxh_219pixels">91.25dp</dimen>
    <dimen name="xxh_220pixels">91.67dp</dimen>
    <dimen name="xxh_221pixels">92.08dp</dimen>
    <dimen name="xxh_222pixels">92.50dp</dimen>
    <dimen name="xxh_223pixels">92.92dp</dimen>
    <dimen name="xxh_224pixels">93.33dp</dimen>
    <dimen name="xxh_225pixels">93.75dp</dimen>
    <dimen name="xxh_226pixels">94.17dp</dimen>
    <dimen name="xxh_227pixels">94.58dp</dimen>
    <dimen name="xxh_228pixels">95.00dp</dimen>
    <dimen name="xxh_229pixels">95.42dp</dimen>
    <dimen name="xxh_230pixels">95.83dp</dimen>
    <dimen name="xxh_231pixels">96.25dp</dimen>
    <dimen name="xxh_232pixels">96.67dp</dimen>
    <dimen name="xxh_233pixels">97.08dp</dimen>
    <dimen name="xxh_234pixels">97.50dp</dimen>
    <dimen name="xxh_235pixels">97.92dp</dimen>
    <dimen name="xxh_236pixels">98.33dp</dimen>
    <dimen name="xxh_237pixels">98.75dp</dimen>
    <dimen name="xxh_238pixels">99.17dp</dimen>
    <dimen name="xxh_239pixels">99.58dp</dimen>
    <dimen name="xxh_240pixels">100.00dp</dimen>
    <dimen name="xxh_241pixels">100.42dp</dimen>
    <dimen name="xxh_242pixels">100.83dp</dimen>
    <dimen name="xxh_243pixels">101.25dp</dimen>
    <dimen name="xxh_244pixels">101.67dp</dimen>
    <dimen name="xxh_245pixels">102.08dp</dimen>
    <dimen name="xxh_246pixels">102.50dp</dimen>
    <dimen name="xxh_247pixels">102.92dp</dimen>
    <dimen name="xxh_248pixels">103.33dp</dimen>
    <dimen name="xxh_249pixels">103.75dp</dimen>
    <dimen name="xxh_250pixels">104.17dp</dimen>
    <dimen name="xxh_251pixels">104.58dp</dimen>
    <dimen name="xxh_252pixels">105.00dp</dimen>
    <dimen name="xxh_253pixels">105.42dp</dimen>
    <dimen name="xxh_254pixels">105.83dp</dimen>
    <dimen name="xxh_255pixels">106.25dp</dimen>
    <dimen name="xxh_256pixels">106.67dp</dimen>
    <dimen name="xxh_257pixels">107.08dp</dimen>
    <dimen name="xxh_258pixels">107.50dp</dimen>
    <dimen name="xxh_259pixels">107.92dp</dimen>
    <dimen name="xxh_260pixels">108.33dp</dimen>
    <dimen name="xxh_261pixels">108.75dp</dimen>
    <dimen name="xxh_262pixels">109.17dp</dimen>
    <dimen name="xxh_263pixels">109.58dp</dimen>
    <dimen name="xxh_264pixels">110.00dp</dimen>
    <dimen name="xxh_265pixels">110.42dp</dimen>
    <dimen name="xxh_266pixels">110.83dp</dimen>
    <dimen name="xxh_267pixels">111.25dp</dimen>
    <dimen name="xxh_268pixels">111.67dp</dimen>
    <dimen name="xxh_269pixels">112.08dp</dimen>
    <dimen name="xxh_270pixels">112.50dp</dimen>
    <dimen name="xxh_271pixels">112.92dp</dimen>
    <dimen name="xxh_272pixels">113.33dp</dimen>
    <dimen name="xxh_273pixels">113.75dp</dimen>
    <dimen name="xxh_274pixels">114.17dp</dimen>
    <dimen name="xxh_275pixels">114.58dp</dimen>
    <dimen name="xxh_276pixels">115.00dp</dimen>
    <dimen name="xxh_277pixels">115.42dp</dimen>
    <dimen name="xxh_278pixels">115.83dp</dimen>
    <dimen name="xxh_279pixels">116.25dp</dimen>
    <dimen name="xxh_280pixels">116.67dp</dimen>
    <dimen name="xxh_281pixels">117.08dp</dimen>
    <dimen name="xxh_282pixels">117.50dp</dimen>
    <dimen name="xxh_283pixels">117.92dp</dimen>
    <dimen name="xxh_284pixels">118.33dp</dimen>
    <dimen name="xxh_285pixels">118.75dp</dimen>
    <dimen name="xxh_286pixels">119.17dp</dimen>
    <dimen name="xxh_287pixels">119.58dp</dimen>
    <dimen name="xxh_288pixels">120.00dp</dimen>
    <dimen name="xxh_289pixels">120.42dp</dimen>
    <dimen name="xxh_290pixels">120.83dp</dimen>
    <dimen name="xxh_291pixels">121.25dp</dimen>
    <dimen name="xxh_292pixels">121.67dp</dimen>
    <dimen name="xxh_293pixels">122.08dp</dimen>
    <dimen name="xxh_294pixels">122.50dp</dimen>
    <dimen name="xxh_295pixels">122.92dp</dimen>
    <dimen name="xxh_296pixels">123.33dp</dimen>
    <dimen name="xxh_297pixels">123.75dp</dimen>
    <dimen name="xxh_298pixels">124.17dp</dimen>
    <dimen name="xxh_299pixels">124.58dp</dimen>
    <dimen name="xxh_300pixels">125.00dp</dimen>
    <dimen name="xxh_301pixels">125.42dp</dimen>
    <dimen name="xxh_302pixels">125.83dp</dimen>
    <dimen name="xxh_303pixels">126.25dp</dimen>
    <dimen name="xxh_304pixels">126.67dp</dimen>
    <dimen name="xxh_305pixels">127.08dp</dimen>
    <dimen name="xxh_306pixels">127.50dp</dimen>
    <dimen name="xxh_307pixels">127.92dp</dimen>
    <dimen name="xxh_308pixels">128.33dp</dimen>
    <dimen name="xxh_309pixels">128.75dp</dimen>
    <dimen name="xxh_310pixels">129.17dp</dimen>
    <dimen name="xxh_311pixels">129.58dp</dimen>
    <dimen name="xxh_312pixels">130.00dp</dimen>
    <dimen name="xxh_313pixels">130.42dp</dimen>
    <dimen name="xxh_314pixels">130.83dp</dimen>
    <dimen name="xxh_315pixels">131.25dp</dimen>
    <dimen name="xxh_316pixels">131.67dp</dimen>
    <dimen name="xxh_317pixels">132.08dp</dimen>
    <dimen name="xxh_318pixels">132.50dp</dimen>
    <dimen name="xxh_319pixels">132.92dp</dimen>
    <dimen name="xxh_320pixels">133.33dp</dimen>
    <dimen name="xxh_321pixels">133.75dp</dimen>
    <dimen name="xxh_322pixels">134.17dp</dimen>
    <dimen name="xxh_323pixels">134.58dp</dimen>
    <dimen name="xxh_324pixels">135.00dp</dimen>
    <dimen name="xxh_325pixels">135.42dp</dimen>
    <dimen name="xxh_326pixels">135.83dp</dimen>
    <dimen name="xxh_327pixels">136.25dp</dimen>
    <dimen name="xxh_328pixels">136.67dp</dimen>
    <dimen name="xxh_329pixels">137.08dp</dimen>
    <dimen name="xxh_330pixels">137.50dp</dimen>
    <dimen name="xxh_331pixels">137.92dp</dimen>
    <dimen name="xxh_332pixels">138.33dp</dimen>
    <dimen name="xxh_333pixels">138.75dp</dimen>
    <dimen name="xxh_334pixels">139.17dp</dimen>
    <dimen name="xxh_335pixels">139.58dp</dimen>
    <dimen name="xxh_336pixels">140.00dp</dimen>
    <dimen name="xxh_337pixels">140.42dp</dimen>
    <dimen name="xxh_338pixels">140.83dp</dimen>
    <dimen name="xxh_339pixels">141.25dp</dimen>
    <dimen name="xxh_340pixels">141.67dp</dimen>
    <dimen name="xxh_341pixels">142.08dp</dimen>
    <dimen name="xxh_342pixels">142.50dp</dimen>
    <dimen name="xxh_343pixels">142.92dp</dimen>
    <dimen name="xxh_344pixels">143.33dp</dimen>
    <dimen name="xxh_345pixels">143.75dp</dimen>
    <dimen name="xxh_346pixels">144.17dp</dimen>
    <dimen name="xxh_347pixels">144.58dp</dimen>
    <dimen name="xxh_348pixels">145.00dp</dimen>
    <dimen name="xxh_349pixels">145.42dp</dimen>
    <dimen name="xxh_350pixels">145.83dp</dimen>
    <dimen name="xxh_351pixels">146.25dp</dimen>
    <dimen name="xxh_352pixels">146.67dp</dimen>
    <dimen name="xxh_353pixels">147.08dp</dimen>
    <dimen name="xxh_354pixels">147.50dp</dimen>
    <dimen name="xxh_355pixels">147.92dp</dimen>
    <dimen name="xxh_356pixels">148.33dp</dimen>
    <dimen name="xxh_357pixels">148.75dp</dimen>
    <dimen name="xxh_358pixels">149.17dp</dimen>
    <dimen name="xxh_359pixels">149.58dp</dimen>
    <dimen name="xxh_360pixels">150.00dp</dimen>
    <dimen name="xxh_361pixels">150.42dp</dimen>
    <dimen name="xxh_362pixels">150.83dp</dimen>
    <dimen name="xxh_363pixels">151.25dp</dimen>
    <dimen name="xxh_364pixels">151.67dp</dimen>
    <dimen name="xxh_365pixels">152.08dp</dimen>
    <dimen name="xxh_366pixels">152.50dp</dimen>
    <dimen name="xxh_367pixels">152.92dp</dimen>
    <dimen name="xxh_368pixels">153.33dp</dimen>
    <dimen name="xxh_369pixels">153.75dp</dimen>
    <dimen name="xxh_370pixels">154.17dp</dimen>
    <dimen name="xxh_371pixels">154.58dp</dimen>
    <dimen name="xxh_372pixels">155.00dp</dimen>
    <dimen name="xxh_373pixels">155.42dp</dimen>
    <dimen name="xxh_374pixels">155.83dp</dimen>
    <dimen name="xxh_375pixels">156.25dp</dimen>
    <dimen name="xxh_376pixels">156.67dp</dimen>
    <dimen name="xxh_377pixels">157.08dp</dimen>
    <dimen name="xxh_378pixels">157.50dp</dimen>
    <dimen name="xxh_379pixels">157.92dp</dimen>
    <dimen name="xxh_380pixels">158.33dp</dimen>
    <dimen name="xxh_381pixels">158.75dp</dimen>
    <dimen name="xxh_382pixels">159.17dp</dimen>
    <dimen name="xxh_383pixels">159.58dp</dimen>
    <dimen name="xxh_384pixels">160.00dp</dimen>
    <dimen name="xxh_385pixels">160.42dp</dimen>
    <dimen name="xxh_386pixels">160.83dp</dimen>
    <dimen name="xxh_387pixels">161.25dp</dimen>
    <dimen name="xxh_388pixels">161.67dp</dimen>
    <dimen name="xxh_389pixels">162.08dp</dimen>
    <dimen name="xxh_390pixels">162.50dp</dimen>
    <dimen name="xxh_391pixels">162.92dp</dimen>
    <dimen name="xxh_392pixels">163.33dp</dimen>
    <dimen name="xxh_393pixels">163.75dp</dimen>
    <dimen name="xxh_394pixels">164.17dp</dimen>
    <dimen name="xxh_395pixels">164.58dp</dimen>
    <dimen name="xxh_396pixels">165.00dp</dimen>
    <dimen name="xxh_397pixels">165.42dp</dimen>
    <dimen name="xxh_398pixels">165.83dp</dimen>
    <dimen name="xxh_399pixels">166.25dp</dimen>
    <dimen name="xxh_400pixels">166.67dp</dimen>
    <dimen name="xxh_401pixels">167.08dp</dimen>
    <dimen name="xxh_402pixels">167.50dp</dimen>
    <dimen name="xxh_403pixels">167.92dp</dimen>
    <dimen name="xxh_404pixels">168.33dp</dimen>
    <dimen name="xxh_405pixels">168.75dp</dimen>
    <dimen name="xxh_406pixels">169.17dp</dimen>
    <dimen name="xxh_407pixels">169.58dp</dimen>
    <dimen name="xxh_408pixels">170.00dp</dimen>
    <dimen name="xxh_409pixels">170.42dp</dimen>
    <dimen name="xxh_410pixels">170.83dp</dimen>
    <dimen name="xxh_411pixels">171.25dp</dimen>
    <dimen name="xxh_412pixels">171.67dp</dimen>
    <dimen name="xxh_413pixels">172.08dp</dimen>
    <dimen name="xxh_414pixels">172.50dp</dimen>
    <dimen name="xxh_415pixels">172.92dp</dimen>
    <dimen name="xxh_416pixels">173.33dp</dimen>
    <dimen name="xxh_417pixels">173.75dp</dimen>
    <dimen name="xxh_418pixels">174.17dp</dimen>
    <dimen name="xxh_419pixels">174.58dp</dimen>
    <dimen name="xxh_420pixels">175.00dp</dimen>
    <dimen name="xxh_421pixels">175.42dp</dimen>
    <dimen name="xxh_422pixels">175.83dp</dimen>
    <dimen name="xxh_423pixels">176.25dp</dimen>
    <dimen name="xxh_424pixels">176.67dp</dimen>
    <dimen name="xxh_425pixels">177.08dp</dimen>
    <dimen name="xxh_426pixels">177.50dp</dimen>
    <dimen name="xxh_427pixels">177.92dp</dimen>
    <dimen name="xxh_428pixels">178.33dp</dimen>
    <dimen name="xxh_429pixels">178.75dp</dimen>
    <dimen name="xxh_430pixels">179.17dp</dimen>
    <dimen name="xxh_431pixels">179.58dp</dimen>
    <dimen name="xxh_432pixels">180.00dp</dimen>
    <dimen name="xxh_433pixels">180.42dp</dimen>
    <dimen name="xxh_434pixels">180.83dp</dimen>
    <dimen name="xxh_435pixels">181.25dp</dimen>
    <dimen name="xxh_436pixels">181.67dp</dimen>
    <dimen name="xxh_437pixels">182.08dp</dimen>
    <dimen name="xxh_438pixels">182.50dp</dimen>
    <dimen name="xxh_439pixels">182.92dp</dimen>
    <dimen name="xxh_440pixels">183.33dp</dimen>
    <dimen name="xxh_441pixels">183.75dp</dimen>
    <dimen name="xxh_442pixels">184.17dp</dimen>
    <dimen name="xxh_443pixels">184.58dp</dimen>
    <dimen name="xxh_444pixels">185.00dp</dimen>
    <dimen name="xxh_445pixels">185.42dp</dimen>
    <dimen name="xxh_446pixels">185.83dp</dimen>
    <dimen name="xxh_447pixels">186.25dp</dimen>
    <dimen name="xxh_448pixels">186.67dp</dimen>
    <dimen name="xxh_449pixels">187.08dp</dimen>
    <dimen name="xxh_450pixels">187.50dp</dimen>
    <dimen name="xxh_451pixels">187.92dp</dimen>
    <dimen name="xxh_452pixels">188.33dp</dimen>
    <dimen name="xxh_453pixels">188.75dp</dimen>
    <dimen name="xxh_454pixels">189.17dp</dimen>
    <dimen name="xxh_455pixels">189.58dp</dimen>
    <dimen name="xxh_456pixels">190.00dp</dimen>
    <dimen name="xxh_457pixels">190.42dp</dimen>
    <dimen name="xxh_458pixels">190.83dp</dimen>
    <dimen name="xxh_459pixels">191.25dp</dimen>
    <dimen name="xxh_460pixels">191.67dp</dimen>
    <dimen name="xxh_461pixels">192.08dp</dimen>
    <dimen name="xxh_462pixels">192.50dp</dimen>
    <dimen name="xxh_463pixels">192.92dp</dimen>
    <dimen name="xxh_464pixels">193.33dp</dimen>
    <dimen name="xxh_465pixels">193.75dp</dimen>
    <dimen name="xxh_466pixels">194.17dp</dimen>
    <dimen name="xxh_467pixels">194.58dp</dimen>
    <dimen name="xxh_468pixels">195.00dp</dimen>
    <dimen name="xxh_469pixels">195.42dp</dimen>
    <dimen name="xxh_470pixels">195.83dp</dimen>
    <dimen name="xxh_471pixels">196.25dp</dimen>
    <dimen name="xxh_472pixels">196.67dp</dimen>
    <dimen name="xxh_473pixels">197.08dp</dimen>
    <dimen name="xxh_474pixels">197.50dp</dimen>
    <dimen name="xxh_475pixels">197.92dp</dimen>
    <dimen name="xxh_476pixels">198.33dp</dimen>
    <dimen name="xxh_477pixels">198.75dp</dimen>
    <dimen name="xxh_478pixels">199.17dp</dimen>
    <dimen name="xxh_479pixels">199.58dp</dimen>
    <dimen name="xxh_480pixels">200.00dp</dimen>
    <dimen name="xxh_481pixels">200.42dp</dimen>
    <dimen name="xxh_482pixels">200.83dp</dimen>
    <dimen name="xxh_483pixels">201.25dp</dimen>
    <dimen name="xxh_484pixels">201.67dp</dimen>
    <dimen name="xxh_485pixels">202.08dp</dimen>
    <dimen name="xxh_486pixels">202.50dp</dimen>
    <dimen name="xxh_487pixels">202.92dp</dimen>
    <dimen name="xxh_488pixels">203.33dp</dimen>
    <dimen name="xxh_489pixels">203.75dp</dimen>
    <dimen name="xxh_490pixels">204.17dp</dimen>
    <dimen name="xxh_491pixels">204.58dp</dimen>
    <dimen name="xxh_492pixels">205.00dp</dimen>
    <dimen name="xxh_493pixels">205.42dp</dimen>
    <dimen name="xxh_494pixels">205.83dp</dimen>
    <dimen name="xxh_495pixels">206.25dp</dimen>
    <dimen name="xxh_496pixels">206.67dp</dimen>
    <dimen name="xxh_497pixels">207.08dp</dimen>
    <dimen name="xxh_498pixels">207.50dp</dimen>
    <dimen name="xxh_499pixels">207.92dp</dimen>
    <dimen name="xxh_500pixels">208.33dp</dimen>
    <dimen name="xxh_501pixels">208.75dp</dimen>
    <dimen name="xxh_502pixels">209.17dp</dimen>
    <dimen name="xxh_503pixels">209.58dp</dimen>
    <dimen name="xxh_504pixels">210.00dp</dimen>
    <dimen name="xxh_505pixels">210.42dp</dimen>
    <dimen name="xxh_506pixels">210.83dp</dimen>
    <dimen name="xxh_507pixels">211.25dp</dimen>
    <dimen name="xxh_508pixels">211.67dp</dimen>
    <dimen name="xxh_509pixels">212.08dp</dimen>
    <dimen name="xxh_510pixels">212.50dp</dimen>
    <dimen name="xxh_511pixels">212.92dp</dimen>
    <dimen name="xxh_512pixels">213.33dp</dimen>
    <dimen name="xxh_513pixels">213.75dp</dimen>
    <dimen name="xxh_514pixels">214.17dp</dimen>
    <dimen name="xxh_515pixels">214.58dp</dimen>
    <dimen name="xxh_516pixels">215.00dp</dimen>
    <dimen name="xxh_517pixels">215.42dp</dimen>
    <dimen name="xxh_518pixels">215.83dp</dimen>
    <dimen name="xxh_519pixels">216.25dp</dimen>
    <dimen name="xxh_520pixels">216.67dp</dimen>
    <dimen name="xxh_521pixels">217.08dp</dimen>
    <dimen name="xxh_522pixels">217.50dp</dimen>
    <dimen name="xxh_523pixels">217.92dp</dimen>
    <dimen name="xxh_524pixels">218.33dp</dimen>
    <dimen name="xxh_525pixels">218.75dp</dimen>
    <dimen name="xxh_526pixels">219.17dp</dimen>
    <dimen name="xxh_527pixels">219.58dp</dimen>
    <dimen name="xxh_528pixels">220.00dp</dimen>
    <dimen name="xxh_529pixels">220.42dp</dimen>
    <dimen name="xxh_530pixels">220.83dp</dimen>
    <dimen name="xxh_531pixels">221.25dp</dimen>
    <dimen name="xxh_532pixels">221.67dp</dimen>
    <dimen name="xxh_533pixels">222.08dp</dimen>
    <dimen name="xxh_534pixels">222.50dp</dimen>
    <dimen name="xxh_535pixels">222.92dp</dimen>
    <dimen name="xxh_536pixels">223.33dp</dimen>
    <dimen name="xxh_537pixels">223.75dp</dimen>
    <dimen name="xxh_538pixels">224.17dp</dimen>
    <dimen name="xxh_539pixels">224.58dp</dimen>
    <dimen name="xxh_540pixels">225.00dp</dimen>
    <dimen name="xxh_541pixels">225.42dp</dimen>
    <dimen name="xxh_542pixels">225.83dp</dimen>
    <dimen name="xxh_543pixels">226.25dp</dimen>
    <dimen name="xxh_544pixels">226.67dp</dimen>
    <dimen name="xxh_545pixels">227.08dp</dimen>
    <dimen name="xxh_546pixels">227.50dp</dimen>
    <dimen name="xxh_547pixels">227.92dp</dimen>
    <dimen name="xxh_548pixels">228.33dp</dimen>
    <dimen name="xxh_549pixels">228.75dp</dimen>
    <dimen name="xxh_550pixels">229.17dp</dimen>
    <dimen name="xxh_551pixels">229.58dp</dimen>
    <dimen name="xxh_552pixels">230.00dp</dimen>
    <dimen name="xxh_553pixels">230.42dp</dimen>
    <dimen name="xxh_554pixels">230.83dp</dimen>
    <dimen name="xxh_555pixels">231.25dp</dimen>
    <dimen name="xxh_556pixels">231.67dp</dimen>
    <dimen name="xxh_557pixels">232.08dp</dimen>
    <dimen name="xxh_558pixels">232.50dp</dimen>
    <dimen name="xxh_559pixels">232.92dp</dimen>
    <dimen name="xxh_560pixels">233.33dp</dimen>
    <dimen name="xxh_561pixels">233.75dp</dimen>
    <dimen name="xxh_562pixels">234.17dp</dimen>
    <dimen name="xxh_563pixels">234.58dp</dimen>
    <dimen name="xxh_564pixels">235.00dp</dimen>
    <dimen name="xxh_565pixels">235.42dp</dimen>
    <dimen name="xxh_566pixels">235.83dp</dimen>
    <dimen name="xxh_567pixels">236.25dp</dimen>
    <dimen name="xxh_568pixels">236.67dp</dimen>
    <dimen name="xxh_569pixels">237.08dp</dimen>
    <dimen name="xxh_570pixels">237.50dp</dimen>
    <dimen name="xxh_571pixels">237.92dp</dimen>
    <dimen name="xxh_572pixels">238.33dp</dimen>
    <dimen name="xxh_573pixels">238.75dp</dimen>
    <dimen name="xxh_574pixels">239.17dp</dimen>
    <dimen name="xxh_575pixels">239.58dp</dimen>
    <dimen name="xxh_576pixels">240.00dp</dimen>
    <dimen name="xxh_577pixels">240.42dp</dimen>
    <dimen name="xxh_578pixels">240.83dp</dimen>
    <dimen name="xxh_579pixels">241.25dp</dimen>
    <dimen name="xxh_580pixels">241.67dp</dimen>
    <dimen name="xxh_581pixels">242.08dp</dimen>
    <dimen name="xxh_582pixels">242.50dp</dimen>
    <dimen name="xxh_583pixels">242.92dp</dimen>
    <dimen name="xxh_584pixels">243.33dp</dimen>
    <dimen name="xxh_585pixels">243.75dp</dimen>
    <dimen name="xxh_586pixels">244.17dp</dimen>
    <dimen name="xxh_587pixels">244.58dp</dimen>
    <dimen name="xxh_588pixels">245.00dp</dimen>
    <dimen name="xxh_589pixels">245.42dp</dimen>
    <dimen name="xxh_590pixels">245.83dp</dimen>
    <dimen name="xxh_591pixels">246.25dp</dimen>
    <dimen name="xxh_592pixels">246.67dp</dimen>
    <dimen name="xxh_593pixels">247.08dp</dimen>
    <dimen name="xxh_594pixels">247.50dp</dimen>
    <dimen name="xxh_595pixels">247.92dp</dimen>
    <dimen name="xxh_596pixels">248.33dp</dimen>
    <dimen name="xxh_597pixels">248.75dp</dimen>
    <dimen name="xxh_598pixels">249.17dp</dimen>
    <dimen name="xxh_599pixels">249.58dp</dimen>
    <dimen name="xxh_600pixels">250.00dp</dimen>
    <dimen name="xxh_601pixels">250.42dp</dimen>
    <dimen name="xxh_602pixels">250.83dp</dimen>
    <dimen name="xxh_603pixels">251.25dp</dimen>
    <dimen name="xxh_604pixels">251.67dp</dimen>
    <dimen name="xxh_605pixels">252.08dp</dimen>
    <dimen name="xxh_606pixels">252.50dp</dimen>
    <dimen name="xxh_607pixels">252.92dp</dimen>
    <dimen name="xxh_608pixels">253.33dp</dimen>
    <dimen name="xxh_609pixels">253.75dp</dimen>
    <dimen name="xxh_610pixels">254.17dp</dimen>
    <dimen name="xxh_611pixels">254.58dp</dimen>
    <dimen name="xxh_612pixels">255.00dp</dimen>
    <dimen name="xxh_613pixels">255.42dp</dimen>
    <dimen name="xxh_614pixels">255.83dp</dimen>
    <dimen name="xxh_615pixels">256.25dp</dimen>
    <dimen name="xxh_616pixels">256.67dp</dimen>
    <dimen name="xxh_617pixels">257.08dp</dimen>
    <dimen name="xxh_618pixels">257.50dp</dimen>
    <dimen name="xxh_619pixels">257.92dp</dimen>
    <dimen name="xxh_620pixels">258.33dp</dimen>
    <dimen name="xxh_621pixels">258.75dp</dimen>
    <dimen name="xxh_622pixels">259.17dp</dimen>
    <dimen name="xxh_623pixels">259.58dp</dimen>
    <dimen name="xxh_624pixels">260.00dp</dimen>
    <dimen name="xxh_625pixels">260.42dp</dimen>
    <dimen name="xxh_626pixels">260.83dp</dimen>
    <dimen name="xxh_627pixels">261.25dp</dimen>
    <dimen name="xxh_628pixels">261.67dp</dimen>
    <dimen name="xxh_629pixels">262.08dp</dimen>
    <dimen name="xxh_630pixels">262.50dp</dimen>
    <dimen name="xxh_631pixels">262.92dp</dimen>
    <dimen name="xxh_632pixels">263.33dp</dimen>
    <dimen name="xxh_633pixels">263.75dp</dimen>
    <dimen name="xxh_634pixels">264.17dp</dimen>
    <dimen name="xxh_635pixels">264.58dp</dimen>
    <dimen name="xxh_636pixels">265.00dp</dimen>
    <dimen name="xxh_637pixels">265.42dp</dimen>
    <dimen name="xxh_638pixels">265.83dp</dimen>
    <dimen name="xxh_639pixels">266.25dp</dimen>
    <dimen name="xxh_640pixels">266.67dp</dimen>
    <dimen name="xxh_641pixels">267.08dp</dimen>
    <dimen name="xxh_642pixels">267.50dp</dimen>
    <dimen name="xxh_643pixels">267.92dp</dimen>
    <dimen name="xxh_644pixels">268.33dp</dimen>
    <dimen name="xxh_645pixels">268.75dp</dimen>
    <dimen name="xxh_646pixels">269.17dp</dimen>
    <dimen name="xxh_647pixels">269.58dp</dimen>
    <dimen name="xxh_648pixels">270.00dp</dimen>
    <dimen name="xxh_649pixels">270.42dp</dimen>
    <dimen name="xxh_650pixels">270.83dp</dimen>
    <dimen name="xxh_651pixels">271.25dp</dimen>
    <dimen name="xxh_652pixels">271.67dp</dimen>
    <dimen name="xxh_653pixels">272.08dp</dimen>
    <dimen name="xxh_654pixels">272.50dp</dimen>
    <dimen name="xxh_655pixels">272.92dp</dimen>
    <dimen name="xxh_656pixels">273.33dp</dimen>
    <dimen name="xxh_657pixels">273.75dp</dimen>
    <dimen name="xxh_658pixels">274.17dp</dimen>
    <dimen name="xxh_659pixels">274.58dp</dimen>
    <dimen name="xxh_660pixels">275.00dp</dimen>
    <dimen name="xxh_661pixels">275.42dp</dimen>
    <dimen name="xxh_662pixels">275.83dp</dimen>
    <dimen name="xxh_663pixels">276.25dp</dimen>
    <dimen name="xxh_664pixels">276.67dp</dimen>
    <dimen name="xxh_665pixels">277.08dp</dimen>
    <dimen name="xxh_666pixels">277.50dp</dimen>
    <dimen name="xxh_667pixels">277.92dp</dimen>
    <dimen name="xxh_668pixels">278.33dp</dimen>
    <dimen name="xxh_669pixels">278.75dp</dimen>
    <dimen name="xxh_670pixels">279.17dp</dimen>
    <dimen name="xxh_671pixels">279.58dp</dimen>
    <dimen name="xxh_672pixels">280.00dp</dimen>
    <dimen name="xxh_673pixels">280.42dp</dimen>
    <dimen name="xxh_674pixels">280.83dp</dimen>
    <dimen name="xxh_675pixels">281.25dp</dimen>
    <dimen name="xxh_676pixels">281.67dp</dimen>
    <dimen name="xxh_677pixels">282.08dp</dimen>
    <dimen name="xxh_678pixels">282.50dp</dimen>
    <dimen name="xxh_679pixels">282.92dp</dimen>
    <dimen name="xxh_680pixels">283.33dp</dimen>
    <dimen name="xxh_681pixels">283.75dp</dimen>
    <dimen name="xxh_682pixels">284.17dp</dimen>
    <dimen name="xxh_683pixels">284.58dp</dimen>
    <dimen name="xxh_684pixels">285.00dp</dimen>
    <dimen name="xxh_685pixels">285.42dp</dimen>
    <dimen name="xxh_686pixels">285.83dp</dimen>
    <dimen name="xxh_687pixels">286.25dp</dimen>
    <dimen name="xxh_688pixels">286.67dp</dimen>
    <dimen name="xxh_689pixels">287.08dp</dimen>
    <dimen name="xxh_690pixels">287.50dp</dimen>
    <dimen name="xxh_691pixels">287.92dp</dimen>
    <dimen name="xxh_692pixels">288.33dp</dimen>
    <dimen name="xxh_693pixels">288.75dp</dimen>
    <dimen name="xxh_694pixels">289.17dp</dimen>
    <dimen name="xxh_695pixels">289.58dp</dimen>
    <dimen name="xxh_696pixels">290.00dp</dimen>
    <dimen name="xxh_697pixels">290.42dp</dimen>
    <dimen name="xxh_698pixels">290.83dp</dimen>
    <dimen name="xxh_699pixels">291.25dp</dimen>
    <dimen name="xxh_700pixels">291.67dp</dimen>
    <dimen name="xxh_701pixels">292.08dp</dimen>
    <dimen name="xxh_702pixels">292.50dp</dimen>
    <dimen name="xxh_703pixels">292.92dp</dimen>
    <dimen name="xxh_704pixels">293.33dp</dimen>
    <dimen name="xxh_705pixels">293.75dp</dimen>
    <dimen name="xxh_706pixels">294.17dp</dimen>
    <dimen name="xxh_707pixels">294.58dp</dimen>
    <dimen name="xxh_708pixels">295.00dp</dimen>
    <dimen name="xxh_709pixels">295.42dp</dimen>
    <dimen name="xxh_710pixels">295.83dp</dimen>
    <dimen name="xxh_711pixels">296.25dp</dimen>
    <dimen name="xxh_712pixels">296.67dp</dimen>
    <dimen name="xxh_713pixels">297.08dp</dimen>
    <dimen name="xxh_714pixels">297.50dp</dimen>
    <dimen name="xxh_715pixels">297.92dp</dimen>
    <dimen name="xxh_716pixels">298.33dp</dimen>
    <dimen name="xxh_717pixels">298.75dp</dimen>
    <dimen name="xxh_718pixels">299.17dp</dimen>
    <dimen name="xxh_719pixels">299.58dp</dimen>
    <dimen name="xxh_720pixels">300.00dp</dimen>
    <dimen name="xxh_721pixels">300.42dp</dimen>
    <dimen name="xxh_722pixels">300.83dp</dimen>
    <dimen name="xxh_723pixels">301.25dp</dimen>
    <dimen name="xxh_724pixels">301.67dp</dimen>
    <dimen name="xxh_725pixels">302.08dp</dimen>
    <dimen name="xxh_726pixels">302.50dp</dimen>
    <dimen name="xxh_727pixels">302.92dp</dimen>
    <dimen name="xxh_728pixels">303.33dp</dimen>
    <dimen name="xxh_729pixels">303.75dp</dimen>
    <dimen name="xxh_730pixels">304.17dp</dimen>
    <dimen name="xxh_731pixels">304.58dp</dimen>
    <dimen name="xxh_732pixels">305.00dp</dimen>
    <dimen name="xxh_733pixels">305.42dp</dimen>
    <dimen name="xxh_734pixels">305.83dp</dimen>
    <dimen name="xxh_735pixels">306.25dp</dimen>
    <dimen name="xxh_736pixels">306.67dp</dimen>
    <dimen name="xxh_737pixels">307.08dp</dimen>
    <dimen name="xxh_738pixels">307.50dp</dimen>
    <dimen name="xxh_739pixels">307.92dp</dimen>
    <dimen name="xxh_740pixels">308.33dp</dimen>
    <dimen name="xxh_741pixels">308.75dp</dimen>
    <dimen name="xxh_742pixels">309.17dp</dimen>
    <dimen name="xxh_743pixels">309.58dp</dimen>
    <dimen name="xxh_744pixels">310.00dp</dimen>
    <dimen name="xxh_745pixels">310.42dp</dimen>
    <dimen name="xxh_746pixels">310.83dp</dimen>
    <dimen name="xxh_747pixels">311.25dp</dimen>
    <dimen name="xxh_748pixels">311.67dp</dimen>
    <dimen name="xxh_749pixels">312.08dp</dimen>
    <dimen name="xxh_750pixels">312.50dp</dimen>
    <dimen name="xxh_751pixels">312.92dp</dimen>
    <dimen name="xxh_752pixels">313.33dp</dimen>
    <dimen name="xxh_753pixels">313.75dp</dimen>
    <dimen name="xxh_754pixels">314.17dp</dimen>
    <dimen name="xxh_755pixels">314.58dp</dimen>
    <dimen name="xxh_756pixels">315.00dp</dimen>
    <dimen name="xxh_757pixels">315.42dp</dimen>
    <dimen name="xxh_758pixels">315.83dp</dimen>
    <dimen name="xxh_759pixels">316.25dp</dimen>
    <dimen name="xxh_760pixels">316.67dp</dimen>
    <dimen name="xxh_761pixels">317.08dp</dimen>
    <dimen name="xxh_762pixels">317.50dp</dimen>
    <dimen name="xxh_763pixels">317.92dp</dimen>
    <dimen name="xxh_764pixels">318.33dp</dimen>
    <dimen name="xxh_765pixels">318.75dp</dimen>
    <dimen name="xxh_766pixels">319.17dp</dimen>
    <dimen name="xxh_767pixels">319.58dp</dimen>
    <dimen name="xxh_768pixels">320.00dp</dimen>
    <dimen name="xxh_769pixels">320.42dp</dimen>
    <dimen name="xxh_770pixels">320.83dp</dimen>
    <dimen name="xxh_771pixels">321.25dp</dimen>
    <dimen name="xxh_772pixels">321.67dp</dimen>
    <dimen name="xxh_773pixels">322.08dp</dimen>
    <dimen name="xxh_774pixels">322.50dp</dimen>
    <dimen name="xxh_775pixels">322.92dp</dimen>
    <dimen name="xxh_776pixels">323.33dp</dimen>
    <dimen name="xxh_777pixels">323.75dp</dimen>
    <dimen name="xxh_778pixels">324.17dp</dimen>
    <dimen name="xxh_779pixels">324.58dp</dimen>
    <dimen name="xxh_780pixels">325.00dp</dimen>
    <dimen name="xxh_781pixels">325.42dp</dimen>
    <dimen name="xxh_782pixels">325.83dp</dimen>
    <dimen name="xxh_783pixels">326.25dp</dimen>
    <dimen name="xxh_784pixels">326.67dp</dimen>
    <dimen name="xxh_785pixels">327.08dp</dimen>
    <dimen name="xxh_786pixels">327.50dp</dimen>
    <dimen name="xxh_787pixels">327.92dp</dimen>
    <dimen name="xxh_788pixels">328.33dp</dimen>
    <dimen name="xxh_789pixels">328.75dp</dimen>
    <dimen name="xxh_790pixels">329.17dp</dimen>
    <dimen name="xxh_791pixels">329.58dp</dimen>
    <dimen name="xxh_792pixels">330.00dp</dimen>
    <dimen name="xxh_793pixels">330.42dp</dimen>
    <dimen name="xxh_794pixels">330.83dp</dimen>
    <dimen name="xxh_795pixels">331.25dp</dimen>
    <dimen name="xxh_796pixels">331.67dp</dimen>
    <dimen name="xxh_797pixels">332.08dp</dimen>
    <dimen name="xxh_798pixels">332.50dp</dimen>
    <dimen name="xxh_799pixels">332.92dp</dimen>
    <dimen name="xxh_800pixels">333.33dp</dimen>
    <dimen name="xxh_801pixels">333.75dp</dimen>
    <dimen name="xxh_802pixels">334.17dp</dimen>
    <dimen name="xxh_803pixels">334.58dp</dimen>
    <dimen name="xxh_804pixels">335.00dp</dimen>
    <dimen name="xxh_805pixels">335.42dp</dimen>
    <dimen name="xxh_806pixels">335.83dp</dimen>
    <dimen name="xxh_807pixels">336.25dp</dimen>
    <dimen name="xxh_808pixels">336.67dp</dimen>
    <dimen name="xxh_809pixels">337.08dp</dimen>
    <dimen name="xxh_810pixels">337.50dp</dimen>
    <dimen name="xxh_811pixels">337.92dp</dimen>
    <dimen name="xxh_812pixels">338.33dp</dimen>
    <dimen name="xxh_813pixels">338.75dp</dimen>
    <dimen name="xxh_814pixels">339.17dp</dimen>
    <dimen name="xxh_815pixels">339.58dp</dimen>
    <dimen name="xxh_816pixels">340.00dp</dimen>
    <dimen name="xxh_817pixels">340.42dp</dimen>
    <dimen name="xxh_818pixels">340.83dp</dimen>
    <dimen name="xxh_819pixels">341.25dp</dimen>
    <dimen name="xxh_820pixels">341.67dp</dimen>
    <dimen name="xxh_821pixels">342.08dp</dimen>
    <dimen name="xxh_822pixels">342.50dp</dimen>
    <dimen name="xxh_823pixels">342.92dp</dimen>
    <dimen name="xxh_824pixels">343.33dp</dimen>
    <dimen name="xxh_825pixels">343.75dp</dimen>
    <dimen name="xxh_826pixels">344.17dp</dimen>
    <dimen name="xxh_827pixels">344.58dp</dimen>
    <dimen name="xxh_828pixels">345.00dp</dimen>
    <dimen name="xxh_829pixels">345.42dp</dimen>
    <dimen name="xxh_830pixels">345.83dp</dimen>
    <dimen name="xxh_831pixels">346.25dp</dimen>
    <dimen name="xxh_832pixels">346.67dp</dimen>
    <dimen name="xxh_833pixels">347.08dp</dimen>
    <dimen name="xxh_834pixels">347.50dp</dimen>
    <dimen name="xxh_835pixels">347.92dp</dimen>
    <dimen name="xxh_836pixels">348.33dp</dimen>
    <dimen name="xxh_837pixels">348.75dp</dimen>
    <dimen name="xxh_838pixels">349.17dp</dimen>
    <dimen name="xxh_839pixels">349.58dp</dimen>
    <dimen name="xxh_840pixels">350.00dp</dimen>
    <dimen name="xxh_841pixels">350.42dp</dimen>
    <dimen name="xxh_842pixels">350.83dp</dimen>
    <dimen name="xxh_843pixels">351.25dp</dimen>
    <dimen name="xxh_844pixels">351.67dp</dimen>
    <dimen name="xxh_845pixels">352.08dp</dimen>
    <dimen name="xxh_846pixels">352.50dp</dimen>
    <dimen name="xxh_847pixels">352.92dp</dimen>
    <dimen name="xxh_848pixels">353.33dp</dimen>
    <dimen name="xxh_849pixels">353.75dp</dimen>
    <dimen name="xxh_850pixels">354.17dp</dimen>
    <dimen name="xxh_851pixels">354.58dp</dimen>
    <dimen name="xxh_852pixels">355.00dp</dimen>
    <dimen name="xxh_853pixels">355.42dp</dimen>
    <dimen name="xxh_854pixels">355.83dp</dimen>
    <dimen name="xxh_855pixels">356.25dp</dimen>
    <dimen name="xxh_856pixels">356.67dp</dimen>
    <dimen name="xxh_857pixels">357.08dp</dimen>
    <dimen name="xxh_858pixels">357.50dp</dimen>
    <dimen name="xxh_859pixels">357.92dp</dimen>
    <dimen name="xxh_860pixels">358.33dp</dimen>
    <dimen name="xxh_861pixels">358.75dp</dimen>
    <dimen name="xxh_862pixels">359.17dp</dimen>
    <dimen name="xxh_863pixels">359.58dp</dimen>
    <dimen name="xxh_864pixels">360.00dp</dimen>
    <dimen name="xxh_865pixels">360.42dp</dimen>
    <dimen name="xxh_866pixels">360.83dp</dimen>
    <dimen name="xxh_867pixels">361.25dp</dimen>
    <dimen name="xxh_868pixels">361.67dp</dimen>
    <dimen name="xxh_869pixels">362.08dp</dimen>
    <dimen name="xxh_870pixels">362.50dp</dimen>
    <dimen name="xxh_871pixels">362.92dp</dimen>
    <dimen name="xxh_872pixels">363.33dp</dimen>
    <dimen name="xxh_873pixels">363.75dp</dimen>
    <dimen name="xxh_874pixels">364.17dp</dimen>
    <dimen name="xxh_875pixels">364.58dp</dimen>
    <dimen name="xxh_876pixels">365.00dp</dimen>
    <dimen name="xxh_877pixels">365.42dp</dimen>
    <dimen name="xxh_878pixels">365.83dp</dimen>
    <dimen name="xxh_879pixels">366.25dp</dimen>
    <dimen name="xxh_880pixels">366.67dp</dimen>
    <dimen name="xxh_881pixels">367.08dp</dimen>
    <dimen name="xxh_882pixels">367.50dp</dimen>
    <dimen name="xxh_883pixels">367.92dp</dimen>
    <dimen name="xxh_884pixels">368.33dp</dimen>
    <dimen name="xxh_885pixels">368.75dp</dimen>
    <dimen name="xxh_886pixels">369.17dp</dimen>
    <dimen name="xxh_887pixels">369.58dp</dimen>
    <dimen name="xxh_888pixels">370.00dp</dimen>
    <dimen name="xxh_889pixels">370.42dp</dimen>
    <dimen name="xxh_890pixels">370.83dp</dimen>
    <dimen name="xxh_891pixels">371.25dp</dimen>
    <dimen name="xxh_892pixels">371.67dp</dimen>
    <dimen name="xxh_893pixels">372.08dp</dimen>
    <dimen name="xxh_894pixels">372.50dp</dimen>
    <dimen name="xxh_895pixels">372.92dp</dimen>
    <dimen name="xxh_896pixels">373.33dp</dimen>
    <dimen name="xxh_897pixels">373.75dp</dimen>
    <dimen name="xxh_898pixels">374.17dp</dimen>
    <dimen name="xxh_899pixels">374.58dp</dimen>
    <dimen name="xxh_900pixels">375.00dp</dimen>
    <dimen name="xxh_901pixels">375.42dp</dimen>
    <dimen name="xxh_902pixels">375.83dp</dimen>
    <dimen name="xxh_903pixels">376.25dp</dimen>
    <dimen name="xxh_904pixels">376.67dp</dimen>
    <dimen name="xxh_905pixels">377.08dp</dimen>
    <dimen name="xxh_906pixels">377.50dp</dimen>
    <dimen name="xxh_907pixels">377.92dp</dimen>
    <dimen name="xxh_908pixels">378.33dp</dimen>
    <dimen name="xxh_909pixels">378.75dp</dimen>
    <dimen name="xxh_910pixels">379.17dp</dimen>
    <dimen name="xxh_911pixels">379.58dp</dimen>
    <dimen name="xxh_912pixels">380.00dp</dimen>
    <dimen name="xxh_913pixels">380.42dp</dimen>
    <dimen name="xxh_914pixels">380.83dp</dimen>
    <dimen name="xxh_915pixels">381.25dp</dimen>
    <dimen name="xxh_916pixels">381.67dp</dimen>
    <dimen name="xxh_917pixels">382.08dp</dimen>
    <dimen name="xxh_918pixels">382.50dp</dimen>
    <dimen name="xxh_919pixels">382.92dp</dimen>
    <dimen name="xxh_920pixels">383.33dp</dimen>
    <dimen name="xxh_921pixels">383.75dp</dimen>
    <dimen name="xxh_922pixels">384.17dp</dimen>
    <dimen name="xxh_923pixels">384.58dp</dimen>
    <dimen name="xxh_924pixels">385.00dp</dimen>
    <dimen name="xxh_925pixels">385.42dp</dimen>
    <dimen name="xxh_926pixels">385.83dp</dimen>
    <dimen name="xxh_927pixels">386.25dp</dimen>
    <dimen name="xxh_928pixels">386.67dp</dimen>
    <dimen name="xxh_929pixels">387.08dp</dimen>
    <dimen name="xxh_930pixels">387.50dp</dimen>
    <dimen name="xxh_931pixels">387.92dp</dimen>
    <dimen name="xxh_932pixels">388.33dp</dimen>
    <dimen name="xxh_933pixels">388.75dp</dimen>
    <dimen name="xxh_934pixels">389.17dp</dimen>
    <dimen name="xxh_935pixels">389.58dp</dimen>
    <dimen name="xxh_936pixels">390.00dp</dimen>
    <dimen name="xxh_937pixels">390.42dp</dimen>
    <dimen name="xxh_938pixels">390.83dp</dimen>
    <dimen name="xxh_939pixels">391.25dp</dimen>
    <dimen name="xxh_940pixels">391.67dp</dimen>
    <dimen name="xxh_941pixels">392.08dp</dimen>
    <dimen name="xxh_942pixels">392.50dp</dimen>
    <dimen name="xxh_943pixels">392.92dp</dimen>
    <dimen name="xxh_944pixels">393.33dp</dimen>
    <dimen name="xxh_945pixels">393.75dp</dimen>
    <dimen name="xxh_946pixels">394.17dp</dimen>
    <dimen name="xxh_947pixels">394.58dp</dimen>
    <dimen name="xxh_948pixels">395.00dp</dimen>
    <dimen name="xxh_949pixels">395.42dp</dimen>
    <dimen name="xxh_950pixels">395.83dp</dimen>
    <dimen name="xxh_951pixels">396.25dp</dimen>
    <dimen name="xxh_952pixels">396.67dp</dimen>
    <dimen name="xxh_953pixels">397.08dp</dimen>
    <dimen name="xxh_954pixels">397.50dp</dimen>
    <dimen name="xxh_955pixels">397.92dp</dimen>
    <dimen name="xxh_956pixels">398.33dp</dimen>
    <dimen name="xxh_957pixels">398.75dp</dimen>
    <dimen name="xxh_958pixels">399.17dp</dimen>
    <dimen name="xxh_959pixels">399.58dp</dimen>
    <dimen name="xxh_960pixels">400.00dp</dimen>
    <dimen name="xxh_961pixels">400.42dp</dimen>
    <dimen name="xxh_962pixels">400.83dp</dimen>
    <dimen name="xxh_963pixels">401.25dp</dimen>
    <dimen name="xxh_964pixels">401.67dp</dimen>
    <dimen name="xxh_965pixels">402.08dp</dimen>
    <dimen name="xxh_966pixels">402.50dp</dimen>
    <dimen name="xxh_967pixels">402.92dp</dimen>
    <dimen name="xxh_968pixels">403.33dp</dimen>
    <dimen name="xxh_969pixels">403.75dp</dimen>
    <dimen name="xxh_970pixels">404.17dp</dimen>
    <dimen name="xxh_971pixels">404.58dp</dimen>
    <dimen name="xxh_972pixels">405.00dp</dimen>
    <dimen name="xxh_973pixels">405.42dp</dimen>
    <dimen name="xxh_974pixels">405.83dp</dimen>
    <dimen name="xxh_975pixels">406.25dp</dimen>
    <dimen name="xxh_976pixels">406.67dp</dimen>
    <dimen name="xxh_977pixels">407.08dp</dimen>
    <dimen name="xxh_978pixels">407.50dp</dimen>
    <dimen name="xxh_979pixels">407.92dp</dimen>
    <dimen name="xxh_980pixels">408.33dp</dimen>
    <dimen name="xxh_981pixels">408.75dp</dimen>
    <dimen name="xxh_982pixels">409.17dp</dimen>
    <dimen name="xxh_983pixels">409.58dp</dimen>
    <dimen name="xxh_984pixels">410.00dp</dimen>
    <dimen name="xxh_985pixels">410.42dp</dimen>
    <dimen name="xxh_986pixels">410.83dp</dimen>
    <dimen name="xxh_987pixels">411.25dp</dimen>
    <dimen name="xxh_988pixels">411.67dp</dimen>
    <dimen name="xxh_989pixels">412.08dp</dimen>
    <dimen name="xxh_990pixels">412.50dp</dimen>
    <dimen name="xxh_991pixels">412.92dp</dimen>
    <dimen name="xxh_992pixels">413.33dp</dimen>
    <dimen name="xxh_993pixels">413.75dp</dimen>
    <dimen name="xxh_994pixels">414.17dp</dimen>
    <dimen name="xxh_995pixels">414.58dp</dimen>
    <dimen name="xxh_996pixels">415.00dp</dimen>
    <dimen name="xxh_997pixels">415.42dp</dimen>
    <dimen name="xxh_998pixels">415.83dp</dimen>
    <dimen name="xxh_999pixels">416.25dp</dimen>
    <dimen name="xxh_1000pixels">416.67dp</dimen>
    <dimen name="xxh_1001pixels">417.08dp</dimen>
    <dimen name="xxh_1002pixels">417.50dp</dimen>
    <dimen name="xxh_1003pixels">417.92dp</dimen>
    <dimen name="xxh_1004pixels">418.33dp</dimen>
    <dimen name="xxh_1005pixels">418.75dp</dimen>
    <dimen name="xxh_1006pixels">419.17dp</dimen>
    <dimen name="xxh_1007pixels">419.58dp</dimen>
    <dimen name="xxh_1008pixels">420.00dp</dimen>
    <dimen name="xxh_1009pixels">420.42dp</dimen>
    <dimen name="xxh_1010pixels">420.83dp</dimen>
    <dimen name="xxh_1011pixels">421.25dp</dimen>
    <dimen name="xxh_1012pixels">421.67dp</dimen>
    <dimen name="xxh_1013pixels">422.08dp</dimen>
    <dimen name="xxh_1014pixels">422.50dp</dimen>
    <dimen name="xxh_1015pixels">422.92dp</dimen>
    <dimen name="xxh_1016pixels">423.33dp</dimen>
    <dimen name="xxh_1017pixels">423.75dp</dimen>
    <dimen name="xxh_1018pixels">424.17dp</dimen>
    <dimen name="xxh_1019pixels">424.58dp</dimen>
    <dimen name="xxh_1020pixels">425.00dp</dimen>
    <dimen name="xxh_1021pixels">425.42dp</dimen>
    <dimen name="xxh_1022pixels">425.83dp</dimen>
    <dimen name="xxh_1023pixels">426.25dp</dimen>
    <dimen name="xxh_1024pixels">426.67dp</dimen>
    <dimen name="xxh_1025pixels">427.08dp</dimen>
    <dimen name="xxh_1026pixels">427.50dp</dimen>
    <dimen name="xxh_1027pixels">427.92dp</dimen>
    <dimen name="xxh_1028pixels">428.33dp</dimen>
    <dimen name="xxh_1029pixels">428.75dp</dimen>
    <dimen name="xxh_1030pixels">429.17dp</dimen>
    <dimen name="xxh_1031pixels">429.58dp</dimen>
    <dimen name="xxh_1032pixels">430.00dp</dimen>
    <dimen name="xxh_1033pixels">430.42dp</dimen>
    <dimen name="xxh_1034pixels">430.83dp</dimen>
    <dimen name="xxh_1035pixels">431.25dp</dimen>
    <dimen name="xxh_1036pixels">431.67dp</dimen>
    <dimen name="xxh_1037pixels">432.08dp</dimen>
    <dimen name="xxh_1038pixels">432.50dp</dimen>
    <dimen name="xxh_1039pixels">432.92dp</dimen>
    <dimen name="xxh_1040pixels">433.33dp</dimen>
    <dimen name="xxh_1041pixels">433.75dp</dimen>
    <dimen name="xxh_1042pixels">434.17dp</dimen>
    <dimen name="xxh_1043pixels">434.58dp</dimen>
    <dimen name="xxh_1044pixels">435.00dp</dimen>
    <dimen name="xxh_1045pixels">435.42dp</dimen>
    <dimen name="xxh_1046pixels">435.83dp</dimen>
    <dimen name="xxh_1047pixels">436.25dp</dimen>
    <dimen name="xxh_1048pixels">436.67dp</dimen>
    <dimen name="xxh_1049pixels">437.08dp</dimen>
    <dimen name="xxh_1050pixels">437.50dp</dimen>
    <dimen name="xxh_1051pixels">437.92dp</dimen>
    <dimen name="xxh_1052pixels">438.33dp</dimen>
    <dimen name="xxh_1053pixels">438.75dp</dimen>
    <dimen name="xxh_1054pixels">439.17dp</dimen>
    <dimen name="xxh_1055pixels">439.58dp</dimen>
    <dimen name="xxh_1056pixels">440.00dp</dimen>
    <dimen name="xxh_1057pixels">440.42dp</dimen>
    <dimen name="xxh_1058pixels">440.83dp</dimen>
    <dimen name="xxh_1059pixels">441.25dp</dimen>
    <dimen name="xxh_1060pixels">441.67dp</dimen>
    <dimen name="xxh_1061pixels">442.08dp</dimen>
    <dimen name="xxh_1062pixels">442.50dp</dimen>
    <dimen name="xxh_1063pixels">442.92dp</dimen>
    <dimen name="xxh_1064pixels">443.33dp</dimen>
    <dimen name="xxh_1065pixels">443.75dp</dimen>
    <dimen name="xxh_1066pixels">444.17dp</dimen>
    <dimen name="xxh_1067pixels">444.58dp</dimen>
    <dimen name="xxh_1068pixels">445.00dp</dimen>
    <dimen name="xxh_1069pixels">445.42dp</dimen>
    <dimen name="xxh_1070pixels">445.83dp</dimen>
    <dimen name="xxh_1071pixels">446.25dp</dimen>
    <dimen name="xxh_1072pixels">446.67dp</dimen>
    <dimen name="xxh_1073pixels">447.08dp</dimen>
    <dimen name="xxh_1074pixels">447.50dp</dimen>
    <dimen name="xxh_1075pixels">447.92dp</dimen>
    <dimen name="xxh_1076pixels">448.33dp</dimen>
    <dimen name="xxh_1077pixels">448.75dp</dimen>
    <dimen name="xxh_1078pixels">449.17dp</dimen>
    <dimen name="xxh_1079pixels">449.58dp</dimen>
    <dimen name="xxh_1080pixels">450.00dp</dimen>
    <dimen name="xxh_1081pixels">450.42dp</dimen>
    <dimen name="xxh_1082pixels">450.83dp</dimen>
    <dimen name="xxh_1083pixels">451.25dp</dimen>
    <dimen name="xxh_1084pixels">451.67dp</dimen>
    <dimen name="xxh_1085pixels">452.08dp</dimen>
    <dimen name="xxh_1086pixels">452.50dp</dimen>
    <dimen name="xxh_1087pixels">452.92dp</dimen>
    <dimen name="xxh_1088pixels">453.33dp</dimen>
    <dimen name="xxh_1089pixels">453.75dp</dimen>
    <dimen name="xxh_1090pixels">454.17dp</dimen>
    <dimen name="xxh_1091pixels">454.58dp</dimen>
    <dimen name="xxh_1092pixels">455.00dp</dimen>
    <dimen name="xxh_1093pixels">455.42dp</dimen>
    <dimen name="xxh_1094pixels">455.83dp</dimen>
    <dimen name="xxh_1095pixels">456.25dp</dimen>
    <dimen name="xxh_1096pixels">456.67dp</dimen>
    <dimen name="xxh_1097pixels">457.08dp</dimen>
    <dimen name="xxh_1098pixels">457.50dp</dimen>
    <dimen name="xxh_1099pixels">457.92dp</dimen>
    <dimen name="xxh_1100pixels">458.33dp</dimen>
    <dimen name="xxh_1101pixels">458.75dp</dimen>
    <dimen name="xxh_1102pixels">459.17dp</dimen>
    <dimen name="xxh_1103pixels">459.58dp</dimen>
    <dimen name="xxh_1104pixels">460.00dp</dimen>
    <dimen name="xxh_1105pixels">460.42dp</dimen>
    <dimen name="xxh_1106pixels">460.83dp</dimen>
    <dimen name="xxh_1107pixels">461.25dp</dimen>
    <dimen name="xxh_1108pixels">461.67dp</dimen>
    <dimen name="xxh_1109pixels">462.08dp</dimen>
    <dimen name="xxh_1110pixels">462.50dp</dimen>
    <dimen name="xxh_1111pixels">462.92dp</dimen>
    <dimen name="xxh_1112pixels">463.33dp</dimen>
    <dimen name="xxh_1113pixels">463.75dp</dimen>
    <dimen name="xxh_1114pixels">464.17dp</dimen>
    <dimen name="xxh_1115pixels">464.58dp</dimen>
    <dimen name="xxh_1116pixels">465.00dp</dimen>
    <dimen name="xxh_1117pixels">465.42dp</dimen>
    <dimen name="xxh_1118pixels">465.83dp</dimen>
    <dimen name="xxh_1119pixels">466.25dp</dimen>
    <dimen name="xxh_1120pixels">466.67dp</dimen>
    <dimen name="xxh_1121pixels">467.08dp</dimen>
    <dimen name="xxh_1122pixels">467.50dp</dimen>
    <dimen name="xxh_1123pixels">467.92dp</dimen>
    <dimen name="xxh_1124pixels">468.33dp</dimen>
    <dimen name="xxh_1125pixels">468.75dp</dimen>
    <dimen name="xxh_1126pixels">469.17dp</dimen>
    <dimen name="xxh_1127pixels">469.58dp</dimen>
    <dimen name="xxh_1128pixels">470.00dp</dimen>
    <dimen name="xxh_1129pixels">470.42dp</dimen>
    <dimen name="xxh_1130pixels">470.83dp</dimen>
    <dimen name="xxh_1131pixels">471.25dp</dimen>
    <dimen name="xxh_1132pixels">471.67dp</dimen>
    <dimen name="xxh_1133pixels">472.08dp</dimen>
    <dimen name="xxh_1134pixels">472.50dp</dimen>
    <dimen name="xxh_1135pixels">472.92dp</dimen>
    <dimen name="xxh_1136pixels">473.33dp</dimen>
    <dimen name="xxh_1137pixels">473.75dp</dimen>
    <dimen name="xxh_1138pixels">474.17dp</dimen>
    <dimen name="xxh_1139pixels">474.58dp</dimen>
    <dimen name="xxh_1140pixels">475.00dp</dimen>
    <dimen name="xxh_1141pixels">475.42dp</dimen>
    <dimen name="xxh_1142pixels">475.83dp</dimen>
    <dimen name="xxh_1143pixels">476.25dp</dimen>
    <dimen name="xxh_1144pixels">476.67dp</dimen>
    <dimen name="xxh_1145pixels">477.08dp</dimen>
    <dimen name="xxh_1146pixels">477.50dp</dimen>
    <dimen name="xxh_1147pixels">477.92dp</dimen>
    <dimen name="xxh_1148pixels">478.33dp</dimen>
    <dimen name="xxh_1149pixels">478.75dp</dimen>
    <dimen name="xxh_1150pixels">479.17dp</dimen>
    <dimen name="xxh_1151pixels">479.58dp</dimen>
    <dimen name="xxh_1152pixels">480.00dp</dimen>
    <dimen name="xxh_1153pixels">480.42dp</dimen>
    <dimen name="xxh_1154pixels">480.83dp</dimen>
    <dimen name="xxh_1155pixels">481.25dp</dimen>
    <dimen name="xxh_1156pixels">481.67dp</dimen>
    <dimen name="xxh_1157pixels">482.08dp</dimen>
    <dimen name="xxh_1158pixels">482.50dp</dimen>
    <dimen name="xxh_1159pixels">482.92dp</dimen>
    <dimen name="xxh_1160pixels">483.33dp</dimen>
    <dimen name="xxh_1161pixels">483.75dp</dimen>
    <dimen name="xxh_1162pixels">484.17dp</dimen>
    <dimen name="xxh_1163pixels">484.58dp</dimen>
    <dimen name="xxh_1164pixels">485.00dp</dimen>
    <dimen name="xxh_1165pixels">485.42dp</dimen>
    <dimen name="xxh_1166pixels">485.83dp</dimen>
    <dimen name="xxh_1167pixels">486.25dp</dimen>
    <dimen name="xxh_1168pixels">486.67dp</dimen>
    <dimen name="xxh_1169pixels">487.08dp</dimen>
    <dimen name="xxh_1170pixels">487.50dp</dimen>
    <dimen name="xxh_1171pixels">487.92dp</dimen>
    <dimen name="xxh_1172pixels">488.33dp</dimen>
    <dimen name="xxh_1173pixels">488.75dp</dimen>
    <dimen name="xxh_1174pixels">489.17dp</dimen>
    <dimen name="xxh_1175pixels">489.58dp</dimen>
    <dimen name="xxh_1176pixels">490.00dp</dimen>
    <dimen name="xxh_1177pixels">490.42dp</dimen>
    <dimen name="xxh_1178pixels">490.83dp</dimen>
    <dimen name="xxh_1179pixels">491.25dp</dimen>
    <dimen name="xxh_1180pixels">491.67dp</dimen>
    <dimen name="xxh_1181pixels">492.08dp</dimen>
    <dimen name="xxh_1182pixels">492.50dp</dimen>
    <dimen name="xxh_1183pixels">492.92dp</dimen>
    <dimen name="xxh_1184pixels">493.33dp</dimen>
    <dimen name="xxh_1185pixels">493.75dp</dimen>
    <dimen name="xxh_1186pixels">494.17dp</dimen>
    <dimen name="xxh_1187pixels">494.58dp</dimen>
    <dimen name="xxh_1188pixels">495.00dp</dimen>
    <dimen name="xxh_1189pixels">495.42dp</dimen>
    <dimen name="xxh_1190pixels">495.83dp</dimen>
    <dimen name="xxh_1191pixels">496.25dp</dimen>
    <dimen name="xxh_1192pixels">496.67dp</dimen>
    <dimen name="xxh_1193pixels">497.08dp</dimen>
    <dimen name="xxh_1194pixels">497.50dp</dimen>
    <dimen name="xxh_1195pixels">497.92dp</dimen>
    <dimen name="xxh_1196pixels">498.33dp</dimen>
    <dimen name="xxh_1197pixels">498.75dp</dimen>
    <dimen name="xxh_1198pixels">499.17dp</dimen>
    <dimen name="xxh_1199pixels">499.58dp</dimen>
    <dimen name="xxh_1200pixels">500.00dp</dimen>
    <dimen name="xxh_1201pixels">500.42dp</dimen>
    <dimen name="xxh_1202pixels">500.83dp</dimen>
    <dimen name="xxh_1203pixels">501.25dp</dimen>
    <dimen name="xxh_1204pixels">501.67dp</dimen>
    <dimen name="xxh_1205pixels">502.08dp</dimen>
    <dimen name="xxh_1206pixels">502.50dp</dimen>
    <dimen name="xxh_1207pixels">502.92dp</dimen>
    <dimen name="xxh_1208pixels">503.33dp</dimen>
    <dimen name="xxh_1209pixels">503.75dp</dimen>
    <dimen name="xxh_1210pixels">504.17dp</dimen>
    <dimen name="xxh_1211pixels">504.58dp</dimen>
    <dimen name="xxh_1212pixels">505.00dp</dimen>
    <dimen name="xxh_1213pixels">505.42dp</dimen>
    <dimen name="xxh_1214pixels">505.83dp</dimen>
    <dimen name="xxh_1215pixels">506.25dp</dimen>
    <dimen name="xxh_1216pixels">506.67dp</dimen>
    <dimen name="xxh_1217pixels">507.08dp</dimen>
    <dimen name="xxh_1218pixels">507.50dp</dimen>
    <dimen name="xxh_1219pixels">507.92dp</dimen>
    <dimen name="xxh_1220pixels">508.33dp</dimen>
    <dimen name="xxh_1221pixels">508.75dp</dimen>
    <dimen name="xxh_1222pixels">509.17dp</dimen>
    <dimen name="xxh_1223pixels">509.58dp</dimen>
    <dimen name="xxh_1224pixels">510.00dp</dimen>
    <dimen name="xxh_1225pixels">510.42dp</dimen>
    <dimen name="xxh_1226pixels">510.83dp</dimen>
    <dimen name="xxh_1227pixels">511.25dp</dimen>
    <dimen name="xxh_1228pixels">511.67dp</dimen>
    <dimen name="xxh_1229pixels">512.08dp</dimen>
    <dimen name="xxh_1230pixels">512.50dp</dimen>
    <dimen name="xxh_1231pixels">512.92dp</dimen>
    <dimen name="xxh_1232pixels">513.33dp</dimen>
    <dimen name="xxh_1233pixels">513.75dp</dimen>
    <dimen name="xxh_1234pixels">514.17dp</dimen>
    <dimen name="xxh_1235pixels">514.58dp</dimen>
    <dimen name="xxh_1236pixels">515.00dp</dimen>
    <dimen name="xxh_1237pixels">515.42dp</dimen>
    <dimen name="xxh_1238pixels">515.83dp</dimen>
    <dimen name="xxh_1239pixels">516.25dp</dimen>
    <dimen name="xxh_1240pixels">516.67dp</dimen>
    <dimen name="xxh_1241pixels">517.08dp</dimen>
    <dimen name="xxh_1242pixels">517.50dp</dimen>
    <dimen name="xxh_1243pixels">517.92dp</dimen>
    <dimen name="xxh_1244pixels">518.33dp</dimen>
    <dimen name="xxh_1245pixels">518.75dp</dimen>
    <dimen name="xxh_1246pixels">519.17dp</dimen>
    <dimen name="xxh_1247pixels">519.58dp</dimen>
    <dimen name="xxh_1248pixels">520.00dp</dimen>
    <dimen name="xxh_1249pixels">520.42dp</dimen>
    <dimen name="xxh_1250pixels">520.83dp</dimen>
    <dimen name="xxh_1251pixels">521.25dp</dimen>
    <dimen name="xxh_1252pixels">521.67dp</dimen>
    <dimen name="xxh_1253pixels">522.08dp</dimen>
    <dimen name="xxh_1254pixels">522.50dp</dimen>
    <dimen name="xxh_1255pixels">522.92dp</dimen>
    <dimen name="xxh_1256pixels">523.33dp</dimen>
    <dimen name="xxh_1257pixels">523.75dp</dimen>
    <dimen name="xxh_1258pixels">524.17dp</dimen>
    <dimen name="xxh_1259pixels">524.58dp</dimen>
    <dimen name="xxh_1260pixels">525.00dp</dimen>
    <dimen name="xxh_1261pixels">525.42dp</dimen>
    <dimen name="xxh_1262pixels">525.83dp</dimen>
    <dimen name="xxh_1263pixels">526.25dp</dimen>
    <dimen name="xxh_1264pixels">526.67dp</dimen>
    <dimen name="xxh_1265pixels">527.08dp</dimen>
    <dimen name="xxh_1266pixels">527.50dp</dimen>
    <dimen name="xxh_1267pixels">527.92dp</dimen>
    <dimen name="xxh_1268pixels">528.33dp</dimen>
    <dimen name="xxh_1269pixels">528.75dp</dimen>
    <dimen name="xxh_1270pixels">529.17dp</dimen>
    <dimen name="xxh_1271pixels">529.58dp</dimen>
    <dimen name="xxh_1272pixels">530.00dp</dimen>
    <dimen name="xxh_1273pixels">530.42dp</dimen>
    <dimen name="xxh_1274pixels">530.83dp</dimen>
    <dimen name="xxh_1275pixels">531.25dp</dimen>
    <dimen name="xxh_1276pixels">531.67dp</dimen>
    <dimen name="xxh_1277pixels">532.08dp</dimen>
    <dimen name="xxh_1278pixels">532.50dp</dimen>
    <dimen name="xxh_1279pixels">532.92dp</dimen>
    <dimen name="xxh_1280pixels">533.33dp</dimen>
    <dimen name="xxh_1281pixels">533.75dp</dimen>
    <dimen name="xxh_1282pixels">534.17dp</dimen>
    <dimen name="xxh_1283pixels">534.58dp</dimen>
    <dimen name="xxh_1284pixels">535.00dp</dimen>
    <dimen name="xxh_1285pixels">535.42dp</dimen>
    <dimen name="xxh_1286pixels">535.83dp</dimen>
    <dimen name="xxh_1287pixels">536.25dp</dimen>
    <dimen name="xxh_1288pixels">536.67dp</dimen>
    <dimen name="xxh_1289pixels">537.08dp</dimen>
    <dimen name="xxh_1290pixels">537.50dp</dimen>
    <dimen name="xxh_1291pixels">537.92dp</dimen>
    <dimen name="xxh_1292pixels">538.33dp</dimen>
    <dimen name="xxh_1293pixels">538.75dp</dimen>
    <dimen name="xxh_1294pixels">539.17dp</dimen>
    <dimen name="xxh_1295pixels">539.58dp</dimen>
    <dimen name="xxh_1296pixels">540.00dp</dimen>
    <dimen name="xxh_1297pixels">540.42dp</dimen>
    <dimen name="xxh_1298pixels">540.83dp</dimen>
    <dimen name="xxh_1299pixels">541.25dp</dimen>
    <dimen name="xxh_1300pixels">541.67dp</dimen>
    <dimen name="xxh_1301pixels">542.08dp</dimen>
    <dimen name="xxh_1302pixels">542.50dp</dimen>
    <dimen name="xxh_1303pixels">542.92dp</dimen>
    <dimen name="xxh_1304pixels">543.33dp</dimen>
    <dimen name="xxh_1305pixels">543.75dp</dimen>
    <dimen name="xxh_1306pixels">544.17dp</dimen>
    <dimen name="xxh_1307pixels">544.58dp</dimen>
    <dimen name="xxh_1308pixels">545.00dp</dimen>
    <dimen name="xxh_1309pixels">545.42dp</dimen>
    <dimen name="xxh_1310pixels">545.83dp</dimen>
    <dimen name="xxh_1311pixels">546.25dp</dimen>
    <dimen name="xxh_1312pixels">546.67dp</dimen>
    <dimen name="xxh_1313pixels">547.08dp</dimen>
    <dimen name="xxh_1314pixels">547.50dp</dimen>
    <dimen name="xxh_1315pixels">547.92dp</dimen>
    <dimen name="xxh_1316pixels">548.33dp</dimen>
    <dimen name="xxh_1317pixels">548.75dp</dimen>
    <dimen name="xxh_1318pixels">549.17dp</dimen>
    <dimen name="xxh_1319pixels">549.58dp</dimen>
    <dimen name="xxh_1320pixels">550.00dp</dimen>
    <dimen name="xxh_1321pixels">550.42dp</dimen>
    <dimen name="xxh_1322pixels">550.83dp</dimen>
    <dimen name="xxh_1323pixels">551.25dp</dimen>
    <dimen name="xxh_1324pixels">551.67dp</dimen>
    <dimen name="xxh_1325pixels">552.08dp</dimen>
    <dimen name="xxh_1326pixels">552.50dp</dimen>
    <dimen name="xxh_1327pixels">552.92dp</dimen>
    <dimen name="xxh_1328pixels">553.33dp</dimen>
    <dimen name="xxh_1329pixels">553.75dp</dimen>
    <dimen name="xxh_1330pixels">554.17dp</dimen>
    <dimen name="xxh_1331pixels">554.58dp</dimen>
    <dimen name="xxh_1332pixels">555.00dp</dimen>
    <dimen name="xxh_1333pixels">555.42dp</dimen>
    <dimen name="xxh_1334pixels">555.83dp</dimen>
    <dimen name="xxh_1335pixels">556.25dp</dimen>
    <dimen name="xxh_1336pixels">556.67dp</dimen>
    <dimen name="xxh_1337pixels">557.08dp</dimen>
    <dimen name="xxh_1338pixels">557.50dp</dimen>
    <dimen name="xxh_1339pixels">557.92dp</dimen>
    <dimen name="xxh_1340pixels">558.33dp</dimen>
    <dimen name="xxh_1341pixels">558.75dp</dimen>
    <dimen name="xxh_1342pixels">559.17dp</dimen>
    <dimen name="xxh_1343pixels">559.58dp</dimen>
    <dimen name="xxh_1344pixels">560.00dp</dimen>
    <dimen name="xxh_1345pixels">560.42dp</dimen>
    <dimen name="xxh_1346pixels">560.83dp</dimen>
    <dimen name="xxh_1347pixels">561.25dp</dimen>
    <dimen name="xxh_1348pixels">561.67dp</dimen>
    <dimen name="xxh_1349pixels">562.08dp</dimen>
    <dimen name="xxh_1350pixels">562.50dp</dimen>
    <dimen name="xxh_1351pixels">562.92dp</dimen>
    <dimen name="xxh_1352pixels">563.33dp</dimen>
    <dimen name="xxh_1353pixels">563.75dp</dimen>
    <dimen name="xxh_1354pixels">564.17dp</dimen>
    <dimen name="xxh_1355pixels">564.58dp</dimen>
    <dimen name="xxh_1356pixels">565.00dp</dimen>
    <dimen name="xxh_1357pixels">565.42dp</dimen>
    <dimen name="xxh_1358pixels">565.83dp</dimen>
    <dimen name="xxh_1359pixels">566.25dp</dimen>
    <dimen name="xxh_1360pixels">566.67dp</dimen>
    <dimen name="xxh_1361pixels">567.08dp</dimen>
    <dimen name="xxh_1362pixels">567.50dp</dimen>
    <dimen name="xxh_1363pixels">567.92dp</dimen>
    <dimen name="xxh_1364pixels">568.33dp</dimen>
    <dimen name="xxh_1365pixels">568.75dp</dimen>
    <dimen name="xxh_1366pixels">569.17dp</dimen>
    <dimen name="xxh_1367pixels">569.58dp</dimen>
    <dimen name="xxh_1368pixels">570.00dp</dimen>
    <dimen name="xxh_1369pixels">570.42dp</dimen>
    <dimen name="xxh_1370pixels">570.83dp</dimen>
    <dimen name="xxh_1371pixels">571.25dp</dimen>
    <dimen name="xxh_1372pixels">571.67dp</dimen>
    <dimen name="xxh_1373pixels">572.08dp</dimen>
    <dimen name="xxh_1374pixels">572.50dp</dimen>
    <dimen name="xxh_1375pixels">572.92dp</dimen>
    <dimen name="xxh_1376pixels">573.33dp</dimen>
    <dimen name="xxh_1377pixels">573.75dp</dimen>
    <dimen name="xxh_1378pixels">574.17dp</dimen>
    <dimen name="xxh_1379pixels">574.58dp</dimen>
    <dimen name="xxh_1380pixels">575.00dp</dimen>
    <dimen name="xxh_1381pixels">575.42dp</dimen>
    <dimen name="xxh_1382pixels">575.83dp</dimen>
    <dimen name="xxh_1383pixels">576.25dp</dimen>
    <dimen name="xxh_1384pixels">576.67dp</dimen>
    <dimen name="xxh_1385pixels">577.08dp</dimen>
    <dimen name="xxh_1386pixels">577.50dp</dimen>
    <dimen name="xxh_1387pixels">577.92dp</dimen>
    <dimen name="xxh_1388pixels">578.33dp</dimen>
    <dimen name="xxh_1389pixels">578.75dp</dimen>
    <dimen name="xxh_1390pixels">579.17dp</dimen>
    <dimen name="xxh_1391pixels">579.58dp</dimen>
    <dimen name="xxh_1392pixels">580.00dp</dimen>
    <dimen name="xxh_1393pixels">580.42dp</dimen>
    <dimen name="xxh_1394pixels">580.83dp</dimen>
    <dimen name="xxh_1395pixels">581.25dp</dimen>
    <dimen name="xxh_1396pixels">581.67dp</dimen>
    <dimen name="xxh_1397pixels">582.08dp</dimen>
    <dimen name="xxh_1398pixels">582.50dp</dimen>
    <dimen name="xxh_1399pixels">582.92dp</dimen>
    <dimen name="xxh_1400pixels">583.33dp</dimen>
    <dimen name="xxh_1401pixels">583.75dp</dimen>
    <dimen name="xxh_1402pixels">584.17dp</dimen>
    <dimen name="xxh_1403pixels">584.58dp</dimen>
    <dimen name="xxh_1404pixels">585.00dp</dimen>
    <dimen name="xxh_1405pixels">585.42dp</dimen>
    <dimen name="xxh_1406pixels">585.83dp</dimen>
    <dimen name="xxh_1407pixels">586.25dp</dimen>
    <dimen name="xxh_1408pixels">586.67dp</dimen>
    <dimen name="xxh_1409pixels">587.08dp</dimen>
    <dimen name="xxh_1410pixels">587.50dp</dimen>
    <dimen name="xxh_1411pixels">587.92dp</dimen>
    <dimen name="xxh_1412pixels">588.33dp</dimen>
    <dimen name="xxh_1413pixels">588.75dp</dimen>
    <dimen name="xxh_1414pixels">589.17dp</dimen>
    <dimen name="xxh_1415pixels">589.58dp</dimen>
    <dimen name="xxh_1416pixels">590.00dp</dimen>
    <dimen name="xxh_1417pixels">590.42dp</dimen>
    <dimen name="xxh_1418pixels">590.83dp</dimen>
    <dimen name="xxh_1419pixels">591.25dp</dimen>
    <dimen name="xxh_1420pixels">591.67dp</dimen>
    <dimen name="xxh_1421pixels">592.08dp</dimen>
    <dimen name="xxh_1422pixels">592.50dp</dimen>
    <dimen name="xxh_1423pixels">592.92dp</dimen>
    <dimen name="xxh_1424pixels">593.33dp</dimen>
    <dimen name="xxh_1425pixels">593.75dp</dimen>
    <dimen name="xxh_1426pixels">594.17dp</dimen>
    <dimen name="xxh_1427pixels">594.58dp</dimen>
    <dimen name="xxh_1428pixels">595.00dp</dimen>
    <dimen name="xxh_1429pixels">595.42dp</dimen>
    <dimen name="xxh_1430pixels">595.83dp</dimen>
    <dimen name="xxh_1431pixels">596.25dp</dimen>
    <dimen name="xxh_1432pixels">596.67dp</dimen>
    <dimen name="xxh_1433pixels">597.08dp</dimen>
    <dimen name="xxh_1434pixels">597.50dp</dimen>
    <dimen name="xxh_1435pixels">597.92dp</dimen>
    <dimen name="xxh_1436pixels">598.33dp</dimen>
    <dimen name="xxh_1437pixels">598.75dp</dimen>
    <dimen name="xxh_1438pixels">599.17dp</dimen>
    <dimen name="xxh_1439pixels">599.58dp</dimen>
    <dimen name="xxh_1440pixels">600.00dp</dimen>
    <dimen name="xxh_1441pixels">600.42dp</dimen>
    <dimen name="xxh_1442pixels">600.83dp</dimen>
    <dimen name="xxh_1443pixels">601.25dp</dimen>
    <dimen name="xxh_1444pixels">601.67dp</dimen>
    <dimen name="xxh_1445pixels">602.08dp</dimen>
    <dimen name="xxh_1446pixels">602.50dp</dimen>
    <dimen name="xxh_1447pixels">602.92dp</dimen>
    <dimen name="xxh_1448pixels">603.33dp</dimen>
    <dimen name="xxh_1449pixels">603.75dp</dimen>
    <dimen name="xxh_1450pixels">604.17dp</dimen>
    <dimen name="xxh_1451pixels">604.58dp</dimen>
    <dimen name="xxh_1452pixels">605.00dp</dimen>
    <dimen name="xxh_1453pixels">605.42dp</dimen>
    <dimen name="xxh_1454pixels">605.83dp</dimen>
    <dimen name="xxh_1455pixels">606.25dp</dimen>
    <dimen name="xxh_1456pixels">606.67dp</dimen>
    <dimen name="xxh_1457pixels">607.08dp</dimen>
    <dimen name="xxh_1458pixels">607.50dp</dimen>
    <dimen name="xxh_1459pixels">607.92dp</dimen>
    <dimen name="xxh_1460pixels">608.33dp</dimen>
    <dimen name="xxh_1461pixels">608.75dp</dimen>
    <dimen name="xxh_1462pixels">609.17dp</dimen>
    <dimen name="xxh_1463pixels">609.58dp</dimen>
    <dimen name="xxh_1464pixels">610.00dp</dimen>
    <dimen name="xxh_1465pixels">610.42dp</dimen>
    <dimen name="xxh_1466pixels">610.83dp</dimen>
    <dimen name="xxh_1467pixels">611.25dp</dimen>
    <dimen name="xxh_1468pixels">611.67dp</dimen>
    <dimen name="xxh_1469pixels">612.08dp</dimen>
    <dimen name="xxh_1470pixels">612.50dp</dimen>
    <dimen name="xxh_1471pixels">612.92dp</dimen>
    <dimen name="xxh_1472pixels">613.33dp</dimen>
    <dimen name="xxh_1473pixels">613.75dp</dimen>
    <dimen name="xxh_1474pixels">614.17dp</dimen>
    <dimen name="xxh_1475pixels">614.58dp</dimen>
    <dimen name="xxh_1476pixels">615.00dp</dimen>
    <dimen name="xxh_1477pixels">615.42dp</dimen>
    <dimen name="xxh_1478pixels">615.83dp</dimen>
    <dimen name="xxh_1479pixels">616.25dp</dimen>
    <dimen name="xxh_1480pixels">616.67dp</dimen>
    <dimen name="xxh_1481pixels">617.08dp</dimen>
    <dimen name="xxh_1482pixels">617.50dp</dimen>
    <dimen name="xxh_1483pixels">617.92dp</dimen>
    <dimen name="xxh_1484pixels">618.33dp</dimen>
    <dimen name="xxh_1485pixels">618.75dp</dimen>
    <dimen name="xxh_1486pixels">619.17dp</dimen>
    <dimen name="xxh_1487pixels">619.58dp</dimen>
    <dimen name="xxh_1488pixels">620.00dp</dimen>
    <dimen name="xxh_1489pixels">620.42dp</dimen>
    <dimen name="xxh_1490pixels">620.83dp</dimen>
    <dimen name="xxh_1491pixels">621.25dp</dimen>
    <dimen name="xxh_1492pixels">621.67dp</dimen>
    <dimen name="xxh_1493pixels">622.08dp</dimen>
    <dimen name="xxh_1494pixels">622.50dp</dimen>
    <dimen name="xxh_1495pixels">622.92dp</dimen>
    <dimen name="xxh_1496pixels">623.33dp</dimen>
    <dimen name="xxh_1497pixels">623.75dp</dimen>
    <dimen name="xxh_1498pixels">624.17dp</dimen>
    <dimen name="xxh_1499pixels">624.58dp</dimen>
    <dimen name="xxh_1500pixels">625.00dp</dimen>
    <dimen name="xxh_1501pixels">625.42dp</dimen>
    <dimen name="xxh_1502pixels">625.83dp</dimen>
    <dimen name="xxh_1503pixels">626.25dp</dimen>
    <dimen name="xxh_1504pixels">626.67dp</dimen>
    <dimen name="xxh_1505pixels">627.08dp</dimen>
    <dimen name="xxh_1506pixels">627.50dp</dimen>
    <dimen name="xxh_1507pixels">627.92dp</dimen>
    <dimen name="xxh_1508pixels">628.33dp</dimen>
    <dimen name="xxh_1509pixels">628.75dp</dimen>
    <dimen name="xxh_1510pixels">629.17dp</dimen>
    <dimen name="xxh_1511pixels">629.58dp</dimen>
    <dimen name="xxh_1512pixels">630.00dp</dimen>
    <dimen name="xxh_1513pixels">630.42dp</dimen>
    <dimen name="xxh_1514pixels">630.83dp</dimen>
    <dimen name="xxh_1515pixels">631.25dp</dimen>
    <dimen name="xxh_1516pixels">631.67dp</dimen>
    <dimen name="xxh_1517pixels">632.08dp</dimen>
    <dimen name="xxh_1518pixels">632.50dp</dimen>
    <dimen name="xxh_1519pixels">632.92dp</dimen>
    <dimen name="xxh_1520pixels">633.33dp</dimen>
    <dimen name="xxh_1521pixels">633.75dp</dimen>
    <dimen name="xxh_1522pixels">634.17dp</dimen>
    <dimen name="xxh_1523pixels">634.58dp</dimen>
    <dimen name="xxh_1524pixels">635.00dp</dimen>
    <dimen name="xxh_1525pixels">635.42dp</dimen>
    <dimen name="xxh_1526pixels">635.83dp</dimen>
    <dimen name="xxh_1527pixels">636.25dp</dimen>
    <dimen name="xxh_1528pixels">636.67dp</dimen>
    <dimen name="xxh_1529pixels">637.08dp</dimen>
    <dimen name="xxh_1530pixels">637.50dp</dimen>
    <dimen name="xxh_1531pixels">637.92dp</dimen>
    <dimen name="xxh_1532pixels">638.33dp</dimen>
    <dimen name="xxh_1533pixels">638.75dp</dimen>
    <dimen name="xxh_1534pixels">639.17dp</dimen>
    <dimen name="xxh_1535pixels">639.58dp</dimen>
    <dimen name="xxh_1536pixels">640.00dp</dimen>
    <dimen name="xxh_1537pixels">640.42dp</dimen>
    <dimen name="xxh_1538pixels">640.83dp</dimen>
    <dimen name="xxh_1539pixels">641.25dp</dimen>
    <dimen name="xxh_1540pixels">641.67dp</dimen>
    <dimen name="xxh_1541pixels">642.08dp</dimen>
    <dimen name="xxh_1542pixels">642.50dp</dimen>
    <dimen name="xxh_1543pixels">642.92dp</dimen>
    <dimen name="xxh_1544pixels">643.33dp</dimen>
    <dimen name="xxh_1545pixels">643.75dp</dimen>
    <dimen name="xxh_1546pixels">644.17dp</dimen>
    <dimen name="xxh_1547pixels">644.58dp</dimen>
    <dimen name="xxh_1548pixels">645.00dp</dimen>
    <dimen name="xxh_1549pixels">645.42dp</dimen>
    <dimen name="xxh_1550pixels">645.83dp</dimen>
    <dimen name="xxh_1551pixels">646.25dp</dimen>
    <dimen name="xxh_1552pixels">646.67dp</dimen>
    <dimen name="xxh_1553pixels">647.08dp</dimen>
    <dimen name="xxh_1554pixels">647.50dp</dimen>
    <dimen name="xxh_1555pixels">647.92dp</dimen>
    <dimen name="xxh_1556pixels">648.33dp</dimen>
    <dimen name="xxh_1557pixels">648.75dp</dimen>
    <dimen name="xxh_1558pixels">649.17dp</dimen>
    <dimen name="xxh_1559pixels">649.58dp</dimen>
    <dimen name="xxh_1560pixels">650.00dp</dimen>
    <dimen name="xxh_1561pixels">650.42dp</dimen>
    <dimen name="xxh_1562pixels">650.83dp</dimen>
    <dimen name="xxh_1563pixels">651.25dp</dimen>
    <dimen name="xxh_1564pixels">651.67dp</dimen>
    <dimen name="xxh_1565pixels">652.08dp</dimen>
    <dimen name="xxh_1566pixels">652.50dp</dimen>
    <dimen name="xxh_1567pixels">652.92dp</dimen>
    <dimen name="xxh_1568pixels">653.33dp</dimen>
    <dimen name="xxh_1569pixels">653.75dp</dimen>
    <dimen name="xxh_1570pixels">654.17dp</dimen>
    <dimen name="xxh_1571pixels">654.58dp</dimen>
    <dimen name="xxh_1572pixels">655.00dp</dimen>
    <dimen name="xxh_1573pixels">655.42dp</dimen>
    <dimen name="xxh_1574pixels">655.83dp</dimen>
    <dimen name="xxh_1575pixels">656.25dp</dimen>
    <dimen name="xxh_1576pixels">656.67dp</dimen>
    <dimen name="xxh_1577pixels">657.08dp</dimen>
    <dimen name="xxh_1578pixels">657.50dp</dimen>
    <dimen name="xxh_1579pixels">657.92dp</dimen>
    <dimen name="xxh_1580pixels">658.33dp</dimen>
    <dimen name="xxh_1581pixels">658.75dp</dimen>
    <dimen name="xxh_1582pixels">659.17dp</dimen>
    <dimen name="xxh_1583pixels">659.58dp</dimen>
    <dimen name="xxh_1584pixels">660.00dp</dimen>
    <dimen name="xxh_1585pixels">660.42dp</dimen>
    <dimen name="xxh_1586pixels">660.83dp</dimen>
    <dimen name="xxh_1587pixels">661.25dp</dimen>
    <dimen name="xxh_1588pixels">661.67dp</dimen>
    <dimen name="xxh_1589pixels">662.08dp</dimen>
    <dimen name="xxh_1590pixels">662.50dp</dimen>
    <dimen name="xxh_1591pixels">662.92dp</dimen>
    <dimen name="xxh_1592pixels">663.33dp</dimen>
    <dimen name="xxh_1593pixels">663.75dp</dimen>
    <dimen name="xxh_1594pixels">664.17dp</dimen>
    <dimen name="xxh_1595pixels">664.58dp</dimen>
    <dimen name="xxh_1596pixels">665.00dp</dimen>
    <dimen name="xxh_1597pixels">665.42dp</dimen>
    <dimen name="xxh_1598pixels">665.83dp</dimen>
    <dimen name="xxh_1599pixels">666.25dp</dimen>
    <dimen name="xxh_1600pixels">666.67dp</dimen>
    <dimen name="xxh_1601pixels">667.08dp</dimen>
    <dimen name="xxh_1602pixels">667.50dp</dimen>
    <dimen name="xxh_1603pixels">667.92dp</dimen>
    <dimen name="xxh_1604pixels">668.33dp</dimen>
    <dimen name="xxh_1605pixels">668.75dp</dimen>
    <dimen name="xxh_1606pixels">669.17dp</dimen>
    <dimen name="xxh_1607pixels">669.58dp</dimen>
    <dimen name="xxh_1608pixels">670.00dp</dimen>
    <dimen name="xxh_1609pixels">670.42dp</dimen>
    <dimen name="xxh_1610pixels">670.83dp</dimen>
    <dimen name="xxh_1611pixels">671.25dp</dimen>
    <dimen name="xxh_1612pixels">671.67dp</dimen>
    <dimen name="xxh_1613pixels">672.08dp</dimen>
    <dimen name="xxh_1614pixels">672.50dp</dimen>
    <dimen name="xxh_1615pixels">672.92dp</dimen>
    <dimen name="xxh_1616pixels">673.33dp</dimen>
    <dimen name="xxh_1617pixels">673.75dp</dimen>
    <dimen name="xxh_1618pixels">674.17dp</dimen>
    <dimen name="xxh_1619pixels">674.58dp</dimen>
    <dimen name="xxh_1620pixels">675.00dp</dimen>
    <dimen name="xxh_1621pixels">675.42dp</dimen>
    <dimen name="xxh_1622pixels">675.83dp</dimen>
    <dimen name="xxh_1623pixels">676.25dp</dimen>
    <dimen name="xxh_1624pixels">676.67dp</dimen>
    <dimen name="xxh_1625pixels">677.08dp</dimen>
    <dimen name="xxh_1626pixels">677.50dp</dimen>
    <dimen name="xxh_1627pixels">677.92dp</dimen>
    <dimen name="xxh_1628pixels">678.33dp</dimen>
    <dimen name="xxh_1629pixels">678.75dp</dimen>
    <dimen name="xxh_1630pixels">679.17dp</dimen>
    <dimen name="xxh_1631pixels">679.58dp</dimen>
    <dimen name="xxh_1632pixels">680.00dp</dimen>
    <dimen name="xxh_1633pixels">680.42dp</dimen>
    <dimen name="xxh_1634pixels">680.83dp</dimen>
    <dimen name="xxh_1635pixels">681.25dp</dimen>
    <dimen name="xxh_1636pixels">681.67dp</dimen>
    <dimen name="xxh_1637pixels">682.08dp</dimen>
    <dimen name="xxh_1638pixels">682.50dp</dimen>
    <dimen name="xxh_1639pixels">682.92dp</dimen>
    <dimen name="xxh_1640pixels">683.33dp</dimen>
    <dimen name="xxh_1641pixels">683.75dp</dimen>
    <dimen name="xxh_1642pixels">684.17dp</dimen>
    <dimen name="xxh_1643pixels">684.58dp</dimen>
    <dimen name="xxh_1644pixels">685.00dp</dimen>
    <dimen name="xxh_1645pixels">685.42dp</dimen>
    <dimen name="xxh_1646pixels">685.83dp</dimen>
    <dimen name="xxh_1647pixels">686.25dp</dimen>
    <dimen name="xxh_1648pixels">686.67dp</dimen>
    <dimen name="xxh_1649pixels">687.08dp</dimen>
    <dimen name="xxh_1650pixels">687.50dp</dimen>
    <dimen name="xxh_1651pixels">687.92dp</dimen>
    <dimen name="xxh_1652pixels">688.33dp</dimen>
    <dimen name="xxh_1653pixels">688.75dp</dimen>
    <dimen name="xxh_1654pixels">689.17dp</dimen>
    <dimen name="xxh_1655pixels">689.58dp</dimen>
    <dimen name="xxh_1656pixels">690.00dp</dimen>
    <dimen name="xxh_1657pixels">690.42dp</dimen>
    <dimen name="xxh_1658pixels">690.83dp</dimen>
    <dimen name="xxh_1659pixels">691.25dp</dimen>
    <dimen name="xxh_1660pixels">691.67dp</dimen>
    <dimen name="xxh_1661pixels">692.08dp</dimen>
    <dimen name="xxh_1662pixels">692.50dp</dimen>
    <dimen name="xxh_1663pixels">692.92dp</dimen>
    <dimen name="xxh_1664pixels">693.33dp</dimen>
    <dimen name="xxh_1665pixels">693.75dp</dimen>
    <dimen name="xxh_1666pixels">694.17dp</dimen>
    <dimen name="xxh_1667pixels">694.58dp</dimen>
    <dimen name="xxh_1668pixels">695.00dp</dimen>
    <dimen name="xxh_1669pixels">695.42dp</dimen>
    <dimen name="xxh_1670pixels">695.83dp</dimen>
    <dimen name="xxh_1671pixels">696.25dp</dimen>
    <dimen name="xxh_1672pixels">696.67dp</dimen>
    <dimen name="xxh_1673pixels">697.08dp</dimen>
    <dimen name="xxh_1674pixels">697.50dp</dimen>
    <dimen name="xxh_1675pixels">697.92dp</dimen>
    <dimen name="xxh_1676pixels">698.33dp</dimen>
    <dimen name="xxh_1677pixels">698.75dp</dimen>
    <dimen name="xxh_1678pixels">699.17dp</dimen>
    <dimen name="xxh_1679pixels">699.58dp</dimen>
    <dimen name="xxh_1680pixels">700.00dp</dimen>
    <dimen name="xxh_1681pixels">700.42dp</dimen>
    <dimen name="xxh_1682pixels">700.83dp</dimen>
    <dimen name="xxh_1683pixels">701.25dp</dimen>
    <dimen name="xxh_1684pixels">701.67dp</dimen>
    <dimen name="xxh_1685pixels">702.08dp</dimen>
    <dimen name="xxh_1686pixels">702.50dp</dimen>
    <dimen name="xxh_1687pixels">702.92dp</dimen>
    <dimen name="xxh_1688pixels">703.33dp</dimen>
    <dimen name="xxh_1689pixels">703.75dp</dimen>
    <dimen name="xxh_1690pixels">704.17dp</dimen>
    <dimen name="xxh_1691pixels">704.58dp</dimen>
    <dimen name="xxh_1692pixels">705.00dp</dimen>
    <dimen name="xxh_1693pixels">705.42dp</dimen>
    <dimen name="xxh_1694pixels">705.83dp</dimen>
    <dimen name="xxh_1695pixels">706.25dp</dimen>
    <dimen name="xxh_1696pixels">706.67dp</dimen>
    <dimen name="xxh_1697pixels">707.08dp</dimen>
    <dimen name="xxh_1698pixels">707.50dp</dimen>
    <dimen name="xxh_1699pixels">707.92dp</dimen>
    <dimen name="xxh_1700pixels">708.33dp</dimen>
    <dimen name="xxh_1701pixels">708.75dp</dimen>
    <dimen name="xxh_1702pixels">709.17dp</dimen>
    <dimen name="xxh_1703pixels">709.58dp</dimen>
    <dimen name="xxh_1704pixels">710.00dp</dimen>
    <dimen name="xxh_1705pixels">710.42dp</dimen>
    <dimen name="xxh_1706pixels">710.83dp</dimen>
    <dimen name="xxh_1707pixels">711.25dp</dimen>
    <dimen name="xxh_1708pixels">711.67dp</dimen>
    <dimen name="xxh_1709pixels">712.08dp</dimen>
    <dimen name="xxh_1710pixels">712.50dp</dimen>
    <dimen name="xxh_1711pixels">712.92dp</dimen>
    <dimen name="xxh_1712pixels">713.33dp</dimen>
    <dimen name="xxh_1713pixels">713.75dp</dimen>
    <dimen name="xxh_1714pixels">714.17dp</dimen>
    <dimen name="xxh_1715pixels">714.58dp</dimen>
    <dimen name="xxh_1716pixels">715.00dp</dimen>
    <dimen name="xxh_1717pixels">715.42dp</dimen>
    <dimen name="xxh_1718pixels">715.83dp</dimen>
    <dimen name="xxh_1719pixels">716.25dp</dimen>
    <dimen name="xxh_1720pixels">716.67dp</dimen>
    <dimen name="xxh_1721pixels">717.08dp</dimen>
    <dimen name="xxh_1722pixels">717.50dp</dimen>
    <dimen name="xxh_1723pixels">717.92dp</dimen>
    <dimen name="xxh_1724pixels">718.33dp</dimen>
    <dimen name="xxh_1725pixels">718.75dp</dimen>
    <dimen name="xxh_1726pixels">719.17dp</dimen>
    <dimen name="xxh_1727pixels">719.58dp</dimen>
    <dimen name="xxh_1728pixels">720.00dp</dimen>
    <dimen name="xxh_1729pixels">720.42dp</dimen>
    <dimen name="xxh_1730pixels">720.83dp</dimen>
    <dimen name="xxh_1731pixels">721.25dp</dimen>
    <dimen name="xxh_1732pixels">721.67dp</dimen>
    <dimen name="xxh_1733pixels">722.08dp</dimen>
    <dimen name="xxh_1734pixels">722.50dp</dimen>
    <dimen name="xxh_1735pixels">722.92dp</dimen>
    <dimen name="xxh_1736pixels">723.33dp</dimen>
    <dimen name="xxh_1737pixels">723.75dp</dimen>
    <dimen name="xxh_1738pixels">724.17dp</dimen>
    <dimen name="xxh_1739pixels">724.58dp</dimen>
    <dimen name="xxh_1740pixels">725.00dp</dimen>
    <dimen name="xxh_1741pixels">725.42dp</dimen>
    <dimen name="xxh_1742pixels">725.83dp</dimen>
    <dimen name="xxh_1743pixels">726.25dp</dimen>
    <dimen name="xxh_1744pixels">726.67dp</dimen>
    <dimen name="xxh_1745pixels">727.08dp</dimen>
    <dimen name="xxh_1746pixels">727.50dp</dimen>
    <dimen name="xxh_1747pixels">727.92dp</dimen>
    <dimen name="xxh_1748pixels">728.33dp</dimen>
    <dimen name="xxh_1749pixels">728.75dp</dimen>
    <dimen name="xxh_1750pixels">729.17dp</dimen>
    <dimen name="xxh_1751pixels">729.58dp</dimen>
    <dimen name="xxh_1752pixels">730.00dp</dimen>
    <dimen name="xxh_1753pixels">730.42dp</dimen>
    <dimen name="xxh_1754pixels">730.83dp</dimen>
    <dimen name="xxh_1755pixels">731.25dp</dimen>
    <dimen name="xxh_1756pixels">731.67dp</dimen>
    <dimen name="xxh_1757pixels">732.08dp</dimen>
    <dimen name="xxh_1758pixels">732.50dp</dimen>
    <dimen name="xxh_1759pixels">732.92dp</dimen>
    <dimen name="xxh_1760pixels">733.33dp</dimen>
    <dimen name="xxh_1761pixels">733.75dp</dimen>
    <dimen name="xxh_1762pixels">734.17dp</dimen>
    <dimen name="xxh_1763pixels">734.58dp</dimen>
    <dimen name="xxh_1764pixels">735.00dp</dimen>
    <dimen name="xxh_1765pixels">735.42dp</dimen>
    <dimen name="xxh_1766pixels">735.83dp</dimen>
    <dimen name="xxh_1767pixels">736.25dp</dimen>
    <dimen name="xxh_1768pixels">736.67dp</dimen>
    <dimen name="xxh_1769pixels">737.08dp</dimen>
    <dimen name="xxh_1770pixels">737.50dp</dimen>
    <dimen name="xxh_1771pixels">737.92dp</dimen>
    <dimen name="xxh_1772pixels">738.33dp</dimen>
    <dimen name="xxh_1773pixels">738.75dp</dimen>
    <dimen name="xxh_1774pixels">739.17dp</dimen>
    <dimen name="xxh_1775pixels">739.58dp</dimen>
    <dimen name="xxh_1776pixels">740.00dp</dimen>
    <dimen name="xxh_1777pixels">740.42dp</dimen>
    <dimen name="xxh_1778pixels">740.83dp</dimen>
    <dimen name="xxh_1779pixels">741.25dp</dimen>
    <dimen name="xxh_1780pixels">741.67dp</dimen>
    <dimen name="xxh_1781pixels">742.08dp</dimen>
    <dimen name="xxh_1782pixels">742.50dp</dimen>
    <dimen name="xxh_1783pixels">742.92dp</dimen>
    <dimen name="xxh_1784pixels">743.33dp</dimen>
    <dimen name="xxh_1785pixels">743.75dp</dimen>
    <dimen name="xxh_1786pixels">744.17dp</dimen>
    <dimen name="xxh_1787pixels">744.58dp</dimen>
    <dimen name="xxh_1788pixels">745.00dp</dimen>
    <dimen name="xxh_1789pixels">745.42dp</dimen>
    <dimen name="xxh_1790pixels">745.83dp</dimen>
    <dimen name="xxh_1791pixels">746.25dp</dimen>
    <dimen name="xxh_1792pixels">746.67dp</dimen>
    <dimen name="xxh_1793pixels">747.08dp</dimen>
    <dimen name="xxh_1794pixels">747.50dp</dimen>
    <dimen name="xxh_1795pixels">747.92dp</dimen>
    <dimen name="xxh_1796pixels">748.33dp</dimen>
    <dimen name="xxh_1797pixels">748.75dp</dimen>
    <dimen name="xxh_1798pixels">749.17dp</dimen>
    <dimen name="xxh_1799pixels">749.58dp</dimen>
    <dimen name="xxh_1800pixels">750.00dp</dimen>
    <dimen name="xxh_1801pixels">750.42dp</dimen>
    <dimen name="xxh_1802pixels">750.83dp</dimen>
    <dimen name="xxh_1803pixels">751.25dp</dimen>
    <dimen name="xxh_1804pixels">751.67dp</dimen>
    <dimen name="xxh_1805pixels">752.08dp</dimen>
    <dimen name="xxh_1806pixels">752.50dp</dimen>
    <dimen name="xxh_1807pixels">752.92dp</dimen>
    <dimen name="xxh_1808pixels">753.33dp</dimen>
    <dimen name="xxh_1809pixels">753.75dp</dimen>
    <dimen name="xxh_1810pixels">754.17dp</dimen>
    <dimen name="xxh_1811pixels">754.58dp</dimen>
    <dimen name="xxh_1812pixels">755.00dp</dimen>
    <dimen name="xxh_1813pixels">755.42dp</dimen>
    <dimen name="xxh_1814pixels">755.83dp</dimen>
    <dimen name="xxh_1815pixels">756.25dp</dimen>
    <dimen name="xxh_1816pixels">756.67dp</dimen>
    <dimen name="xxh_1817pixels">757.08dp</dimen>
    <dimen name="xxh_1818pixels">757.50dp</dimen>
    <dimen name="xxh_1819pixels">757.92dp</dimen>
    <dimen name="xxh_1820pixels">758.33dp</dimen>
    <dimen name="xxh_1821pixels">758.75dp</dimen>
    <dimen name="xxh_1822pixels">759.17dp</dimen>
    <dimen name="xxh_1823pixels">759.58dp</dimen>
    <dimen name="xxh_1824pixels">760.00dp</dimen>
    <dimen name="xxh_1825pixels">760.42dp</dimen>
    <dimen name="xxh_1826pixels">760.83dp</dimen>
    <dimen name="xxh_1827pixels">761.25dp</dimen>
    <dimen name="xxh_1828pixels">761.67dp</dimen>
    <dimen name="xxh_1829pixels">762.08dp</dimen>
    <dimen name="xxh_1830pixels">762.50dp</dimen>
    <dimen name="xxh_1831pixels">762.92dp</dimen>
    <dimen name="xxh_1832pixels">763.33dp</dimen>
    <dimen name="xxh_1833pixels">763.75dp</dimen>
    <dimen name="xxh_1834pixels">764.17dp</dimen>
    <dimen name="xxh_1835pixels">764.58dp</dimen>
    <dimen name="xxh_1836pixels">765.00dp</dimen>
    <dimen name="xxh_1837pixels">765.42dp</dimen>
    <dimen name="xxh_1838pixels">765.83dp</dimen>
    <dimen name="xxh_1839pixels">766.25dp</dimen>
    <dimen name="xxh_1840pixels">766.67dp</dimen>
    <dimen name="xxh_1841pixels">767.08dp</dimen>
    <dimen name="xxh_1842pixels">767.50dp</dimen>
    <dimen name="xxh_1843pixels">767.92dp</dimen>
    <dimen name="xxh_1844pixels">768.33dp</dimen>
    <dimen name="xxh_1845pixels">768.75dp</dimen>
    <dimen name="xxh_1846pixels">769.17dp</dimen>
    <dimen name="xxh_1847pixels">769.58dp</dimen>
    <dimen name="xxh_1848pixels">770.00dp</dimen>
    <dimen name="xxh_1849pixels">770.42dp</dimen>
    <dimen name="xxh_1850pixels">770.83dp</dimen>
    <dimen name="xxh_1851pixels">771.25dp</dimen>
    <dimen name="xxh_1852pixels">771.67dp</dimen>
    <dimen name="xxh_1853pixels">772.08dp</dimen>
    <dimen name="xxh_1854pixels">772.50dp</dimen>
    <dimen name="xxh_1855pixels">772.92dp</dimen>
    <dimen name="xxh_1856pixels">773.33dp</dimen>
    <dimen name="xxh_1857pixels">773.75dp</dimen>
    <dimen name="xxh_1858pixels">774.17dp</dimen>
    <dimen name="xxh_1859pixels">774.58dp</dimen>
    <dimen name="xxh_1860pixels">775.00dp</dimen>
    <dimen name="xxh_1861pixels">775.42dp</dimen>
    <dimen name="xxh_1862pixels">775.83dp</dimen>
    <dimen name="xxh_1863pixels">776.25dp</dimen>
    <dimen name="xxh_1864pixels">776.67dp</dimen>
    <dimen name="xxh_1865pixels">777.08dp</dimen>
    <dimen name="xxh_1866pixels">777.50dp</dimen>
    <dimen name="xxh_1867pixels">777.92dp</dimen>
    <dimen name="xxh_1868pixels">778.33dp</dimen>
    <dimen name="xxh_1869pixels">778.75dp</dimen>
    <dimen name="xxh_1870pixels">779.17dp</dimen>
    <dimen name="xxh_1871pixels">779.58dp</dimen>
    <dimen name="xxh_1872pixels">780.00dp</dimen>
    <dimen name="xxh_1873pixels">780.42dp</dimen>
    <dimen name="xxh_1874pixels">780.83dp</dimen>
    <dimen name="xxh_1875pixels">781.25dp</dimen>
    <dimen name="xxh_1876pixels">781.67dp</dimen>
    <dimen name="xxh_1877pixels">782.08dp</dimen>
    <dimen name="xxh_1878pixels">782.50dp</dimen>
    <dimen name="xxh_1879pixels">782.92dp</dimen>
    <dimen name="xxh_1880pixels">783.33dp</dimen>
    <dimen name="xxh_1881pixels">783.75dp</dimen>
    <dimen name="xxh_1882pixels">784.17dp</dimen>
    <dimen name="xxh_1883pixels">784.58dp</dimen>
    <dimen name="xxh_1884pixels">785.00dp</dimen>
    <dimen name="xxh_1885pixels">785.42dp</dimen>
    <dimen name="xxh_1886pixels">785.83dp</dimen>
    <dimen name="xxh_1887pixels">786.25dp</dimen>
    <dimen name="xxh_1888pixels">786.67dp</dimen>
    <dimen name="xxh_1889pixels">787.08dp</dimen>
    <dimen name="xxh_1890pixels">787.50dp</dimen>
    <dimen name="xxh_1891pixels">787.92dp</dimen>
    <dimen name="xxh_1892pixels">788.33dp</dimen>
    <dimen name="xxh_1893pixels">788.75dp</dimen>
    <dimen name="xxh_1894pixels">789.17dp</dimen>
    <dimen name="xxh_1895pixels">789.58dp</dimen>
    <dimen name="xxh_1896pixels">790.00dp</dimen>
    <dimen name="xxh_1897pixels">790.42dp</dimen>
    <dimen name="xxh_1898pixels">790.83dp</dimen>
    <dimen name="xxh_1899pixels">791.25dp</dimen>
    <dimen name="xxh_1900pixels">791.67dp</dimen>
    <dimen name="xxh_1901pixels">792.08dp</dimen>
    <dimen name="xxh_1902pixels">792.50dp</dimen>
    <dimen name="xxh_1903pixels">792.92dp</dimen>
    <dimen name="xxh_1904pixels">793.33dp</dimen>
    <dimen name="xxh_1905pixels">793.75dp</dimen>
    <dimen name="xxh_1906pixels">794.17dp</dimen>
    <dimen name="xxh_1907pixels">794.58dp</dimen>
    <dimen name="xxh_1908pixels">795.00dp</dimen>
    <dimen name="xxh_1909pixels">795.42dp</dimen>
    <dimen name="xxh_1910pixels">795.83dp</dimen>
    <dimen name="xxh_1911pixels">796.25dp</dimen>
    <dimen name="xxh_1912pixels">796.67dp</dimen>
    <dimen name="xxh_1913pixels">797.08dp</dimen>
    <dimen name="xxh_1914pixels">797.50dp</dimen>
    <dimen name="xxh_1915pixels">797.92dp</dimen>
    <dimen name="xxh_1916pixels">798.33dp</dimen>
    <dimen name="xxh_1917pixels">798.75dp</dimen>
    <dimen name="xxh_1918pixels">799.17dp</dimen>
    <dimen name="xxh_1919pixels">799.58dp</dimen>
    <dimen name="xxh_1920pixels">800.00dp</dimen>
    <dimen name="xxh_1921pixels">800.42dp</dimen>
    <dimen name="xxh_1922pixels">800.83dp</dimen>
    <dimen name="xxh_1923pixels">801.25dp</dimen>
    <dimen name="xxh_1924pixels">801.67dp</dimen>
    <dimen name="xxh_1925pixels">802.08dp</dimen>
    <dimen name="xxh_1926pixels">802.50dp</dimen>
    <dimen name="xxh_1927pixels">802.92dp</dimen>
    <dimen name="xxh_1928pixels">803.33dp</dimen>
    <dimen name="xxh_1929pixels">803.75dp</dimen>
    <dimen name="xxh_1930pixels">804.17dp</dimen>
    <dimen name="xxh_1931pixels">804.58dp</dimen>
    <dimen name="xxh_1932pixels">805.00dp</dimen>
    <dimen name="xxh_1933pixels">805.42dp</dimen>
    <dimen name="xxh_1934pixels">805.83dp</dimen>
    <dimen name="xxh_1935pixels">806.25dp</dimen>
    <dimen name="xxh_1936pixels">806.67dp</dimen>
    <dimen name="xxh_1937pixels">807.08dp</dimen>
    <dimen name="xxh_1938pixels">807.50dp</dimen>
    <dimen name="xxh_1939pixels">807.92dp</dimen>
    <dimen name="xxh_1940pixels">808.33dp</dimen>
    <dimen name="xxh_1941pixels">808.75dp</dimen>
    <dimen name="xxh_1942pixels">809.17dp</dimen>
    <dimen name="xxh_1943pixels">809.58dp</dimen>
    <dimen name="xxh_1944pixels">810.00dp</dimen>
    <dimen name="xxh_1945pixels">810.42dp</dimen>
    <dimen name="xxh_1946pixels">810.83dp</dimen>
    <dimen name="xxh_1947pixels">811.25dp</dimen>
    <dimen name="xxh_1948pixels">811.67dp</dimen>
    <dimen name="xxh_1949pixels">812.08dp</dimen>
    <dimen name="xxh_1950pixels">812.50dp</dimen>
    <dimen name="xxh_1951pixels">812.92dp</dimen>
    <dimen name="xxh_1952pixels">813.33dp</dimen>
    <dimen name="xxh_1953pixels">813.75dp</dimen>
    <dimen name="xxh_1954pixels">814.17dp</dimen>
    <dimen name="xxh_1955pixels">814.58dp</dimen>
    <dimen name="xxh_1956pixels">815.00dp</dimen>
    <dimen name="xxh_1957pixels">815.42dp</dimen>
    <dimen name="xxh_1958pixels">815.83dp</dimen>
    <dimen name="xxh_1959pixels">816.25dp</dimen>
    <dimen name="xxh_1960pixels">816.67dp</dimen>
    <dimen name="xxh_1961pixels">817.08dp</dimen>
    <dimen name="xxh_1962pixels">817.50dp</dimen>
    <dimen name="xxh_1963pixels">817.92dp</dimen>
    <dimen name="xxh_1964pixels">818.33dp</dimen>
    <dimen name="xxh_1965pixels">818.75dp</dimen>
    <dimen name="xxh_1966pixels">819.17dp</dimen>
    <dimen name="xxh_1967pixels">819.58dp</dimen>
    <dimen name="xxh_1968pixels">820.00dp</dimen>
    <dimen name="xxh_1969pixels">820.42dp</dimen>
    <dimen name="xxh_1970pixels">820.83dp</dimen>
    <dimen name="xxh_1971pixels">821.25dp</dimen>
    <dimen name="xxh_1972pixels">821.67dp</dimen>
    <dimen name="xxh_1973pixels">822.08dp</dimen>
    <dimen name="xxh_1974pixels">822.50dp</dimen>
    <dimen name="xxh_1975pixels">822.92dp</dimen>
    <dimen name="xxh_1976pixels">823.33dp</dimen>
    <dimen name="xxh_1977pixels">823.75dp</dimen>
    <dimen name="xxh_1978pixels">824.17dp</dimen>
    <dimen name="xxh_1979pixels">824.58dp</dimen>
    <dimen name="xxh_1980pixels">825.00dp</dimen>
    <dimen name="xxh_1981pixels">825.42dp</dimen>
    <dimen name="xxh_1982pixels">825.83dp</dimen>
    <dimen name="xxh_1983pixels">826.25dp</dimen>
    <dimen name="xxh_1984pixels">826.67dp</dimen>
    <dimen name="xxh_1985pixels">827.08dp</dimen>
    <dimen name="xxh_1986pixels">827.50dp</dimen>
    <dimen name="xxh_1987pixels">827.92dp</dimen>
    <dimen name="xxh_1988pixels">828.33dp</dimen>
    <dimen name="xxh_1989pixels">828.75dp</dimen>
    <dimen name="xxh_1990pixels">829.17dp</dimen>
    <dimen name="xxh_1991pixels">829.58dp</dimen>
    <dimen name="xxh_1992pixels">830.00dp</dimen>
    <dimen name="xxh_1993pixels">830.42dp</dimen>
    <dimen name="xxh_1994pixels">830.83dp</dimen>
    <dimen name="xxh_1995pixels">831.25dp</dimen>
    <dimen name="xxh_1996pixels">831.67dp</dimen>
    <dimen name="xxh_1997pixels">832.08dp</dimen>
    <dimen name="xxh_1998pixels">832.50dp</dimen>
    <dimen name="xxh_1999pixels">832.92dp</dimen>
    <dimen name="xxh_2000pixels">833.33dp</dimen>
</resources>