<?xml version="1.0" encoding="utf-8"?>
<resources>

    <dimen name="xxh_m130pixels">-260dp</dimen>
    <dimen name="xxh_m48pixels">-96dp</dimen>
    <dimen name="xxh_m42pixels">-84dp</dimen>
    <dimen name="xxh_m30pixels">-60dp</dimen>
    <dimen name="xxh_m26pixels">-52dp</dimen>
    <dimen name="xxh_m25pixels">-50dp</dimen>
    <dimen name="xxh_m24pixels">-48dp</dimen>
    <dimen name="xxh_m23pixels">-46dp</dimen>
    <dimen name="xxh_m21pixels">-42dp</dimen>
    <dimen name="xxh_m20pixels">-40dp</dimen>
    <dimen name="xxh_m18pixels">-36dp</dimen>
    <dimen name="xxh_m16pixels">-32dp</dimen>
    <dimen name="xxh_m14pixels">-28dp</dimen>
    <dimen name="xxh_m10pixels">-20dp</dimen>
    <dimen name="xxh_m8pixels">-16dp</dimen>
    <dimen name="xxh_m5pixels">-10dp</dimen>
    <dimen name="xxh_m1pixels">-2dp</dimen>

    <dimen name="xxh_1pixels">2dp</dimen>
    <dimen name="xxh_2pixels">4dp</dimen>
    <dimen name="xxh_3pixels">6dp</dimen>
    <dimen name="xxh_4pixels">8dp</dimen>
    <dimen name="xxh_5pixels">10dp</dimen>
    <dimen name="xxh_6pixels">12dp</dimen>
    <dimen name="xxh_7pixels">14dp</dimen>
    <dimen name="xxh_8pixels">16dp</dimen>
    <dimen name="xxh_9pixels">18dp</dimen>
    <dimen name="xxh_10pixels">20dp</dimen>
    <dimen name="xxh_11pixels">22dp</dimen>
    <dimen name="xxh_12pixels">24dp</dimen>
    <dimen name="xxh_13pixels">26dp</dimen>
    <dimen name="xxh_14pixels">28dp</dimen>
    <dimen name="xxh_15pixels">30dp</dimen>
    <dimen name="xxh_16pixels">32dp</dimen>
    <dimen name="xxh_17pixels">34dp</dimen>
    <dimen name="xxh_18pixels">36dp</dimen>
    <dimen name="xxh_19pixels">38dp</dimen>
    <dimen name="xxh_20pixels">40dp</dimen>
    <dimen name="xxh_21pixels">42dp</dimen>
    <dimen name="xxh_22pixels">44dp</dimen>
    <dimen name="xxh_23pixels">46dp</dimen>
    <dimen name="xxh_24pixels">48dp</dimen>
    <dimen name="xxh_25pixels">50dp</dimen>
    <dimen name="xxh_26pixels">52dp</dimen>
    <dimen name="xxh_27pixels">54dp</dimen>
    <dimen name="xxh_28pixels">56dp</dimen>
    <dimen name="xxh_29pixels">58dp</dimen>
    <dimen name="xxh_30pixels">60dp</dimen>
    <dimen name="xxh_31pixels">62dp</dimen>
    <dimen name="xxh_32pixels">64dp</dimen>
    <dimen name="xxh_33pixels">66dp</dimen>
    <dimen name="xxh_34pixels">68dp</dimen>
    <dimen name="xxh_35pixels">70dp</dimen>
    <dimen name="xxh_36pixels">72dp</dimen>
    <dimen name="xxh_37pixels">74dp</dimen>
    <dimen name="xxh_38pixels">76dp</dimen>
    <dimen name="xxh_39pixels">78dp</dimen>
    <dimen name="xxh_40pixels">80dp</dimen>
    <dimen name="xxh_41pixels">82dp</dimen>
    <dimen name="xxh_42pixels">84dp</dimen>
    <dimen name="xxh_43pixels">86dp</dimen>
    <dimen name="xxh_44pixels">88dp</dimen>
    <dimen name="xxh_45pixels">90dp</dimen>
    <dimen name="xxh_46pixels">92dp</dimen>
    <dimen name="xxh_47pixels">94dp</dimen>
    <dimen name="xxh_48pixels">96dp</dimen>
    <dimen name="xxh_49pixels">98dp</dimen>
    <dimen name="xxh_50pixels">100dp</dimen>
    <dimen name="xxh_51pixels">102dp</dimen>
    <dimen name="xxh_52pixels">104dp</dimen>
    <dimen name="xxh_53pixels">106dp</dimen>
    <dimen name="xxh_54pixels">108dp</dimen>
    <dimen name="xxh_55pixels">110dp</dimen>
    <dimen name="xxh_56pixels">112dp</dimen>
    <dimen name="xxh_57pixels">114dp</dimen>
    <dimen name="xxh_58pixels">116dp</dimen>
    <dimen name="xxh_59pixels">118dp</dimen>
    <dimen name="xxh_60pixels">120dp</dimen>
    <dimen name="xxh_61pixels">122dp</dimen>
    <dimen name="xxh_62pixels">124dp</dimen>
    <dimen name="xxh_63pixels">126dp</dimen>
    <dimen name="xxh_64pixels">128dp</dimen>
    <dimen name="xxh_65pixels">130dp</dimen>
    <dimen name="xxh_66pixels">132dp</dimen>
    <dimen name="xxh_67pixels">134dp</dimen>
    <dimen name="xxh_68pixels">136dp</dimen>
    <dimen name="xxh_69pixels">138dp</dimen>
    <dimen name="xxh_70pixels">140dp</dimen>
    <dimen name="xxh_71pixels">142dp</dimen>
    <dimen name="xxh_72pixels">144dp</dimen>
    <dimen name="xxh_73pixels">146dp</dimen>
    <dimen name="xxh_74pixels">148dp</dimen>
    <dimen name="xxh_75pixels">150dp</dimen>
    <dimen name="xxh_76pixels">152dp</dimen>
    <dimen name="xxh_77pixels">154dp</dimen>
    <dimen name="xxh_78pixels">156dp</dimen>
    <dimen name="xxh_79pixels">158dp</dimen>
    <dimen name="xxh_80pixels">160dp</dimen>
    <dimen name="xxh_81pixels">162dp</dimen>
    <dimen name="xxh_82pixels">164dp</dimen>
    <dimen name="xxh_83pixels">166dp</dimen>
    <dimen name="xxh_84pixels">168dp</dimen>
    <dimen name="xxh_85pixels">170dp</dimen>
    <dimen name="xxh_86pixels">172dp</dimen>
    <dimen name="xxh_87pixels">174dp</dimen>
    <dimen name="xxh_88pixels">176dp</dimen>
    <dimen name="xxh_89pixels">178dp</dimen>
    <dimen name="xxh_90pixels">180dp</dimen>
    <dimen name="xxh_91pixels">182dp</dimen>
    <dimen name="xxh_92pixels">184dp</dimen>
    <dimen name="xxh_93pixels">186dp</dimen>
    <dimen name="xxh_94pixels">188dp</dimen>
    <dimen name="xxh_95pixels">190dp</dimen>
    <dimen name="xxh_96pixels">192dp</dimen>
    <dimen name="xxh_97pixels">194dp</dimen>
    <dimen name="xxh_98pixels">196dp</dimen>
    <dimen name="xxh_99pixels">198dp</dimen>
    <dimen name="xxh_100pixels">200dp</dimen>
    <dimen name="xxh_101pixels">202dp</dimen>
    <dimen name="xxh_102pixels">204dp</dimen>
    <dimen name="xxh_103pixels">206dp</dimen>
    <dimen name="xxh_104pixels">208dp</dimen>
    <dimen name="xxh_105pixels">210dp</dimen>
    <dimen name="xxh_106pixels">212dp</dimen>
    <dimen name="xxh_107pixels">214dp</dimen>
    <dimen name="xxh_108pixels">216dp</dimen>
    <dimen name="xxh_109pixels">218dp</dimen>
    <dimen name="xxh_110pixels">220dp</dimen>
    <dimen name="xxh_111pixels">222dp</dimen>
    <dimen name="xxh_112pixels">224dp</dimen>
    <dimen name="xxh_113pixels">226dp</dimen>
    <dimen name="xxh_114pixels">228dp</dimen>
    <dimen name="xxh_115pixels">230dp</dimen>
    <dimen name="xxh_116pixels">232dp</dimen>
    <dimen name="xxh_117pixels">234dp</dimen>
    <dimen name="xxh_118pixels">236dp</dimen>
    <dimen name="xxh_119pixels">238dp</dimen>
    <dimen name="xxh_120pixels">240dp</dimen>
    <dimen name="xxh_121pixels">242dp</dimen>
    <dimen name="xxh_122pixels">244dp</dimen>
    <dimen name="xxh_123pixels">246dp</dimen>
    <dimen name="xxh_124pixels">248dp</dimen>
    <dimen name="xxh_125pixels">250dp</dimen>
    <dimen name="xxh_126pixels">252dp</dimen>
    <dimen name="xxh_127pixels">254dp</dimen>
    <dimen name="xxh_128pixels">256dp</dimen>
    <dimen name="xxh_129pixels">258dp</dimen>
    <dimen name="xxh_130pixels">260dp</dimen>
    <dimen name="xxh_131pixels">262dp</dimen>
    <dimen name="xxh_132pixels">264dp</dimen>
    <dimen name="xxh_133pixels">266dp</dimen>
    <dimen name="xxh_134pixels">268dp</dimen>
    <dimen name="xxh_135pixels">270dp</dimen>
    <dimen name="xxh_136pixels">272dp</dimen>
    <dimen name="xxh_137pixels">274dp</dimen>
    <dimen name="xxh_138pixels">276dp</dimen>
    <dimen name="xxh_139pixels">278dp</dimen>
    <dimen name="xxh_140pixels">280dp</dimen>
    <dimen name="xxh_141pixels">282dp</dimen>
    <dimen name="xxh_142pixels">284dp</dimen>
    <dimen name="xxh_143pixels">286dp</dimen>
    <dimen name="xxh_144pixels">288dp</dimen>
    <dimen name="xxh_145pixels">290dp</dimen>
    <dimen name="xxh_146pixels">292dp</dimen>
    <dimen name="xxh_147pixels">294dp</dimen>
    <dimen name="xxh_148pixels">296dp</dimen>
    <dimen name="xxh_149pixels">298dp</dimen>
    <dimen name="xxh_150pixels">300dp</dimen>
    <dimen name="xxh_151pixels">302dp</dimen>
    <dimen name="xxh_152pixels">304dp</dimen>
    <dimen name="xxh_153pixels">306dp</dimen>
    <dimen name="xxh_154pixels">308dp</dimen>
    <dimen name="xxh_155pixels">310dp</dimen>
    <dimen name="xxh_156pixels">312dp</dimen>
    <dimen name="xxh_157pixels">314dp</dimen>
    <dimen name="xxh_158pixels">316dp</dimen>
    <dimen name="xxh_159pixels">318dp</dimen>
    <dimen name="xxh_160pixels">320dp</dimen>
    <dimen name="xxh_161pixels">322dp</dimen>
    <dimen name="xxh_162pixels">324dp</dimen>
    <dimen name="xxh_163pixels">326dp</dimen>
    <dimen name="xxh_164pixels">328dp</dimen>
    <dimen name="xxh_165pixels">330dp</dimen>
    <dimen name="xxh_166pixels">332dp</dimen>
    <dimen name="xxh_167pixels">334dp</dimen>
    <dimen name="xxh_168pixels">336dp</dimen>
    <dimen name="xxh_169pixels">338dp</dimen>
    <dimen name="xxh_170pixels">340dp</dimen>
    <dimen name="xxh_171pixels">342dp</dimen>
    <dimen name="xxh_172pixels">344dp</dimen>
    <dimen name="xxh_173pixels">346dp</dimen>
    <dimen name="xxh_174pixels">348dp</dimen>
    <dimen name="xxh_175pixels">350dp</dimen>
    <dimen name="xxh_176pixels">352dp</dimen>
    <dimen name="xxh_177pixels">354dp</dimen>
    <dimen name="xxh_178pixels">356dp</dimen>
    <dimen name="xxh_179pixels">358dp</dimen>
    <dimen name="xxh_180pixels">360dp</dimen>
    <dimen name="xxh_181pixels">362dp</dimen>
    <dimen name="xxh_182pixels">364dp</dimen>
    <dimen name="xxh_183pixels">366dp</dimen>
    <dimen name="xxh_184pixels">368dp</dimen>
    <dimen name="xxh_185pixels">370dp</dimen>
    <dimen name="xxh_186pixels">372dp</dimen>
    <dimen name="xxh_187pixels">374dp</dimen>
    <dimen name="xxh_188pixels">376dp</dimen>
    <dimen name="xxh_189pixels">378dp</dimen>
    <dimen name="xxh_190pixels">380dp</dimen>
    <dimen name="xxh_191pixels">382dp</dimen>
    <dimen name="xxh_192pixels">384dp</dimen>
    <dimen name="xxh_193pixels">386dp</dimen>
    <dimen name="xxh_194pixels">388dp</dimen>
    <dimen name="xxh_195pixels">390dp</dimen>
    <dimen name="xxh_196pixels">392dp</dimen>
    <dimen name="xxh_197pixels">394dp</dimen>
    <dimen name="xxh_198pixels">396dp</dimen>
    <dimen name="xxh_199pixels">398dp</dimen>
    <dimen name="xxh_200pixels">400dp</dimen>
    <dimen name="xxh_201pixels">402dp</dimen>
    <dimen name="xxh_202pixels">404dp</dimen>
    <dimen name="xxh_203pixels">406dp</dimen>
    <dimen name="xxh_204pixels">408dp</dimen>
    <dimen name="xxh_205pixels">410dp</dimen>
    <dimen name="xxh_206pixels">412dp</dimen>
    <dimen name="xxh_207pixels">414dp</dimen>
    <dimen name="xxh_208pixels">416dp</dimen>
    <dimen name="xxh_209pixels">418dp</dimen>
    <dimen name="xxh_210pixels">420dp</dimen>
    <dimen name="xxh_211pixels">422dp</dimen>
    <dimen name="xxh_212pixels">424dp</dimen>
    <dimen name="xxh_213pixels">426dp</dimen>
    <dimen name="xxh_214pixels">428dp</dimen>
    <dimen name="xxh_215pixels">430dp</dimen>
    <dimen name="xxh_216pixels">432dp</dimen>
    <dimen name="xxh_217pixels">434dp</dimen>
    <dimen name="xxh_218pixels">436dp</dimen>
    <dimen name="xxh_219pixels">438dp</dimen>
    <dimen name="xxh_220pixels">440dp</dimen>
    <dimen name="xxh_221pixels">442dp</dimen>
    <dimen name="xxh_222pixels">444dp</dimen>
    <dimen name="xxh_223pixels">446dp</dimen>
    <dimen name="xxh_224pixels">448dp</dimen>
    <dimen name="xxh_225pixels">450dp</dimen>
    <dimen name="xxh_226pixels">452dp</dimen>
    <dimen name="xxh_227pixels">454dp</dimen>
    <dimen name="xxh_228pixels">456dp</dimen>
    <dimen name="xxh_229pixels">458dp</dimen>
    <dimen name="xxh_230pixels">460dp</dimen>
    <dimen name="xxh_231pixels">462dp</dimen>
    <dimen name="xxh_232pixels">464dp</dimen>
    <dimen name="xxh_233pixels">466dp</dimen>
    <dimen name="xxh_234pixels">468dp</dimen>
    <dimen name="xxh_235pixels">470dp</dimen>
    <dimen name="xxh_236pixels">472dp</dimen>
    <dimen name="xxh_237pixels">474dp</dimen>
    <dimen name="xxh_238pixels">476dp</dimen>
    <dimen name="xxh_239pixels">478dp</dimen>
    <dimen name="xxh_240pixels">480dp</dimen>
    <dimen name="xxh_241pixels">482dp</dimen>
    <dimen name="xxh_242pixels">484dp</dimen>
    <dimen name="xxh_243pixels">486dp</dimen>
    <dimen name="xxh_244pixels">488dp</dimen>
    <dimen name="xxh_245pixels">490dp</dimen>
    <dimen name="xxh_246pixels">492dp</dimen>
    <dimen name="xxh_247pixels">494dp</dimen>
    <dimen name="xxh_248pixels">496dp</dimen>
    <dimen name="xxh_249pixels">498dp</dimen>
    <dimen name="xxh_250pixels">500dp</dimen>
    <dimen name="xxh_251pixels">502dp</dimen>
    <dimen name="xxh_252pixels">504dp</dimen>
    <dimen name="xxh_253pixels">506dp</dimen>
    <dimen name="xxh_254pixels">508dp</dimen>
    <dimen name="xxh_255pixels">510dp</dimen>
    <dimen name="xxh_256pixels">512dp</dimen>
    <dimen name="xxh_257pixels">514dp</dimen>
    <dimen name="xxh_258pixels">516dp</dimen>
    <dimen name="xxh_259pixels">518dp</dimen>
    <dimen name="xxh_260pixels">520dp</dimen>
    <dimen name="xxh_261pixels">522dp</dimen>
    <dimen name="xxh_262pixels">524dp</dimen>
    <dimen name="xxh_263pixels">526dp</dimen>
    <dimen name="xxh_264pixels">528dp</dimen>
    <dimen name="xxh_265pixels">530dp</dimen>
    <dimen name="xxh_266pixels">532dp</dimen>
    <dimen name="xxh_267pixels">534dp</dimen>
    <dimen name="xxh_268pixels">536dp</dimen>
    <dimen name="xxh_269pixels">538dp</dimen>
    <dimen name="xxh_270pixels">540dp</dimen>
    <dimen name="xxh_271pixels">542dp</dimen>
    <dimen name="xxh_272pixels">544dp</dimen>
    <dimen name="xxh_273pixels">546dp</dimen>
    <dimen name="xxh_274pixels">548dp</dimen>
    <dimen name="xxh_275pixels">550dp</dimen>
    <dimen name="xxh_276pixels">552dp</dimen>
    <dimen name="xxh_277pixels">554dp</dimen>
    <dimen name="xxh_278pixels">556dp</dimen>
    <dimen name="xxh_279pixels">558dp</dimen>
    <dimen name="xxh_280pixels">560dp</dimen>
    <dimen name="xxh_281pixels">562dp</dimen>
    <dimen name="xxh_282pixels">564dp</dimen>
    <dimen name="xxh_283pixels">566dp</dimen>
    <dimen name="xxh_284pixels">568dp</dimen>
    <dimen name="xxh_285pixels">570dp</dimen>
    <dimen name="xxh_286pixels">572dp</dimen>
    <dimen name="xxh_287pixels">574dp</dimen>
    <dimen name="xxh_288pixels">576dp</dimen>
    <dimen name="xxh_289pixels">578dp</dimen>
    <dimen name="xxh_290pixels">580dp</dimen>
    <dimen name="xxh_291pixels">582dp</dimen>
    <dimen name="xxh_292pixels">584dp</dimen>
    <dimen name="xxh_293pixels">586dp</dimen>
    <dimen name="xxh_294pixels">588dp</dimen>
    <dimen name="xxh_295pixels">590dp</dimen>
    <dimen name="xxh_296pixels">592dp</dimen>
    <dimen name="xxh_297pixels">594dp</dimen>
    <dimen name="xxh_298pixels">596dp</dimen>
    <dimen name="xxh_299pixels">598dp</dimen>
    <dimen name="xxh_300pixels">600dp</dimen>
    <dimen name="xxh_301pixels">602dp</dimen>
    <dimen name="xxh_302pixels">604dp</dimen>
    <dimen name="xxh_303pixels">606dp</dimen>
    <dimen name="xxh_304pixels">608dp</dimen>
    <dimen name="xxh_305pixels">610dp</dimen>
    <dimen name="xxh_306pixels">612dp</dimen>
    <dimen name="xxh_307pixels">614dp</dimen>
    <dimen name="xxh_308pixels">616dp</dimen>
    <dimen name="xxh_309pixels">618dp</dimen>
    <dimen name="xxh_310pixels">620dp</dimen>
    <dimen name="xxh_311pixels">622dp</dimen>
    <dimen name="xxh_312pixels">624dp</dimen>
    <dimen name="xxh_313pixels">626dp</dimen>
    <dimen name="xxh_314pixels">628dp</dimen>
    <dimen name="xxh_315pixels">630dp</dimen>
    <dimen name="xxh_316pixels">632dp</dimen>
    <dimen name="xxh_317pixels">634dp</dimen>
    <dimen name="xxh_318pixels">636dp</dimen>
    <dimen name="xxh_319pixels">638dp</dimen>
    <dimen name="xxh_320pixels">640dp</dimen>
    <dimen name="xxh_321pixels">642dp</dimen>
    <dimen name="xxh_322pixels">644dp</dimen>
    <dimen name="xxh_323pixels">646dp</dimen>
    <dimen name="xxh_324pixels">648dp</dimen>
    <dimen name="xxh_325pixels">650dp</dimen>
    <dimen name="xxh_326pixels">652dp</dimen>
    <dimen name="xxh_327pixels">654dp</dimen>
    <dimen name="xxh_328pixels">656dp</dimen>
    <dimen name="xxh_329pixels">658dp</dimen>
    <dimen name="xxh_330pixels">660dp</dimen>
    <dimen name="xxh_331pixels">662dp</dimen>
    <dimen name="xxh_332pixels">664dp</dimen>
    <dimen name="xxh_333pixels">666dp</dimen>
    <dimen name="xxh_334pixels">668dp</dimen>
    <dimen name="xxh_335pixels">670dp</dimen>
    <dimen name="xxh_336pixels">672dp</dimen>
    <dimen name="xxh_337pixels">674dp</dimen>
    <dimen name="xxh_338pixels">676dp</dimen>
    <dimen name="xxh_339pixels">678dp</dimen>
    <dimen name="xxh_340pixels">680dp</dimen>
    <dimen name="xxh_341pixels">682dp</dimen>
    <dimen name="xxh_342pixels">684dp</dimen>
    <dimen name="xxh_343pixels">686dp</dimen>
    <dimen name="xxh_344pixels">688dp</dimen>
    <dimen name="xxh_345pixels">690dp</dimen>
    <dimen name="xxh_346pixels">692dp</dimen>
    <dimen name="xxh_347pixels">694dp</dimen>
    <dimen name="xxh_348pixels">696dp</dimen>
    <dimen name="xxh_349pixels">698dp</dimen>
    <dimen name="xxh_350pixels">700dp</dimen>
    <dimen name="xxh_351pixels">702dp</dimen>
    <dimen name="xxh_352pixels">704dp</dimen>
    <dimen name="xxh_353pixels">706dp</dimen>
    <dimen name="xxh_354pixels">708dp</dimen>
    <dimen name="xxh_355pixels">710dp</dimen>
    <dimen name="xxh_356pixels">712dp</dimen>
    <dimen name="xxh_357pixels">714dp</dimen>
    <dimen name="xxh_358pixels">716dp</dimen>
    <dimen name="xxh_359pixels">718dp</dimen>
    <dimen name="xxh_360pixels">720dp</dimen>
    <dimen name="xxh_361pixels">722dp</dimen>
    <dimen name="xxh_362pixels">724dp</dimen>
    <dimen name="xxh_363pixels">726dp</dimen>
    <dimen name="xxh_364pixels">728dp</dimen>
    <dimen name="xxh_365pixels">730dp</dimen>
    <dimen name="xxh_366pixels">732dp</dimen>
    <dimen name="xxh_367pixels">734dp</dimen>
    <dimen name="xxh_368pixels">736dp</dimen>
    <dimen name="xxh_369pixels">738dp</dimen>
    <dimen name="xxh_370pixels">740dp</dimen>
    <dimen name="xxh_371pixels">742dp</dimen>
    <dimen name="xxh_372pixels">744dp</dimen>
    <dimen name="xxh_373pixels">746dp</dimen>
    <dimen name="xxh_374pixels">748dp</dimen>
    <dimen name="xxh_375pixels">750dp</dimen>
    <dimen name="xxh_376pixels">752dp</dimen>
    <dimen name="xxh_377pixels">754dp</dimen>
    <dimen name="xxh_378pixels">756dp</dimen>
    <dimen name="xxh_379pixels">758dp</dimen>
    <dimen name="xxh_380pixels">760dp</dimen>
    <dimen name="xxh_381pixels">762dp</dimen>
    <dimen name="xxh_382pixels">764dp</dimen>
    <dimen name="xxh_383pixels">766dp</dimen>
    <dimen name="xxh_384pixels">768dp</dimen>
    <dimen name="xxh_385pixels">770dp</dimen>
    <dimen name="xxh_386pixels">772dp</dimen>
    <dimen name="xxh_387pixels">774dp</dimen>
    <dimen name="xxh_388pixels">776dp</dimen>
    <dimen name="xxh_389pixels">778dp</dimen>
    <dimen name="xxh_390pixels">780dp</dimen>
    <dimen name="xxh_391pixels">782dp</dimen>
    <dimen name="xxh_392pixels">784dp</dimen>
    <dimen name="xxh_393pixels">786dp</dimen>
    <dimen name="xxh_394pixels">788dp</dimen>
    <dimen name="xxh_395pixels">790dp</dimen>
    <dimen name="xxh_396pixels">792dp</dimen>
    <dimen name="xxh_397pixels">794dp</dimen>
    <dimen name="xxh_398pixels">796dp</dimen>
    <dimen name="xxh_399pixels">798dp</dimen>
    <dimen name="xxh_400pixels">800dp</dimen>
    <dimen name="xxh_401pixels">802dp</dimen>
    <dimen name="xxh_402pixels">804dp</dimen>
    <dimen name="xxh_403pixels">806dp</dimen>
    <dimen name="xxh_404pixels">808dp</dimen>
    <dimen name="xxh_405pixels">810dp</dimen>
    <dimen name="xxh_406pixels">812dp</dimen>
    <dimen name="xxh_407pixels">814dp</dimen>
    <dimen name="xxh_408pixels">816dp</dimen>
    <dimen name="xxh_409pixels">818dp</dimen>
    <dimen name="xxh_410pixels">820dp</dimen>
    <dimen name="xxh_411pixels">822dp</dimen>
    <dimen name="xxh_412pixels">824dp</dimen>
    <dimen name="xxh_413pixels">826dp</dimen>
    <dimen name="xxh_414pixels">828dp</dimen>
    <dimen name="xxh_415pixels">830dp</dimen>
    <dimen name="xxh_416pixels">832dp</dimen>
    <dimen name="xxh_417pixels">834dp</dimen>
    <dimen name="xxh_418pixels">836dp</dimen>
    <dimen name="xxh_419pixels">838dp</dimen>
    <dimen name="xxh_420pixels">840dp</dimen>
    <dimen name="xxh_421pixels">842dp</dimen>
    <dimen name="xxh_422pixels">844dp</dimen>
    <dimen name="xxh_423pixels">846dp</dimen>
    <dimen name="xxh_424pixels">848dp</dimen>
    <dimen name="xxh_425pixels">850dp</dimen>
    <dimen name="xxh_426pixels">852dp</dimen>
    <dimen name="xxh_427pixels">854dp</dimen>
    <dimen name="xxh_428pixels">856dp</dimen>
    <dimen name="xxh_429pixels">858dp</dimen>
    <dimen name="xxh_430pixels">860dp</dimen>
    <dimen name="xxh_431pixels">862dp</dimen>
    <dimen name="xxh_432pixels">864dp</dimen>
    <dimen name="xxh_433pixels">866dp</dimen>
    <dimen name="xxh_434pixels">868dp</dimen>
    <dimen name="xxh_435pixels">870dp</dimen>
    <dimen name="xxh_436pixels">872dp</dimen>
    <dimen name="xxh_437pixels">874dp</dimen>
    <dimen name="xxh_438pixels">876dp</dimen>
    <dimen name="xxh_439pixels">878dp</dimen>
    <dimen name="xxh_440pixels">880dp</dimen>
    <dimen name="xxh_441pixels">882dp</dimen>
    <dimen name="xxh_442pixels">884dp</dimen>
    <dimen name="xxh_443pixels">886dp</dimen>
    <dimen name="xxh_444pixels">888dp</dimen>
    <dimen name="xxh_445pixels">890dp</dimen>
    <dimen name="xxh_446pixels">892dp</dimen>
    <dimen name="xxh_447pixels">894dp</dimen>
    <dimen name="xxh_448pixels">896dp</dimen>
    <dimen name="xxh_449pixels">898dp</dimen>
    <dimen name="xxh_450pixels">900dp</dimen>
    <dimen name="xxh_451pixels">902dp</dimen>
    <dimen name="xxh_452pixels">904dp</dimen>
    <dimen name="xxh_453pixels">906dp</dimen>
    <dimen name="xxh_454pixels">908dp</dimen>
    <dimen name="xxh_455pixels">910dp</dimen>
    <dimen name="xxh_456pixels">912dp</dimen>
    <dimen name="xxh_457pixels">914dp</dimen>
    <dimen name="xxh_458pixels">916dp</dimen>
    <dimen name="xxh_459pixels">918dp</dimen>
    <dimen name="xxh_460pixels">920dp</dimen>
    <dimen name="xxh_461pixels">922dp</dimen>
    <dimen name="xxh_462pixels">924dp</dimen>
    <dimen name="xxh_463pixels">926dp</dimen>
    <dimen name="xxh_464pixels">928dp</dimen>
    <dimen name="xxh_465pixels">930dp</dimen>
    <dimen name="xxh_466pixels">932dp</dimen>
    <dimen name="xxh_467pixels">934dp</dimen>
    <dimen name="xxh_468pixels">936dp</dimen>
    <dimen name="xxh_469pixels">938dp</dimen>
    <dimen name="xxh_470pixels">940dp</dimen>
    <dimen name="xxh_471pixels">942dp</dimen>
    <dimen name="xxh_472pixels">944dp</dimen>
    <dimen name="xxh_473pixels">946dp</dimen>
    <dimen name="xxh_474pixels">948dp</dimen>
    <dimen name="xxh_475pixels">950dp</dimen>
    <dimen name="xxh_476pixels">952dp</dimen>
    <dimen name="xxh_477pixels">954dp</dimen>
    <dimen name="xxh_478pixels">956dp</dimen>
    <dimen name="xxh_479pixels">958dp</dimen>
    <dimen name="xxh_480pixels">960dp</dimen>
    <dimen name="xxh_481pixels">962dp</dimen>
    <dimen name="xxh_482pixels">964dp</dimen>
    <dimen name="xxh_483pixels">966dp</dimen>
    <dimen name="xxh_484pixels">968dp</dimen>
    <dimen name="xxh_485pixels">970dp</dimen>
    <dimen name="xxh_486pixels">972dp</dimen>
    <dimen name="xxh_487pixels">974dp</dimen>
    <dimen name="xxh_488pixels">976dp</dimen>
    <dimen name="xxh_489pixels">978dp</dimen>
    <dimen name="xxh_490pixels">980dp</dimen>
    <dimen name="xxh_491pixels">982dp</dimen>
    <dimen name="xxh_492pixels">984dp</dimen>
    <dimen name="xxh_493pixels">986dp</dimen>
    <dimen name="xxh_494pixels">988dp</dimen>
    <dimen name="xxh_495pixels">990dp</dimen>
    <dimen name="xxh_496pixels">992dp</dimen>
    <dimen name="xxh_497pixels">994dp</dimen>
    <dimen name="xxh_498pixels">996dp</dimen>
    <dimen name="xxh_499pixels">998dp</dimen>
    <dimen name="xxh_500pixels">1000dp</dimen>
    <dimen name="xxh_501pixels">1002dp</dimen>
    <dimen name="xxh_502pixels">1004dp</dimen>
    <dimen name="xxh_503pixels">1006dp</dimen>
    <dimen name="xxh_504pixels">1008dp</dimen>
    <dimen name="xxh_505pixels">1010dp</dimen>
    <dimen name="xxh_506pixels">1012dp</dimen>
    <dimen name="xxh_507pixels">1014dp</dimen>
    <dimen name="xxh_508pixels">1016dp</dimen>
    <dimen name="xxh_509pixels">1018dp</dimen>
    <dimen name="xxh_510pixels">1020dp</dimen>
    <dimen name="xxh_511pixels">1022dp</dimen>
    <dimen name="xxh_512pixels">1024dp</dimen>
    <dimen name="xxh_513pixels">1026dp</dimen>
    <dimen name="xxh_514pixels">1028dp</dimen>
    <dimen name="xxh_515pixels">1030dp</dimen>
    <dimen name="xxh_516pixels">1032dp</dimen>
    <dimen name="xxh_517pixels">1034dp</dimen>
    <dimen name="xxh_518pixels">1036dp</dimen>
    <dimen name="xxh_519pixels">1038dp</dimen>
    <dimen name="xxh_520pixels">1040dp</dimen>
    <dimen name="xxh_521pixels">1042dp</dimen>
    <dimen name="xxh_522pixels">1044dp</dimen>
    <dimen name="xxh_523pixels">1046dp</dimen>
    <dimen name="xxh_524pixels">1048dp</dimen>
    <dimen name="xxh_525pixels">1050dp</dimen>
    <dimen name="xxh_526pixels">1052dp</dimen>
    <dimen name="xxh_527pixels">1054dp</dimen>
    <dimen name="xxh_528pixels">1056dp</dimen>
    <dimen name="xxh_529pixels">1058dp</dimen>
    <dimen name="xxh_530pixels">1060dp</dimen>
    <dimen name="xxh_531pixels">1062dp</dimen>
    <dimen name="xxh_532pixels">1064dp</dimen>
    <dimen name="xxh_533pixels">1066dp</dimen>
    <dimen name="xxh_534pixels">1068dp</dimen>
    <dimen name="xxh_535pixels">1070dp</dimen>
    <dimen name="xxh_536pixels">1072dp</dimen>
    <dimen name="xxh_537pixels">1074dp</dimen>
    <dimen name="xxh_538pixels">1076dp</dimen>
    <dimen name="xxh_539pixels">1078dp</dimen>
    <dimen name="xxh_540pixels">1080dp</dimen>
    <dimen name="xxh_541pixels">1082dp</dimen>
    <dimen name="xxh_542pixels">1084dp</dimen>
    <dimen name="xxh_543pixels">1086dp</dimen>
    <dimen name="xxh_544pixels">1088dp</dimen>
    <dimen name="xxh_545pixels">1090dp</dimen>
    <dimen name="xxh_546pixels">1092dp</dimen>
    <dimen name="xxh_547pixels">1094dp</dimen>
    <dimen name="xxh_548pixels">1096dp</dimen>
    <dimen name="xxh_549pixels">1098dp</dimen>
    <dimen name="xxh_550pixels">1100dp</dimen>
    <dimen name="xxh_551pixels">1102dp</dimen>
    <dimen name="xxh_552pixels">1104dp</dimen>
    <dimen name="xxh_553pixels">1106dp</dimen>
    <dimen name="xxh_554pixels">1108dp</dimen>
    <dimen name="xxh_555pixels">1110dp</dimen>
    <dimen name="xxh_556pixels">1112dp</dimen>
    <dimen name="xxh_557pixels">1114dp</dimen>
    <dimen name="xxh_558pixels">1116dp</dimen>
    <dimen name="xxh_559pixels">1118dp</dimen>
    <dimen name="xxh_560pixels">1120dp</dimen>
    <dimen name="xxh_561pixels">1122dp</dimen>
    <dimen name="xxh_562pixels">1124dp</dimen>
    <dimen name="xxh_563pixels">1126dp</dimen>
    <dimen name="xxh_564pixels">1128dp</dimen>
    <dimen name="xxh_565pixels">1130dp</dimen>
    <dimen name="xxh_566pixels">1132dp</dimen>
    <dimen name="xxh_567pixels">1134dp</dimen>
    <dimen name="xxh_568pixels">1136dp</dimen>
    <dimen name="xxh_569pixels">1138dp</dimen>
    <dimen name="xxh_570pixels">1140dp</dimen>
    <dimen name="xxh_571pixels">1142dp</dimen>
    <dimen name="xxh_572pixels">1144dp</dimen>
    <dimen name="xxh_573pixels">1146dp</dimen>
    <dimen name="xxh_574pixels">1148dp</dimen>
    <dimen name="xxh_575pixels">1150dp</dimen>
    <dimen name="xxh_576pixels">1152dp</dimen>
    <dimen name="xxh_577pixels">1154dp</dimen>
    <dimen name="xxh_578pixels">1156dp</dimen>
    <dimen name="xxh_579pixels">1158dp</dimen>
    <dimen name="xxh_580pixels">1160dp</dimen>
    <dimen name="xxh_581pixels">1162dp</dimen>
    <dimen name="xxh_582pixels">1164dp</dimen>
    <dimen name="xxh_583pixels">1166dp</dimen>
    <dimen name="xxh_584pixels">1168dp</dimen>
    <dimen name="xxh_585pixels">1170dp</dimen>
    <dimen name="xxh_586pixels">1172dp</dimen>
    <dimen name="xxh_587pixels">1174dp</dimen>
    <dimen name="xxh_588pixels">1176dp</dimen>
    <dimen name="xxh_589pixels">1178dp</dimen>
    <dimen name="xxh_590pixels">1180dp</dimen>
    <dimen name="xxh_591pixels">1182dp</dimen>
    <dimen name="xxh_592pixels">1184dp</dimen>
    <dimen name="xxh_593pixels">1186dp</dimen>
    <dimen name="xxh_594pixels">1188dp</dimen>
    <dimen name="xxh_595pixels">1190dp</dimen>
    <dimen name="xxh_596pixels">1192dp</dimen>
    <dimen name="xxh_597pixels">1194dp</dimen>
    <dimen name="xxh_598pixels">1196dp</dimen>
    <dimen name="xxh_599pixels">1198dp</dimen>
    <dimen name="xxh_600pixels">1200dp</dimen>
    <dimen name="xxh_601pixels">1202dp</dimen>
    <dimen name="xxh_602pixels">1204dp</dimen>
    <dimen name="xxh_603pixels">1206dp</dimen>
    <dimen name="xxh_604pixels">1208dp</dimen>
    <dimen name="xxh_605pixels">1210dp</dimen>
    <dimen name="xxh_606pixels">1212dp</dimen>
    <dimen name="xxh_607pixels">1214dp</dimen>
    <dimen name="xxh_608pixels">1216dp</dimen>
    <dimen name="xxh_609pixels">1218dp</dimen>
    <dimen name="xxh_610pixels">1220dp</dimen>
    <dimen name="xxh_611pixels">1222dp</dimen>
    <dimen name="xxh_612pixels">1224dp</dimen>
    <dimen name="xxh_613pixels">1226dp</dimen>
    <dimen name="xxh_614pixels">1228dp</dimen>
    <dimen name="xxh_615pixels">1230dp</dimen>
    <dimen name="xxh_616pixels">1232dp</dimen>
    <dimen name="xxh_617pixels">1234dp</dimen>
    <dimen name="xxh_618pixels">1236dp</dimen>
    <dimen name="xxh_619pixels">1238dp</dimen>
    <dimen name="xxh_620pixels">1240dp</dimen>
    <dimen name="xxh_621pixels">1242dp</dimen>
    <dimen name="xxh_622pixels">1244dp</dimen>
    <dimen name="xxh_623pixels">1246dp</dimen>
    <dimen name="xxh_624pixels">1248dp</dimen>
    <dimen name="xxh_625pixels">1250dp</dimen>
    <dimen name="xxh_626pixels">1252dp</dimen>
    <dimen name="xxh_627pixels">1254dp</dimen>
    <dimen name="xxh_628pixels">1256dp</dimen>
    <dimen name="xxh_629pixels">1258dp</dimen>
    <dimen name="xxh_630pixels">1260dp</dimen>
    <dimen name="xxh_631pixels">1262dp</dimen>
    <dimen name="xxh_632pixels">1264dp</dimen>
    <dimen name="xxh_633pixels">1266dp</dimen>
    <dimen name="xxh_634pixels">1268dp</dimen>
    <dimen name="xxh_635pixels">1270dp</dimen>
    <dimen name="xxh_636pixels">1272dp</dimen>
    <dimen name="xxh_637pixels">1274dp</dimen>
    <dimen name="xxh_638pixels">1276dp</dimen>
    <dimen name="xxh_639pixels">1278dp</dimen>
    <dimen name="xxh_640pixels">1280dp</dimen>
    <dimen name="xxh_641pixels">1282dp</dimen>
    <dimen name="xxh_642pixels">1284dp</dimen>
    <dimen name="xxh_643pixels">1286dp</dimen>
    <dimen name="xxh_644pixels">1288dp</dimen>
    <dimen name="xxh_645pixels">1290dp</dimen>
    <dimen name="xxh_646pixels">1292dp</dimen>
    <dimen name="xxh_647pixels">1294dp</dimen>
    <dimen name="xxh_648pixels">1296dp</dimen>
    <dimen name="xxh_649pixels">1298dp</dimen>
    <dimen name="xxh_650pixels">1300dp</dimen>
    <dimen name="xxh_651pixels">1302dp</dimen>
    <dimen name="xxh_652pixels">1304dp</dimen>
    <dimen name="xxh_653pixels">1306dp</dimen>
    <dimen name="xxh_654pixels">1308dp</dimen>
    <dimen name="xxh_655pixels">1310dp</dimen>
    <dimen name="xxh_656pixels">1312dp</dimen>
    <dimen name="xxh_657pixels">1314dp</dimen>
    <dimen name="xxh_658pixels">1316dp</dimen>
    <dimen name="xxh_659pixels">1318dp</dimen>
    <dimen name="xxh_660pixels">1320dp</dimen>
    <dimen name="xxh_661pixels">1322dp</dimen>
    <dimen name="xxh_662pixels">1324dp</dimen>
    <dimen name="xxh_663pixels">1326dp</dimen>
    <dimen name="xxh_664pixels">1328dp</dimen>
    <dimen name="xxh_665pixels">1330dp</dimen>
    <dimen name="xxh_666pixels">1332dp</dimen>
    <dimen name="xxh_667pixels">1334dp</dimen>
    <dimen name="xxh_668pixels">1336dp</dimen>
    <dimen name="xxh_669pixels">1338dp</dimen>
    <dimen name="xxh_670pixels">1340dp</dimen>
    <dimen name="xxh_671pixels">1342dp</dimen>
    <dimen name="xxh_672pixels">1344dp</dimen>
    <dimen name="xxh_673pixels">1346dp</dimen>
    <dimen name="xxh_674pixels">1348dp</dimen>
    <dimen name="xxh_675pixels">1350dp</dimen>
    <dimen name="xxh_676pixels">1352dp</dimen>
    <dimen name="xxh_677pixels">1354dp</dimen>
    <dimen name="xxh_678pixels">1356dp</dimen>
    <dimen name="xxh_679pixels">1358dp</dimen>
    <dimen name="xxh_680pixels">1360dp</dimen>
    <dimen name="xxh_681pixels">1362dp</dimen>
    <dimen name="xxh_682pixels">1364dp</dimen>
    <dimen name="xxh_683pixels">1366dp</dimen>
    <dimen name="xxh_684pixels">1368dp</dimen>
    <dimen name="xxh_685pixels">1370dp</dimen>
    <dimen name="xxh_686pixels">1372dp</dimen>
    <dimen name="xxh_687pixels">1374dp</dimen>
    <dimen name="xxh_688pixels">1376dp</dimen>
    <dimen name="xxh_689pixels">1378dp</dimen>
    <dimen name="xxh_690pixels">1380dp</dimen>
    <dimen name="xxh_691pixels">1382dp</dimen>
    <dimen name="xxh_692pixels">1384dp</dimen>
    <dimen name="xxh_693pixels">1386dp</dimen>
    <dimen name="xxh_694pixels">1388dp</dimen>
    <dimen name="xxh_695pixels">1390dp</dimen>
    <dimen name="xxh_696pixels">1392dp</dimen>
    <dimen name="xxh_697pixels">1394dp</dimen>
    <dimen name="xxh_698pixels">1396dp</dimen>
    <dimen name="xxh_699pixels">1398dp</dimen>
    <dimen name="xxh_700pixels">1400dp</dimen>
    <dimen name="xxh_701pixels">1402dp</dimen>
    <dimen name="xxh_702pixels">1404dp</dimen>
    <dimen name="xxh_703pixels">1406dp</dimen>
    <dimen name="xxh_704pixels">1408dp</dimen>
    <dimen name="xxh_705pixels">1410dp</dimen>
    <dimen name="xxh_706pixels">1412dp</dimen>
    <dimen name="xxh_707pixels">1414dp</dimen>
    <dimen name="xxh_708pixels">1416dp</dimen>
    <dimen name="xxh_709pixels">1418dp</dimen>
    <dimen name="xxh_710pixels">1420dp</dimen>
    <dimen name="xxh_711pixels">1422dp</dimen>
    <dimen name="xxh_712pixels">1424dp</dimen>
    <dimen name="xxh_713pixels">1426dp</dimen>
    <dimen name="xxh_714pixels">1428dp</dimen>
    <dimen name="xxh_715pixels">1430dp</dimen>
    <dimen name="xxh_716pixels">1432dp</dimen>
    <dimen name="xxh_717pixels">1434dp</dimen>
    <dimen name="xxh_718pixels">1436dp</dimen>
    <dimen name="xxh_719pixels">1438dp</dimen>
    <dimen name="xxh_720pixels">1440dp</dimen>
    <dimen name="xxh_721pixels">1442dp</dimen>
    <dimen name="xxh_722pixels">1444dp</dimen>
    <dimen name="xxh_723pixels">1446dp</dimen>
    <dimen name="xxh_724pixels">1448dp</dimen>
    <dimen name="xxh_725pixels">1450dp</dimen>
    <dimen name="xxh_726pixels">1452dp</dimen>
    <dimen name="xxh_727pixels">1454dp</dimen>
    <dimen name="xxh_728pixels">1456dp</dimen>
    <dimen name="xxh_729pixels">1458dp</dimen>
    <dimen name="xxh_730pixels">1460dp</dimen>
    <dimen name="xxh_731pixels">1462dp</dimen>
    <dimen name="xxh_732pixels">1464dp</dimen>
    <dimen name="xxh_733pixels">1466dp</dimen>
    <dimen name="xxh_734pixels">1468dp</dimen>
    <dimen name="xxh_735pixels">1470dp</dimen>
    <dimen name="xxh_736pixels">1472dp</dimen>
    <dimen name="xxh_737pixels">1474dp</dimen>
    <dimen name="xxh_738pixels">1476dp</dimen>
    <dimen name="xxh_739pixels">1478dp</dimen>
    <dimen name="xxh_740pixels">1480dp</dimen>
    <dimen name="xxh_741pixels">1482dp</dimen>
    <dimen name="xxh_742pixels">1484dp</dimen>
    <dimen name="xxh_743pixels">1486dp</dimen>
    <dimen name="xxh_744pixels">1488dp</dimen>
    <dimen name="xxh_745pixels">1490dp</dimen>
    <dimen name="xxh_746pixels">1492dp</dimen>
    <dimen name="xxh_747pixels">1494dp</dimen>
    <dimen name="xxh_748pixels">1496dp</dimen>
    <dimen name="xxh_749pixels">1498dp</dimen>
    <dimen name="xxh_750pixels">1500dp</dimen>
    <dimen name="xxh_751pixels">1502dp</dimen>
    <dimen name="xxh_752pixels">1504dp</dimen>
    <dimen name="xxh_753pixels">1506dp</dimen>
    <dimen name="xxh_754pixels">1508dp</dimen>
    <dimen name="xxh_755pixels">1510dp</dimen>
    <dimen name="xxh_756pixels">1512dp</dimen>
    <dimen name="xxh_757pixels">1514dp</dimen>
    <dimen name="xxh_758pixels">1516dp</dimen>
    <dimen name="xxh_759pixels">1518dp</dimen>
    <dimen name="xxh_760pixels">1520dp</dimen>
    <dimen name="xxh_761pixels">1522dp</dimen>
    <dimen name="xxh_762pixels">1524dp</dimen>
    <dimen name="xxh_763pixels">1526dp</dimen>
    <dimen name="xxh_764pixels">1528dp</dimen>
    <dimen name="xxh_765pixels">1530dp</dimen>
    <dimen name="xxh_766pixels">1532dp</dimen>
    <dimen name="xxh_767pixels">1534dp</dimen>
    <dimen name="xxh_768pixels">1536dp</dimen>
    <dimen name="xxh_769pixels">1538dp</dimen>
    <dimen name="xxh_770pixels">1540dp</dimen>
    <dimen name="xxh_771pixels">1542dp</dimen>
    <dimen name="xxh_772pixels">1544dp</dimen>
    <dimen name="xxh_773pixels">1546dp</dimen>
    <dimen name="xxh_774pixels">1548dp</dimen>
    <dimen name="xxh_775pixels">1550dp</dimen>
    <dimen name="xxh_776pixels">1552dp</dimen>
    <dimen name="xxh_777pixels">1554dp</dimen>
    <dimen name="xxh_778pixels">1556dp</dimen>
    <dimen name="xxh_779pixels">1558dp</dimen>
    <dimen name="xxh_780pixels">1560dp</dimen>
    <dimen name="xxh_781pixels">1562dp</dimen>
    <dimen name="xxh_782pixels">1564dp</dimen>
    <dimen name="xxh_783pixels">1566dp</dimen>
    <dimen name="xxh_784pixels">1568dp</dimen>
    <dimen name="xxh_785pixels">1570dp</dimen>
    <dimen name="xxh_786pixels">1572dp</dimen>
    <dimen name="xxh_787pixels">1574dp</dimen>
    <dimen name="xxh_788pixels">1576dp</dimen>
    <dimen name="xxh_789pixels">1578dp</dimen>
    <dimen name="xxh_790pixels">1580dp</dimen>
    <dimen name="xxh_791pixels">1582dp</dimen>
    <dimen name="xxh_792pixels">1584dp</dimen>
    <dimen name="xxh_793pixels">1586dp</dimen>
    <dimen name="xxh_794pixels">1588dp</dimen>
    <dimen name="xxh_795pixels">1590dp</dimen>
    <dimen name="xxh_796pixels">1592dp</dimen>
    <dimen name="xxh_797pixels">1594dp</dimen>
    <dimen name="xxh_798pixels">1596dp</dimen>
    <dimen name="xxh_799pixels">1598dp</dimen>
    <dimen name="xxh_800pixels">1600dp</dimen>
    <dimen name="xxh_801pixels">1602dp</dimen>
    <dimen name="xxh_802pixels">1604dp</dimen>
    <dimen name="xxh_803pixels">1606dp</dimen>
    <dimen name="xxh_804pixels">1608dp</dimen>
    <dimen name="xxh_805pixels">1610dp</dimen>
    <dimen name="xxh_806pixels">1612dp</dimen>
    <dimen name="xxh_807pixels">1614dp</dimen>
    <dimen name="xxh_808pixels">1616dp</dimen>
    <dimen name="xxh_809pixels">1618dp</dimen>
    <dimen name="xxh_810pixels">1620dp</dimen>
    <dimen name="xxh_811pixels">1622dp</dimen>
    <dimen name="xxh_812pixels">1624dp</dimen>
    <dimen name="xxh_813pixels">1626dp</dimen>
    <dimen name="xxh_814pixels">1628dp</dimen>
    <dimen name="xxh_815pixels">1630dp</dimen>
    <dimen name="xxh_816pixels">1632dp</dimen>
    <dimen name="xxh_817pixels">1634dp</dimen>
    <dimen name="xxh_818pixels">1636dp</dimen>
    <dimen name="xxh_819pixels">1638dp</dimen>
    <dimen name="xxh_820pixels">1640dp</dimen>
    <dimen name="xxh_821pixels">1642dp</dimen>
    <dimen name="xxh_822pixels">1644dp</dimen>
    <dimen name="xxh_823pixels">1646dp</dimen>
    <dimen name="xxh_824pixels">1648dp</dimen>
    <dimen name="xxh_825pixels">1650dp</dimen>
    <dimen name="xxh_826pixels">1652dp</dimen>
    <dimen name="xxh_827pixels">1654dp</dimen>
    <dimen name="xxh_828pixels">1656dp</dimen>
    <dimen name="xxh_829pixels">1658dp</dimen>
    <dimen name="xxh_830pixels">1660dp</dimen>
    <dimen name="xxh_831pixels">1662dp</dimen>
    <dimen name="xxh_832pixels">1664dp</dimen>
    <dimen name="xxh_833pixels">1666dp</dimen>
    <dimen name="xxh_834pixels">1668dp</dimen>
    <dimen name="xxh_835pixels">1670dp</dimen>
    <dimen name="xxh_836pixels">1672dp</dimen>
    <dimen name="xxh_837pixels">1674dp</dimen>
    <dimen name="xxh_838pixels">1676dp</dimen>
    <dimen name="xxh_839pixels">1678dp</dimen>
    <dimen name="xxh_840pixels">1680dp</dimen>
    <dimen name="xxh_841pixels">1682dp</dimen>
    <dimen name="xxh_842pixels">1684dp</dimen>
    <dimen name="xxh_843pixels">1686dp</dimen>
    <dimen name="xxh_844pixels">1688dp</dimen>
    <dimen name="xxh_845pixels">1690dp</dimen>
    <dimen name="xxh_846pixels">1692dp</dimen>
    <dimen name="xxh_847pixels">1694dp</dimen>
    <dimen name="xxh_848pixels">1696dp</dimen>
    <dimen name="xxh_849pixels">1698dp</dimen>
    <dimen name="xxh_850pixels">1700dp</dimen>
    <dimen name="xxh_851pixels">1702dp</dimen>
    <dimen name="xxh_852pixels">1704dp</dimen>
    <dimen name="xxh_853pixels">1706dp</dimen>
    <dimen name="xxh_854pixels">1708dp</dimen>
    <dimen name="xxh_855pixels">1710dp</dimen>
    <dimen name="xxh_856pixels">1712dp</dimen>
    <dimen name="xxh_857pixels">1714dp</dimen>
    <dimen name="xxh_858pixels">1716dp</dimen>
    <dimen name="xxh_859pixels">1718dp</dimen>
    <dimen name="xxh_860pixels">1720dp</dimen>
    <dimen name="xxh_861pixels">1722dp</dimen>
    <dimen name="xxh_862pixels">1724dp</dimen>
    <dimen name="xxh_863pixels">1726dp</dimen>
    <dimen name="xxh_864pixels">1728dp</dimen>
    <dimen name="xxh_865pixels">1730dp</dimen>
    <dimen name="xxh_866pixels">1732dp</dimen>
    <dimen name="xxh_867pixels">1734dp</dimen>
    <dimen name="xxh_868pixels">1736dp</dimen>
    <dimen name="xxh_869pixels">1738dp</dimen>
    <dimen name="xxh_870pixels">1740dp</dimen>
    <dimen name="xxh_871pixels">1742dp</dimen>
    <dimen name="xxh_872pixels">1744dp</dimen>
    <dimen name="xxh_873pixels">1746dp</dimen>
    <dimen name="xxh_874pixels">1748dp</dimen>
    <dimen name="xxh_875pixels">1750dp</dimen>
    <dimen name="xxh_876pixels">1752dp</dimen>
    <dimen name="xxh_877pixels">1754dp</dimen>
    <dimen name="xxh_878pixels">1756dp</dimen>
    <dimen name="xxh_879pixels">1758dp</dimen>
    <dimen name="xxh_880pixels">1760dp</dimen>
    <dimen name="xxh_881pixels">1762dp</dimen>
    <dimen name="xxh_882pixels">1764dp</dimen>
    <dimen name="xxh_883pixels">1766dp</dimen>
    <dimen name="xxh_884pixels">1768dp</dimen>
    <dimen name="xxh_885pixels">1770dp</dimen>
    <dimen name="xxh_886pixels">1772dp</dimen>
    <dimen name="xxh_887pixels">1774dp</dimen>
    <dimen name="xxh_888pixels">1776dp</dimen>
    <dimen name="xxh_889pixels">1778dp</dimen>
    <dimen name="xxh_890pixels">1780dp</dimen>
    <dimen name="xxh_891pixels">1782dp</dimen>
    <dimen name="xxh_892pixels">1784dp</dimen>
    <dimen name="xxh_893pixels">1786dp</dimen>
    <dimen name="xxh_894pixels">1788dp</dimen>
    <dimen name="xxh_895pixels">1790dp</dimen>
    <dimen name="xxh_896pixels">1792dp</dimen>
    <dimen name="xxh_897pixels">1794dp</dimen>
    <dimen name="xxh_898pixels">1796dp</dimen>
    <dimen name="xxh_899pixels">1798dp</dimen>
    <dimen name="xxh_900pixels">1800dp</dimen>
    <dimen name="xxh_901pixels">1802dp</dimen>
    <dimen name="xxh_902pixels">1804dp</dimen>
    <dimen name="xxh_903pixels">1806dp</dimen>
    <dimen name="xxh_904pixels">1808dp</dimen>
    <dimen name="xxh_905pixels">1810dp</dimen>
    <dimen name="xxh_906pixels">1812dp</dimen>
    <dimen name="xxh_907pixels">1814dp</dimen>
    <dimen name="xxh_908pixels">1816dp</dimen>
    <dimen name="xxh_909pixels">1818dp</dimen>
    <dimen name="xxh_910pixels">1820dp</dimen>
    <dimen name="xxh_911pixels">1822dp</dimen>
    <dimen name="xxh_912pixels">1824dp</dimen>
    <dimen name="xxh_913pixels">1826dp</dimen>
    <dimen name="xxh_914pixels">1828dp</dimen>
    <dimen name="xxh_915pixels">1830dp</dimen>
    <dimen name="xxh_916pixels">1832dp</dimen>
    <dimen name="xxh_917pixels">1834dp</dimen>
    <dimen name="xxh_918pixels">1836dp</dimen>
    <dimen name="xxh_919pixels">1838dp</dimen>
    <dimen name="xxh_920pixels">1840dp</dimen>
    <dimen name="xxh_921pixels">1842dp</dimen>
    <dimen name="xxh_922pixels">1844dp</dimen>
    <dimen name="xxh_923pixels">1846dp</dimen>
    <dimen name="xxh_924pixels">1848dp</dimen>
    <dimen name="xxh_925pixels">1850dp</dimen>
    <dimen name="xxh_926pixels">1852dp</dimen>
    <dimen name="xxh_927pixels">1854dp</dimen>
    <dimen name="xxh_928pixels">1856dp</dimen>
    <dimen name="xxh_929pixels">1858dp</dimen>
    <dimen name="xxh_930pixels">1860dp</dimen>
    <dimen name="xxh_931pixels">1862dp</dimen>
    <dimen name="xxh_932pixels">1864dp</dimen>
    <dimen name="xxh_933pixels">1866dp</dimen>
    <dimen name="xxh_934pixels">1868dp</dimen>
    <dimen name="xxh_935pixels">1870dp</dimen>
    <dimen name="xxh_936pixels">1872dp</dimen>
    <dimen name="xxh_937pixels">1874dp</dimen>
    <dimen name="xxh_938pixels">1876dp</dimen>
    <dimen name="xxh_939pixels">1878dp</dimen>
    <dimen name="xxh_940pixels">1880dp</dimen>
    <dimen name="xxh_941pixels">1882dp</dimen>
    <dimen name="xxh_942pixels">1884dp</dimen>
    <dimen name="xxh_943pixels">1886dp</dimen>
    <dimen name="xxh_944pixels">1888dp</dimen>
    <dimen name="xxh_945pixels">1890dp</dimen>
    <dimen name="xxh_946pixels">1892dp</dimen>
    <dimen name="xxh_947pixels">1894dp</dimen>
    <dimen name="xxh_948pixels">1896dp</dimen>
    <dimen name="xxh_949pixels">1898dp</dimen>
    <dimen name="xxh_950pixels">1900dp</dimen>
    <dimen name="xxh_951pixels">1902dp</dimen>
    <dimen name="xxh_952pixels">1904dp</dimen>
    <dimen name="xxh_953pixels">1906dp</dimen>
    <dimen name="xxh_954pixels">1908dp</dimen>
    <dimen name="xxh_955pixels">1910dp</dimen>
    <dimen name="xxh_956pixels">1912dp</dimen>
    <dimen name="xxh_957pixels">1914dp</dimen>
    <dimen name="xxh_958pixels">1916dp</dimen>
    <dimen name="xxh_959pixels">1918dp</dimen>
    <dimen name="xxh_960pixels">1920dp</dimen>
    <dimen name="xxh_961pixels">1922dp</dimen>
    <dimen name="xxh_962pixels">1924dp</dimen>
    <dimen name="xxh_963pixels">1926dp</dimen>
    <dimen name="xxh_964pixels">1928dp</dimen>
    <dimen name="xxh_965pixels">1930dp</dimen>
    <dimen name="xxh_966pixels">1932dp</dimen>
    <dimen name="xxh_967pixels">1934dp</dimen>
    <dimen name="xxh_968pixels">1936dp</dimen>
    <dimen name="xxh_969pixels">1938dp</dimen>
    <dimen name="xxh_970pixels">1940dp</dimen>
    <dimen name="xxh_971pixels">1942dp</dimen>
    <dimen name="xxh_972pixels">1944dp</dimen>
    <dimen name="xxh_973pixels">1946dp</dimen>
    <dimen name="xxh_974pixels">1948dp</dimen>
    <dimen name="xxh_975pixels">1950dp</dimen>
    <dimen name="xxh_976pixels">1952dp</dimen>
    <dimen name="xxh_977pixels">1954dp</dimen>
    <dimen name="xxh_978pixels">1956dp</dimen>
    <dimen name="xxh_979pixels">1958dp</dimen>
    <dimen name="xxh_980pixels">1960dp</dimen>
    <dimen name="xxh_981pixels">1962dp</dimen>
    <dimen name="xxh_982pixels">1964dp</dimen>
    <dimen name="xxh_983pixels">1966dp</dimen>
    <dimen name="xxh_984pixels">1968dp</dimen>
    <dimen name="xxh_985pixels">1970dp</dimen>
    <dimen name="xxh_986pixels">1972dp</dimen>
    <dimen name="xxh_987pixels">1974dp</dimen>
    <dimen name="xxh_988pixels">1976dp</dimen>
    <dimen name="xxh_989pixels">1978dp</dimen>
    <dimen name="xxh_990pixels">1980dp</dimen>
    <dimen name="xxh_991pixels">1982dp</dimen>
    <dimen name="xxh_992pixels">1984dp</dimen>
    <dimen name="xxh_993pixels">1986dp</dimen>
    <dimen name="xxh_994pixels">1988dp</dimen>
    <dimen name="xxh_995pixels">1990dp</dimen>
    <dimen name="xxh_996pixels">1992dp</dimen>
    <dimen name="xxh_997pixels">1994dp</dimen>
    <dimen name="xxh_998pixels">1996dp</dimen>
    <dimen name="xxh_999pixels">1998dp</dimen>
    <dimen name="xxh_1000pixels">2000dp</dimen>
    <dimen name="xxh_1001pixels">2002dp</dimen>
    <dimen name="xxh_1002pixels">2004dp</dimen>
    <dimen name="xxh_1003pixels">2006dp</dimen>
    <dimen name="xxh_1004pixels">2008dp</dimen>
    <dimen name="xxh_1005pixels">2010dp</dimen>
    <dimen name="xxh_1006pixels">2012dp</dimen>
    <dimen name="xxh_1007pixels">2014dp</dimen>
    <dimen name="xxh_1008pixels">2016dp</dimen>
    <dimen name="xxh_1009pixels">2018dp</dimen>
    <dimen name="xxh_1010pixels">2020dp</dimen>
    <dimen name="xxh_1011pixels">2022dp</dimen>
    <dimen name="xxh_1012pixels">2024dp</dimen>
    <dimen name="xxh_1013pixels">2026dp</dimen>
    <dimen name="xxh_1014pixels">2028dp</dimen>
    <dimen name="xxh_1015pixels">2030dp</dimen>
    <dimen name="xxh_1016pixels">2032dp</dimen>
    <dimen name="xxh_1017pixels">2034dp</dimen>
    <dimen name="xxh_1018pixels">2036dp</dimen>
    <dimen name="xxh_1019pixels">2038dp</dimen>
    <dimen name="xxh_1020pixels">2040dp</dimen>
    <dimen name="xxh_1021pixels">2042dp</dimen>
    <dimen name="xxh_1022pixels">2044dp</dimen>
    <dimen name="xxh_1023pixels">2046dp</dimen>
    <dimen name="xxh_1024pixels">2048dp</dimen>
    <dimen name="xxh_1025pixels">2050dp</dimen>
    <dimen name="xxh_1026pixels">2052dp</dimen>
    <dimen name="xxh_1027pixels">2054dp</dimen>
    <dimen name="xxh_1028pixels">2056dp</dimen>
    <dimen name="xxh_1029pixels">2058dp</dimen>
    <dimen name="xxh_1030pixels">2060dp</dimen>
    <dimen name="xxh_1031pixels">2062dp</dimen>
    <dimen name="xxh_1032pixels">2064dp</dimen>
    <dimen name="xxh_1033pixels">2066dp</dimen>
    <dimen name="xxh_1034pixels">2068dp</dimen>
    <dimen name="xxh_1035pixels">2070dp</dimen>
    <dimen name="xxh_1036pixels">2072dp</dimen>
    <dimen name="xxh_1037pixels">2074dp</dimen>
    <dimen name="xxh_1038pixels">2076dp</dimen>
    <dimen name="xxh_1039pixels">2078dp</dimen>
    <dimen name="xxh_1040pixels">2080dp</dimen>
    <dimen name="xxh_1041pixels">2082dp</dimen>
    <dimen name="xxh_1042pixels">2084dp</dimen>
    <dimen name="xxh_1043pixels">2086dp</dimen>
    <dimen name="xxh_1044pixels">2088dp</dimen>
    <dimen name="xxh_1045pixels">2090dp</dimen>
    <dimen name="xxh_1046pixels">2092dp</dimen>
    <dimen name="xxh_1047pixels">2094dp</dimen>
    <dimen name="xxh_1048pixels">2096dp</dimen>
    <dimen name="xxh_1049pixels">2098dp</dimen>
    <dimen name="xxh_1050pixels">2100dp</dimen>
    <dimen name="xxh_1051pixels">2102dp</dimen>
    <dimen name="xxh_1052pixels">2104dp</dimen>
    <dimen name="xxh_1053pixels">2106dp</dimen>
    <dimen name="xxh_1054pixels">2108dp</dimen>
    <dimen name="xxh_1055pixels">2110dp</dimen>
    <dimen name="xxh_1056pixels">2112dp</dimen>
    <dimen name="xxh_1057pixels">2114dp</dimen>
    <dimen name="xxh_1058pixels">2116dp</dimen>
    <dimen name="xxh_1059pixels">2118dp</dimen>
    <dimen name="xxh_1060pixels">2120dp</dimen>
    <dimen name="xxh_1061pixels">2122dp</dimen>
    <dimen name="xxh_1062pixels">2124dp</dimen>
    <dimen name="xxh_1063pixels">2126dp</dimen>
    <dimen name="xxh_1064pixels">2128dp</dimen>
    <dimen name="xxh_1065pixels">2130dp</dimen>
    <dimen name="xxh_1066pixels">2132dp</dimen>
    <dimen name="xxh_1067pixels">2134dp</dimen>
    <dimen name="xxh_1068pixels">2136dp</dimen>
    <dimen name="xxh_1069pixels">2138dp</dimen>
    <dimen name="xxh_1070pixels">2140dp</dimen>
    <dimen name="xxh_1071pixels">2142dp</dimen>
    <dimen name="xxh_1072pixels">2144dp</dimen>
    <dimen name="xxh_1073pixels">2146dp</dimen>
    <dimen name="xxh_1074pixels">2148dp</dimen>
    <dimen name="xxh_1075pixels">2150dp</dimen>
    <dimen name="xxh_1076pixels">2152dp</dimen>
    <dimen name="xxh_1077pixels">2154dp</dimen>
    <dimen name="xxh_1078pixels">2156dp</dimen>
    <dimen name="xxh_1079pixels">2158dp</dimen>
    <dimen name="xxh_1080pixels">2160dp</dimen>
    <dimen name="xxh_1081pixels">2162dp</dimen>
    <dimen name="xxh_1082pixels">2164dp</dimen>
    <dimen name="xxh_1083pixels">2166dp</dimen>
    <dimen name="xxh_1084pixels">2168dp</dimen>
    <dimen name="xxh_1085pixels">2170dp</dimen>
    <dimen name="xxh_1086pixels">2172dp</dimen>
    <dimen name="xxh_1087pixels">2174dp</dimen>
    <dimen name="xxh_1088pixels">2176dp</dimen>
    <dimen name="xxh_1089pixels">2178dp</dimen>
    <dimen name="xxh_1090pixels">2180dp</dimen>
    <dimen name="xxh_1091pixels">2182dp</dimen>
    <dimen name="xxh_1092pixels">2184dp</dimen>
    <dimen name="xxh_1093pixels">2186dp</dimen>
    <dimen name="xxh_1094pixels">2188dp</dimen>
    <dimen name="xxh_1095pixels">2190dp</dimen>
    <dimen name="xxh_1096pixels">2192dp</dimen>
    <dimen name="xxh_1097pixels">2194dp</dimen>
    <dimen name="xxh_1098pixels">2196dp</dimen>
    <dimen name="xxh_1099pixels">2198dp</dimen>
    <dimen name="xxh_1100pixels">2200dp</dimen>
    <dimen name="xxh_1101pixels">2202dp</dimen>
    <dimen name="xxh_1102pixels">2204dp</dimen>
    <dimen name="xxh_1103pixels">2206dp</dimen>
    <dimen name="xxh_1104pixels">2208dp</dimen>
    <dimen name="xxh_1105pixels">2210dp</dimen>
    <dimen name="xxh_1106pixels">2212dp</dimen>
    <dimen name="xxh_1107pixels">2214dp</dimen>
    <dimen name="xxh_1108pixels">2216dp</dimen>
    <dimen name="xxh_1109pixels">2218dp</dimen>
    <dimen name="xxh_1110pixels">2220dp</dimen>
    <dimen name="xxh_1111pixels">2222dp</dimen>
    <dimen name="xxh_1112pixels">2224dp</dimen>
    <dimen name="xxh_1113pixels">2226dp</dimen>
    <dimen name="xxh_1114pixels">2228dp</dimen>
    <dimen name="xxh_1115pixels">2230dp</dimen>
    <dimen name="xxh_1116pixels">2232dp</dimen>
    <dimen name="xxh_1117pixels">2234dp</dimen>
    <dimen name="xxh_1118pixels">2236dp</dimen>
    <dimen name="xxh_1119pixels">2238dp</dimen>
    <dimen name="xxh_1120pixels">2240dp</dimen>
    <dimen name="xxh_1121pixels">2242dp</dimen>
    <dimen name="xxh_1122pixels">2244dp</dimen>
    <dimen name="xxh_1123pixels">2246dp</dimen>
    <dimen name="xxh_1124pixels">2248dp</dimen>
    <dimen name="xxh_1125pixels">2250dp</dimen>
    <dimen name="xxh_1126pixels">2252dp</dimen>
    <dimen name="xxh_1127pixels">2254dp</dimen>
    <dimen name="xxh_1128pixels">2256dp</dimen>
    <dimen name="xxh_1129pixels">2258dp</dimen>
    <dimen name="xxh_1130pixels">2260dp</dimen>
    <dimen name="xxh_1131pixels">2262dp</dimen>
    <dimen name="xxh_1132pixels">2264dp</dimen>
    <dimen name="xxh_1133pixels">2266dp</dimen>
    <dimen name="xxh_1134pixels">2268dp</dimen>
    <dimen name="xxh_1135pixels">2270dp</dimen>
    <dimen name="xxh_1136pixels">2272dp</dimen>
    <dimen name="xxh_1137pixels">2274dp</dimen>
    <dimen name="xxh_1138pixels">2276dp</dimen>
    <dimen name="xxh_1139pixels">2278dp</dimen>
    <dimen name="xxh_1140pixels">2280dp</dimen>
    <dimen name="xxh_1141pixels">2282dp</dimen>
    <dimen name="xxh_1142pixels">2284dp</dimen>
    <dimen name="xxh_1143pixels">2286dp</dimen>
    <dimen name="xxh_1144pixels">2288dp</dimen>
    <dimen name="xxh_1145pixels">2290dp</dimen>
    <dimen name="xxh_1146pixels">2292dp</dimen>
    <dimen name="xxh_1147pixels">2294dp</dimen>
    <dimen name="xxh_1148pixels">2296dp</dimen>
    <dimen name="xxh_1149pixels">2298dp</dimen>
    <dimen name="xxh_1150pixels">2300dp</dimen>
    <dimen name="xxh_1151pixels">2302dp</dimen>
    <dimen name="xxh_1152pixels">2304dp</dimen>
    <dimen name="xxh_1153pixels">2306dp</dimen>
    <dimen name="xxh_1154pixels">2308dp</dimen>
    <dimen name="xxh_1155pixels">2310dp</dimen>
    <dimen name="xxh_1156pixels">2312dp</dimen>
    <dimen name="xxh_1157pixels">2314dp</dimen>
    <dimen name="xxh_1158pixels">2316dp</dimen>
    <dimen name="xxh_1159pixels">2318dp</dimen>
    <dimen name="xxh_1160pixels">2320dp</dimen>
    <dimen name="xxh_1161pixels">2322dp</dimen>
    <dimen name="xxh_1162pixels">2324dp</dimen>
    <dimen name="xxh_1163pixels">2326dp</dimen>
    <dimen name="xxh_1164pixels">2328dp</dimen>
    <dimen name="xxh_1165pixels">2330dp</dimen>
    <dimen name="xxh_1166pixels">2332dp</dimen>
    <dimen name="xxh_1167pixels">2334dp</dimen>
    <dimen name="xxh_1168pixels">2336dp</dimen>
    <dimen name="xxh_1169pixels">2338dp</dimen>
    <dimen name="xxh_1170pixels">2340dp</dimen>
    <dimen name="xxh_1171pixels">2342dp</dimen>
    <dimen name="xxh_1172pixels">2344dp</dimen>
    <dimen name="xxh_1173pixels">2346dp</dimen>
    <dimen name="xxh_1174pixels">2348dp</dimen>
    <dimen name="xxh_1175pixels">2350dp</dimen>
    <dimen name="xxh_1176pixels">2352dp</dimen>
    <dimen name="xxh_1177pixels">2354dp</dimen>
    <dimen name="xxh_1178pixels">2356dp</dimen>
    <dimen name="xxh_1179pixels">2358dp</dimen>
    <dimen name="xxh_1180pixels">2360dp</dimen>
    <dimen name="xxh_1181pixels">2362dp</dimen>
    <dimen name="xxh_1182pixels">2364dp</dimen>
    <dimen name="xxh_1183pixels">2366dp</dimen>
    <dimen name="xxh_1184pixels">2368dp</dimen>
    <dimen name="xxh_1185pixels">2370dp</dimen>
    <dimen name="xxh_1186pixels">2372dp</dimen>
    <dimen name="xxh_1187pixels">2374dp</dimen>
    <dimen name="xxh_1188pixels">2376dp</dimen>
    <dimen name="xxh_1189pixels">2378dp</dimen>
    <dimen name="xxh_1190pixels">2380dp</dimen>
    <dimen name="xxh_1191pixels">2382dp</dimen>
    <dimen name="xxh_1192pixels">2384dp</dimen>
    <dimen name="xxh_1193pixels">2386dp</dimen>
    <dimen name="xxh_1194pixels">2388dp</dimen>
    <dimen name="xxh_1195pixels">2390dp</dimen>
    <dimen name="xxh_1196pixels">2392dp</dimen>
    <dimen name="xxh_1197pixels">2394dp</dimen>
    <dimen name="xxh_1198pixels">2396dp</dimen>
    <dimen name="xxh_1199pixels">2398dp</dimen>
    <dimen name="xxh_1200pixels">2400dp</dimen>
    <dimen name="xxh_1201pixels">2402dp</dimen>
    <dimen name="xxh_1202pixels">2404dp</dimen>
    <dimen name="xxh_1203pixels">2406dp</dimen>
    <dimen name="xxh_1204pixels">2408dp</dimen>
    <dimen name="xxh_1205pixels">2410dp</dimen>
    <dimen name="xxh_1206pixels">2412dp</dimen>
    <dimen name="xxh_1207pixels">2414dp</dimen>
    <dimen name="xxh_1208pixels">2416dp</dimen>
    <dimen name="xxh_1209pixels">2418dp</dimen>
    <dimen name="xxh_1210pixels">2420dp</dimen>
    <dimen name="xxh_1211pixels">2422dp</dimen>
    <dimen name="xxh_1212pixels">2424dp</dimen>
    <dimen name="xxh_1213pixels">2426dp</dimen>
    <dimen name="xxh_1214pixels">2428dp</dimen>
    <dimen name="xxh_1215pixels">2430dp</dimen>
    <dimen name="xxh_1216pixels">2432dp</dimen>
    <dimen name="xxh_1217pixels">2434dp</dimen>
    <dimen name="xxh_1218pixels">2436dp</dimen>
    <dimen name="xxh_1219pixels">2438dp</dimen>
    <dimen name="xxh_1220pixels">2440dp</dimen>
    <dimen name="xxh_1221pixels">2442dp</dimen>
    <dimen name="xxh_1222pixels">2444dp</dimen>
    <dimen name="xxh_1223pixels">2446dp</dimen>
    <dimen name="xxh_1224pixels">2448dp</dimen>
    <dimen name="xxh_1225pixels">2450dp</dimen>
    <dimen name="xxh_1226pixels">2452dp</dimen>
    <dimen name="xxh_1227pixels">2454dp</dimen>
    <dimen name="xxh_1228pixels">2456dp</dimen>
    <dimen name="xxh_1229pixels">2458dp</dimen>
    <dimen name="xxh_1230pixels">2460dp</dimen>
    <dimen name="xxh_1231pixels">2462dp</dimen>
    <dimen name="xxh_1232pixels">2464dp</dimen>
    <dimen name="xxh_1233pixels">2466dp</dimen>
    <dimen name="xxh_1234pixels">2468dp</dimen>
    <dimen name="xxh_1235pixels">2470dp</dimen>
    <dimen name="xxh_1236pixels">2472dp</dimen>
    <dimen name="xxh_1237pixels">2474dp</dimen>
    <dimen name="xxh_1238pixels">2476dp</dimen>
    <dimen name="xxh_1239pixels">2478dp</dimen>
    <dimen name="xxh_1240pixels">2480dp</dimen>
    <dimen name="xxh_1241pixels">2482dp</dimen>
    <dimen name="xxh_1242pixels">2484dp</dimen>
    <dimen name="xxh_1243pixels">2486dp</dimen>
    <dimen name="xxh_1244pixels">2488dp</dimen>
    <dimen name="xxh_1245pixels">2490dp</dimen>
    <dimen name="xxh_1246pixels">2492dp</dimen>
    <dimen name="xxh_1247pixels">2494dp</dimen>
    <dimen name="xxh_1248pixels">2496dp</dimen>
    <dimen name="xxh_1249pixels">2498dp</dimen>
    <dimen name="xxh_1250pixels">2500dp</dimen>
    <dimen name="xxh_1251pixels">2502dp</dimen>
    <dimen name="xxh_1252pixels">2504dp</dimen>
    <dimen name="xxh_1253pixels">2506dp</dimen>
    <dimen name="xxh_1254pixels">2508dp</dimen>
    <dimen name="xxh_1255pixels">2510dp</dimen>
    <dimen name="xxh_1256pixels">2512dp</dimen>
    <dimen name="xxh_1257pixels">2514dp</dimen>
    <dimen name="xxh_1258pixels">2516dp</dimen>
    <dimen name="xxh_1259pixels">2518dp</dimen>
    <dimen name="xxh_1260pixels">2520dp</dimen>
    <dimen name="xxh_1261pixels">2522dp</dimen>
    <dimen name="xxh_1262pixels">2524dp</dimen>
    <dimen name="xxh_1263pixels">2526dp</dimen>
    <dimen name="xxh_1264pixels">2528dp</dimen>
    <dimen name="xxh_1265pixels">2530dp</dimen>
    <dimen name="xxh_1266pixels">2532dp</dimen>
    <dimen name="xxh_1267pixels">2534dp</dimen>
    <dimen name="xxh_1268pixels">2536dp</dimen>
    <dimen name="xxh_1269pixels">2538dp</dimen>
    <dimen name="xxh_1270pixels">2540dp</dimen>
    <dimen name="xxh_1271pixels">2542dp</dimen>
    <dimen name="xxh_1272pixels">2544dp</dimen>
    <dimen name="xxh_1273pixels">2546dp</dimen>
    <dimen name="xxh_1274pixels">2548dp</dimen>
    <dimen name="xxh_1275pixels">2550dp</dimen>
    <dimen name="xxh_1276pixels">2552dp</dimen>
    <dimen name="xxh_1277pixels">2554dp</dimen>
    <dimen name="xxh_1278pixels">2556dp</dimen>
    <dimen name="xxh_1279pixels">2558dp</dimen>
    <dimen name="xxh_1280pixels">2560dp</dimen>
    <dimen name="xxh_1281pixels">2562dp</dimen>
    <dimen name="xxh_1282pixels">2564dp</dimen>
    <dimen name="xxh_1283pixels">2566dp</dimen>
    <dimen name="xxh_1284pixels">2568dp</dimen>
    <dimen name="xxh_1285pixels">2570dp</dimen>
    <dimen name="xxh_1286pixels">2572dp</dimen>
    <dimen name="xxh_1287pixels">2574dp</dimen>
    <dimen name="xxh_1288pixels">2576dp</dimen>
    <dimen name="xxh_1289pixels">2578dp</dimen>
    <dimen name="xxh_1290pixels">2580dp</dimen>
    <dimen name="xxh_1291pixels">2582dp</dimen>
    <dimen name="xxh_1292pixels">2584dp</dimen>
    <dimen name="xxh_1293pixels">2586dp</dimen>
    <dimen name="xxh_1294pixels">2588dp</dimen>
    <dimen name="xxh_1295pixels">2590dp</dimen>
    <dimen name="xxh_1296pixels">2592dp</dimen>
    <dimen name="xxh_1297pixels">2594dp</dimen>
    <dimen name="xxh_1298pixels">2596dp</dimen>
    <dimen name="xxh_1299pixels">2598dp</dimen>
    <dimen name="xxh_1300pixels">2600dp</dimen>
    <dimen name="xxh_1301pixels">2602dp</dimen>
    <dimen name="xxh_1302pixels">2604dp</dimen>
    <dimen name="xxh_1303pixels">2606dp</dimen>
    <dimen name="xxh_1304pixels">2608dp</dimen>
    <dimen name="xxh_1305pixels">2610dp</dimen>
    <dimen name="xxh_1306pixels">2612dp</dimen>
    <dimen name="xxh_1307pixels">2614dp</dimen>
    <dimen name="xxh_1308pixels">2616dp</dimen>
    <dimen name="xxh_1309pixels">2618dp</dimen>
    <dimen name="xxh_1310pixels">2620dp</dimen>
    <dimen name="xxh_1311pixels">2622dp</dimen>
    <dimen name="xxh_1312pixels">2624dp</dimen>
    <dimen name="xxh_1313pixels">2626dp</dimen>
    <dimen name="xxh_1314pixels">2628dp</dimen>
    <dimen name="xxh_1315pixels">2630dp</dimen>
    <dimen name="xxh_1316pixels">2632dp</dimen>
    <dimen name="xxh_1317pixels">2634dp</dimen>
    <dimen name="xxh_1318pixels">2636dp</dimen>
    <dimen name="xxh_1319pixels">2638dp</dimen>
    <dimen name="xxh_1320pixels">2640dp</dimen>
    <dimen name="xxh_1321pixels">2642dp</dimen>
    <dimen name="xxh_1322pixels">2644dp</dimen>
    <dimen name="xxh_1323pixels">2646dp</dimen>
    <dimen name="xxh_1324pixels">2648dp</dimen>
    <dimen name="xxh_1325pixels">2650dp</dimen>
    <dimen name="xxh_1326pixels">2652dp</dimen>
    <dimen name="xxh_1327pixels">2654dp</dimen>
    <dimen name="xxh_1328pixels">2656dp</dimen>
    <dimen name="xxh_1329pixels">2658dp</dimen>
    <dimen name="xxh_1330pixels">2660dp</dimen>
    <dimen name="xxh_1331pixels">2662dp</dimen>
    <dimen name="xxh_1332pixels">2664dp</dimen>
    <dimen name="xxh_1333pixels">2666dp</dimen>
    <dimen name="xxh_1334pixels">2668dp</dimen>
    <dimen name="xxh_1335pixels">2670dp</dimen>
    <dimen name="xxh_1336pixels">2672dp</dimen>
    <dimen name="xxh_1337pixels">2674dp</dimen>
    <dimen name="xxh_1338pixels">2676dp</dimen>
    <dimen name="xxh_1339pixels">2678dp</dimen>
    <dimen name="xxh_1340pixels">2680dp</dimen>
    <dimen name="xxh_1341pixels">2682dp</dimen>
    <dimen name="xxh_1342pixels">2684dp</dimen>
    <dimen name="xxh_1343pixels">2686dp</dimen>
    <dimen name="xxh_1344pixels">2688dp</dimen>
    <dimen name="xxh_1345pixels">2690dp</dimen>
    <dimen name="xxh_1346pixels">2692dp</dimen>
    <dimen name="xxh_1347pixels">2694dp</dimen>
    <dimen name="xxh_1348pixels">2696dp</dimen>
    <dimen name="xxh_1349pixels">2698dp</dimen>
    <dimen name="xxh_1350pixels">2700dp</dimen>
    <dimen name="xxh_1351pixels">2702dp</dimen>
    <dimen name="xxh_1352pixels">2704dp</dimen>
    <dimen name="xxh_1353pixels">2706dp</dimen>
    <dimen name="xxh_1354pixels">2708dp</dimen>
    <dimen name="xxh_1355pixels">2710dp</dimen>
    <dimen name="xxh_1356pixels">2712dp</dimen>
    <dimen name="xxh_1357pixels">2714dp</dimen>
    <dimen name="xxh_1358pixels">2716dp</dimen>
    <dimen name="xxh_1359pixels">2718dp</dimen>
    <dimen name="xxh_1360pixels">2720dp</dimen>
    <dimen name="xxh_1361pixels">2722dp</dimen>
    <dimen name="xxh_1362pixels">2724dp</dimen>
    <dimen name="xxh_1363pixels">2726dp</dimen>
    <dimen name="xxh_1364pixels">2728dp</dimen>
    <dimen name="xxh_1365pixels">2730dp</dimen>
    <dimen name="xxh_1366pixels">2732dp</dimen>
    <dimen name="xxh_1367pixels">2734dp</dimen>
    <dimen name="xxh_1368pixels">2736dp</dimen>
    <dimen name="xxh_1369pixels">2738dp</dimen>
    <dimen name="xxh_1370pixels">2740dp</dimen>
    <dimen name="xxh_1371pixels">2742dp</dimen>
    <dimen name="xxh_1372pixels">2744dp</dimen>
    <dimen name="xxh_1373pixels">2746dp</dimen>
    <dimen name="xxh_1374pixels">2748dp</dimen>
    <dimen name="xxh_1375pixels">2750dp</dimen>
    <dimen name="xxh_1376pixels">2752dp</dimen>
    <dimen name="xxh_1377pixels">2754dp</dimen>
    <dimen name="xxh_1378pixels">2756dp</dimen>
    <dimen name="xxh_1379pixels">2758dp</dimen>
    <dimen name="xxh_1380pixels">2760dp</dimen>
    <dimen name="xxh_1381pixels">2762dp</dimen>
    <dimen name="xxh_1382pixels">2764dp</dimen>
    <dimen name="xxh_1383pixels">2766dp</dimen>
    <dimen name="xxh_1384pixels">2768dp</dimen>
    <dimen name="xxh_1385pixels">2770dp</dimen>
    <dimen name="xxh_1386pixels">2772dp</dimen>
    <dimen name="xxh_1387pixels">2774dp</dimen>
    <dimen name="xxh_1388pixels">2776dp</dimen>
    <dimen name="xxh_1389pixels">2778dp</dimen>
    <dimen name="xxh_1390pixels">2780dp</dimen>
    <dimen name="xxh_1391pixels">2782dp</dimen>
    <dimen name="xxh_1392pixels">2784dp</dimen>
    <dimen name="xxh_1393pixels">2786dp</dimen>
    <dimen name="xxh_1394pixels">2788dp</dimen>
    <dimen name="xxh_1395pixels">2790dp</dimen>
    <dimen name="xxh_1396pixels">2792dp</dimen>
    <dimen name="xxh_1397pixels">2794dp</dimen>
    <dimen name="xxh_1398pixels">2796dp</dimen>
    <dimen name="xxh_1399pixels">2798dp</dimen>
    <dimen name="xxh_1400pixels">2800dp</dimen>
    <dimen name="xxh_1401pixels">2802dp</dimen>
    <dimen name="xxh_1402pixels">2804dp</dimen>
    <dimen name="xxh_1403pixels">2806dp</dimen>
    <dimen name="xxh_1404pixels">2808dp</dimen>
    <dimen name="xxh_1405pixels">2810dp</dimen>
    <dimen name="xxh_1406pixels">2812dp</dimen>
    <dimen name="xxh_1407pixels">2814dp</dimen>
    <dimen name="xxh_1408pixels">2816dp</dimen>
    <dimen name="xxh_1409pixels">2818dp</dimen>
    <dimen name="xxh_1410pixels">2820dp</dimen>
    <dimen name="xxh_1411pixels">2822dp</dimen>
    <dimen name="xxh_1412pixels">2824dp</dimen>
    <dimen name="xxh_1413pixels">2826dp</dimen>
    <dimen name="xxh_1414pixels">2828dp</dimen>
    <dimen name="xxh_1415pixels">2830dp</dimen>
    <dimen name="xxh_1416pixels">2832dp</dimen>
    <dimen name="xxh_1417pixels">2834dp</dimen>
    <dimen name="xxh_1418pixels">2836dp</dimen>
    <dimen name="xxh_1419pixels">2838dp</dimen>
    <dimen name="xxh_1420pixels">2840dp</dimen>
    <dimen name="xxh_1421pixels">2842dp</dimen>
    <dimen name="xxh_1422pixels">2844dp</dimen>
    <dimen name="xxh_1423pixels">2846dp</dimen>
    <dimen name="xxh_1424pixels">2848dp</dimen>
    <dimen name="xxh_1425pixels">2850dp</dimen>
    <dimen name="xxh_1426pixels">2852dp</dimen>
    <dimen name="xxh_1427pixels">2854dp</dimen>
    <dimen name="xxh_1428pixels">2856dp</dimen>
    <dimen name="xxh_1429pixels">2858dp</dimen>
    <dimen name="xxh_1430pixels">2860dp</dimen>
    <dimen name="xxh_1431pixels">2862dp</dimen>
    <dimen name="xxh_1432pixels">2864dp</dimen>
    <dimen name="xxh_1433pixels">2866dp</dimen>
    <dimen name="xxh_1434pixels">2868dp</dimen>
    <dimen name="xxh_1435pixels">2870dp</dimen>
    <dimen name="xxh_1436pixels">2872dp</dimen>
    <dimen name="xxh_1437pixels">2874dp</dimen>
    <dimen name="xxh_1438pixels">2876dp</dimen>
    <dimen name="xxh_1439pixels">2878dp</dimen>
    <dimen name="xxh_1440pixels">2880dp</dimen>
    <dimen name="xxh_1441pixels">2882dp</dimen>
    <dimen name="xxh_1442pixels">2884dp</dimen>
    <dimen name="xxh_1443pixels">2886dp</dimen>
    <dimen name="xxh_1444pixels">2888dp</dimen>
    <dimen name="xxh_1445pixels">2890dp</dimen>
    <dimen name="xxh_1446pixels">2892dp</dimen>
    <dimen name="xxh_1447pixels">2894dp</dimen>
    <dimen name="xxh_1448pixels">2896dp</dimen>
    <dimen name="xxh_1449pixels">2898dp</dimen>
    <dimen name="xxh_1450pixels">2900dp</dimen>
    <dimen name="xxh_1451pixels">2902dp</dimen>
    <dimen name="xxh_1452pixels">2904dp</dimen>
    <dimen name="xxh_1453pixels">2906dp</dimen>
    <dimen name="xxh_1454pixels">2908dp</dimen>
    <dimen name="xxh_1455pixels">2910dp</dimen>
    <dimen name="xxh_1456pixels">2912dp</dimen>
    <dimen name="xxh_1457pixels">2914dp</dimen>
    <dimen name="xxh_1458pixels">2916dp</dimen>
    <dimen name="xxh_1459pixels">2918dp</dimen>
    <dimen name="xxh_1460pixels">2920dp</dimen>
    <dimen name="xxh_1461pixels">2922dp</dimen>
    <dimen name="xxh_1462pixels">2924dp</dimen>
    <dimen name="xxh_1463pixels">2926dp</dimen>
    <dimen name="xxh_1464pixels">2928dp</dimen>
    <dimen name="xxh_1465pixels">2930dp</dimen>
    <dimen name="xxh_1466pixels">2932dp</dimen>
    <dimen name="xxh_1467pixels">2934dp</dimen>
    <dimen name="xxh_1468pixels">2936dp</dimen>
    <dimen name="xxh_1469pixels">2938dp</dimen>
    <dimen name="xxh_1470pixels">2940dp</dimen>
    <dimen name="xxh_1471pixels">2942dp</dimen>
    <dimen name="xxh_1472pixels">2944dp</dimen>
    <dimen name="xxh_1473pixels">2946dp</dimen>
    <dimen name="xxh_1474pixels">2948dp</dimen>
    <dimen name="xxh_1475pixels">2950dp</dimen>
    <dimen name="xxh_1476pixels">2952dp</dimen>
    <dimen name="xxh_1477pixels">2954dp</dimen>
    <dimen name="xxh_1478pixels">2956dp</dimen>
    <dimen name="xxh_1479pixels">2958dp</dimen>
    <dimen name="xxh_1480pixels">2960dp</dimen>
    <dimen name="xxh_1481pixels">2962dp</dimen>
    <dimen name="xxh_1482pixels">2964dp</dimen>
    <dimen name="xxh_1483pixels">2966dp</dimen>
    <dimen name="xxh_1484pixels">2968dp</dimen>
    <dimen name="xxh_1485pixels">2970dp</dimen>
    <dimen name="xxh_1486pixels">2972dp</dimen>
    <dimen name="xxh_1487pixels">2974dp</dimen>
    <dimen name="xxh_1488pixels">2976dp</dimen>
    <dimen name="xxh_1489pixels">2978dp</dimen>
    <dimen name="xxh_1490pixels">2980dp</dimen>
    <dimen name="xxh_1491pixels">2982dp</dimen>
    <dimen name="xxh_1492pixels">2984dp</dimen>
    <dimen name="xxh_1493pixels">2986dp</dimen>
    <dimen name="xxh_1494pixels">2988dp</dimen>
    <dimen name="xxh_1495pixels">2990dp</dimen>
    <dimen name="xxh_1496pixels">2992dp</dimen>
    <dimen name="xxh_1497pixels">2994dp</dimen>
    <dimen name="xxh_1498pixels">2996dp</dimen>
    <dimen name="xxh_1499pixels">2998dp</dimen>
    <dimen name="xxh_1500pixels">3000dp</dimen>
    <dimen name="xxh_1501pixels">3002dp</dimen>
    <dimen name="xxh_1502pixels">3004dp</dimen>
    <dimen name="xxh_1503pixels">3006dp</dimen>
    <dimen name="xxh_1504pixels">3008dp</dimen>
    <dimen name="xxh_1505pixels">3010dp</dimen>
    <dimen name="xxh_1506pixels">3012dp</dimen>
    <dimen name="xxh_1507pixels">3014dp</dimen>
    <dimen name="xxh_1508pixels">3016dp</dimen>
    <dimen name="xxh_1509pixels">3018dp</dimen>
    <dimen name="xxh_1510pixels">3020dp</dimen>
    <dimen name="xxh_1511pixels">3022dp</dimen>
    <dimen name="xxh_1512pixels">3024dp</dimen>
    <dimen name="xxh_1513pixels">3026dp</dimen>
    <dimen name="xxh_1514pixels">3028dp</dimen>
    <dimen name="xxh_1515pixels">3030dp</dimen>
    <dimen name="xxh_1516pixels">3032dp</dimen>
    <dimen name="xxh_1517pixels">3034dp</dimen>
    <dimen name="xxh_1518pixels">3036dp</dimen>
    <dimen name="xxh_1519pixels">3038dp</dimen>
    <dimen name="xxh_1520pixels">3040dp</dimen>
    <dimen name="xxh_1521pixels">3042dp</dimen>
    <dimen name="xxh_1522pixels">3044dp</dimen>
    <dimen name="xxh_1523pixels">3046dp</dimen>
    <dimen name="xxh_1524pixels">3048dp</dimen>
    <dimen name="xxh_1525pixels">3050dp</dimen>
    <dimen name="xxh_1526pixels">3052dp</dimen>
    <dimen name="xxh_1527pixels">3054dp</dimen>
    <dimen name="xxh_1528pixels">3056dp</dimen>
    <dimen name="xxh_1529pixels">3058dp</dimen>
    <dimen name="xxh_1530pixels">3060dp</dimen>
    <dimen name="xxh_1531pixels">3062dp</dimen>
    <dimen name="xxh_1532pixels">3064dp</dimen>
    <dimen name="xxh_1533pixels">3066dp</dimen>
    <dimen name="xxh_1534pixels">3068dp</dimen>
    <dimen name="xxh_1535pixels">3070dp</dimen>
    <dimen name="xxh_1536pixels">3072dp</dimen>
    <dimen name="xxh_1537pixels">3074dp</dimen>
    <dimen name="xxh_1538pixels">3076dp</dimen>
    <dimen name="xxh_1539pixels">3078dp</dimen>
    <dimen name="xxh_1540pixels">3080dp</dimen>
    <dimen name="xxh_1541pixels">3082dp</dimen>
    <dimen name="xxh_1542pixels">3084dp</dimen>
    <dimen name="xxh_1543pixels">3086dp</dimen>
    <dimen name="xxh_1544pixels">3088dp</dimen>
    <dimen name="xxh_1545pixels">3090dp</dimen>
    <dimen name="xxh_1546pixels">3092dp</dimen>
    <dimen name="xxh_1547pixels">3094dp</dimen>
    <dimen name="xxh_1548pixels">3096dp</dimen>
    <dimen name="xxh_1549pixels">3098dp</dimen>
    <dimen name="xxh_1550pixels">3100dp</dimen>
    <dimen name="xxh_1551pixels">3102dp</dimen>
    <dimen name="xxh_1552pixels">3104dp</dimen>
    <dimen name="xxh_1553pixels">3106dp</dimen>
    <dimen name="xxh_1554pixels">3108dp</dimen>
    <dimen name="xxh_1555pixels">3110dp</dimen>
    <dimen name="xxh_1556pixels">3112dp</dimen>
    <dimen name="xxh_1557pixels">3114dp</dimen>
    <dimen name="xxh_1558pixels">3116dp</dimen>
    <dimen name="xxh_1559pixels">3118dp</dimen>
    <dimen name="xxh_1560pixels">3120dp</dimen>
    <dimen name="xxh_1561pixels">3122dp</dimen>
    <dimen name="xxh_1562pixels">3124dp</dimen>
    <dimen name="xxh_1563pixels">3126dp</dimen>
    <dimen name="xxh_1564pixels">3128dp</dimen>
    <dimen name="xxh_1565pixels">3130dp</dimen>
    <dimen name="xxh_1566pixels">3132dp</dimen>
    <dimen name="xxh_1567pixels">3134dp</dimen>
    <dimen name="xxh_1568pixels">3136dp</dimen>
    <dimen name="xxh_1569pixels">3138dp</dimen>
    <dimen name="xxh_1570pixels">3140dp</dimen>
    <dimen name="xxh_1571pixels">3142dp</dimen>
    <dimen name="xxh_1572pixels">3144dp</dimen>
    <dimen name="xxh_1573pixels">3146dp</dimen>
    <dimen name="xxh_1574pixels">3148dp</dimen>
    <dimen name="xxh_1575pixels">3150dp</dimen>
    <dimen name="xxh_1576pixels">3152dp</dimen>
    <dimen name="xxh_1577pixels">3154dp</dimen>
    <dimen name="xxh_1578pixels">3156dp</dimen>
    <dimen name="xxh_1579pixels">3158dp</dimen>
    <dimen name="xxh_1580pixels">3160dp</dimen>
    <dimen name="xxh_1581pixels">3162dp</dimen>
    <dimen name="xxh_1582pixels">3164dp</dimen>
    <dimen name="xxh_1583pixels">3166dp</dimen>
    <dimen name="xxh_1584pixels">3168dp</dimen>
    <dimen name="xxh_1585pixels">3170dp</dimen>
    <dimen name="xxh_1586pixels">3172dp</dimen>
    <dimen name="xxh_1587pixels">3174dp</dimen>
    <dimen name="xxh_1588pixels">3176dp</dimen>
    <dimen name="xxh_1589pixels">3178dp</dimen>
    <dimen name="xxh_1590pixels">3180dp</dimen>
    <dimen name="xxh_1591pixels">3182dp</dimen>
    <dimen name="xxh_1592pixels">3184dp</dimen>
    <dimen name="xxh_1593pixels">3186dp</dimen>
    <dimen name="xxh_1594pixels">3188dp</dimen>
    <dimen name="xxh_1595pixels">3190dp</dimen>
    <dimen name="xxh_1596pixels">3192dp</dimen>
    <dimen name="xxh_1597pixels">3194dp</dimen>
    <dimen name="xxh_1598pixels">3196dp</dimen>
    <dimen name="xxh_1599pixels">3198dp</dimen>
    <dimen name="xxh_1600pixels">3200dp</dimen>
    <dimen name="xxh_1601pixels">3202dp</dimen>
    <dimen name="xxh_1602pixels">3204dp</dimen>
    <dimen name="xxh_1603pixels">3206dp</dimen>
    <dimen name="xxh_1604pixels">3208dp</dimen>
    <dimen name="xxh_1605pixels">3210dp</dimen>
    <dimen name="xxh_1606pixels">3212dp</dimen>
    <dimen name="xxh_1607pixels">3214dp</dimen>
    <dimen name="xxh_1608pixels">3216dp</dimen>
    <dimen name="xxh_1609pixels">3218dp</dimen>
    <dimen name="xxh_1610pixels">3220dp</dimen>
    <dimen name="xxh_1611pixels">3222dp</dimen>
    <dimen name="xxh_1612pixels">3224dp</dimen>
    <dimen name="xxh_1613pixels">3226dp</dimen>
    <dimen name="xxh_1614pixels">3228dp</dimen>
    <dimen name="xxh_1615pixels">3230dp</dimen>
    <dimen name="xxh_1616pixels">3232dp</dimen>
    <dimen name="xxh_1617pixels">3234dp</dimen>
    <dimen name="xxh_1618pixels">3236dp</dimen>
    <dimen name="xxh_1619pixels">3238dp</dimen>
    <dimen name="xxh_1620pixels">3240dp</dimen>
    <dimen name="xxh_1621pixels">3242dp</dimen>
    <dimen name="xxh_1622pixels">3244dp</dimen>
    <dimen name="xxh_1623pixels">3246dp</dimen>
    <dimen name="xxh_1624pixels">3248dp</dimen>
    <dimen name="xxh_1625pixels">3250dp</dimen>
    <dimen name="xxh_1626pixels">3252dp</dimen>
    <dimen name="xxh_1627pixels">3254dp</dimen>
    <dimen name="xxh_1628pixels">3256dp</dimen>
    <dimen name="xxh_1629pixels">3258dp</dimen>
    <dimen name="xxh_1630pixels">3260dp</dimen>
    <dimen name="xxh_1631pixels">3262dp</dimen>
    <dimen name="xxh_1632pixels">3264dp</dimen>
    <dimen name="xxh_1633pixels">3266dp</dimen>
    <dimen name="xxh_1634pixels">3268dp</dimen>
    <dimen name="xxh_1635pixels">3270dp</dimen>
    <dimen name="xxh_1636pixels">3272dp</dimen>
    <dimen name="xxh_1637pixels">3274dp</dimen>
    <dimen name="xxh_1638pixels">3276dp</dimen>
    <dimen name="xxh_1639pixels">3278dp</dimen>
    <dimen name="xxh_1640pixels">3280dp</dimen>
    <dimen name="xxh_1641pixels">3282dp</dimen>
    <dimen name="xxh_1642pixels">3284dp</dimen>
    <dimen name="xxh_1643pixels">3286dp</dimen>
    <dimen name="xxh_1644pixels">3288dp</dimen>
    <dimen name="xxh_1645pixels">3290dp</dimen>
    <dimen name="xxh_1646pixels">3292dp</dimen>
    <dimen name="xxh_1647pixels">3294dp</dimen>
    <dimen name="xxh_1648pixels">3296dp</dimen>
    <dimen name="xxh_1649pixels">3298dp</dimen>
    <dimen name="xxh_1650pixels">3300dp</dimen>
    <dimen name="xxh_1651pixels">3302dp</dimen>
    <dimen name="xxh_1652pixels">3304dp</dimen>
    <dimen name="xxh_1653pixels">3306dp</dimen>
    <dimen name="xxh_1654pixels">3308dp</dimen>
    <dimen name="xxh_1655pixels">3310dp</dimen>
    <dimen name="xxh_1656pixels">3312dp</dimen>
    <dimen name="xxh_1657pixels">3314dp</dimen>
    <dimen name="xxh_1658pixels">3316dp</dimen>
    <dimen name="xxh_1659pixels">3318dp</dimen>
    <dimen name="xxh_1660pixels">3320dp</dimen>
    <dimen name="xxh_1661pixels">3322dp</dimen>
    <dimen name="xxh_1662pixels">3324dp</dimen>
    <dimen name="xxh_1663pixels">3326dp</dimen>
    <dimen name="xxh_1664pixels">3328dp</dimen>
    <dimen name="xxh_1665pixels">3330dp</dimen>
    <dimen name="xxh_1666pixels">3332dp</dimen>
    <dimen name="xxh_1667pixels">3334dp</dimen>
    <dimen name="xxh_1668pixels">3336dp</dimen>
    <dimen name="xxh_1669pixels">3338dp</dimen>
    <dimen name="xxh_1670pixels">3340dp</dimen>
    <dimen name="xxh_1671pixels">3342dp</dimen>
    <dimen name="xxh_1672pixels">3344dp</dimen>
    <dimen name="xxh_1673pixels">3346dp</dimen>
    <dimen name="xxh_1674pixels">3348dp</dimen>
    <dimen name="xxh_1675pixels">3350dp</dimen>
    <dimen name="xxh_1676pixels">3352dp</dimen>
    <dimen name="xxh_1677pixels">3354dp</dimen>
    <dimen name="xxh_1678pixels">3356dp</dimen>
    <dimen name="xxh_1679pixels">3358dp</dimen>
    <dimen name="xxh_1680pixels">3360dp</dimen>
    <dimen name="xxh_1681pixels">3362dp</dimen>
    <dimen name="xxh_1682pixels">3364dp</dimen>
    <dimen name="xxh_1683pixels">3366dp</dimen>
    <dimen name="xxh_1684pixels">3368dp</dimen>
    <dimen name="xxh_1685pixels">3370dp</dimen>
    <dimen name="xxh_1686pixels">3372dp</dimen>
    <dimen name="xxh_1687pixels">3374dp</dimen>
    <dimen name="xxh_1688pixels">3376dp</dimen>
    <dimen name="xxh_1689pixels">3378dp</dimen>
    <dimen name="xxh_1690pixels">3380dp</dimen>
    <dimen name="xxh_1691pixels">3382dp</dimen>
    <dimen name="xxh_1692pixels">3384dp</dimen>
    <dimen name="xxh_1693pixels">3386dp</dimen>
    <dimen name="xxh_1694pixels">3388dp</dimen>
    <dimen name="xxh_1695pixels">3390dp</dimen>
    <dimen name="xxh_1696pixels">3392dp</dimen>
    <dimen name="xxh_1697pixels">3394dp</dimen>
    <dimen name="xxh_1698pixels">3396dp</dimen>
    <dimen name="xxh_1699pixels">3398dp</dimen>
    <dimen name="xxh_1700pixels">3400dp</dimen>
    <dimen name="xxh_1701pixels">3402dp</dimen>
    <dimen name="xxh_1702pixels">3404dp</dimen>
    <dimen name="xxh_1703pixels">3406dp</dimen>
    <dimen name="xxh_1704pixels">3408dp</dimen>
    <dimen name="xxh_1705pixels">3410dp</dimen>
    <dimen name="xxh_1706pixels">3412dp</dimen>
    <dimen name="xxh_1707pixels">3414dp</dimen>
    <dimen name="xxh_1708pixels">3416dp</dimen>
    <dimen name="xxh_1709pixels">3418dp</dimen>
    <dimen name="xxh_1710pixels">3420dp</dimen>
    <dimen name="xxh_1711pixels">3422dp</dimen>
    <dimen name="xxh_1712pixels">3424dp</dimen>
    <dimen name="xxh_1713pixels">3426dp</dimen>
    <dimen name="xxh_1714pixels">3428dp</dimen>
    <dimen name="xxh_1715pixels">3430dp</dimen>
    <dimen name="xxh_1716pixels">3432dp</dimen>
    <dimen name="xxh_1717pixels">3434dp</dimen>
    <dimen name="xxh_1718pixels">3436dp</dimen>
    <dimen name="xxh_1719pixels">3438dp</dimen>
    <dimen name="xxh_1720pixels">3440dp</dimen>
    <dimen name="xxh_1721pixels">3442dp</dimen>
    <dimen name="xxh_1722pixels">3444dp</dimen>
    <dimen name="xxh_1723pixels">3446dp</dimen>
    <dimen name="xxh_1724pixels">3448dp</dimen>
    <dimen name="xxh_1725pixels">3450dp</dimen>
    <dimen name="xxh_1726pixels">3452dp</dimen>
    <dimen name="xxh_1727pixels">3454dp</dimen>
    <dimen name="xxh_1728pixels">3456dp</dimen>
    <dimen name="xxh_1729pixels">3458dp</dimen>
    <dimen name="xxh_1730pixels">3460dp</dimen>
    <dimen name="xxh_1731pixels">3462dp</dimen>
    <dimen name="xxh_1732pixels">3464dp</dimen>
    <dimen name="xxh_1733pixels">3466dp</dimen>
    <dimen name="xxh_1734pixels">3468dp</dimen>
    <dimen name="xxh_1735pixels">3470dp</dimen>
    <dimen name="xxh_1736pixels">3472dp</dimen>
    <dimen name="xxh_1737pixels">3474dp</dimen>
    <dimen name="xxh_1738pixels">3476dp</dimen>
    <dimen name="xxh_1739pixels">3478dp</dimen>
    <dimen name="xxh_1740pixels">3480dp</dimen>
    <dimen name="xxh_1741pixels">3482dp</dimen>
    <dimen name="xxh_1742pixels">3484dp</dimen>
    <dimen name="xxh_1743pixels">3486dp</dimen>
    <dimen name="xxh_1744pixels">3488dp</dimen>
    <dimen name="xxh_1745pixels">3490dp</dimen>
    <dimen name="xxh_1746pixels">3492dp</dimen>
    <dimen name="xxh_1747pixels">3494dp</dimen>
    <dimen name="xxh_1748pixels">3496dp</dimen>
    <dimen name="xxh_1749pixels">3498dp</dimen>
    <dimen name="xxh_1750pixels">3500dp</dimen>
    <dimen name="xxh_1751pixels">3502dp</dimen>
    <dimen name="xxh_1752pixels">3504dp</dimen>
    <dimen name="xxh_1753pixels">3506dp</dimen>
    <dimen name="xxh_1754pixels">3508dp</dimen>
    <dimen name="xxh_1755pixels">3510dp</dimen>
    <dimen name="xxh_1756pixels">3512dp</dimen>
    <dimen name="xxh_1757pixels">3514dp</dimen>
    <dimen name="xxh_1758pixels">3516dp</dimen>
    <dimen name="xxh_1759pixels">3518dp</dimen>
    <dimen name="xxh_1760pixels">3520dp</dimen>
    <dimen name="xxh_1761pixels">3522dp</dimen>
    <dimen name="xxh_1762pixels">3524dp</dimen>
    <dimen name="xxh_1763pixels">3526dp</dimen>
    <dimen name="xxh_1764pixels">3528dp</dimen>
    <dimen name="xxh_1765pixels">3530dp</dimen>
    <dimen name="xxh_1766pixels">3532dp</dimen>
    <dimen name="xxh_1767pixels">3534dp</dimen>
    <dimen name="xxh_1768pixels">3536dp</dimen>
    <dimen name="xxh_1769pixels">3538dp</dimen>
    <dimen name="xxh_1770pixels">3540dp</dimen>
    <dimen name="xxh_1771pixels">3542dp</dimen>
    <dimen name="xxh_1772pixels">3544dp</dimen>
    <dimen name="xxh_1773pixels">3546dp</dimen>
    <dimen name="xxh_1774pixels">3548dp</dimen>
    <dimen name="xxh_1775pixels">3550dp</dimen>
    <dimen name="xxh_1776pixels">3552dp</dimen>
    <dimen name="xxh_1777pixels">3554dp</dimen>
    <dimen name="xxh_1778pixels">3556dp</dimen>
    <dimen name="xxh_1779pixels">3558dp</dimen>
    <dimen name="xxh_1780pixels">3560dp</dimen>
    <dimen name="xxh_1781pixels">3562dp</dimen>
    <dimen name="xxh_1782pixels">3564dp</dimen>
    <dimen name="xxh_1783pixels">3566dp</dimen>
    <dimen name="xxh_1784pixels">3568dp</dimen>
    <dimen name="xxh_1785pixels">3570dp</dimen>
    <dimen name="xxh_1786pixels">3572dp</dimen>
    <dimen name="xxh_1787pixels">3574dp</dimen>
    <dimen name="xxh_1788pixels">3576dp</dimen>
    <dimen name="xxh_1789pixels">3578dp</dimen>
    <dimen name="xxh_1790pixels">3580dp</dimen>
    <dimen name="xxh_1791pixels">3582dp</dimen>
    <dimen name="xxh_1792pixels">3584dp</dimen>
    <dimen name="xxh_1793pixels">3586dp</dimen>
    <dimen name="xxh_1794pixels">3588dp</dimen>
    <dimen name="xxh_1795pixels">3590dp</dimen>
    <dimen name="xxh_1796pixels">3592dp</dimen>
    <dimen name="xxh_1797pixels">3594dp</dimen>
    <dimen name="xxh_1798pixels">3596dp</dimen>
    <dimen name="xxh_1799pixels">3598dp</dimen>
    <dimen name="xxh_1800pixels">3600dp</dimen>
    <dimen name="xxh_1801pixels">3602dp</dimen>
    <dimen name="xxh_1802pixels">3604dp</dimen>
    <dimen name="xxh_1803pixels">3606dp</dimen>
    <dimen name="xxh_1804pixels">3608dp</dimen>
    <dimen name="xxh_1805pixels">3610dp</dimen>
    <dimen name="xxh_1806pixels">3612dp</dimen>
    <dimen name="xxh_1807pixels">3614dp</dimen>
    <dimen name="xxh_1808pixels">3616dp</dimen>
    <dimen name="xxh_1809pixels">3618dp</dimen>
    <dimen name="xxh_1810pixels">3620dp</dimen>
    <dimen name="xxh_1811pixels">3622dp</dimen>
    <dimen name="xxh_1812pixels">3624dp</dimen>
    <dimen name="xxh_1813pixels">3626dp</dimen>
    <dimen name="xxh_1814pixels">3628dp</dimen>
    <dimen name="xxh_1815pixels">3630dp</dimen>
    <dimen name="xxh_1816pixels">3632dp</dimen>
    <dimen name="xxh_1817pixels">3634dp</dimen>
    <dimen name="xxh_1818pixels">3636dp</dimen>
    <dimen name="xxh_1819pixels">3638dp</dimen>
    <dimen name="xxh_1820pixels">3640dp</dimen>
    <dimen name="xxh_1821pixels">3642dp</dimen>
    <dimen name="xxh_1822pixels">3644dp</dimen>
    <dimen name="xxh_1823pixels">3646dp</dimen>
    <dimen name="xxh_1824pixels">3648dp</dimen>
    <dimen name="xxh_1825pixels">3650dp</dimen>
    <dimen name="xxh_1826pixels">3652dp</dimen>
    <dimen name="xxh_1827pixels">3654dp</dimen>
    <dimen name="xxh_1828pixels">3656dp</dimen>
    <dimen name="xxh_1829pixels">3658dp</dimen>
    <dimen name="xxh_1830pixels">3660dp</dimen>
    <dimen name="xxh_1831pixels">3662dp</dimen>
    <dimen name="xxh_1832pixels">3664dp</dimen>
    <dimen name="xxh_1833pixels">3666dp</dimen>
    <dimen name="xxh_1834pixels">3668dp</dimen>
    <dimen name="xxh_1835pixels">3670dp</dimen>
    <dimen name="xxh_1836pixels">3672dp</dimen>
    <dimen name="xxh_1837pixels">3674dp</dimen>
    <dimen name="xxh_1838pixels">3676dp</dimen>
    <dimen name="xxh_1839pixels">3678dp</dimen>
    <dimen name="xxh_1840pixels">3680dp</dimen>
    <dimen name="xxh_1841pixels">3682dp</dimen>
    <dimen name="xxh_1842pixels">3684dp</dimen>
    <dimen name="xxh_1843pixels">3686dp</dimen>
    <dimen name="xxh_1844pixels">3688dp</dimen>
    <dimen name="xxh_1845pixels">3690dp</dimen>
    <dimen name="xxh_1846pixels">3692dp</dimen>
    <dimen name="xxh_1847pixels">3694dp</dimen>
    <dimen name="xxh_1848pixels">3696dp</dimen>
    <dimen name="xxh_1849pixels">3698dp</dimen>
    <dimen name="xxh_1850pixels">3700dp</dimen>
    <dimen name="xxh_1851pixels">3702dp</dimen>
    <dimen name="xxh_1852pixels">3704dp</dimen>
    <dimen name="xxh_1853pixels">3706dp</dimen>
    <dimen name="xxh_1854pixels">3708dp</dimen>
    <dimen name="xxh_1855pixels">3710dp</dimen>
    <dimen name="xxh_1856pixels">3712dp</dimen>
    <dimen name="xxh_1857pixels">3714dp</dimen>
    <dimen name="xxh_1858pixels">3716dp</dimen>
    <dimen name="xxh_1859pixels">3718dp</dimen>
    <dimen name="xxh_1860pixels">3720dp</dimen>
    <dimen name="xxh_1861pixels">3722dp</dimen>
    <dimen name="xxh_1862pixels">3724dp</dimen>
    <dimen name="xxh_1863pixels">3726dp</dimen>
    <dimen name="xxh_1864pixels">3728dp</dimen>
    <dimen name="xxh_1865pixels">3730dp</dimen>
    <dimen name="xxh_1866pixels">3732dp</dimen>
    <dimen name="xxh_1867pixels">3734dp</dimen>
    <dimen name="xxh_1868pixels">3736dp</dimen>
    <dimen name="xxh_1869pixels">3738dp</dimen>
    <dimen name="xxh_1870pixels">3740dp</dimen>
    <dimen name="xxh_1871pixels">3742dp</dimen>
    <dimen name="xxh_1872pixels">3744dp</dimen>
    <dimen name="xxh_1873pixels">3746dp</dimen>
    <dimen name="xxh_1874pixels">3748dp</dimen>
    <dimen name="xxh_1875pixels">3750dp</dimen>
    <dimen name="xxh_1876pixels">3752dp</dimen>
    <dimen name="xxh_1877pixels">3754dp</dimen>
    <dimen name="xxh_1878pixels">3756dp</dimen>
    <dimen name="xxh_1879pixels">3758dp</dimen>
    <dimen name="xxh_1880pixels">3760dp</dimen>
    <dimen name="xxh_1881pixels">3762dp</dimen>
    <dimen name="xxh_1882pixels">3764dp</dimen>
    <dimen name="xxh_1883pixels">3766dp</dimen>
    <dimen name="xxh_1884pixels">3768dp</dimen>
    <dimen name="xxh_1885pixels">3770dp</dimen>
    <dimen name="xxh_1886pixels">3772dp</dimen>
    <dimen name="xxh_1887pixels">3774dp</dimen>
    <dimen name="xxh_1888pixels">3776dp</dimen>
    <dimen name="xxh_1889pixels">3778dp</dimen>
    <dimen name="xxh_1890pixels">3780dp</dimen>
    <dimen name="xxh_1891pixels">3782dp</dimen>
    <dimen name="xxh_1892pixels">3784dp</dimen>
    <dimen name="xxh_1893pixels">3786dp</dimen>
    <dimen name="xxh_1894pixels">3788dp</dimen>
    <dimen name="xxh_1895pixels">3790dp</dimen>
    <dimen name="xxh_1896pixels">3792dp</dimen>
    <dimen name="xxh_1897pixels">3794dp</dimen>
    <dimen name="xxh_1898pixels">3796dp</dimen>
    <dimen name="xxh_1899pixels">3798dp</dimen>
    <dimen name="xxh_1900pixels">3800dp</dimen>
    <dimen name="xxh_1901pixels">3802dp</dimen>
    <dimen name="xxh_1902pixels">3804dp</dimen>
    <dimen name="xxh_1903pixels">3806dp</dimen>
    <dimen name="xxh_1904pixels">3808dp</dimen>
    <dimen name="xxh_1905pixels">3810dp</dimen>
    <dimen name="xxh_1906pixels">3812dp</dimen>
    <dimen name="xxh_1907pixels">3814dp</dimen>
    <dimen name="xxh_1908pixels">3816dp</dimen>
    <dimen name="xxh_1909pixels">3818dp</dimen>
    <dimen name="xxh_1910pixels">3820dp</dimen>
    <dimen name="xxh_1911pixels">3822dp</dimen>
    <dimen name="xxh_1912pixels">3824dp</dimen>
    <dimen name="xxh_1913pixels">3826dp</dimen>
    <dimen name="xxh_1914pixels">3828dp</dimen>
    <dimen name="xxh_1915pixels">3830dp</dimen>
    <dimen name="xxh_1916pixels">3832dp</dimen>
    <dimen name="xxh_1917pixels">3834dp</dimen>
    <dimen name="xxh_1918pixels">3836dp</dimen>
    <dimen name="xxh_1919pixels">3838dp</dimen>
    <dimen name="xxh_1920pixels">3840dp</dimen>
    <dimen name="xxh_1921pixels">3842dp</dimen>
    <dimen name="xxh_1922pixels">3844dp</dimen>
    <dimen name="xxh_1923pixels">3846dp</dimen>
    <dimen name="xxh_1924pixels">3848dp</dimen>
    <dimen name="xxh_1925pixels">3850dp</dimen>
    <dimen name="xxh_1926pixels">3852dp</dimen>
    <dimen name="xxh_1927pixels">3854dp</dimen>
    <dimen name="xxh_1928pixels">3856dp</dimen>
    <dimen name="xxh_1929pixels">3858dp</dimen>
    <dimen name="xxh_1930pixels">3860dp</dimen>
    <dimen name="xxh_1931pixels">3862dp</dimen>
    <dimen name="xxh_1932pixels">3864dp</dimen>
    <dimen name="xxh_1933pixels">3866dp</dimen>
    <dimen name="xxh_1934pixels">3868dp</dimen>
    <dimen name="xxh_1935pixels">3870dp</dimen>
    <dimen name="xxh_1936pixels">3872dp</dimen>
    <dimen name="xxh_1937pixels">3874dp</dimen>
    <dimen name="xxh_1938pixels">3876dp</dimen>
    <dimen name="xxh_1939pixels">3878dp</dimen>
    <dimen name="xxh_1940pixels">3880dp</dimen>
    <dimen name="xxh_1941pixels">3882dp</dimen>
    <dimen name="xxh_1942pixels">3884dp</dimen>
    <dimen name="xxh_1943pixels">3886dp</dimen>
    <dimen name="xxh_1944pixels">3888dp</dimen>
    <dimen name="xxh_1945pixels">3890dp</dimen>
    <dimen name="xxh_1946pixels">3892dp</dimen>
    <dimen name="xxh_1947pixels">3894dp</dimen>
    <dimen name="xxh_1948pixels">3896dp</dimen>
    <dimen name="xxh_1949pixels">3898dp</dimen>
    <dimen name="xxh_1950pixels">3900dp</dimen>
    <dimen name="xxh_1951pixels">3902dp</dimen>
    <dimen name="xxh_1952pixels">3904dp</dimen>
    <dimen name="xxh_1953pixels">3906dp</dimen>
    <dimen name="xxh_1954pixels">3908dp</dimen>
    <dimen name="xxh_1955pixels">3910dp</dimen>
    <dimen name="xxh_1956pixels">3912dp</dimen>
    <dimen name="xxh_1957pixels">3914dp</dimen>
    <dimen name="xxh_1958pixels">3916dp</dimen>
    <dimen name="xxh_1959pixels">3918dp</dimen>
    <dimen name="xxh_1960pixels">3920dp</dimen>
    <dimen name="xxh_1961pixels">3922dp</dimen>
    <dimen name="xxh_1962pixels">3924dp</dimen>
    <dimen name="xxh_1963pixels">3926dp</dimen>
    <dimen name="xxh_1964pixels">3928dp</dimen>
    <dimen name="xxh_1965pixels">3930dp</dimen>
    <dimen name="xxh_1966pixels">3932dp</dimen>
    <dimen name="xxh_1967pixels">3934dp</dimen>
    <dimen name="xxh_1968pixels">3936dp</dimen>
    <dimen name="xxh_1969pixels">3938dp</dimen>
    <dimen name="xxh_1970pixels">3940dp</dimen>
    <dimen name="xxh_1971pixels">3942dp</dimen>
    <dimen name="xxh_1972pixels">3944dp</dimen>
    <dimen name="xxh_1973pixels">3946dp</dimen>
    <dimen name="xxh_1974pixels">3948dp</dimen>
    <dimen name="xxh_1975pixels">3950dp</dimen>
    <dimen name="xxh_1976pixels">3952dp</dimen>
    <dimen name="xxh_1977pixels">3954dp</dimen>
    <dimen name="xxh_1978pixels">3956dp</dimen>
    <dimen name="xxh_1979pixels">3958dp</dimen>
    <dimen name="xxh_1980pixels">3960dp</dimen>
    <dimen name="xxh_1981pixels">3962dp</dimen>
    <dimen name="xxh_1982pixels">3964dp</dimen>
    <dimen name="xxh_1983pixels">3966dp</dimen>
    <dimen name="xxh_1984pixels">3968dp</dimen>
    <dimen name="xxh_1985pixels">3970dp</dimen>
    <dimen name="xxh_1986pixels">3972dp</dimen>
    <dimen name="xxh_1987pixels">3974dp</dimen>
    <dimen name="xxh_1988pixels">3976dp</dimen>
    <dimen name="xxh_1989pixels">3978dp</dimen>
    <dimen name="xxh_1990pixels">3980dp</dimen>
    <dimen name="xxh_1991pixels">3982dp</dimen>
    <dimen name="xxh_1992pixels">3984dp</dimen>
    <dimen name="xxh_1993pixels">3986dp</dimen>
    <dimen name="xxh_1994pixels">3988dp</dimen>
    <dimen name="xxh_1995pixels">3990dp</dimen>
    <dimen name="xxh_1996pixels">3992dp</dimen>
    <dimen name="xxh_1997pixels">3994dp</dimen>
    <dimen name="xxh_1998pixels">3996dp</dimen>
    <dimen name="xxh_1999pixels">3998dp</dimen>
    <dimen name="xxh_2000pixels">4000dp</dimen>

</resources>