<?xml version="1.0" encoding="utf-8"?>
<resources>

    <dimen name="xxh_m130pixels">-195dp</dimen>
    <dimen name="xxh_m48pixels">-72dp</dimen>
    <dimen name="xxh_m42pixels">-63dp</dimen>
    <dimen name="xxh_m30pixels">-45dp</dimen>
    <dimen name="xxh_m26pixels">-39dp</dimen>
    <dimen name="xxh_m25pixels">-37.5dp</dimen>
    <dimen name="xxh_m24pixels">-36dp</dimen>
    <dimen name="xxh_m23pixels">-34.5dp</dimen>
    <dimen name="xxh_m21pixels">-31.5dp</dimen>
    <dimen name="xxh_m20pixels">-30dp</dimen>
    <dimen name="xxh_m18pixels">-27dp</dimen>
    <dimen name="xxh_m16pixels">-24dp</dimen>
    <dimen name="xxh_m14pixels">-21dp</dimen>
    <dimen name="xxh_m10pixels">-15dp</dimen>
    <dimen name="xxh_m8pixels">-12dp</dimen>
    <dimen name="xxh_m5pixels">-7.5dp</dimen>
    <dimen name="xxh_m1pixels">-1.5dp</dimen>

    <dimen name="xxh_1pixels">1.5dp</dimen>
    <dimen name="xxh_2pixels">3dp</dimen>
    <dimen name="xxh_3pixels">4.5dp</dimen>
    <dimen name="xxh_4pixels">6dp</dimen>
    <dimen name="xxh_5pixels">7.5dp</dimen>
    <dimen name="xxh_6pixels">9dp</dimen>
    <dimen name="xxh_7pixels">10.5dp</dimen>
    <dimen name="xxh_8pixels">12dp</dimen>
    <dimen name="xxh_9pixels">13.5dp</dimen>
    <dimen name="xxh_10pixels">15dp</dimen>
    <dimen name="xxh_11pixels">16.5dp</dimen>
    <dimen name="xxh_12pixels">18dp</dimen>
    <dimen name="xxh_13pixels">19.5dp</dimen>
    <dimen name="xxh_14pixels">21dp</dimen>
    <dimen name="xxh_15pixels">22.5dp</dimen>
    <dimen name="xxh_16pixels">24dp</dimen>
    <dimen name="xxh_17pixels">25.5dp</dimen>
    <dimen name="xxh_18pixels">27dp</dimen>
    <dimen name="xxh_19pixels">28.5dp</dimen>
    <dimen name="xxh_20pixels">30dp</dimen>
    <dimen name="xxh_21pixels">31.5dp</dimen>
    <dimen name="xxh_22pixels">33dp</dimen>
    <dimen name="xxh_23pixels">34.5dp</dimen>
    <dimen name="xxh_24pixels">36dp</dimen>
    <dimen name="xxh_25pixels">37.5dp</dimen>
    <dimen name="xxh_26pixels">39dp</dimen>
    <dimen name="xxh_27pixels">40.5dp</dimen>
    <dimen name="xxh_28pixels">42dp</dimen>
    <dimen name="xxh_29pixels">43.5dp</dimen>
    <dimen name="xxh_30pixels">45dp</dimen>
    <dimen name="xxh_31pixels">46.5dp</dimen>
    <dimen name="xxh_32pixels">48dp</dimen>
    <dimen name="xxh_33pixels">49.5dp</dimen>
    <dimen name="xxh_34pixels">51dp</dimen>
    <dimen name="xxh_35pixels">52.5dp</dimen>
    <dimen name="xxh_36pixels">54dp</dimen>
    <dimen name="xxh_37pixels">55.5dp</dimen>
    <dimen name="xxh_38pixels">57dp</dimen>
    <dimen name="xxh_39pixels">58.5dp</dimen>
    <dimen name="xxh_40pixels">60dp</dimen>
    <dimen name="xxh_41pixels">61.5dp</dimen>
    <dimen name="xxh_42pixels">63dp</dimen>
    <dimen name="xxh_43pixels">64.5dp</dimen>
    <dimen name="xxh_44pixels">66dp</dimen>
    <dimen name="xxh_45pixels">67.5dp</dimen>
    <dimen name="xxh_46pixels">69dp</dimen>
    <dimen name="xxh_47pixels">70.5dp</dimen>
    <dimen name="xxh_48pixels">72dp</dimen>
    <dimen name="xxh_49pixels">73.5dp</dimen>
    <dimen name="xxh_50pixels">75dp</dimen>
    <dimen name="xxh_51pixels">76.5dp</dimen>
    <dimen name="xxh_52pixels">78dp</dimen>
    <dimen name="xxh_53pixels">79.5dp</dimen>
    <dimen name="xxh_54pixels">81dp</dimen>
    <dimen name="xxh_55pixels">82.5dp</dimen>
    <dimen name="xxh_56pixels">84dp</dimen>
    <dimen name="xxh_57pixels">85.5dp</dimen>
    <dimen name="xxh_58pixels">87dp</dimen>
    <dimen name="xxh_59pixels">88.5dp</dimen>
    <dimen name="xxh_60pixels">90dp</dimen>
    <dimen name="xxh_61pixels">91.5dp</dimen>
    <dimen name="xxh_62pixels">93dp</dimen>
    <dimen name="xxh_63pixels">94.5dp</dimen>
    <dimen name="xxh_64pixels">96dp</dimen>
    <dimen name="xxh_65pixels">97.5dp</dimen>
    <dimen name="xxh_66pixels">99dp</dimen>
    <dimen name="xxh_67pixels">100.5dp</dimen>
    <dimen name="xxh_68pixels">102dp</dimen>
    <dimen name="xxh_69pixels">103.5dp</dimen>
    <dimen name="xxh_70pixels">105dp</dimen>
    <dimen name="xxh_71pixels">106.5dp</dimen>
    <dimen name="xxh_72pixels">108dp</dimen>
    <dimen name="xxh_73pixels">109.5dp</dimen>
    <dimen name="xxh_74pixels">111dp</dimen>
    <dimen name="xxh_75pixels">112.5dp</dimen>
    <dimen name="xxh_76pixels">114dp</dimen>
    <dimen name="xxh_77pixels">115.5dp</dimen>
    <dimen name="xxh_78pixels">117dp</dimen>
    <dimen name="xxh_79pixels">118.5dp</dimen>
    <dimen name="xxh_80pixels">120dp</dimen>
    <dimen name="xxh_81pixels">121.5dp</dimen>
    <dimen name="xxh_82pixels">123dp</dimen>
    <dimen name="xxh_83pixels">124.5dp</dimen>
    <dimen name="xxh_84pixels">126dp</dimen>
    <dimen name="xxh_85pixels">127.5dp</dimen>
    <dimen name="xxh_86pixels">129dp</dimen>
    <dimen name="xxh_87pixels">130.5dp</dimen>
    <dimen name="xxh_88pixels">132dp</dimen>
    <dimen name="xxh_89pixels">133.5dp</dimen>
    <dimen name="xxh_90pixels">135dp</dimen>
    <dimen name="xxh_91pixels">136.5dp</dimen>
    <dimen name="xxh_92pixels">138dp</dimen>
    <dimen name="xxh_93pixels">139.5dp</dimen>
    <dimen name="xxh_94pixels">141dp</dimen>
    <dimen name="xxh_95pixels">142.5dp</dimen>
    <dimen name="xxh_96pixels">144dp</dimen>
    <dimen name="xxh_97pixels">145.5dp</dimen>
    <dimen name="xxh_98pixels">147dp</dimen>
    <dimen name="xxh_99pixels">148.5dp</dimen>
    <dimen name="xxh_100pixels">150dp</dimen>
    <dimen name="xxh_101pixels">151.5dp</dimen>
    <dimen name="xxh_102pixels">153dp</dimen>
    <dimen name="xxh_103pixels">154.5dp</dimen>
    <dimen name="xxh_104pixels">156dp</dimen>
    <dimen name="xxh_105pixels">157.5dp</dimen>
    <dimen name="xxh_106pixels">159dp</dimen>
    <dimen name="xxh_107pixels">160.5dp</dimen>
    <dimen name="xxh_108pixels">162dp</dimen>
    <dimen name="xxh_109pixels">163.5dp</dimen>
    <dimen name="xxh_110pixels">165dp</dimen>
    <dimen name="xxh_111pixels">166.5dp</dimen>
    <dimen name="xxh_112pixels">168dp</dimen>
    <dimen name="xxh_113pixels">169.5dp</dimen>
    <dimen name="xxh_114pixels">171dp</dimen>
    <dimen name="xxh_115pixels">172.5dp</dimen>
    <dimen name="xxh_116pixels">174dp</dimen>
    <dimen name="xxh_117pixels">175.5dp</dimen>
    <dimen name="xxh_118pixels">177dp</dimen>
    <dimen name="xxh_119pixels">178.5dp</dimen>
    <dimen name="xxh_120pixels">180dp</dimen>
    <dimen name="xxh_121pixels">181.5dp</dimen>
    <dimen name="xxh_122pixels">183dp</dimen>
    <dimen name="xxh_123pixels">184.5dp</dimen>
    <dimen name="xxh_124pixels">186dp</dimen>
    <dimen name="xxh_125pixels">187.5dp</dimen>
    <dimen name="xxh_126pixels">189dp</dimen>
    <dimen name="xxh_127pixels">190.5dp</dimen>
    <dimen name="xxh_128pixels">192dp</dimen>
    <dimen name="xxh_129pixels">193.5dp</dimen>
    <dimen name="xxh_130pixels">195dp</dimen>
    <dimen name="xxh_131pixels">196.5dp</dimen>
    <dimen name="xxh_132pixels">198dp</dimen>
    <dimen name="xxh_133pixels">199.5dp</dimen>
    <dimen name="xxh_134pixels">201dp</dimen>
    <dimen name="xxh_135pixels">202.5dp</dimen>
    <dimen name="xxh_136pixels">204dp</dimen>
    <dimen name="xxh_137pixels">205.5dp</dimen>
    <dimen name="xxh_138pixels">207dp</dimen>
    <dimen name="xxh_139pixels">208.5dp</dimen>
    <dimen name="xxh_140pixels">210dp</dimen>
    <dimen name="xxh_141pixels">211.5dp</dimen>
    <dimen name="xxh_142pixels">213dp</dimen>
    <dimen name="xxh_143pixels">214.5dp</dimen>
    <dimen name="xxh_144pixels">216dp</dimen>
    <dimen name="xxh_145pixels">217.5dp</dimen>
    <dimen name="xxh_146pixels">219dp</dimen>
    <dimen name="xxh_147pixels">220.5dp</dimen>
    <dimen name="xxh_148pixels">222dp</dimen>
    <dimen name="xxh_149pixels">223.5dp</dimen>
    <dimen name="xxh_150pixels">225dp</dimen>
    <dimen name="xxh_151pixels">226.5dp</dimen>
    <dimen name="xxh_152pixels">228dp</dimen>
    <dimen name="xxh_153pixels">229.5dp</dimen>
    <dimen name="xxh_154pixels">231dp</dimen>
    <dimen name="xxh_155pixels">232.5dp</dimen>
    <dimen name="xxh_156pixels">234dp</dimen>
    <dimen name="xxh_157pixels">235.5dp</dimen>
    <dimen name="xxh_158pixels">237dp</dimen>
    <dimen name="xxh_159pixels">238.5dp</dimen>
    <dimen name="xxh_160pixels">240dp</dimen>
    <dimen name="xxh_161pixels">241.5dp</dimen>
    <dimen name="xxh_162pixels">243dp</dimen>
    <dimen name="xxh_163pixels">244.5dp</dimen>
    <dimen name="xxh_164pixels">246dp</dimen>
    <dimen name="xxh_165pixels">247.5dp</dimen>
    <dimen name="xxh_166pixels">249dp</dimen>
    <dimen name="xxh_167pixels">250.5dp</dimen>
    <dimen name="xxh_168pixels">252dp</dimen>
    <dimen name="xxh_169pixels">253.5dp</dimen>
    <dimen name="xxh_170pixels">255dp</dimen>
    <dimen name="xxh_171pixels">256.5dp</dimen>
    <dimen name="xxh_172pixels">258dp</dimen>
    <dimen name="xxh_173pixels">259.5dp</dimen>
    <dimen name="xxh_174pixels">261dp</dimen>
    <dimen name="xxh_175pixels">262.5dp</dimen>
    <dimen name="xxh_176pixels">264dp</dimen>
    <dimen name="xxh_177pixels">265.5dp</dimen>
    <dimen name="xxh_178pixels">267dp</dimen>
    <dimen name="xxh_179pixels">268.5dp</dimen>
    <dimen name="xxh_180pixels">270dp</dimen>
    <dimen name="xxh_181pixels">271.5dp</dimen>
    <dimen name="xxh_182pixels">273dp</dimen>
    <dimen name="xxh_183pixels">274.5dp</dimen>
    <dimen name="xxh_184pixels">276dp</dimen>
    <dimen name="xxh_185pixels">277.5dp</dimen>
    <dimen name="xxh_186pixels">279dp</dimen>
    <dimen name="xxh_187pixels">280.5dp</dimen>
    <dimen name="xxh_188pixels">282dp</dimen>
    <dimen name="xxh_189pixels">283.5dp</dimen>
    <dimen name="xxh_190pixels">285dp</dimen>
    <dimen name="xxh_191pixels">286.5dp</dimen>
    <dimen name="xxh_192pixels">288dp</dimen>
    <dimen name="xxh_193pixels">289.5dp</dimen>
    <dimen name="xxh_194pixels">291dp</dimen>
    <dimen name="xxh_195pixels">292.5dp</dimen>
    <dimen name="xxh_196pixels">294dp</dimen>
    <dimen name="xxh_197pixels">295.5dp</dimen>
    <dimen name="xxh_198pixels">297dp</dimen>
    <dimen name="xxh_199pixels">298.5dp</dimen>
    <dimen name="xxh_200pixels">300dp</dimen>
    <dimen name="xxh_201pixels">301.5dp</dimen>
    <dimen name="xxh_202pixels">303dp</dimen>
    <dimen name="xxh_203pixels">304.5dp</dimen>
    <dimen name="xxh_204pixels">306dp</dimen>
    <dimen name="xxh_205pixels">307.5dp</dimen>
    <dimen name="xxh_206pixels">309dp</dimen>
    <dimen name="xxh_207pixels">310.5dp</dimen>
    <dimen name="xxh_208pixels">312dp</dimen>
    <dimen name="xxh_209pixels">313.5dp</dimen>
    <dimen name="xxh_210pixels">315dp</dimen>
    <dimen name="xxh_211pixels">316.5dp</dimen>
    <dimen name="xxh_212pixels">318dp</dimen>
    <dimen name="xxh_213pixels">319.5dp</dimen>
    <dimen name="xxh_214pixels">321dp</dimen>
    <dimen name="xxh_215pixels">322.5dp</dimen>
    <dimen name="xxh_216pixels">324dp</dimen>
    <dimen name="xxh_217pixels">325.5dp</dimen>
    <dimen name="xxh_218pixels">327dp</dimen>
    <dimen name="xxh_219pixels">328.5dp</dimen>
    <dimen name="xxh_220pixels">330dp</dimen>
    <dimen name="xxh_221pixels">331.5dp</dimen>
    <dimen name="xxh_222pixels">333dp</dimen>
    <dimen name="xxh_223pixels">334.5dp</dimen>
    <dimen name="xxh_224pixels">336dp</dimen>
    <dimen name="xxh_225pixels">337.5dp</dimen>
    <dimen name="xxh_226pixels">339dp</dimen>
    <dimen name="xxh_227pixels">340.5dp</dimen>
    <dimen name="xxh_228pixels">342dp</dimen>
    <dimen name="xxh_229pixels">343.5dp</dimen>
    <dimen name="xxh_230pixels">345dp</dimen>
    <dimen name="xxh_231pixels">346.5dp</dimen>
    <dimen name="xxh_232pixels">348dp</dimen>
    <dimen name="xxh_233pixels">349.5dp</dimen>
    <dimen name="xxh_234pixels">351dp</dimen>
    <dimen name="xxh_235pixels">352.5dp</dimen>
    <dimen name="xxh_236pixels">354dp</dimen>
    <dimen name="xxh_237pixels">355.5dp</dimen>
    <dimen name="xxh_238pixels">357dp</dimen>
    <dimen name="xxh_239pixels">358.5dp</dimen>
    <dimen name="xxh_240pixels">360dp</dimen>
    <dimen name="xxh_241pixels">361.5dp</dimen>
    <dimen name="xxh_242pixels">363dp</dimen>
    <dimen name="xxh_243pixels">364.5dp</dimen>
    <dimen name="xxh_244pixels">366dp</dimen>
    <dimen name="xxh_245pixels">367.5dp</dimen>
    <dimen name="xxh_246pixels">369dp</dimen>
    <dimen name="xxh_247pixels">370.5dp</dimen>
    <dimen name="xxh_248pixels">372dp</dimen>
    <dimen name="xxh_249pixels">373.5dp</dimen>
    <dimen name="xxh_250pixels">375dp</dimen>
    <dimen name="xxh_251pixels">376.5dp</dimen>
    <dimen name="xxh_252pixels">378dp</dimen>
    <dimen name="xxh_253pixels">379.5dp</dimen>
    <dimen name="xxh_254pixels">381dp</dimen>
    <dimen name="xxh_255pixels">382.5dp</dimen>
    <dimen name="xxh_256pixels">384dp</dimen>
    <dimen name="xxh_257pixels">385.5dp</dimen>
    <dimen name="xxh_258pixels">387dp</dimen>
    <dimen name="xxh_259pixels">388.5dp</dimen>
    <dimen name="xxh_260pixels">390dp</dimen>
    <dimen name="xxh_261pixels">391.5dp</dimen>
    <dimen name="xxh_262pixels">393dp</dimen>
    <dimen name="xxh_263pixels">394.5dp</dimen>
    <dimen name="xxh_264pixels">396dp</dimen>
    <dimen name="xxh_265pixels">397.5dp</dimen>
    <dimen name="xxh_266pixels">399dp</dimen>
    <dimen name="xxh_267pixels">400.5dp</dimen>
    <dimen name="xxh_268pixels">402dp</dimen>
    <dimen name="xxh_269pixels">403.5dp</dimen>
    <dimen name="xxh_270pixels">405dp</dimen>
    <dimen name="xxh_271pixels">406.5dp</dimen>
    <dimen name="xxh_272pixels">408dp</dimen>
    <dimen name="xxh_273pixels">409.5dp</dimen>
    <dimen name="xxh_274pixels">411dp</dimen>
    <dimen name="xxh_275pixels">412.5dp</dimen>
    <dimen name="xxh_276pixels">414dp</dimen>
    <dimen name="xxh_277pixels">415.5dp</dimen>
    <dimen name="xxh_278pixels">417dp</dimen>
    <dimen name="xxh_279pixels">418.5dp</dimen>
    <dimen name="xxh_280pixels">420dp</dimen>
    <dimen name="xxh_281pixels">421.5dp</dimen>
    <dimen name="xxh_282pixels">423dp</dimen>
    <dimen name="xxh_283pixels">424.5dp</dimen>
    <dimen name="xxh_284pixels">426dp</dimen>
    <dimen name="xxh_285pixels">427.5dp</dimen>
    <dimen name="xxh_286pixels">429dp</dimen>
    <dimen name="xxh_287pixels">430.5dp</dimen>
    <dimen name="xxh_288pixels">432dp</dimen>
    <dimen name="xxh_289pixels">433.5dp</dimen>
    <dimen name="xxh_290pixels">435dp</dimen>
    <dimen name="xxh_291pixels">436.5dp</dimen>
    <dimen name="xxh_292pixels">438dp</dimen>
    <dimen name="xxh_293pixels">439.5dp</dimen>
    <dimen name="xxh_294pixels">441dp</dimen>
    <dimen name="xxh_295pixels">442.5dp</dimen>
    <dimen name="xxh_296pixels">444dp</dimen>
    <dimen name="xxh_297pixels">445.5dp</dimen>
    <dimen name="xxh_298pixels">447dp</dimen>
    <dimen name="xxh_299pixels">448.5dp</dimen>
    <dimen name="xxh_300pixels">450dp</dimen>
    <dimen name="xxh_301pixels">451.5dp</dimen>
    <dimen name="xxh_302pixels">453dp</dimen>
    <dimen name="xxh_303pixels">454.5dp</dimen>
    <dimen name="xxh_304pixels">456dp</dimen>
    <dimen name="xxh_305pixels">457.5dp</dimen>
    <dimen name="xxh_306pixels">459dp</dimen>
    <dimen name="xxh_307pixels">460.5dp</dimen>
    <dimen name="xxh_308pixels">462dp</dimen>
    <dimen name="xxh_309pixels">463.5dp</dimen>
    <dimen name="xxh_310pixels">465dp</dimen>
    <dimen name="xxh_311pixels">466.5dp</dimen>
    <dimen name="xxh_312pixels">468dp</dimen>
    <dimen name="xxh_313pixels">469.5dp</dimen>
    <dimen name="xxh_314pixels">471dp</dimen>
    <dimen name="xxh_315pixels">472.5dp</dimen>
    <dimen name="xxh_316pixels">474dp</dimen>
    <dimen name="xxh_317pixels">475.5dp</dimen>
    <dimen name="xxh_318pixels">477dp</dimen>
    <dimen name="xxh_319pixels">478.5dp</dimen>
    <dimen name="xxh_320pixels">480dp</dimen>
    <dimen name="xxh_321pixels">481.5dp</dimen>
    <dimen name="xxh_322pixels">483dp</dimen>
    <dimen name="xxh_323pixels">484.5dp</dimen>
    <dimen name="xxh_324pixels">486dp</dimen>
    <dimen name="xxh_325pixels">487.5dp</dimen>
    <dimen name="xxh_326pixels">489dp</dimen>
    <dimen name="xxh_327pixels">490.5dp</dimen>
    <dimen name="xxh_328pixels">492dp</dimen>
    <dimen name="xxh_329pixels">493.5dp</dimen>
    <dimen name="xxh_330pixels">495dp</dimen>
    <dimen name="xxh_331pixels">496.5dp</dimen>
    <dimen name="xxh_332pixels">498dp</dimen>
    <dimen name="xxh_333pixels">499.5dp</dimen>
    <dimen name="xxh_334pixels">501dp</dimen>
    <dimen name="xxh_335pixels">502.5dp</dimen>
    <dimen name="xxh_336pixels">504dp</dimen>
    <dimen name="xxh_337pixels">505.5dp</dimen>
    <dimen name="xxh_338pixels">507dp</dimen>
    <dimen name="xxh_339pixels">508.5dp</dimen>
    <dimen name="xxh_340pixels">510dp</dimen>
    <dimen name="xxh_341pixels">511.5dp</dimen>
    <dimen name="xxh_342pixels">513dp</dimen>
    <dimen name="xxh_343pixels">514.5dp</dimen>
    <dimen name="xxh_344pixels">516dp</dimen>
    <dimen name="xxh_345pixels">517.5dp</dimen>
    <dimen name="xxh_346pixels">519dp</dimen>
    <dimen name="xxh_347pixels">520.5dp</dimen>
    <dimen name="xxh_348pixels">522dp</dimen>
    <dimen name="xxh_349pixels">523.5dp</dimen>
    <dimen name="xxh_350pixels">525dp</dimen>
    <dimen name="xxh_351pixels">526.5dp</dimen>
    <dimen name="xxh_352pixels">528dp</dimen>
    <dimen name="xxh_353pixels">529.5dp</dimen>
    <dimen name="xxh_354pixels">531dp</dimen>
    <dimen name="xxh_355pixels">532.5dp</dimen>
    <dimen name="xxh_356pixels">534dp</dimen>
    <dimen name="xxh_357pixels">535.5dp</dimen>
    <dimen name="xxh_358pixels">537dp</dimen>
    <dimen name="xxh_359pixels">538.5dp</dimen>
    <dimen name="xxh_360pixels">540dp</dimen>
    <dimen name="xxh_361pixels">541.5dp</dimen>
    <dimen name="xxh_362pixels">543dp</dimen>
    <dimen name="xxh_363pixels">544.5dp</dimen>
    <dimen name="xxh_364pixels">546dp</dimen>
    <dimen name="xxh_365pixels">547.5dp</dimen>
    <dimen name="xxh_366pixels">549dp</dimen>
    <dimen name="xxh_367pixels">550.5dp</dimen>
    <dimen name="xxh_368pixels">552dp</dimen>
    <dimen name="xxh_369pixels">553.5dp</dimen>
    <dimen name="xxh_370pixels">555dp</dimen>
    <dimen name="xxh_371pixels">556.5dp</dimen>
    <dimen name="xxh_372pixels">558dp</dimen>
    <dimen name="xxh_373pixels">559.5dp</dimen>
    <dimen name="xxh_374pixels">561dp</dimen>
    <dimen name="xxh_375pixels">562.5dp</dimen>
    <dimen name="xxh_376pixels">564dp</dimen>
    <dimen name="xxh_377pixels">565.5dp</dimen>
    <dimen name="xxh_378pixels">567dp</dimen>
    <dimen name="xxh_379pixels">568.5dp</dimen>
    <dimen name="xxh_380pixels">570dp</dimen>
    <dimen name="xxh_381pixels">571.5dp</dimen>
    <dimen name="xxh_382pixels">573dp</dimen>
    <dimen name="xxh_383pixels">574.5dp</dimen>
    <dimen name="xxh_384pixels">576dp</dimen>
    <dimen name="xxh_385pixels">577.5dp</dimen>
    <dimen name="xxh_386pixels">579dp</dimen>
    <dimen name="xxh_387pixels">580.5dp</dimen>
    <dimen name="xxh_388pixels">582dp</dimen>
    <dimen name="xxh_389pixels">583.5dp</dimen>
    <dimen name="xxh_390pixels">585dp</dimen>
    <dimen name="xxh_391pixels">586.5dp</dimen>
    <dimen name="xxh_392pixels">588dp</dimen>
    <dimen name="xxh_393pixels">589.5dp</dimen>
    <dimen name="xxh_394pixels">591dp</dimen>
    <dimen name="xxh_395pixels">592.5dp</dimen>
    <dimen name="xxh_396pixels">594dp</dimen>
    <dimen name="xxh_397pixels">595.5dp</dimen>
    <dimen name="xxh_398pixels">597dp</dimen>
    <dimen name="xxh_399pixels">598.5dp</dimen>
    <dimen name="xxh_400pixels">600dp</dimen>
    <dimen name="xxh_401pixels">601.5dp</dimen>
    <dimen name="xxh_402pixels">603dp</dimen>
    <dimen name="xxh_403pixels">604.5dp</dimen>
    <dimen name="xxh_404pixels">606dp</dimen>
    <dimen name="xxh_405pixels">607.5dp</dimen>
    <dimen name="xxh_406pixels">609dp</dimen>
    <dimen name="xxh_407pixels">610.5dp</dimen>
    <dimen name="xxh_408pixels">612dp</dimen>
    <dimen name="xxh_409pixels">613.5dp</dimen>
    <dimen name="xxh_410pixels">615dp</dimen>
    <dimen name="xxh_411pixels">616.5dp</dimen>
    <dimen name="xxh_412pixels">618dp</dimen>
    <dimen name="xxh_413pixels">619.5dp</dimen>
    <dimen name="xxh_414pixels">621dp</dimen>
    <dimen name="xxh_415pixels">622.5dp</dimen>
    <dimen name="xxh_416pixels">624dp</dimen>
    <dimen name="xxh_417pixels">625.5dp</dimen>
    <dimen name="xxh_418pixels">627dp</dimen>
    <dimen name="xxh_419pixels">628.5dp</dimen>
    <dimen name="xxh_420pixels">630dp</dimen>
    <dimen name="xxh_421pixels">631.5dp</dimen>
    <dimen name="xxh_422pixels">633dp</dimen>
    <dimen name="xxh_423pixels">634.5dp</dimen>
    <dimen name="xxh_424pixels">636dp</dimen>
    <dimen name="xxh_425pixels">637.5dp</dimen>
    <dimen name="xxh_426pixels">639dp</dimen>
    <dimen name="xxh_427pixels">640.5dp</dimen>
    <dimen name="xxh_428pixels">642dp</dimen>
    <dimen name="xxh_429pixels">643.5dp</dimen>
    <dimen name="xxh_430pixels">645dp</dimen>
    <dimen name="xxh_431pixels">646.5dp</dimen>
    <dimen name="xxh_432pixels">648dp</dimen>
    <dimen name="xxh_433pixels">649.5dp</dimen>
    <dimen name="xxh_434pixels">651dp</dimen>
    <dimen name="xxh_435pixels">652.5dp</dimen>
    <dimen name="xxh_436pixels">654dp</dimen>
    <dimen name="xxh_437pixels">655.5dp</dimen>
    <dimen name="xxh_438pixels">657dp</dimen>
    <dimen name="xxh_439pixels">658.5dp</dimen>
    <dimen name="xxh_440pixels">660dp</dimen>
    <dimen name="xxh_441pixels">661.5dp</dimen>
    <dimen name="xxh_442pixels">663dp</dimen>
    <dimen name="xxh_443pixels">664.5dp</dimen>
    <dimen name="xxh_444pixels">666dp</dimen>
    <dimen name="xxh_445pixels">667.5dp</dimen>
    <dimen name="xxh_446pixels">669dp</dimen>
    <dimen name="xxh_447pixels">670.5dp</dimen>
    <dimen name="xxh_448pixels">672dp</dimen>
    <dimen name="xxh_449pixels">673.5dp</dimen>
    <dimen name="xxh_450pixels">675dp</dimen>
    <dimen name="xxh_451pixels">676.5dp</dimen>
    <dimen name="xxh_452pixels">678dp</dimen>
    <dimen name="xxh_453pixels">679.5dp</dimen>
    <dimen name="xxh_454pixels">681dp</dimen>
    <dimen name="xxh_455pixels">682.5dp</dimen>
    <dimen name="xxh_456pixels">684dp</dimen>
    <dimen name="xxh_457pixels">685.5dp</dimen>
    <dimen name="xxh_458pixels">687dp</dimen>
    <dimen name="xxh_459pixels">688.5dp</dimen>
    <dimen name="xxh_460pixels">690dp</dimen>
    <dimen name="xxh_461pixels">691.5dp</dimen>
    <dimen name="xxh_462pixels">693dp</dimen>
    <dimen name="xxh_463pixels">694.5dp</dimen>
    <dimen name="xxh_464pixels">696dp</dimen>
    <dimen name="xxh_465pixels">697.5dp</dimen>
    <dimen name="xxh_466pixels">699dp</dimen>
    <dimen name="xxh_467pixels">700.5dp</dimen>
    <dimen name="xxh_468pixels">702dp</dimen>
    <dimen name="xxh_469pixels">703.5dp</dimen>
    <dimen name="xxh_470pixels">705dp</dimen>
    <dimen name="xxh_471pixels">706.5dp</dimen>
    <dimen name="xxh_472pixels">708dp</dimen>
    <dimen name="xxh_473pixels">709.5dp</dimen>
    <dimen name="xxh_474pixels">711dp</dimen>
    <dimen name="xxh_475pixels">712.5dp</dimen>
    <dimen name="xxh_476pixels">714dp</dimen>
    <dimen name="xxh_477pixels">715.5dp</dimen>
    <dimen name="xxh_478pixels">717dp</dimen>
    <dimen name="xxh_479pixels">718.5dp</dimen>
    <dimen name="xxh_480pixels">720dp</dimen>
    <dimen name="xxh_481pixels">721.5dp</dimen>
    <dimen name="xxh_482pixels">723dp</dimen>
    <dimen name="xxh_483pixels">724.5dp</dimen>
    <dimen name="xxh_484pixels">726dp</dimen>
    <dimen name="xxh_485pixels">727.5dp</dimen>
    <dimen name="xxh_486pixels">729dp</dimen>
    <dimen name="xxh_487pixels">730.5dp</dimen>
    <dimen name="xxh_488pixels">732dp</dimen>
    <dimen name="xxh_489pixels">733.5dp</dimen>
    <dimen name="xxh_490pixels">735dp</dimen>
    <dimen name="xxh_491pixels">736.5dp</dimen>
    <dimen name="xxh_492pixels">738dp</dimen>
    <dimen name="xxh_493pixels">739.5dp</dimen>
    <dimen name="xxh_494pixels">741dp</dimen>
    <dimen name="xxh_495pixels">742.5dp</dimen>
    <dimen name="xxh_496pixels">744dp</dimen>
    <dimen name="xxh_497pixels">745.5dp</dimen>
    <dimen name="xxh_498pixels">747dp</dimen>
    <dimen name="xxh_499pixels">748.5dp</dimen>
    <dimen name="xxh_500pixels">750dp</dimen>
    <dimen name="xxh_501pixels">751.5dp</dimen>
    <dimen name="xxh_502pixels">753dp</dimen>
    <dimen name="xxh_503pixels">754.5dp</dimen>
    <dimen name="xxh_504pixels">756dp</dimen>
    <dimen name="xxh_505pixels">757.5dp</dimen>
    <dimen name="xxh_506pixels">759dp</dimen>
    <dimen name="xxh_507pixels">760.5dp</dimen>
    <dimen name="xxh_508pixels">762dp</dimen>
    <dimen name="xxh_509pixels">763.5dp</dimen>
    <dimen name="xxh_510pixels">765dp</dimen>
    <dimen name="xxh_511pixels">766.5dp</dimen>
    <dimen name="xxh_512pixels">768dp</dimen>
    <dimen name="xxh_513pixels">769.5dp</dimen>
    <dimen name="xxh_514pixels">771dp</dimen>
    <dimen name="xxh_515pixels">772.5dp</dimen>
    <dimen name="xxh_516pixels">774dp</dimen>
    <dimen name="xxh_517pixels">775.5dp</dimen>
    <dimen name="xxh_518pixels">777dp</dimen>
    <dimen name="xxh_519pixels">778.5dp</dimen>
    <dimen name="xxh_520pixels">780dp</dimen>
    <dimen name="xxh_521pixels">781.5dp</dimen>
    <dimen name="xxh_522pixels">783dp</dimen>
    <dimen name="xxh_523pixels">784.5dp</dimen>
    <dimen name="xxh_524pixels">786dp</dimen>
    <dimen name="xxh_525pixels">787.5dp</dimen>
    <dimen name="xxh_526pixels">789dp</dimen>
    <dimen name="xxh_527pixels">790.5dp</dimen>
    <dimen name="xxh_528pixels">792dp</dimen>
    <dimen name="xxh_529pixels">793.5dp</dimen>
    <dimen name="xxh_530pixels">795dp</dimen>
    <dimen name="xxh_531pixels">796.5dp</dimen>
    <dimen name="xxh_532pixels">798dp</dimen>
    <dimen name="xxh_533pixels">799.5dp</dimen>
    <dimen name="xxh_534pixels">801dp</dimen>
    <dimen name="xxh_535pixels">802.5dp</dimen>
    <dimen name="xxh_536pixels">804dp</dimen>
    <dimen name="xxh_537pixels">805.5dp</dimen>
    <dimen name="xxh_538pixels">807dp</dimen>
    <dimen name="xxh_539pixels">808.5dp</dimen>
    <dimen name="xxh_540pixels">810dp</dimen>
    <dimen name="xxh_541pixels">811.5dp</dimen>
    <dimen name="xxh_542pixels">813dp</dimen>
    <dimen name="xxh_543pixels">814.5dp</dimen>
    <dimen name="xxh_544pixels">816dp</dimen>
    <dimen name="xxh_545pixels">817.5dp</dimen>
    <dimen name="xxh_546pixels">819dp</dimen>
    <dimen name="xxh_547pixels">820.5dp</dimen>
    <dimen name="xxh_548pixels">822dp</dimen>
    <dimen name="xxh_549pixels">823.5dp</dimen>
    <dimen name="xxh_550pixels">825dp</dimen>
    <dimen name="xxh_551pixels">826.5dp</dimen>
    <dimen name="xxh_552pixels">828dp</dimen>
    <dimen name="xxh_553pixels">829.5dp</dimen>
    <dimen name="xxh_554pixels">831dp</dimen>
    <dimen name="xxh_555pixels">832.5dp</dimen>
    <dimen name="xxh_556pixels">834dp</dimen>
    <dimen name="xxh_557pixels">835.5dp</dimen>
    <dimen name="xxh_558pixels">837dp</dimen>
    <dimen name="xxh_559pixels">838.5dp</dimen>
    <dimen name="xxh_560pixels">840dp</dimen>
    <dimen name="xxh_561pixels">841.5dp</dimen>
    <dimen name="xxh_562pixels">843dp</dimen>
    <dimen name="xxh_563pixels">844.5dp</dimen>
    <dimen name="xxh_564pixels">846dp</dimen>
    <dimen name="xxh_565pixels">847.5dp</dimen>
    <dimen name="xxh_566pixels">849dp</dimen>
    <dimen name="xxh_567pixels">850.5dp</dimen>
    <dimen name="xxh_568pixels">852dp</dimen>
    <dimen name="xxh_569pixels">853.5dp</dimen>
    <dimen name="xxh_570pixels">855dp</dimen>
    <dimen name="xxh_571pixels">856.5dp</dimen>
    <dimen name="xxh_572pixels">858dp</dimen>
    <dimen name="xxh_573pixels">859.5dp</dimen>
    <dimen name="xxh_574pixels">861dp</dimen>
    <dimen name="xxh_575pixels">862.5dp</dimen>
    <dimen name="xxh_576pixels">864dp</dimen>
    <dimen name="xxh_577pixels">865.5dp</dimen>
    <dimen name="xxh_578pixels">867dp</dimen>
    <dimen name="xxh_579pixels">868.5dp</dimen>
    <dimen name="xxh_580pixels">870dp</dimen>
    <dimen name="xxh_581pixels">871.5dp</dimen>
    <dimen name="xxh_582pixels">873dp</dimen>
    <dimen name="xxh_583pixels">874.5dp</dimen>
    <dimen name="xxh_584pixels">876dp</dimen>
    <dimen name="xxh_585pixels">877.5dp</dimen>
    <dimen name="xxh_586pixels">879dp</dimen>
    <dimen name="xxh_587pixels">880.5dp</dimen>
    <dimen name="xxh_588pixels">882dp</dimen>
    <dimen name="xxh_589pixels">883.5dp</dimen>
    <dimen name="xxh_590pixels">885dp</dimen>
    <dimen name="xxh_591pixels">886.5dp</dimen>
    <dimen name="xxh_592pixels">888dp</dimen>
    <dimen name="xxh_593pixels">889.5dp</dimen>
    <dimen name="xxh_594pixels">891dp</dimen>
    <dimen name="xxh_595pixels">892.5dp</dimen>
    <dimen name="xxh_596pixels">894dp</dimen>
    <dimen name="xxh_597pixels">895.5dp</dimen>
    <dimen name="xxh_598pixels">897dp</dimen>
    <dimen name="xxh_599pixels">898.5dp</dimen>
    <dimen name="xxh_600pixels">900dp</dimen>
    <dimen name="xxh_601pixels">901.5dp</dimen>
    <dimen name="xxh_602pixels">903dp</dimen>
    <dimen name="xxh_603pixels">904.5dp</dimen>
    <dimen name="xxh_604pixels">906dp</dimen>
    <dimen name="xxh_605pixels">907.5dp</dimen>
    <dimen name="xxh_606pixels">909dp</dimen>
    <dimen name="xxh_607pixels">910.5dp</dimen>
    <dimen name="xxh_608pixels">912dp</dimen>
    <dimen name="xxh_609pixels">913.5dp</dimen>
    <dimen name="xxh_610pixels">915dp</dimen>
    <dimen name="xxh_611pixels">916.5dp</dimen>
    <dimen name="xxh_612pixels">918dp</dimen>
    <dimen name="xxh_613pixels">919.5dp</dimen>
    <dimen name="xxh_614pixels">921dp</dimen>
    <dimen name="xxh_615pixels">922.5dp</dimen>
    <dimen name="xxh_616pixels">924dp</dimen>
    <dimen name="xxh_617pixels">925.5dp</dimen>
    <dimen name="xxh_618pixels">927dp</dimen>
    <dimen name="xxh_619pixels">928.5dp</dimen>
    <dimen name="xxh_620pixels">930dp</dimen>
    <dimen name="xxh_621pixels">931.5dp</dimen>
    <dimen name="xxh_622pixels">933dp</dimen>
    <dimen name="xxh_623pixels">934.5dp</dimen>
    <dimen name="xxh_624pixels">936dp</dimen>
    <dimen name="xxh_625pixels">937.5dp</dimen>
    <dimen name="xxh_626pixels">939dp</dimen>
    <dimen name="xxh_627pixels">940.5dp</dimen>
    <dimen name="xxh_628pixels">942dp</dimen>
    <dimen name="xxh_629pixels">943.5dp</dimen>
    <dimen name="xxh_630pixels">945dp</dimen>
    <dimen name="xxh_631pixels">946.5dp</dimen>
    <dimen name="xxh_632pixels">948dp</dimen>
    <dimen name="xxh_633pixels">949.5dp</dimen>
    <dimen name="xxh_634pixels">951dp</dimen>
    <dimen name="xxh_635pixels">952.5dp</dimen>
    <dimen name="xxh_636pixels">954dp</dimen>
    <dimen name="xxh_637pixels">955.5dp</dimen>
    <dimen name="xxh_638pixels">957dp</dimen>
    <dimen name="xxh_639pixels">958.5dp</dimen>
    <dimen name="xxh_640pixels">960dp</dimen>
    <dimen name="xxh_641pixels">961.5dp</dimen>
    <dimen name="xxh_642pixels">963dp</dimen>
    <dimen name="xxh_643pixels">964.5dp</dimen>
    <dimen name="xxh_644pixels">966dp</dimen>
    <dimen name="xxh_645pixels">967.5dp</dimen>
    <dimen name="xxh_646pixels">969dp</dimen>
    <dimen name="xxh_647pixels">970.5dp</dimen>
    <dimen name="xxh_648pixels">972dp</dimen>
    <dimen name="xxh_649pixels">973.5dp</dimen>
    <dimen name="xxh_650pixels">975dp</dimen>
    <dimen name="xxh_651pixels">976.5dp</dimen>
    <dimen name="xxh_652pixels">978dp</dimen>
    <dimen name="xxh_653pixels">979.5dp</dimen>
    <dimen name="xxh_654pixels">981dp</dimen>
    <dimen name="xxh_655pixels">982.5dp</dimen>
    <dimen name="xxh_656pixels">984dp</dimen>
    <dimen name="xxh_657pixels">985.5dp</dimen>
    <dimen name="xxh_658pixels">987dp</dimen>
    <dimen name="xxh_659pixels">988.5dp</dimen>
    <dimen name="xxh_660pixels">990dp</dimen>
    <dimen name="xxh_661pixels">991.5dp</dimen>
    <dimen name="xxh_662pixels">993dp</dimen>
    <dimen name="xxh_663pixels">994.5dp</dimen>
    <dimen name="xxh_664pixels">996dp</dimen>
    <dimen name="xxh_665pixels">997.5dp</dimen>
    <dimen name="xxh_666pixels">999dp</dimen>
    <dimen name="xxh_667pixels">1000.5dp</dimen>
    <dimen name="xxh_668pixels">1002dp</dimen>
    <dimen name="xxh_669pixels">1003.5dp</dimen>
    <dimen name="xxh_670pixels">1005dp</dimen>
    <dimen name="xxh_671pixels">1006.5dp</dimen>
    <dimen name="xxh_672pixels">1008dp</dimen>
    <dimen name="xxh_673pixels">1009.5dp</dimen>
    <dimen name="xxh_674pixels">1011dp</dimen>
    <dimen name="xxh_675pixels">1012.5dp</dimen>
    <dimen name="xxh_676pixels">1014dp</dimen>
    <dimen name="xxh_677pixels">1015.5dp</dimen>
    <dimen name="xxh_678pixels">1017dp</dimen>
    <dimen name="xxh_679pixels">1018.5dp</dimen>
    <dimen name="xxh_680pixels">1020dp</dimen>
    <dimen name="xxh_681pixels">1021.5dp</dimen>
    <dimen name="xxh_682pixels">1023dp</dimen>
    <dimen name="xxh_683pixels">1024.5dp</dimen>
    <dimen name="xxh_684pixels">1026dp</dimen>
    <dimen name="xxh_685pixels">1027.5dp</dimen>
    <dimen name="xxh_686pixels">1029dp</dimen>
    <dimen name="xxh_687pixels">1030.5dp</dimen>
    <dimen name="xxh_688pixels">1032dp</dimen>
    <dimen name="xxh_689pixels">1033.5dp</dimen>
    <dimen name="xxh_690pixels">1035dp</dimen>
    <dimen name="xxh_691pixels">1036.5dp</dimen>
    <dimen name="xxh_692pixels">1038dp</dimen>
    <dimen name="xxh_693pixels">1039.5dp</dimen>
    <dimen name="xxh_694pixels">1041dp</dimen>
    <dimen name="xxh_695pixels">1042.5dp</dimen>
    <dimen name="xxh_696pixels">1044dp</dimen>
    <dimen name="xxh_697pixels">1045.5dp</dimen>
    <dimen name="xxh_698pixels">1047dp</dimen>
    <dimen name="xxh_699pixels">1048.5dp</dimen>
    <dimen name="xxh_700pixels">1050dp</dimen>
    <dimen name="xxh_701pixels">1051.5dp</dimen>
    <dimen name="xxh_702pixels">1053dp</dimen>
    <dimen name="xxh_703pixels">1054.5dp</dimen>
    <dimen name="xxh_704pixels">1056dp</dimen>
    <dimen name="xxh_705pixels">1057.5dp</dimen>
    <dimen name="xxh_706pixels">1059dp</dimen>
    <dimen name="xxh_707pixels">1060.5dp</dimen>
    <dimen name="xxh_708pixels">1062dp</dimen>
    <dimen name="xxh_709pixels">1063.5dp</dimen>
    <dimen name="xxh_710pixels">1065dp</dimen>
    <dimen name="xxh_711pixels">1066.5dp</dimen>
    <dimen name="xxh_712pixels">1068dp</dimen>
    <dimen name="xxh_713pixels">1069.5dp</dimen>
    <dimen name="xxh_714pixels">1071dp</dimen>
    <dimen name="xxh_715pixels">1072.5dp</dimen>
    <dimen name="xxh_716pixels">1074dp</dimen>
    <dimen name="xxh_717pixels">1075.5dp</dimen>
    <dimen name="xxh_718pixels">1077dp</dimen>
    <dimen name="xxh_719pixels">1078.5dp</dimen>
    <dimen name="xxh_720pixels">1080dp</dimen>
    <dimen name="xxh_721pixels">1081.5dp</dimen>
    <dimen name="xxh_722pixels">1083dp</dimen>
    <dimen name="xxh_723pixels">1084.5dp</dimen>
    <dimen name="xxh_724pixels">1086dp</dimen>
    <dimen name="xxh_725pixels">1087.5dp</dimen>
    <dimen name="xxh_726pixels">1089dp</dimen>
    <dimen name="xxh_727pixels">1090.5dp</dimen>
    <dimen name="xxh_728pixels">1092dp</dimen>
    <dimen name="xxh_729pixels">1093.5dp</dimen>
    <dimen name="xxh_730pixels">1095dp</dimen>
    <dimen name="xxh_731pixels">1096.5dp</dimen>
    <dimen name="xxh_732pixels">1098dp</dimen>
    <dimen name="xxh_733pixels">1099.5dp</dimen>
    <dimen name="xxh_734pixels">1101dp</dimen>
    <dimen name="xxh_735pixels">1102.5dp</dimen>
    <dimen name="xxh_736pixels">1104dp</dimen>
    <dimen name="xxh_737pixels">1105.5dp</dimen>
    <dimen name="xxh_738pixels">1107dp</dimen>
    <dimen name="xxh_739pixels">1108.5dp</dimen>
    <dimen name="xxh_740pixels">1110dp</dimen>
    <dimen name="xxh_741pixels">1111.5dp</dimen>
    <dimen name="xxh_742pixels">1113dp</dimen>
    <dimen name="xxh_743pixels">1114.5dp</dimen>
    <dimen name="xxh_744pixels">1116dp</dimen>
    <dimen name="xxh_745pixels">1117.5dp</dimen>
    <dimen name="xxh_746pixels">1119dp</dimen>
    <dimen name="xxh_747pixels">1120.5dp</dimen>
    <dimen name="xxh_748pixels">1122dp</dimen>
    <dimen name="xxh_749pixels">1123.5dp</dimen>
    <dimen name="xxh_750pixels">1125dp</dimen>
    <dimen name="xxh_751pixels">1126.5dp</dimen>
    <dimen name="xxh_752pixels">1128dp</dimen>
    <dimen name="xxh_753pixels">1129.5dp</dimen>
    <dimen name="xxh_754pixels">1131dp</dimen>
    <dimen name="xxh_755pixels">1132.5dp</dimen>
    <dimen name="xxh_756pixels">1134dp</dimen>
    <dimen name="xxh_757pixels">1135.5dp</dimen>
    <dimen name="xxh_758pixels">1137dp</dimen>
    <dimen name="xxh_759pixels">1138.5dp</dimen>
    <dimen name="xxh_760pixels">1140dp</dimen>
    <dimen name="xxh_761pixels">1141.5dp</dimen>
    <dimen name="xxh_762pixels">1143dp</dimen>
    <dimen name="xxh_763pixels">1144.5dp</dimen>
    <dimen name="xxh_764pixels">1146dp</dimen>
    <dimen name="xxh_765pixels">1147.5dp</dimen>
    <dimen name="xxh_766pixels">1149dp</dimen>
    <dimen name="xxh_767pixels">1150.5dp</dimen>
    <dimen name="xxh_768pixels">1152dp</dimen>
    <dimen name="xxh_769pixels">1153.5dp</dimen>
    <dimen name="xxh_770pixels">1155dp</dimen>
    <dimen name="xxh_771pixels">1156.5dp</dimen>
    <dimen name="xxh_772pixels">1158dp</dimen>
    <dimen name="xxh_773pixels">1159.5dp</dimen>
    <dimen name="xxh_774pixels">1161dp</dimen>
    <dimen name="xxh_775pixels">1162.5dp</dimen>
    <dimen name="xxh_776pixels">1164dp</dimen>
    <dimen name="xxh_777pixels">1165.5dp</dimen>
    <dimen name="xxh_778pixels">1167dp</dimen>
    <dimen name="xxh_779pixels">1168.5dp</dimen>
    <dimen name="xxh_780pixels">1170dp</dimen>
    <dimen name="xxh_781pixels">1171.5dp</dimen>
    <dimen name="xxh_782pixels">1173dp</dimen>
    <dimen name="xxh_783pixels">1174.5dp</dimen>
    <dimen name="xxh_784pixels">1176dp</dimen>
    <dimen name="xxh_785pixels">1177.5dp</dimen>
    <dimen name="xxh_786pixels">1179dp</dimen>
    <dimen name="xxh_787pixels">1180.5dp</dimen>
    <dimen name="xxh_788pixels">1182dp</dimen>
    <dimen name="xxh_789pixels">1183.5dp</dimen>
    <dimen name="xxh_790pixels">1185dp</dimen>
    <dimen name="xxh_791pixels">1186.5dp</dimen>
    <dimen name="xxh_792pixels">1188dp</dimen>
    <dimen name="xxh_793pixels">1189.5dp</dimen>
    <dimen name="xxh_794pixels">1191dp</dimen>
    <dimen name="xxh_795pixels">1192.5dp</dimen>
    <dimen name="xxh_796pixels">1194dp</dimen>
    <dimen name="xxh_797pixels">1195.5dp</dimen>
    <dimen name="xxh_798pixels">1197dp</dimen>
    <dimen name="xxh_799pixels">1198.5dp</dimen>
    <dimen name="xxh_800pixels">1200dp</dimen>
    <dimen name="xxh_801pixels">1201.5dp</dimen>
    <dimen name="xxh_802pixels">1203dp</dimen>
    <dimen name="xxh_803pixels">1204.5dp</dimen>
    <dimen name="xxh_804pixels">1206dp</dimen>
    <dimen name="xxh_805pixels">1207.5dp</dimen>
    <dimen name="xxh_806pixels">1209dp</dimen>
    <dimen name="xxh_807pixels">1210.5dp</dimen>
    <dimen name="xxh_808pixels">1212dp</dimen>
    <dimen name="xxh_809pixels">1213.5dp</dimen>
    <dimen name="xxh_810pixels">1215dp</dimen>
    <dimen name="xxh_811pixels">1216.5dp</dimen>
    <dimen name="xxh_812pixels">1218dp</dimen>
    <dimen name="xxh_813pixels">1219.5dp</dimen>
    <dimen name="xxh_814pixels">1221dp</dimen>
    <dimen name="xxh_815pixels">1222.5dp</dimen>
    <dimen name="xxh_816pixels">1224dp</dimen>
    <dimen name="xxh_817pixels">1225.5dp</dimen>
    <dimen name="xxh_818pixels">1227dp</dimen>
    <dimen name="xxh_819pixels">1228.5dp</dimen>
    <dimen name="xxh_820pixels">1230dp</dimen>
    <dimen name="xxh_821pixels">1231.5dp</dimen>
    <dimen name="xxh_822pixels">1233dp</dimen>
    <dimen name="xxh_823pixels">1234.5dp</dimen>
    <dimen name="xxh_824pixels">1236dp</dimen>
    <dimen name="xxh_825pixels">1237.5dp</dimen>
    <dimen name="xxh_826pixels">1239dp</dimen>
    <dimen name="xxh_827pixels">1240.5dp</dimen>
    <dimen name="xxh_828pixels">1242dp</dimen>
    <dimen name="xxh_829pixels">1243.5dp</dimen>
    <dimen name="xxh_830pixels">1245dp</dimen>
    <dimen name="xxh_831pixels">1246.5dp</dimen>
    <dimen name="xxh_832pixels">1248dp</dimen>
    <dimen name="xxh_833pixels">1249.5dp</dimen>
    <dimen name="xxh_834pixels">1251dp</dimen>
    <dimen name="xxh_835pixels">1252.5dp</dimen>
    <dimen name="xxh_836pixels">1254dp</dimen>
    <dimen name="xxh_837pixels">1255.5dp</dimen>
    <dimen name="xxh_838pixels">1257dp</dimen>
    <dimen name="xxh_839pixels">1258.5dp</dimen>
    <dimen name="xxh_840pixels">1260dp</dimen>
    <dimen name="xxh_841pixels">1261.5dp</dimen>
    <dimen name="xxh_842pixels">1263dp</dimen>
    <dimen name="xxh_843pixels">1264.5dp</dimen>
    <dimen name="xxh_844pixels">1266dp</dimen>
    <dimen name="xxh_845pixels">1267.5dp</dimen>
    <dimen name="xxh_846pixels">1269dp</dimen>
    <dimen name="xxh_847pixels">1270.5dp</dimen>
    <dimen name="xxh_848pixels">1272dp</dimen>
    <dimen name="xxh_849pixels">1273.5dp</dimen>
    <dimen name="xxh_850pixels">1275dp</dimen>
    <dimen name="xxh_851pixels">1276.5dp</dimen>
    <dimen name="xxh_852pixels">1278dp</dimen>
    <dimen name="xxh_853pixels">1279.5dp</dimen>
    <dimen name="xxh_854pixels">1281dp</dimen>
    <dimen name="xxh_855pixels">1282.5dp</dimen>
    <dimen name="xxh_856pixels">1284dp</dimen>
    <dimen name="xxh_857pixels">1285.5dp</dimen>
    <dimen name="xxh_858pixels">1287dp</dimen>
    <dimen name="xxh_859pixels">1288.5dp</dimen>
    <dimen name="xxh_860pixels">1290dp</dimen>
    <dimen name="xxh_861pixels">1291.5dp</dimen>
    <dimen name="xxh_862pixels">1293dp</dimen>
    <dimen name="xxh_863pixels">1294.5dp</dimen>
    <dimen name="xxh_864pixels">1296dp</dimen>
    <dimen name="xxh_865pixels">1297.5dp</dimen>
    <dimen name="xxh_866pixels">1299dp</dimen>
    <dimen name="xxh_867pixels">1300.5dp</dimen>
    <dimen name="xxh_868pixels">1302dp</dimen>
    <dimen name="xxh_869pixels">1303.5dp</dimen>
    <dimen name="xxh_870pixels">1305dp</dimen>
    <dimen name="xxh_871pixels">1306.5dp</dimen>
    <dimen name="xxh_872pixels">1308dp</dimen>
    <dimen name="xxh_873pixels">1309.5dp</dimen>
    <dimen name="xxh_874pixels">1311dp</dimen>
    <dimen name="xxh_875pixels">1312.5dp</dimen>
    <dimen name="xxh_876pixels">1314dp</dimen>
    <dimen name="xxh_877pixels">1315.5dp</dimen>
    <dimen name="xxh_878pixels">1317dp</dimen>
    <dimen name="xxh_879pixels">1318.5dp</dimen>
    <dimen name="xxh_880pixels">1320dp</dimen>
    <dimen name="xxh_881pixels">1321.5dp</dimen>
    <dimen name="xxh_882pixels">1323dp</dimen>
    <dimen name="xxh_883pixels">1324.5dp</dimen>
    <dimen name="xxh_884pixels">1326dp</dimen>
    <dimen name="xxh_885pixels">1327.5dp</dimen>
    <dimen name="xxh_886pixels">1329dp</dimen>
    <dimen name="xxh_887pixels">1330.5dp</dimen>
    <dimen name="xxh_888pixels">1332dp</dimen>
    <dimen name="xxh_889pixels">1333.5dp</dimen>
    <dimen name="xxh_890pixels">1335dp</dimen>
    <dimen name="xxh_891pixels">1336.5dp</dimen>
    <dimen name="xxh_892pixels">1338dp</dimen>
    <dimen name="xxh_893pixels">1339.5dp</dimen>
    <dimen name="xxh_894pixels">1341dp</dimen>
    <dimen name="xxh_895pixels">1342.5dp</dimen>
    <dimen name="xxh_896pixels">1344dp</dimen>
    <dimen name="xxh_897pixels">1345.5dp</dimen>
    <dimen name="xxh_898pixels">1347dp</dimen>
    <dimen name="xxh_899pixels">1348.5dp</dimen>
    <dimen name="xxh_900pixels">1350dp</dimen>
    <dimen name="xxh_901pixels">1351.5dp</dimen>
    <dimen name="xxh_902pixels">1353dp</dimen>
    <dimen name="xxh_903pixels">1354.5dp</dimen>
    <dimen name="xxh_904pixels">1356dp</dimen>
    <dimen name="xxh_905pixels">1357.5dp</dimen>
    <dimen name="xxh_906pixels">1359dp</dimen>
    <dimen name="xxh_907pixels">1360.5dp</dimen>
    <dimen name="xxh_908pixels">1362dp</dimen>
    <dimen name="xxh_909pixels">1363.5dp</dimen>
    <dimen name="xxh_910pixels">1365dp</dimen>
    <dimen name="xxh_911pixels">1366.5dp</dimen>
    <dimen name="xxh_912pixels">1368dp</dimen>
    <dimen name="xxh_913pixels">1369.5dp</dimen>
    <dimen name="xxh_914pixels">1371dp</dimen>
    <dimen name="xxh_915pixels">1372.5dp</dimen>
    <dimen name="xxh_916pixels">1374dp</dimen>
    <dimen name="xxh_917pixels">1375.5dp</dimen>
    <dimen name="xxh_918pixels">1377dp</dimen>
    <dimen name="xxh_919pixels">1378.5dp</dimen>
    <dimen name="xxh_920pixels">1380dp</dimen>
    <dimen name="xxh_921pixels">1381.5dp</dimen>
    <dimen name="xxh_922pixels">1383dp</dimen>
    <dimen name="xxh_923pixels">1384.5dp</dimen>
    <dimen name="xxh_924pixels">1386dp</dimen>
    <dimen name="xxh_925pixels">1387.5dp</dimen>
    <dimen name="xxh_926pixels">1389dp</dimen>
    <dimen name="xxh_927pixels">1390.5dp</dimen>
    <dimen name="xxh_928pixels">1392dp</dimen>
    <dimen name="xxh_929pixels">1393.5dp</dimen>
    <dimen name="xxh_930pixels">1395dp</dimen>
    <dimen name="xxh_931pixels">1396.5dp</dimen>
    <dimen name="xxh_932pixels">1398dp</dimen>
    <dimen name="xxh_933pixels">1399.5dp</dimen>
    <dimen name="xxh_934pixels">1401dp</dimen>
    <dimen name="xxh_935pixels">1402.5dp</dimen>
    <dimen name="xxh_936pixels">1404dp</dimen>
    <dimen name="xxh_937pixels">1405.5dp</dimen>
    <dimen name="xxh_938pixels">1407dp</dimen>
    <dimen name="xxh_939pixels">1408.5dp</dimen>
    <dimen name="xxh_940pixels">1410dp</dimen>
    <dimen name="xxh_941pixels">1411.5dp</dimen>
    <dimen name="xxh_942pixels">1413dp</dimen>
    <dimen name="xxh_943pixels">1414.5dp</dimen>
    <dimen name="xxh_944pixels">1416dp</dimen>
    <dimen name="xxh_945pixels">1417.5dp</dimen>
    <dimen name="xxh_946pixels">1419dp</dimen>
    <dimen name="xxh_947pixels">1420.5dp</dimen>
    <dimen name="xxh_948pixels">1422dp</dimen>
    <dimen name="xxh_949pixels">1423.5dp</dimen>
    <dimen name="xxh_950pixels">1425dp</dimen>
    <dimen name="xxh_951pixels">1426.5dp</dimen>
    <dimen name="xxh_952pixels">1428dp</dimen>
    <dimen name="xxh_953pixels">1429.5dp</dimen>
    <dimen name="xxh_954pixels">1431dp</dimen>
    <dimen name="xxh_955pixels">1432.5dp</dimen>
    <dimen name="xxh_956pixels">1434dp</dimen>
    <dimen name="xxh_957pixels">1435.5dp</dimen>
    <dimen name="xxh_958pixels">1437dp</dimen>
    <dimen name="xxh_959pixels">1438.5dp</dimen>
    <dimen name="xxh_960pixels">1440dp</dimen>
    <dimen name="xxh_961pixels">1441.5dp</dimen>
    <dimen name="xxh_962pixels">1443dp</dimen>
    <dimen name="xxh_963pixels">1444.5dp</dimen>
    <dimen name="xxh_964pixels">1446dp</dimen>
    <dimen name="xxh_965pixels">1447.5dp</dimen>
    <dimen name="xxh_966pixels">1449dp</dimen>
    <dimen name="xxh_967pixels">1450.5dp</dimen>
    <dimen name="xxh_968pixels">1452dp</dimen>
    <dimen name="xxh_969pixels">1453.5dp</dimen>
    <dimen name="xxh_970pixels">1455dp</dimen>
    <dimen name="xxh_971pixels">1456.5dp</dimen>
    <dimen name="xxh_972pixels">1458dp</dimen>
    <dimen name="xxh_973pixels">1459.5dp</dimen>
    <dimen name="xxh_974pixels">1461dp</dimen>
    <dimen name="xxh_975pixels">1462.5dp</dimen>
    <dimen name="xxh_976pixels">1464dp</dimen>
    <dimen name="xxh_977pixels">1465.5dp</dimen>
    <dimen name="xxh_978pixels">1467dp</dimen>
    <dimen name="xxh_979pixels">1468.5dp</dimen>
    <dimen name="xxh_980pixels">1470dp</dimen>
    <dimen name="xxh_981pixels">1471.5dp</dimen>
    <dimen name="xxh_982pixels">1473dp</dimen>
    <dimen name="xxh_983pixels">1474.5dp</dimen>
    <dimen name="xxh_984pixels">1476dp</dimen>
    <dimen name="xxh_985pixels">1477.5dp</dimen>
    <dimen name="xxh_986pixels">1479dp</dimen>
    <dimen name="xxh_987pixels">1480.5dp</dimen>
    <dimen name="xxh_988pixels">1482dp</dimen>
    <dimen name="xxh_989pixels">1483.5dp</dimen>
    <dimen name="xxh_990pixels">1485dp</dimen>
    <dimen name="xxh_991pixels">1486.5dp</dimen>
    <dimen name="xxh_992pixels">1488dp</dimen>
    <dimen name="xxh_993pixels">1489.5dp</dimen>
    <dimen name="xxh_994pixels">1491dp</dimen>
    <dimen name="xxh_995pixels">1492.5dp</dimen>
    <dimen name="xxh_996pixels">1494dp</dimen>
    <dimen name="xxh_997pixels">1495.5dp</dimen>
    <dimen name="xxh_998pixels">1497dp</dimen>
    <dimen name="xxh_999pixels">1498.5dp</dimen>
    <dimen name="xxh_1000pixels">1500dp</dimen>
    <dimen name="xxh_1001pixels">1501.5dp</dimen>
    <dimen name="xxh_1002pixels">1503dp</dimen>
    <dimen name="xxh_1003pixels">1504.5dp</dimen>
    <dimen name="xxh_1004pixels">1506dp</dimen>
    <dimen name="xxh_1005pixels">1507.5dp</dimen>
    <dimen name="xxh_1006pixels">1509dp</dimen>
    <dimen name="xxh_1007pixels">1510.5dp</dimen>
    <dimen name="xxh_1008pixels">1512dp</dimen>
    <dimen name="xxh_1009pixels">1513.5dp</dimen>
    <dimen name="xxh_1010pixels">1515dp</dimen>
    <dimen name="xxh_1011pixels">1516.5dp</dimen>
    <dimen name="xxh_1012pixels">1518dp</dimen>
    <dimen name="xxh_1013pixels">1519.5dp</dimen>
    <dimen name="xxh_1014pixels">1521dp</dimen>
    <dimen name="xxh_1015pixels">1522.5dp</dimen>
    <dimen name="xxh_1016pixels">1524dp</dimen>
    <dimen name="xxh_1017pixels">1525.5dp</dimen>
    <dimen name="xxh_1018pixels">1527dp</dimen>
    <dimen name="xxh_1019pixels">1528.5dp</dimen>
    <dimen name="xxh_1020pixels">1530dp</dimen>
    <dimen name="xxh_1021pixels">1531.5dp</dimen>
    <dimen name="xxh_1022pixels">1533dp</dimen>
    <dimen name="xxh_1023pixels">1534.5dp</dimen>
    <dimen name="xxh_1024pixels">1536dp</dimen>
    <dimen name="xxh_1025pixels">1537.5dp</dimen>
    <dimen name="xxh_1026pixels">1539dp</dimen>
    <dimen name="xxh_1027pixels">1540.5dp</dimen>
    <dimen name="xxh_1028pixels">1542dp</dimen>
    <dimen name="xxh_1029pixels">1543.5dp</dimen>
    <dimen name="xxh_1030pixels">1545dp</dimen>
    <dimen name="xxh_1031pixels">1546.5dp</dimen>
    <dimen name="xxh_1032pixels">1548dp</dimen>
    <dimen name="xxh_1033pixels">1549.5dp</dimen>
    <dimen name="xxh_1034pixels">1551dp</dimen>
    <dimen name="xxh_1035pixels">1552.5dp</dimen>
    <dimen name="xxh_1036pixels">1554dp</dimen>
    <dimen name="xxh_1037pixels">1555.5dp</dimen>
    <dimen name="xxh_1038pixels">1557dp</dimen>
    <dimen name="xxh_1039pixels">1558.5dp</dimen>
    <dimen name="xxh_1040pixels">1560dp</dimen>
    <dimen name="xxh_1041pixels">1561.5dp</dimen>
    <dimen name="xxh_1042pixels">1563dp</dimen>
    <dimen name="xxh_1043pixels">1564.5dp</dimen>
    <dimen name="xxh_1044pixels">1566dp</dimen>
    <dimen name="xxh_1045pixels">1567.5dp</dimen>
    <dimen name="xxh_1046pixels">1569dp</dimen>
    <dimen name="xxh_1047pixels">1570.5dp</dimen>
    <dimen name="xxh_1048pixels">1572dp</dimen>
    <dimen name="xxh_1049pixels">1573.5dp</dimen>
    <dimen name="xxh_1050pixels">1575dp</dimen>
    <dimen name="xxh_1051pixels">1576.5dp</dimen>
    <dimen name="xxh_1052pixels">1578dp</dimen>
    <dimen name="xxh_1053pixels">1579.5dp</dimen>
    <dimen name="xxh_1054pixels">1581dp</dimen>
    <dimen name="xxh_1055pixels">1582.5dp</dimen>
    <dimen name="xxh_1056pixels">1584dp</dimen>
    <dimen name="xxh_1057pixels">1585.5dp</dimen>
    <dimen name="xxh_1058pixels">1587dp</dimen>
    <dimen name="xxh_1059pixels">1588.5dp</dimen>
    <dimen name="xxh_1060pixels">1590dp</dimen>
    <dimen name="xxh_1061pixels">1591.5dp</dimen>
    <dimen name="xxh_1062pixels">1593dp</dimen>
    <dimen name="xxh_1063pixels">1594.5dp</dimen>
    <dimen name="xxh_1064pixels">1596dp</dimen>
    <dimen name="xxh_1065pixels">1597.5dp</dimen>
    <dimen name="xxh_1066pixels">1599dp</dimen>
    <dimen name="xxh_1067pixels">1600.5dp</dimen>
    <dimen name="xxh_1068pixels">1602dp</dimen>
    <dimen name="xxh_1069pixels">1603.5dp</dimen>
    <dimen name="xxh_1070pixels">1605dp</dimen>
    <dimen name="xxh_1071pixels">1606.5dp</dimen>
    <dimen name="xxh_1072pixels">1608dp</dimen>
    <dimen name="xxh_1073pixels">1609.5dp</dimen>
    <dimen name="xxh_1074pixels">1611dp</dimen>
    <dimen name="xxh_1075pixels">1612.5dp</dimen>
    <dimen name="xxh_1076pixels">1614dp</dimen>
    <dimen name="xxh_1077pixels">1615.5dp</dimen>
    <dimen name="xxh_1078pixels">1617dp</dimen>
    <dimen name="xxh_1079pixels">1618.5dp</dimen>
    <dimen name="xxh_1080pixels">1620dp</dimen>
    <dimen name="xxh_1081pixels">1621.5dp</dimen>
    <dimen name="xxh_1082pixels">1623dp</dimen>
    <dimen name="xxh_1083pixels">1624.5dp</dimen>
    <dimen name="xxh_1084pixels">1626dp</dimen>
    <dimen name="xxh_1085pixels">1627.5dp</dimen>
    <dimen name="xxh_1086pixels">1629dp</dimen>
    <dimen name="xxh_1087pixels">1630.5dp</dimen>
    <dimen name="xxh_1088pixels">1632dp</dimen>
    <dimen name="xxh_1089pixels">1633.5dp</dimen>
    <dimen name="xxh_1090pixels">1635dp</dimen>
    <dimen name="xxh_1091pixels">1636.5dp</dimen>
    <dimen name="xxh_1092pixels">1638dp</dimen>
    <dimen name="xxh_1093pixels">1639.5dp</dimen>
    <dimen name="xxh_1094pixels">1641dp</dimen>
    <dimen name="xxh_1095pixels">1642.5dp</dimen>
    <dimen name="xxh_1096pixels">1644dp</dimen>
    <dimen name="xxh_1097pixels">1645.5dp</dimen>
    <dimen name="xxh_1098pixels">1647dp</dimen>
    <dimen name="xxh_1099pixels">1648.5dp</dimen>
    <dimen name="xxh_1100pixels">1650dp</dimen>
    <dimen name="xxh_1101pixels">1651.5dp</dimen>
    <dimen name="xxh_1102pixels">1653dp</dimen>
    <dimen name="xxh_1103pixels">1654.5dp</dimen>
    <dimen name="xxh_1104pixels">1656dp</dimen>
    <dimen name="xxh_1105pixels">1657.5dp</dimen>
    <dimen name="xxh_1106pixels">1659dp</dimen>
    <dimen name="xxh_1107pixels">1660.5dp</dimen>
    <dimen name="xxh_1108pixels">1662dp</dimen>
    <dimen name="xxh_1109pixels">1663.5dp</dimen>
    <dimen name="xxh_1110pixels">1665dp</dimen>
    <dimen name="xxh_1111pixels">1666.5dp</dimen>
    <dimen name="xxh_1112pixels">1668dp</dimen>
    <dimen name="xxh_1113pixels">1669.5dp</dimen>
    <dimen name="xxh_1114pixels">1671dp</dimen>
    <dimen name="xxh_1115pixels">1672.5dp</dimen>
    <dimen name="xxh_1116pixels">1674dp</dimen>
    <dimen name="xxh_1117pixels">1675.5dp</dimen>
    <dimen name="xxh_1118pixels">1677dp</dimen>
    <dimen name="xxh_1119pixels">1678.5dp</dimen>
    <dimen name="xxh_1120pixels">1680dp</dimen>
    <dimen name="xxh_1121pixels">1681.5dp</dimen>
    <dimen name="xxh_1122pixels">1683dp</dimen>
    <dimen name="xxh_1123pixels">1684.5dp</dimen>
    <dimen name="xxh_1124pixels">1686dp</dimen>
    <dimen name="xxh_1125pixels">1687.5dp</dimen>
    <dimen name="xxh_1126pixels">1689dp</dimen>
    <dimen name="xxh_1127pixels">1690.5dp</dimen>
    <dimen name="xxh_1128pixels">1692dp</dimen>
    <dimen name="xxh_1129pixels">1693.5dp</dimen>
    <dimen name="xxh_1130pixels">1695dp</dimen>
    <dimen name="xxh_1131pixels">1696.5dp</dimen>
    <dimen name="xxh_1132pixels">1698dp</dimen>
    <dimen name="xxh_1133pixels">1699.5dp</dimen>
    <dimen name="xxh_1134pixels">1701dp</dimen>
    <dimen name="xxh_1135pixels">1702.5dp</dimen>
    <dimen name="xxh_1136pixels">1704dp</dimen>
    <dimen name="xxh_1137pixels">1705.5dp</dimen>
    <dimen name="xxh_1138pixels">1707dp</dimen>
    <dimen name="xxh_1139pixels">1708.5dp</dimen>
    <dimen name="xxh_1140pixels">1710dp</dimen>
    <dimen name="xxh_1141pixels">1711.5dp</dimen>
    <dimen name="xxh_1142pixels">1713dp</dimen>
    <dimen name="xxh_1143pixels">1714.5dp</dimen>
    <dimen name="xxh_1144pixels">1716dp</dimen>
    <dimen name="xxh_1145pixels">1717.5dp</dimen>
    <dimen name="xxh_1146pixels">1719dp</dimen>
    <dimen name="xxh_1147pixels">1720.5dp</dimen>
    <dimen name="xxh_1148pixels">1722dp</dimen>
    <dimen name="xxh_1149pixels">1723.5dp</dimen>
    <dimen name="xxh_1150pixels">1725dp</dimen>
    <dimen name="xxh_1151pixels">1726.5dp</dimen>
    <dimen name="xxh_1152pixels">1728dp</dimen>
    <dimen name="xxh_1153pixels">1729.5dp</dimen>
    <dimen name="xxh_1154pixels">1731dp</dimen>
    <dimen name="xxh_1155pixels">1732.5dp</dimen>
    <dimen name="xxh_1156pixels">1734dp</dimen>
    <dimen name="xxh_1157pixels">1735.5dp</dimen>
    <dimen name="xxh_1158pixels">1737dp</dimen>
    <dimen name="xxh_1159pixels">1738.5dp</dimen>
    <dimen name="xxh_1160pixels">1740dp</dimen>
    <dimen name="xxh_1161pixels">1741.5dp</dimen>
    <dimen name="xxh_1162pixels">1743dp</dimen>
    <dimen name="xxh_1163pixels">1744.5dp</dimen>
    <dimen name="xxh_1164pixels">1746dp</dimen>
    <dimen name="xxh_1165pixels">1747.5dp</dimen>
    <dimen name="xxh_1166pixels">1749dp</dimen>
    <dimen name="xxh_1167pixels">1750.5dp</dimen>
    <dimen name="xxh_1168pixels">1752dp</dimen>
    <dimen name="xxh_1169pixels">1753.5dp</dimen>
    <dimen name="xxh_1170pixels">1755dp</dimen>
    <dimen name="xxh_1171pixels">1756.5dp</dimen>
    <dimen name="xxh_1172pixels">1758dp</dimen>
    <dimen name="xxh_1173pixels">1759.5dp</dimen>
    <dimen name="xxh_1174pixels">1761dp</dimen>
    <dimen name="xxh_1175pixels">1762.5dp</dimen>
    <dimen name="xxh_1176pixels">1764dp</dimen>
    <dimen name="xxh_1177pixels">1765.5dp</dimen>
    <dimen name="xxh_1178pixels">1767dp</dimen>
    <dimen name="xxh_1179pixels">1768.5dp</dimen>
    <dimen name="xxh_1180pixels">1770dp</dimen>
    <dimen name="xxh_1181pixels">1771.5dp</dimen>
    <dimen name="xxh_1182pixels">1773dp</dimen>
    <dimen name="xxh_1183pixels">1774.5dp</dimen>
    <dimen name="xxh_1184pixels">1776dp</dimen>
    <dimen name="xxh_1185pixels">1777.5dp</dimen>
    <dimen name="xxh_1186pixels">1779dp</dimen>
    <dimen name="xxh_1187pixels">1780.5dp</dimen>
    <dimen name="xxh_1188pixels">1782dp</dimen>
    <dimen name="xxh_1189pixels">1783.5dp</dimen>
    <dimen name="xxh_1190pixels">1785dp</dimen>
    <dimen name="xxh_1191pixels">1786.5dp</dimen>
    <dimen name="xxh_1192pixels">1788dp</dimen>
    <dimen name="xxh_1193pixels">1789.5dp</dimen>
    <dimen name="xxh_1194pixels">1791dp</dimen>
    <dimen name="xxh_1195pixels">1792.5dp</dimen>
    <dimen name="xxh_1196pixels">1794dp</dimen>
    <dimen name="xxh_1197pixels">1795.5dp</dimen>
    <dimen name="xxh_1198pixels">1797dp</dimen>
    <dimen name="xxh_1199pixels">1798.5dp</dimen>
    <dimen name="xxh_1200pixels">1800dp</dimen>
    <dimen name="xxh_1201pixels">1801.5dp</dimen>
    <dimen name="xxh_1202pixels">1803dp</dimen>
    <dimen name="xxh_1203pixels">1804.5dp</dimen>
    <dimen name="xxh_1204pixels">1806dp</dimen>
    <dimen name="xxh_1205pixels">1807.5dp</dimen>
    <dimen name="xxh_1206pixels">1809dp</dimen>
    <dimen name="xxh_1207pixels">1810.5dp</dimen>
    <dimen name="xxh_1208pixels">1812dp</dimen>
    <dimen name="xxh_1209pixels">1813.5dp</dimen>
    <dimen name="xxh_1210pixels">1815dp</dimen>
    <dimen name="xxh_1211pixels">1816.5dp</dimen>
    <dimen name="xxh_1212pixels">1818dp</dimen>
    <dimen name="xxh_1213pixels">1819.5dp</dimen>
    <dimen name="xxh_1214pixels">1821dp</dimen>
    <dimen name="xxh_1215pixels">1822.5dp</dimen>
    <dimen name="xxh_1216pixels">1824dp</dimen>
    <dimen name="xxh_1217pixels">1825.5dp</dimen>
    <dimen name="xxh_1218pixels">1827dp</dimen>
    <dimen name="xxh_1219pixels">1828.5dp</dimen>
    <dimen name="xxh_1220pixels">1830dp</dimen>
    <dimen name="xxh_1221pixels">1831.5dp</dimen>
    <dimen name="xxh_1222pixels">1833dp</dimen>
    <dimen name="xxh_1223pixels">1834.5dp</dimen>
    <dimen name="xxh_1224pixels">1836dp</dimen>
    <dimen name="xxh_1225pixels">1837.5dp</dimen>
    <dimen name="xxh_1226pixels">1839dp</dimen>
    <dimen name="xxh_1227pixels">1840.5dp</dimen>
    <dimen name="xxh_1228pixels">1842dp</dimen>
    <dimen name="xxh_1229pixels">1843.5dp</dimen>
    <dimen name="xxh_1230pixels">1845dp</dimen>
    <dimen name="xxh_1231pixels">1846.5dp</dimen>
    <dimen name="xxh_1232pixels">1848dp</dimen>
    <dimen name="xxh_1233pixels">1849.5dp</dimen>
    <dimen name="xxh_1234pixels">1851dp</dimen>
    <dimen name="xxh_1235pixels">1852.5dp</dimen>
    <dimen name="xxh_1236pixels">1854dp</dimen>
    <dimen name="xxh_1237pixels">1855.5dp</dimen>
    <dimen name="xxh_1238pixels">1857dp</dimen>
    <dimen name="xxh_1239pixels">1858.5dp</dimen>
    <dimen name="xxh_1240pixels">1860dp</dimen>
    <dimen name="xxh_1241pixels">1861.5dp</dimen>
    <dimen name="xxh_1242pixels">1863dp</dimen>
    <dimen name="xxh_1243pixels">1864.5dp</dimen>
    <dimen name="xxh_1244pixels">1866dp</dimen>
    <dimen name="xxh_1245pixels">1867.5dp</dimen>
    <dimen name="xxh_1246pixels">1869dp</dimen>
    <dimen name="xxh_1247pixels">1870.5dp</dimen>
    <dimen name="xxh_1248pixels">1872dp</dimen>
    <dimen name="xxh_1249pixels">1873.5dp</dimen>
    <dimen name="xxh_1250pixels">1875dp</dimen>
    <dimen name="xxh_1251pixels">1876.5dp</dimen>
    <dimen name="xxh_1252pixels">1878dp</dimen>
    <dimen name="xxh_1253pixels">1879.5dp</dimen>
    <dimen name="xxh_1254pixels">1881dp</dimen>
    <dimen name="xxh_1255pixels">1882.5dp</dimen>
    <dimen name="xxh_1256pixels">1884dp</dimen>
    <dimen name="xxh_1257pixels">1885.5dp</dimen>
    <dimen name="xxh_1258pixels">1887dp</dimen>
    <dimen name="xxh_1259pixels">1888.5dp</dimen>
    <dimen name="xxh_1260pixels">1890dp</dimen>
    <dimen name="xxh_1261pixels">1891.5dp</dimen>
    <dimen name="xxh_1262pixels">1893dp</dimen>
    <dimen name="xxh_1263pixels">1894.5dp</dimen>
    <dimen name="xxh_1264pixels">1896dp</dimen>
    <dimen name="xxh_1265pixels">1897.5dp</dimen>
    <dimen name="xxh_1266pixels">1899dp</dimen>
    <dimen name="xxh_1267pixels">1900.5dp</dimen>
    <dimen name="xxh_1268pixels">1902dp</dimen>
    <dimen name="xxh_1269pixels">1903.5dp</dimen>
    <dimen name="xxh_1270pixels">1905dp</dimen>
    <dimen name="xxh_1271pixels">1906.5dp</dimen>
    <dimen name="xxh_1272pixels">1908dp</dimen>
    <dimen name="xxh_1273pixels">1909.5dp</dimen>
    <dimen name="xxh_1274pixels">1911dp</dimen>
    <dimen name="xxh_1275pixels">1912.5dp</dimen>
    <dimen name="xxh_1276pixels">1914dp</dimen>
    <dimen name="xxh_1277pixels">1915.5dp</dimen>
    <dimen name="xxh_1278pixels">1917dp</dimen>
    <dimen name="xxh_1279pixels">1918.5dp</dimen>
    <dimen name="xxh_1280pixels">1920dp</dimen>
    <dimen name="xxh_1281pixels">1921.5dp</dimen>
    <dimen name="xxh_1282pixels">1923dp</dimen>
    <dimen name="xxh_1283pixels">1924.5dp</dimen>
    <dimen name="xxh_1284pixels">1926dp</dimen>
    <dimen name="xxh_1285pixels">1927.5dp</dimen>
    <dimen name="xxh_1286pixels">1929dp</dimen>
    <dimen name="xxh_1287pixels">1930.5dp</dimen>
    <dimen name="xxh_1288pixels">1932dp</dimen>
    <dimen name="xxh_1289pixels">1933.5dp</dimen>
    <dimen name="xxh_1290pixels">1935dp</dimen>
    <dimen name="xxh_1291pixels">1936.5dp</dimen>
    <dimen name="xxh_1292pixels">1938dp</dimen>
    <dimen name="xxh_1293pixels">1939.5dp</dimen>
    <dimen name="xxh_1294pixels">1941dp</dimen>
    <dimen name="xxh_1295pixels">1942.5dp</dimen>
    <dimen name="xxh_1296pixels">1944dp</dimen>
    <dimen name="xxh_1297pixels">1945.5dp</dimen>
    <dimen name="xxh_1298pixels">1947dp</dimen>
    <dimen name="xxh_1299pixels">1948.5dp</dimen>
    <dimen name="xxh_1300pixels">1950dp</dimen>
    <dimen name="xxh_1301pixels">1951.5dp</dimen>
    <dimen name="xxh_1302pixels">1953dp</dimen>
    <dimen name="xxh_1303pixels">1954.5dp</dimen>
    <dimen name="xxh_1304pixels">1956dp</dimen>
    <dimen name="xxh_1305pixels">1957.5dp</dimen>
    <dimen name="xxh_1306pixels">1959dp</dimen>
    <dimen name="xxh_1307pixels">1960.5dp</dimen>
    <dimen name="xxh_1308pixels">1962dp</dimen>
    <dimen name="xxh_1309pixels">1963.5dp</dimen>
    <dimen name="xxh_1310pixels">1965dp</dimen>
    <dimen name="xxh_1311pixels">1966.5dp</dimen>
    <dimen name="xxh_1312pixels">1968dp</dimen>
    <dimen name="xxh_1313pixels">1969.5dp</dimen>
    <dimen name="xxh_1314pixels">1971dp</dimen>
    <dimen name="xxh_1315pixels">1972.5dp</dimen>
    <dimen name="xxh_1316pixels">1974dp</dimen>
    <dimen name="xxh_1317pixels">1975.5dp</dimen>
    <dimen name="xxh_1318pixels">1977dp</dimen>
    <dimen name="xxh_1319pixels">1978.5dp</dimen>
    <dimen name="xxh_1320pixels">1980dp</dimen>
    <dimen name="xxh_1321pixels">1981.5dp</dimen>
    <dimen name="xxh_1322pixels">1983dp</dimen>
    <dimen name="xxh_1323pixels">1984.5dp</dimen>
    <dimen name="xxh_1324pixels">1986dp</dimen>
    <dimen name="xxh_1325pixels">1987.5dp</dimen>
    <dimen name="xxh_1326pixels">1989dp</dimen>
    <dimen name="xxh_1327pixels">1990.5dp</dimen>
    <dimen name="xxh_1328pixels">1992dp</dimen>
    <dimen name="xxh_1329pixels">1993.5dp</dimen>
    <dimen name="xxh_1330pixels">1995dp</dimen>
    <dimen name="xxh_1331pixels">1996.5dp</dimen>
    <dimen name="xxh_1332pixels">1998dp</dimen>
    <dimen name="xxh_1333pixels">1999.5dp</dimen>
    <dimen name="xxh_1334pixels">2001dp</dimen>
    <dimen name="xxh_1335pixels">2002.5dp</dimen>
    <dimen name="xxh_1336pixels">2004dp</dimen>
    <dimen name="xxh_1337pixels">2005.5dp</dimen>
    <dimen name="xxh_1338pixels">2007dp</dimen>
    <dimen name="xxh_1339pixels">2008.5dp</dimen>
    <dimen name="xxh_1340pixels">2010dp</dimen>
    <dimen name="xxh_1341pixels">2011.5dp</dimen>
    <dimen name="xxh_1342pixels">2013dp</dimen>
    <dimen name="xxh_1343pixels">2014.5dp</dimen>
    <dimen name="xxh_1344pixels">2016dp</dimen>
    <dimen name="xxh_1345pixels">2017.5dp</dimen>
    <dimen name="xxh_1346pixels">2019dp</dimen>
    <dimen name="xxh_1347pixels">2020.5dp</dimen>
    <dimen name="xxh_1348pixels">2022dp</dimen>
    <dimen name="xxh_1349pixels">2023.5dp</dimen>
    <dimen name="xxh_1350pixels">2025dp</dimen>
    <dimen name="xxh_1351pixels">2026.5dp</dimen>
    <dimen name="xxh_1352pixels">2028dp</dimen>
    <dimen name="xxh_1353pixels">2029.5dp</dimen>
    <dimen name="xxh_1354pixels">2031dp</dimen>
    <dimen name="xxh_1355pixels">2032.5dp</dimen>
    <dimen name="xxh_1356pixels">2034dp</dimen>
    <dimen name="xxh_1357pixels">2035.5dp</dimen>
    <dimen name="xxh_1358pixels">2037dp</dimen>
    <dimen name="xxh_1359pixels">2038.5dp</dimen>
    <dimen name="xxh_1360pixels">2040dp</dimen>
    <dimen name="xxh_1361pixels">2041.5dp</dimen>
    <dimen name="xxh_1362pixels">2043dp</dimen>
    <dimen name="xxh_1363pixels">2044.5dp</dimen>
    <dimen name="xxh_1364pixels">2046dp</dimen>
    <dimen name="xxh_1365pixels">2047.5dp</dimen>
    <dimen name="xxh_1366pixels">2049dp</dimen>
    <dimen name="xxh_1367pixels">2050.5dp</dimen>
    <dimen name="xxh_1368pixels">2052dp</dimen>
    <dimen name="xxh_1369pixels">2053.5dp</dimen>
    <dimen name="xxh_1370pixels">2055dp</dimen>
    <dimen name="xxh_1371pixels">2056.5dp</dimen>
    <dimen name="xxh_1372pixels">2058dp</dimen>
    <dimen name="xxh_1373pixels">2059.5dp</dimen>
    <dimen name="xxh_1374pixels">2061dp</dimen>
    <dimen name="xxh_1375pixels">2062.5dp</dimen>
    <dimen name="xxh_1376pixels">2064dp</dimen>
    <dimen name="xxh_1377pixels">2065.5dp</dimen>
    <dimen name="xxh_1378pixels">2067dp</dimen>
    <dimen name="xxh_1379pixels">2068.5dp</dimen>
    <dimen name="xxh_1380pixels">2070dp</dimen>
    <dimen name="xxh_1381pixels">2071.5dp</dimen>
    <dimen name="xxh_1382pixels">2073dp</dimen>
    <dimen name="xxh_1383pixels">2074.5dp</dimen>
    <dimen name="xxh_1384pixels">2076dp</dimen>
    <dimen name="xxh_1385pixels">2077.5dp</dimen>
    <dimen name="xxh_1386pixels">2079dp</dimen>
    <dimen name="xxh_1387pixels">2080.5dp</dimen>
    <dimen name="xxh_1388pixels">2082dp</dimen>
    <dimen name="xxh_1389pixels">2083.5dp</dimen>
    <dimen name="xxh_1390pixels">2085dp</dimen>
    <dimen name="xxh_1391pixels">2086.5dp</dimen>
    <dimen name="xxh_1392pixels">2088dp</dimen>
    <dimen name="xxh_1393pixels">2089.5dp</dimen>
    <dimen name="xxh_1394pixels">2091dp</dimen>
    <dimen name="xxh_1395pixels">2092.5dp</dimen>
    <dimen name="xxh_1396pixels">2094dp</dimen>
    <dimen name="xxh_1397pixels">2095.5dp</dimen>
    <dimen name="xxh_1398pixels">2097dp</dimen>
    <dimen name="xxh_1399pixels">2098.5dp</dimen>
    <dimen name="xxh_1400pixels">2100dp</dimen>
    <dimen name="xxh_1401pixels">2101.5dp</dimen>
    <dimen name="xxh_1402pixels">2103dp</dimen>
    <dimen name="xxh_1403pixels">2104.5dp</dimen>
    <dimen name="xxh_1404pixels">2106dp</dimen>
    <dimen name="xxh_1405pixels">2107.5dp</dimen>
    <dimen name="xxh_1406pixels">2109dp</dimen>
    <dimen name="xxh_1407pixels">2110.5dp</dimen>
    <dimen name="xxh_1408pixels">2112dp</dimen>
    <dimen name="xxh_1409pixels">2113.5dp</dimen>
    <dimen name="xxh_1410pixels">2115dp</dimen>
    <dimen name="xxh_1411pixels">2116.5dp</dimen>
    <dimen name="xxh_1412pixels">2118dp</dimen>
    <dimen name="xxh_1413pixels">2119.5dp</dimen>
    <dimen name="xxh_1414pixels">2121dp</dimen>
    <dimen name="xxh_1415pixels">2122.5dp</dimen>
    <dimen name="xxh_1416pixels">2124dp</dimen>
    <dimen name="xxh_1417pixels">2125.5dp</dimen>
    <dimen name="xxh_1418pixels">2127dp</dimen>
    <dimen name="xxh_1419pixels">2128.5dp</dimen>
    <dimen name="xxh_1420pixels">2130dp</dimen>
    <dimen name="xxh_1421pixels">2131.5dp</dimen>
    <dimen name="xxh_1422pixels">2133dp</dimen>
    <dimen name="xxh_1423pixels">2134.5dp</dimen>
    <dimen name="xxh_1424pixels">2136dp</dimen>
    <dimen name="xxh_1425pixels">2137.5dp</dimen>
    <dimen name="xxh_1426pixels">2139dp</dimen>
    <dimen name="xxh_1427pixels">2140.5dp</dimen>
    <dimen name="xxh_1428pixels">2142dp</dimen>
    <dimen name="xxh_1429pixels">2143.5dp</dimen>
    <dimen name="xxh_1430pixels">2145dp</dimen>
    <dimen name="xxh_1431pixels">2146.5dp</dimen>
    <dimen name="xxh_1432pixels">2148dp</dimen>
    <dimen name="xxh_1433pixels">2149.5dp</dimen>
    <dimen name="xxh_1434pixels">2151dp</dimen>
    <dimen name="xxh_1435pixels">2152.5dp</dimen>
    <dimen name="xxh_1436pixels">2154dp</dimen>
    <dimen name="xxh_1437pixels">2155.5dp</dimen>
    <dimen name="xxh_1438pixels">2157dp</dimen>
    <dimen name="xxh_1439pixels">2158.5dp</dimen>
    <dimen name="xxh_1440pixels">2160dp</dimen>
    <dimen name="xxh_1441pixels">2161.5dp</dimen>
    <dimen name="xxh_1442pixels">2163dp</dimen>
    <dimen name="xxh_1443pixels">2164.5dp</dimen>
    <dimen name="xxh_1444pixels">2166dp</dimen>
    <dimen name="xxh_1445pixels">2167.5dp</dimen>
    <dimen name="xxh_1446pixels">2169dp</dimen>
    <dimen name="xxh_1447pixels">2170.5dp</dimen>
    <dimen name="xxh_1448pixels">2172dp</dimen>
    <dimen name="xxh_1449pixels">2173.5dp</dimen>
    <dimen name="xxh_1450pixels">2175dp</dimen>
    <dimen name="xxh_1451pixels">2176.5dp</dimen>
    <dimen name="xxh_1452pixels">2178dp</dimen>
    <dimen name="xxh_1453pixels">2179.5dp</dimen>
    <dimen name="xxh_1454pixels">2181dp</dimen>
    <dimen name="xxh_1455pixels">2182.5dp</dimen>
    <dimen name="xxh_1456pixels">2184dp</dimen>
    <dimen name="xxh_1457pixels">2185.5dp</dimen>
    <dimen name="xxh_1458pixels">2187dp</dimen>
    <dimen name="xxh_1459pixels">2188.5dp</dimen>
    <dimen name="xxh_1460pixels">2190dp</dimen>
    <dimen name="xxh_1461pixels">2191.5dp</dimen>
    <dimen name="xxh_1462pixels">2193dp</dimen>
    <dimen name="xxh_1463pixels">2194.5dp</dimen>
    <dimen name="xxh_1464pixels">2196dp</dimen>
    <dimen name="xxh_1465pixels">2197.5dp</dimen>
    <dimen name="xxh_1466pixels">2199dp</dimen>
    <dimen name="xxh_1467pixels">2200.5dp</dimen>
    <dimen name="xxh_1468pixels">2202dp</dimen>
    <dimen name="xxh_1469pixels">2203.5dp</dimen>
    <dimen name="xxh_1470pixels">2205dp</dimen>
    <dimen name="xxh_1471pixels">2206.5dp</dimen>
    <dimen name="xxh_1472pixels">2208dp</dimen>
    <dimen name="xxh_1473pixels">2209.5dp</dimen>
    <dimen name="xxh_1474pixels">2211dp</dimen>
    <dimen name="xxh_1475pixels">2212.5dp</dimen>
    <dimen name="xxh_1476pixels">2214dp</dimen>
    <dimen name="xxh_1477pixels">2215.5dp</dimen>
    <dimen name="xxh_1478pixels">2217dp</dimen>
    <dimen name="xxh_1479pixels">2218.5dp</dimen>
    <dimen name="xxh_1480pixels">2220dp</dimen>
    <dimen name="xxh_1481pixels">2221.5dp</dimen>
    <dimen name="xxh_1482pixels">2223dp</dimen>
    <dimen name="xxh_1483pixels">2224.5dp</dimen>
    <dimen name="xxh_1484pixels">2226dp</dimen>
    <dimen name="xxh_1485pixels">2227.5dp</dimen>
    <dimen name="xxh_1486pixels">2229dp</dimen>
    <dimen name="xxh_1487pixels">2230.5dp</dimen>
    <dimen name="xxh_1488pixels">2232dp</dimen>
    <dimen name="xxh_1489pixels">2233.5dp</dimen>
    <dimen name="xxh_1490pixels">2235dp</dimen>
    <dimen name="xxh_1491pixels">2236.5dp</dimen>
    <dimen name="xxh_1492pixels">2238dp</dimen>
    <dimen name="xxh_1493pixels">2239.5dp</dimen>
    <dimen name="xxh_1494pixels">2241dp</dimen>
    <dimen name="xxh_1495pixels">2242.5dp</dimen>
    <dimen name="xxh_1496pixels">2244dp</dimen>
    <dimen name="xxh_1497pixels">2245.5dp</dimen>
    <dimen name="xxh_1498pixels">2247dp</dimen>
    <dimen name="xxh_1499pixels">2248.5dp</dimen>
    <dimen name="xxh_1500pixels">2250dp</dimen>
    <dimen name="xxh_1501pixels">2251.5dp</dimen>
    <dimen name="xxh_1502pixels">2253dp</dimen>
    <dimen name="xxh_1503pixels">2254.5dp</dimen>
    <dimen name="xxh_1504pixels">2256dp</dimen>
    <dimen name="xxh_1505pixels">2257.5dp</dimen>
    <dimen name="xxh_1506pixels">2259dp</dimen>
    <dimen name="xxh_1507pixels">2260.5dp</dimen>
    <dimen name="xxh_1508pixels">2262dp</dimen>
    <dimen name="xxh_1509pixels">2263.5dp</dimen>
    <dimen name="xxh_1510pixels">2265dp</dimen>
    <dimen name="xxh_1511pixels">2266.5dp</dimen>
    <dimen name="xxh_1512pixels">2268dp</dimen>
    <dimen name="xxh_1513pixels">2269.5dp</dimen>
    <dimen name="xxh_1514pixels">2271dp</dimen>
    <dimen name="xxh_1515pixels">2272.5dp</dimen>
    <dimen name="xxh_1516pixels">2274dp</dimen>
    <dimen name="xxh_1517pixels">2275.5dp</dimen>
    <dimen name="xxh_1518pixels">2277dp</dimen>
    <dimen name="xxh_1519pixels">2278.5dp</dimen>
    <dimen name="xxh_1520pixels">2280dp</dimen>
    <dimen name="xxh_1521pixels">2281.5dp</dimen>
    <dimen name="xxh_1522pixels">2283dp</dimen>
    <dimen name="xxh_1523pixels">2284.5dp</dimen>
    <dimen name="xxh_1524pixels">2286dp</dimen>
    <dimen name="xxh_1525pixels">2287.5dp</dimen>
    <dimen name="xxh_1526pixels">2289dp</dimen>
    <dimen name="xxh_1527pixels">2290.5dp</dimen>
    <dimen name="xxh_1528pixels">2292dp</dimen>
    <dimen name="xxh_1529pixels">2293.5dp</dimen>
    <dimen name="xxh_1530pixels">2295dp</dimen>
    <dimen name="xxh_1531pixels">2296.5dp</dimen>
    <dimen name="xxh_1532pixels">2298dp</dimen>
    <dimen name="xxh_1533pixels">2299.5dp</dimen>
    <dimen name="xxh_1534pixels">2301dp</dimen>
    <dimen name="xxh_1535pixels">2302.5dp</dimen>
    <dimen name="xxh_1536pixels">2304dp</dimen>
    <dimen name="xxh_1537pixels">2305.5dp</dimen>
    <dimen name="xxh_1538pixels">2307dp</dimen>
    <dimen name="xxh_1539pixels">2308.5dp</dimen>
    <dimen name="xxh_1540pixels">2310dp</dimen>
    <dimen name="xxh_1541pixels">2311.5dp</dimen>
    <dimen name="xxh_1542pixels">2313dp</dimen>
    <dimen name="xxh_1543pixels">2314.5dp</dimen>
    <dimen name="xxh_1544pixels">2316dp</dimen>
    <dimen name="xxh_1545pixels">2317.5dp</dimen>
    <dimen name="xxh_1546pixels">2319dp</dimen>
    <dimen name="xxh_1547pixels">2320.5dp</dimen>
    <dimen name="xxh_1548pixels">2322dp</dimen>
    <dimen name="xxh_1549pixels">2323.5dp</dimen>
    <dimen name="xxh_1550pixels">2325dp</dimen>
    <dimen name="xxh_1551pixels">2326.5dp</dimen>
    <dimen name="xxh_1552pixels">2328dp</dimen>
    <dimen name="xxh_1553pixels">2329.5dp</dimen>
    <dimen name="xxh_1554pixels">2331dp</dimen>
    <dimen name="xxh_1555pixels">2332.5dp</dimen>
    <dimen name="xxh_1556pixels">2334dp</dimen>
    <dimen name="xxh_1557pixels">2335.5dp</dimen>
    <dimen name="xxh_1558pixels">2337dp</dimen>
    <dimen name="xxh_1559pixels">2338.5dp</dimen>
    <dimen name="xxh_1560pixels">2340dp</dimen>
    <dimen name="xxh_1561pixels">2341.5dp</dimen>
    <dimen name="xxh_1562pixels">2343dp</dimen>
    <dimen name="xxh_1563pixels">2344.5dp</dimen>
    <dimen name="xxh_1564pixels">2346dp</dimen>
    <dimen name="xxh_1565pixels">2347.5dp</dimen>
    <dimen name="xxh_1566pixels">2349dp</dimen>
    <dimen name="xxh_1567pixels">2350.5dp</dimen>
    <dimen name="xxh_1568pixels">2352dp</dimen>
    <dimen name="xxh_1569pixels">2353.5dp</dimen>
    <dimen name="xxh_1570pixels">2355dp</dimen>
    <dimen name="xxh_1571pixels">2356.5dp</dimen>
    <dimen name="xxh_1572pixels">2358dp</dimen>
    <dimen name="xxh_1573pixels">2359.5dp</dimen>
    <dimen name="xxh_1574pixels">2361dp</dimen>
    <dimen name="xxh_1575pixels">2362.5dp</dimen>
    <dimen name="xxh_1576pixels">2364dp</dimen>
    <dimen name="xxh_1577pixels">2365.5dp</dimen>
    <dimen name="xxh_1578pixels">2367dp</dimen>
    <dimen name="xxh_1579pixels">2368.5dp</dimen>
    <dimen name="xxh_1580pixels">2370dp</dimen>
    <dimen name="xxh_1581pixels">2371.5dp</dimen>
    <dimen name="xxh_1582pixels">2373dp</dimen>
    <dimen name="xxh_1583pixels">2374.5dp</dimen>
    <dimen name="xxh_1584pixels">2376dp</dimen>
    <dimen name="xxh_1585pixels">2377.5dp</dimen>
    <dimen name="xxh_1586pixels">2379dp</dimen>
    <dimen name="xxh_1587pixels">2380.5dp</dimen>
    <dimen name="xxh_1588pixels">2382dp</dimen>
    <dimen name="xxh_1589pixels">2383.5dp</dimen>
    <dimen name="xxh_1590pixels">2385dp</dimen>
    <dimen name="xxh_1591pixels">2386.5dp</dimen>
    <dimen name="xxh_1592pixels">2388dp</dimen>
    <dimen name="xxh_1593pixels">2389.5dp</dimen>
    <dimen name="xxh_1594pixels">2391dp</dimen>
    <dimen name="xxh_1595pixels">2392.5dp</dimen>
    <dimen name="xxh_1596pixels">2394dp</dimen>
    <dimen name="xxh_1597pixels">2395.5dp</dimen>
    <dimen name="xxh_1598pixels">2397dp</dimen>
    <dimen name="xxh_1599pixels">2398.5dp</dimen>
    <dimen name="xxh_1600pixels">2400dp</dimen>
    <dimen name="xxh_1601pixels">2401.5dp</dimen>
    <dimen name="xxh_1602pixels">2403dp</dimen>
    <dimen name="xxh_1603pixels">2404.5dp</dimen>
    <dimen name="xxh_1604pixels">2406dp</dimen>
    <dimen name="xxh_1605pixels">2407.5dp</dimen>
    <dimen name="xxh_1606pixels">2409dp</dimen>
    <dimen name="xxh_1607pixels">2410.5dp</dimen>
    <dimen name="xxh_1608pixels">2412dp</dimen>
    <dimen name="xxh_1609pixels">2413.5dp</dimen>
    <dimen name="xxh_1610pixels">2415dp</dimen>
    <dimen name="xxh_1611pixels">2416.5dp</dimen>
    <dimen name="xxh_1612pixels">2418dp</dimen>
    <dimen name="xxh_1613pixels">2419.5dp</dimen>
    <dimen name="xxh_1614pixels">2421dp</dimen>
    <dimen name="xxh_1615pixels">2422.5dp</dimen>
    <dimen name="xxh_1616pixels">2424dp</dimen>
    <dimen name="xxh_1617pixels">2425.5dp</dimen>
    <dimen name="xxh_1618pixels">2427dp</dimen>
    <dimen name="xxh_1619pixels">2428.5dp</dimen>
    <dimen name="xxh_1620pixels">2430dp</dimen>
    <dimen name="xxh_1621pixels">2431.5dp</dimen>
    <dimen name="xxh_1622pixels">2433dp</dimen>
    <dimen name="xxh_1623pixels">2434.5dp</dimen>
    <dimen name="xxh_1624pixels">2436dp</dimen>
    <dimen name="xxh_1625pixels">2437.5dp</dimen>
    <dimen name="xxh_1626pixels">2439dp</dimen>
    <dimen name="xxh_1627pixels">2440.5dp</dimen>
    <dimen name="xxh_1628pixels">2442dp</dimen>
    <dimen name="xxh_1629pixels">2443.5dp</dimen>
    <dimen name="xxh_1630pixels">2445dp</dimen>
    <dimen name="xxh_1631pixels">2446.5dp</dimen>
    <dimen name="xxh_1632pixels">2448dp</dimen>
    <dimen name="xxh_1633pixels">2449.5dp</dimen>
    <dimen name="xxh_1634pixels">2451dp</dimen>
    <dimen name="xxh_1635pixels">2452.5dp</dimen>
    <dimen name="xxh_1636pixels">2454dp</dimen>
    <dimen name="xxh_1637pixels">2455.5dp</dimen>
    <dimen name="xxh_1638pixels">2457dp</dimen>
    <dimen name="xxh_1639pixels">2458.5dp</dimen>
    <dimen name="xxh_1640pixels">2460dp</dimen>
    <dimen name="xxh_1641pixels">2461.5dp</dimen>
    <dimen name="xxh_1642pixels">2463dp</dimen>
    <dimen name="xxh_1643pixels">2464.5dp</dimen>
    <dimen name="xxh_1644pixels">2466dp</dimen>
    <dimen name="xxh_1645pixels">2467.5dp</dimen>
    <dimen name="xxh_1646pixels">2469dp</dimen>
    <dimen name="xxh_1647pixels">2470.5dp</dimen>
    <dimen name="xxh_1648pixels">2472dp</dimen>
    <dimen name="xxh_1649pixels">2473.5dp</dimen>
    <dimen name="xxh_1650pixels">2475dp</dimen>
    <dimen name="xxh_1651pixels">2476.5dp</dimen>
    <dimen name="xxh_1652pixels">2478dp</dimen>
    <dimen name="xxh_1653pixels">2479.5dp</dimen>
    <dimen name="xxh_1654pixels">2481dp</dimen>
    <dimen name="xxh_1655pixels">2482.5dp</dimen>
    <dimen name="xxh_1656pixels">2484dp</dimen>
    <dimen name="xxh_1657pixels">2485.5dp</dimen>
    <dimen name="xxh_1658pixels">2487dp</dimen>
    <dimen name="xxh_1659pixels">2488.5dp</dimen>
    <dimen name="xxh_1660pixels">2490dp</dimen>
    <dimen name="xxh_1661pixels">2491.5dp</dimen>
    <dimen name="xxh_1662pixels">2493dp</dimen>
    <dimen name="xxh_1663pixels">2494.5dp</dimen>
    <dimen name="xxh_1664pixels">2496dp</dimen>
    <dimen name="xxh_1665pixels">2497.5dp</dimen>
    <dimen name="xxh_1666pixels">2499dp</dimen>
    <dimen name="xxh_1667pixels">2500.5dp</dimen>
    <dimen name="xxh_1668pixels">2502dp</dimen>
    <dimen name="xxh_1669pixels">2503.5dp</dimen>
    <dimen name="xxh_1670pixels">2505dp</dimen>
    <dimen name="xxh_1671pixels">2506.5dp</dimen>
    <dimen name="xxh_1672pixels">2508dp</dimen>
    <dimen name="xxh_1673pixels">2509.5dp</dimen>
    <dimen name="xxh_1674pixels">2511dp</dimen>
    <dimen name="xxh_1675pixels">2512.5dp</dimen>
    <dimen name="xxh_1676pixels">2514dp</dimen>
    <dimen name="xxh_1677pixels">2515.5dp</dimen>
    <dimen name="xxh_1678pixels">2517dp</dimen>
    <dimen name="xxh_1679pixels">2518.5dp</dimen>
    <dimen name="xxh_1680pixels">2520dp</dimen>
    <dimen name="xxh_1681pixels">2521.5dp</dimen>
    <dimen name="xxh_1682pixels">2523dp</dimen>
    <dimen name="xxh_1683pixels">2524.5dp</dimen>
    <dimen name="xxh_1684pixels">2526dp</dimen>
    <dimen name="xxh_1685pixels">2527.5dp</dimen>
    <dimen name="xxh_1686pixels">2529dp</dimen>
    <dimen name="xxh_1687pixels">2530.5dp</dimen>
    <dimen name="xxh_1688pixels">2532dp</dimen>
    <dimen name="xxh_1689pixels">2533.5dp</dimen>
    <dimen name="xxh_1690pixels">2535dp</dimen>
    <dimen name="xxh_1691pixels">2536.5dp</dimen>
    <dimen name="xxh_1692pixels">2538dp</dimen>
    <dimen name="xxh_1693pixels">2539.5dp</dimen>
    <dimen name="xxh_1694pixels">2541dp</dimen>
    <dimen name="xxh_1695pixels">2542.5dp</dimen>
    <dimen name="xxh_1696pixels">2544dp</dimen>
    <dimen name="xxh_1697pixels">2545.5dp</dimen>
    <dimen name="xxh_1698pixels">2547dp</dimen>
    <dimen name="xxh_1699pixels">2548.5dp</dimen>
    <dimen name="xxh_1700pixels">2550dp</dimen>
    <dimen name="xxh_1701pixels">2551.5dp</dimen>
    <dimen name="xxh_1702pixels">2553dp</dimen>
    <dimen name="xxh_1703pixels">2554.5dp</dimen>
    <dimen name="xxh_1704pixels">2556dp</dimen>
    <dimen name="xxh_1705pixels">2557.5dp</dimen>
    <dimen name="xxh_1706pixels">2559dp</dimen>
    <dimen name="xxh_1707pixels">2560.5dp</dimen>
    <dimen name="xxh_1708pixels">2562dp</dimen>
    <dimen name="xxh_1709pixels">2563.5dp</dimen>
    <dimen name="xxh_1710pixels">2565dp</dimen>
    <dimen name="xxh_1711pixels">2566.5dp</dimen>
    <dimen name="xxh_1712pixels">2568dp</dimen>
    <dimen name="xxh_1713pixels">2569.5dp</dimen>
    <dimen name="xxh_1714pixels">2571dp</dimen>
    <dimen name="xxh_1715pixels">2572.5dp</dimen>
    <dimen name="xxh_1716pixels">2574dp</dimen>
    <dimen name="xxh_1717pixels">2575.5dp</dimen>
    <dimen name="xxh_1718pixels">2577dp</dimen>
    <dimen name="xxh_1719pixels">2578.5dp</dimen>
    <dimen name="xxh_1720pixels">2580dp</dimen>
    <dimen name="xxh_1721pixels">2581.5dp</dimen>
    <dimen name="xxh_1722pixels">2583dp</dimen>
    <dimen name="xxh_1723pixels">2584.5dp</dimen>
    <dimen name="xxh_1724pixels">2586dp</dimen>
    <dimen name="xxh_1725pixels">2587.5dp</dimen>
    <dimen name="xxh_1726pixels">2589dp</dimen>
    <dimen name="xxh_1727pixels">2590.5dp</dimen>
    <dimen name="xxh_1728pixels">2592dp</dimen>
    <dimen name="xxh_1729pixels">2593.5dp</dimen>
    <dimen name="xxh_1730pixels">2595dp</dimen>
    <dimen name="xxh_1731pixels">2596.5dp</dimen>
    <dimen name="xxh_1732pixels">2598dp</dimen>
    <dimen name="xxh_1733pixels">2599.5dp</dimen>
    <dimen name="xxh_1734pixels">2601dp</dimen>
    <dimen name="xxh_1735pixels">2602.5dp</dimen>
    <dimen name="xxh_1736pixels">2604dp</dimen>
    <dimen name="xxh_1737pixels">2605.5dp</dimen>
    <dimen name="xxh_1738pixels">2607dp</dimen>
    <dimen name="xxh_1739pixels">2608.5dp</dimen>
    <dimen name="xxh_1740pixels">2610dp</dimen>
    <dimen name="xxh_1741pixels">2611.5dp</dimen>
    <dimen name="xxh_1742pixels">2613dp</dimen>
    <dimen name="xxh_1743pixels">2614.5dp</dimen>
    <dimen name="xxh_1744pixels">2616dp</dimen>
    <dimen name="xxh_1745pixels">2617.5dp</dimen>
    <dimen name="xxh_1746pixels">2619dp</dimen>
    <dimen name="xxh_1747pixels">2620.5dp</dimen>
    <dimen name="xxh_1748pixels">2622dp</dimen>
    <dimen name="xxh_1749pixels">2623.5dp</dimen>
    <dimen name="xxh_1750pixels">2625dp</dimen>
    <dimen name="xxh_1751pixels">2626.5dp</dimen>
    <dimen name="xxh_1752pixels">2628dp</dimen>
    <dimen name="xxh_1753pixels">2629.5dp</dimen>
    <dimen name="xxh_1754pixels">2631dp</dimen>
    <dimen name="xxh_1755pixels">2632.5dp</dimen>
    <dimen name="xxh_1756pixels">2634dp</dimen>
    <dimen name="xxh_1757pixels">2635.5dp</dimen>
    <dimen name="xxh_1758pixels">2637dp</dimen>
    <dimen name="xxh_1759pixels">2638.5dp</dimen>
    <dimen name="xxh_1760pixels">2640dp</dimen>
    <dimen name="xxh_1761pixels">2641.5dp</dimen>
    <dimen name="xxh_1762pixels">2643dp</dimen>
    <dimen name="xxh_1763pixels">2644.5dp</dimen>
    <dimen name="xxh_1764pixels">2646dp</dimen>
    <dimen name="xxh_1765pixels">2647.5dp</dimen>
    <dimen name="xxh_1766pixels">2649dp</dimen>
    <dimen name="xxh_1767pixels">2650.5dp</dimen>
    <dimen name="xxh_1768pixels">2652dp</dimen>
    <dimen name="xxh_1769pixels">2653.5dp</dimen>
    <dimen name="xxh_1770pixels">2655dp</dimen>
    <dimen name="xxh_1771pixels">2656.5dp</dimen>
    <dimen name="xxh_1772pixels">2658dp</dimen>
    <dimen name="xxh_1773pixels">2659.5dp</dimen>
    <dimen name="xxh_1774pixels">2661dp</dimen>
    <dimen name="xxh_1775pixels">2662.5dp</dimen>
    <dimen name="xxh_1776pixels">2664dp</dimen>
    <dimen name="xxh_1777pixels">2665.5dp</dimen>
    <dimen name="xxh_1778pixels">2667dp</dimen>
    <dimen name="xxh_1779pixels">2668.5dp</dimen>
    <dimen name="xxh_1780pixels">2670dp</dimen>
    <dimen name="xxh_1781pixels">2671.5dp</dimen>
    <dimen name="xxh_1782pixels">2673dp</dimen>
    <dimen name="xxh_1783pixels">2674.5dp</dimen>
    <dimen name="xxh_1784pixels">2676dp</dimen>
    <dimen name="xxh_1785pixels">2677.5dp</dimen>
    <dimen name="xxh_1786pixels">2679dp</dimen>
    <dimen name="xxh_1787pixels">2680.5dp</dimen>
    <dimen name="xxh_1788pixels">2682dp</dimen>
    <dimen name="xxh_1789pixels">2683.5dp</dimen>
    <dimen name="xxh_1790pixels">2685dp</dimen>
    <dimen name="xxh_1791pixels">2686.5dp</dimen>
    <dimen name="xxh_1792pixels">2688dp</dimen>
    <dimen name="xxh_1793pixels">2689.5dp</dimen>
    <dimen name="xxh_1794pixels">2691dp</dimen>
    <dimen name="xxh_1795pixels">2692.5dp</dimen>
    <dimen name="xxh_1796pixels">2694dp</dimen>
    <dimen name="xxh_1797pixels">2695.5dp</dimen>
    <dimen name="xxh_1798pixels">2697dp</dimen>
    <dimen name="xxh_1799pixels">2698.5dp</dimen>
    <dimen name="xxh_1800pixels">2700dp</dimen>
    <dimen name="xxh_1801pixels">2701.5dp</dimen>
    <dimen name="xxh_1802pixels">2703dp</dimen>
    <dimen name="xxh_1803pixels">2704.5dp</dimen>
    <dimen name="xxh_1804pixels">2706dp</dimen>
    <dimen name="xxh_1805pixels">2707.5dp</dimen>
    <dimen name="xxh_1806pixels">2709dp</dimen>
    <dimen name="xxh_1807pixels">2710.5dp</dimen>
    <dimen name="xxh_1808pixels">2712dp</dimen>
    <dimen name="xxh_1809pixels">2713.5dp</dimen>
    <dimen name="xxh_1810pixels">2715dp</dimen>
    <dimen name="xxh_1811pixels">2716.5dp</dimen>
    <dimen name="xxh_1812pixels">2718dp</dimen>
    <dimen name="xxh_1813pixels">2719.5dp</dimen>
    <dimen name="xxh_1814pixels">2721dp</dimen>
    <dimen name="xxh_1815pixels">2722.5dp</dimen>
    <dimen name="xxh_1816pixels">2724dp</dimen>
    <dimen name="xxh_1817pixels">2725.5dp</dimen>
    <dimen name="xxh_1818pixels">2727dp</dimen>
    <dimen name="xxh_1819pixels">2728.5dp</dimen>
    <dimen name="xxh_1820pixels">2730dp</dimen>
    <dimen name="xxh_1821pixels">2731.5dp</dimen>
    <dimen name="xxh_1822pixels">2733dp</dimen>
    <dimen name="xxh_1823pixels">2734.5dp</dimen>
    <dimen name="xxh_1824pixels">2736dp</dimen>
    <dimen name="xxh_1825pixels">2737.5dp</dimen>
    <dimen name="xxh_1826pixels">2739dp</dimen>
    <dimen name="xxh_1827pixels">2740.5dp</dimen>
    <dimen name="xxh_1828pixels">2742dp</dimen>
    <dimen name="xxh_1829pixels">2743.5dp</dimen>
    <dimen name="xxh_1830pixels">2745dp</dimen>
    <dimen name="xxh_1831pixels">2746.5dp</dimen>
    <dimen name="xxh_1832pixels">2748dp</dimen>
    <dimen name="xxh_1833pixels">2749.5dp</dimen>
    <dimen name="xxh_1834pixels">2751dp</dimen>
    <dimen name="xxh_1835pixels">2752.5dp</dimen>
    <dimen name="xxh_1836pixels">2754dp</dimen>
    <dimen name="xxh_1837pixels">2755.5dp</dimen>
    <dimen name="xxh_1838pixels">2757dp</dimen>
    <dimen name="xxh_1839pixels">2758.5dp</dimen>
    <dimen name="xxh_1840pixels">2760dp</dimen>
    <dimen name="xxh_1841pixels">2761.5dp</dimen>
    <dimen name="xxh_1842pixels">2763dp</dimen>
    <dimen name="xxh_1843pixels">2764.5dp</dimen>
    <dimen name="xxh_1844pixels">2766dp</dimen>
    <dimen name="xxh_1845pixels">2767.5dp</dimen>
    <dimen name="xxh_1846pixels">2769dp</dimen>
    <dimen name="xxh_1847pixels">2770.5dp</dimen>
    <dimen name="xxh_1848pixels">2772dp</dimen>
    <dimen name="xxh_1849pixels">2773.5dp</dimen>
    <dimen name="xxh_1850pixels">2775dp</dimen>
    <dimen name="xxh_1851pixels">2776.5dp</dimen>
    <dimen name="xxh_1852pixels">2778dp</dimen>
    <dimen name="xxh_1853pixels">2779.5dp</dimen>
    <dimen name="xxh_1854pixels">2781dp</dimen>
    <dimen name="xxh_1855pixels">2782.5dp</dimen>
    <dimen name="xxh_1856pixels">2784dp</dimen>
    <dimen name="xxh_1857pixels">2785.5dp</dimen>
    <dimen name="xxh_1858pixels">2787dp</dimen>
    <dimen name="xxh_1859pixels">2788.5dp</dimen>
    <dimen name="xxh_1860pixels">2790dp</dimen>
    <dimen name="xxh_1861pixels">2791.5dp</dimen>
    <dimen name="xxh_1862pixels">2793dp</dimen>
    <dimen name="xxh_1863pixels">2794.5dp</dimen>
    <dimen name="xxh_1864pixels">2796dp</dimen>
    <dimen name="xxh_1865pixels">2797.5dp</dimen>
    <dimen name="xxh_1866pixels">2799dp</dimen>
    <dimen name="xxh_1867pixels">2800.5dp</dimen>
    <dimen name="xxh_1868pixels">2802dp</dimen>
    <dimen name="xxh_1869pixels">2803.5dp</dimen>
    <dimen name="xxh_1870pixels">2805dp</dimen>
    <dimen name="xxh_1871pixels">2806.5dp</dimen>
    <dimen name="xxh_1872pixels">2808dp</dimen>
    <dimen name="xxh_1873pixels">2809.5dp</dimen>
    <dimen name="xxh_1874pixels">2811dp</dimen>
    <dimen name="xxh_1875pixels">2812.5dp</dimen>
    <dimen name="xxh_1876pixels">2814dp</dimen>
    <dimen name="xxh_1877pixels">2815.5dp</dimen>
    <dimen name="xxh_1878pixels">2817dp</dimen>
    <dimen name="xxh_1879pixels">2818.5dp</dimen>
    <dimen name="xxh_1880pixels">2820dp</dimen>
    <dimen name="xxh_1881pixels">2821.5dp</dimen>
    <dimen name="xxh_1882pixels">2823dp</dimen>
    <dimen name="xxh_1883pixels">2824.5dp</dimen>
    <dimen name="xxh_1884pixels">2826dp</dimen>
    <dimen name="xxh_1885pixels">2827.5dp</dimen>
    <dimen name="xxh_1886pixels">2829dp</dimen>
    <dimen name="xxh_1887pixels">2830.5dp</dimen>
    <dimen name="xxh_1888pixels">2832dp</dimen>
    <dimen name="xxh_1889pixels">2833.5dp</dimen>
    <dimen name="xxh_1890pixels">2835dp</dimen>
    <dimen name="xxh_1891pixels">2836.5dp</dimen>
    <dimen name="xxh_1892pixels">2838dp</dimen>
    <dimen name="xxh_1893pixels">2839.5dp</dimen>
    <dimen name="xxh_1894pixels">2841dp</dimen>
    <dimen name="xxh_1895pixels">2842.5dp</dimen>
    <dimen name="xxh_1896pixels">2844dp</dimen>
    <dimen name="xxh_1897pixels">2845.5dp</dimen>
    <dimen name="xxh_1898pixels">2847dp</dimen>
    <dimen name="xxh_1899pixels">2848.5dp</dimen>
    <dimen name="xxh_1900pixels">2850dp</dimen>
    <dimen name="xxh_1901pixels">2851.5dp</dimen>
    <dimen name="xxh_1902pixels">2853dp</dimen>
    <dimen name="xxh_1903pixels">2854.5dp</dimen>
    <dimen name="xxh_1904pixels">2856dp</dimen>
    <dimen name="xxh_1905pixels">2857.5dp</dimen>
    <dimen name="xxh_1906pixels">2859dp</dimen>
    <dimen name="xxh_1907pixels">2860.5dp</dimen>
    <dimen name="xxh_1908pixels">2862dp</dimen>
    <dimen name="xxh_1909pixels">2863.5dp</dimen>
    <dimen name="xxh_1910pixels">2865dp</dimen>
    <dimen name="xxh_1911pixels">2866.5dp</dimen>
    <dimen name="xxh_1912pixels">2868dp</dimen>
    <dimen name="xxh_1913pixels">2869.5dp</dimen>
    <dimen name="xxh_1914pixels">2871dp</dimen>
    <dimen name="xxh_1915pixels">2872.5dp</dimen>
    <dimen name="xxh_1916pixels">2874dp</dimen>
    <dimen name="xxh_1917pixels">2875.5dp</dimen>
    <dimen name="xxh_1918pixels">2877dp</dimen>
    <dimen name="xxh_1919pixels">2878.5dp</dimen>
    <dimen name="xxh_1920pixels">2880dp</dimen>
    <dimen name="xxh_1921pixels">2881.5dp</dimen>
    <dimen name="xxh_1922pixels">2883dp</dimen>
    <dimen name="xxh_1923pixels">2884.5dp</dimen>
    <dimen name="xxh_1924pixels">2886dp</dimen>
    <dimen name="xxh_1925pixels">2887.5dp</dimen>
    <dimen name="xxh_1926pixels">2889dp</dimen>
    <dimen name="xxh_1927pixels">2890.5dp</dimen>
    <dimen name="xxh_1928pixels">2892dp</dimen>
    <dimen name="xxh_1929pixels">2893.5dp</dimen>
    <dimen name="xxh_1930pixels">2895dp</dimen>
    <dimen name="xxh_1931pixels">2896.5dp</dimen>
    <dimen name="xxh_1932pixels">2898dp</dimen>
    <dimen name="xxh_1933pixels">2899.5dp</dimen>
    <dimen name="xxh_1934pixels">2901dp</dimen>
    <dimen name="xxh_1935pixels">2902.5dp</dimen>
    <dimen name="xxh_1936pixels">2904dp</dimen>
    <dimen name="xxh_1937pixels">2905.5dp</dimen>
    <dimen name="xxh_1938pixels">2907dp</dimen>
    <dimen name="xxh_1939pixels">2908.5dp</dimen>
    <dimen name="xxh_1940pixels">2910dp</dimen>
    <dimen name="xxh_1941pixels">2911.5dp</dimen>
    <dimen name="xxh_1942pixels">2913dp</dimen>
    <dimen name="xxh_1943pixels">2914.5dp</dimen>
    <dimen name="xxh_1944pixels">2916dp</dimen>
    <dimen name="xxh_1945pixels">2917.5dp</dimen>
    <dimen name="xxh_1946pixels">2919dp</dimen>
    <dimen name="xxh_1947pixels">2920.5dp</dimen>
    <dimen name="xxh_1948pixels">2922dp</dimen>
    <dimen name="xxh_1949pixels">2923.5dp</dimen>
    <dimen name="xxh_1950pixels">2925dp</dimen>
    <dimen name="xxh_1951pixels">2926.5dp</dimen>
    <dimen name="xxh_1952pixels">2928dp</dimen>
    <dimen name="xxh_1953pixels">2929.5dp</dimen>
    <dimen name="xxh_1954pixels">2931dp</dimen>
    <dimen name="xxh_1955pixels">2932.5dp</dimen>
    <dimen name="xxh_1956pixels">2934dp</dimen>
    <dimen name="xxh_1957pixels">2935.5dp</dimen>
    <dimen name="xxh_1958pixels">2937dp</dimen>
    <dimen name="xxh_1959pixels">2938.5dp</dimen>
    <dimen name="xxh_1960pixels">2940dp</dimen>
    <dimen name="xxh_1961pixels">2941.5dp</dimen>
    <dimen name="xxh_1962pixels">2943dp</dimen>
    <dimen name="xxh_1963pixels">2944.5dp</dimen>
    <dimen name="xxh_1964pixels">2946dp</dimen>
    <dimen name="xxh_1965pixels">2947.5dp</dimen>
    <dimen name="xxh_1966pixels">2949dp</dimen>
    <dimen name="xxh_1967pixels">2950.5dp</dimen>
    <dimen name="xxh_1968pixels">2952dp</dimen>
    <dimen name="xxh_1969pixels">2953.5dp</dimen>
    <dimen name="xxh_1970pixels">2955dp</dimen>
    <dimen name="xxh_1971pixels">2956.5dp</dimen>
    <dimen name="xxh_1972pixels">2958dp</dimen>
    <dimen name="xxh_1973pixels">2959.5dp</dimen>
    <dimen name="xxh_1974pixels">2961dp</dimen>
    <dimen name="xxh_1975pixels">2962.5dp</dimen>
    <dimen name="xxh_1976pixels">2964dp</dimen>
    <dimen name="xxh_1977pixels">2965.5dp</dimen>
    <dimen name="xxh_1978pixels">2967dp</dimen>
    <dimen name="xxh_1979pixels">2968.5dp</dimen>
    <dimen name="xxh_1980pixels">2970dp</dimen>
    <dimen name="xxh_1981pixels">2971.5dp</dimen>
    <dimen name="xxh_1982pixels">2973dp</dimen>
    <dimen name="xxh_1983pixels">2974.5dp</dimen>
    <dimen name="xxh_1984pixels">2976dp</dimen>
    <dimen name="xxh_1985pixels">2977.5dp</dimen>
    <dimen name="xxh_1986pixels">2979dp</dimen>
    <dimen name="xxh_1987pixels">2980.5dp</dimen>
    <dimen name="xxh_1988pixels">2982dp</dimen>
    <dimen name="xxh_1989pixels">2983.5dp</dimen>
    <dimen name="xxh_1990pixels">2985dp</dimen>
    <dimen name="xxh_1991pixels">2986.5dp</dimen>
    <dimen name="xxh_1992pixels">2988dp</dimen>
    <dimen name="xxh_1993pixels">2989.5dp</dimen>
    <dimen name="xxh_1994pixels">2991dp</dimen>
    <dimen name="xxh_1995pixels">2992.5dp</dimen>
    <dimen name="xxh_1996pixels">2994dp</dimen>
    <dimen name="xxh_1997pixels">2995.5dp</dimen>
    <dimen name="xxh_1998pixels">2997dp</dimen>
    <dimen name="xxh_1999pixels">2998.5dp</dimen>
    <dimen name="xxh_2000pixels">3000dp</dimen>

</resources>