<?xml version="1.0" encoding="utf-8"?>
<resources>

    <dimen name="xxh_m130pixels">-130dp</dimen>
    <dimen name="xxh_m48pixels">-48dp</dimen>
    <dimen name="xxh_m42pixels">-42dp</dimen>
    <dimen name="xxh_m30pixels">-30dp</dimen>
    <dimen name="xxh_m26pixels">-26dp</dimen>
    <dimen name="xxh_m25pixels">-25dp</dimen>
    <dimen name="xxh_m24pixels">-24dp</dimen>
    <dimen name="xxh_m23pixels">-23dp</dimen>
    <dimen name="xxh_m21pixels">-21dp</dimen>
    <dimen name="xxh_m20pixels">-20dp</dimen>
    <dimen name="xxh_m18pixels">-18dp</dimen>
    <dimen name="xxh_m16pixels">-16dp</dimen>
    <dimen name="xxh_m14pixels">-14dp</dimen>
    <dimen name="xxh_m10pixels">-10dp</dimen>
    <dimen name="xxh_m8pixels">-8dp</dimen>
    <dimen name="xxh_m5pixels">-5dp</dimen>
    <dimen name="xxh_m1pixels">-1dp</dimen>

    <dimen name="xxh_1pixels">1dp</dimen>
    <dimen name="xxh_2pixels">2dp</dimen>
    <dimen name="xxh_3pixels">3dp</dimen>
    <dimen name="xxh_4pixels">4dp</dimen>
    <dimen name="xxh_5pixels">5dp</dimen>
    <dimen name="xxh_6pixels">6dp</dimen>
    <dimen name="xxh_7pixels">7dp</dimen>
    <dimen name="xxh_8pixels">8dp</dimen>
    <dimen name="xxh_9pixels">9dp</dimen>
    <dimen name="xxh_10pixels">10dp</dimen>
    <dimen name="xxh_11pixels">11dp</dimen>
    <dimen name="xxh_12pixels">12dp</dimen>
    <dimen name="xxh_13pixels">13dp</dimen>
    <dimen name="xxh_14pixels">14dp</dimen>
    <dimen name="xxh_15pixels">15dp</dimen>
    <dimen name="xxh_16pixels">16dp</dimen>
    <dimen name="xxh_17pixels">17dp</dimen>
    <dimen name="xxh_18pixels">18dp</dimen>
    <dimen name="xxh_19pixels">19dp</dimen>
    <dimen name="xxh_20pixels">20dp</dimen>
    <dimen name="xxh_21pixels">21dp</dimen>
    <dimen name="xxh_22pixels">22dp</dimen>
    <dimen name="xxh_23pixels">23dp</dimen>
    <dimen name="xxh_24pixels">24dp</dimen>
    <dimen name="xxh_25pixels">25dp</dimen>
    <dimen name="xxh_26pixels">26dp</dimen>
    <dimen name="xxh_27pixels">27dp</dimen>
    <dimen name="xxh_28pixels">28dp</dimen>
    <dimen name="xxh_29pixels">29dp</dimen>
    <dimen name="xxh_30pixels">30dp</dimen>
    <dimen name="xxh_31pixels">31dp</dimen>
    <dimen name="xxh_32pixels">32dp</dimen>
    <dimen name="xxh_33pixels">33dp</dimen>
    <dimen name="xxh_34pixels">34dp</dimen>
    <dimen name="xxh_35pixels">35dp</dimen>
    <dimen name="xxh_36pixels">36dp</dimen>
    <dimen name="xxh_37pixels">37dp</dimen>
    <dimen name="xxh_38pixels">38dp</dimen>
    <dimen name="xxh_39pixels">39dp</dimen>
    <dimen name="xxh_40pixels">40dp</dimen>
    <dimen name="xxh_41pixels">41dp</dimen>
    <dimen name="xxh_42pixels">42dp</dimen>
    <dimen name="xxh_43pixels">43dp</dimen>
    <dimen name="xxh_44pixels">44dp</dimen>
    <dimen name="xxh_45pixels">45dp</dimen>
    <dimen name="xxh_46pixels">46dp</dimen>
    <dimen name="xxh_47pixels">47dp</dimen>
    <dimen name="xxh_48pixels">48dp</dimen>
    <dimen name="xxh_49pixels">49dp</dimen>
    <dimen name="xxh_50pixels">50dp</dimen>
    <dimen name="xxh_51pixels">51dp</dimen>
    <dimen name="xxh_52pixels">52dp</dimen>
    <dimen name="xxh_53pixels">53dp</dimen>
    <dimen name="xxh_54pixels">54dp</dimen>
    <dimen name="xxh_55pixels">55dp</dimen>
    <dimen name="xxh_56pixels">56dp</dimen>
    <dimen name="xxh_57pixels">57dp</dimen>
    <dimen name="xxh_58pixels">58dp</dimen>
    <dimen name="xxh_59pixels">59dp</dimen>
    <dimen name="xxh_60pixels">60dp</dimen>
    <dimen name="xxh_61pixels">61dp</dimen>
    <dimen name="xxh_62pixels">62dp</dimen>
    <dimen name="xxh_63pixels">63dp</dimen>
    <dimen name="xxh_64pixels">64dp</dimen>
    <dimen name="xxh_65pixels">65dp</dimen>
    <dimen name="xxh_66pixels">66dp</dimen>
    <dimen name="xxh_67pixels">67dp</dimen>
    <dimen name="xxh_68pixels">68dp</dimen>
    <dimen name="xxh_69pixels">69dp</dimen>
    <dimen name="xxh_70pixels">70dp</dimen>
    <dimen name="xxh_71pixels">71dp</dimen>
    <dimen name="xxh_72pixels">72dp</dimen>
    <dimen name="xxh_73pixels">73dp</dimen>
    <dimen name="xxh_74pixels">74dp</dimen>
    <dimen name="xxh_75pixels">75dp</dimen>
    <dimen name="xxh_76pixels">76dp</dimen>
    <dimen name="xxh_77pixels">77dp</dimen>
    <dimen name="xxh_78pixels">78dp</dimen>
    <dimen name="xxh_79pixels">79dp</dimen>
    <dimen name="xxh_80pixels">80dp</dimen>
    <dimen name="xxh_81pixels">81dp</dimen>
    <dimen name="xxh_82pixels">82dp</dimen>
    <dimen name="xxh_83pixels">83dp</dimen>
    <dimen name="xxh_84pixels">84dp</dimen>
    <dimen name="xxh_85pixels">85dp</dimen>
    <dimen name="xxh_86pixels">86dp</dimen>
    <dimen name="xxh_87pixels">87dp</dimen>
    <dimen name="xxh_88pixels">88dp</dimen>
    <dimen name="xxh_89pixels">89dp</dimen>
    <dimen name="xxh_90pixels">90dp</dimen>
    <dimen name="xxh_91pixels">91dp</dimen>
    <dimen name="xxh_92pixels">92dp</dimen>
    <dimen name="xxh_93pixels">93dp</dimen>
    <dimen name="xxh_94pixels">94dp</dimen>
    <dimen name="xxh_95pixels">95dp</dimen>
    <dimen name="xxh_96pixels">96dp</dimen>
    <dimen name="xxh_97pixels">97dp</dimen>
    <dimen name="xxh_98pixels">98dp</dimen>
    <dimen name="xxh_99pixels">99dp</dimen>
    <dimen name="xxh_100pixels">100dp</dimen>
    <dimen name="xxh_101pixels">101dp</dimen>
    <dimen name="xxh_102pixels">102dp</dimen>
    <dimen name="xxh_103pixels">103dp</dimen>
    <dimen name="xxh_104pixels">104dp</dimen>
    <dimen name="xxh_105pixels">105dp</dimen>
    <dimen name="xxh_106pixels">106dp</dimen>
    <dimen name="xxh_107pixels">107dp</dimen>
    <dimen name="xxh_108pixels">108dp</dimen>
    <dimen name="xxh_109pixels">109dp</dimen>
    <dimen name="xxh_110pixels">110dp</dimen>
    <dimen name="xxh_111pixels">111dp</dimen>
    <dimen name="xxh_112pixels">112dp</dimen>
    <dimen name="xxh_113pixels">113dp</dimen>
    <dimen name="xxh_114pixels">114dp</dimen>
    <dimen name="xxh_115pixels">115dp</dimen>
    <dimen name="xxh_116pixels">116dp</dimen>
    <dimen name="xxh_117pixels">117dp</dimen>
    <dimen name="xxh_118pixels">118dp</dimen>
    <dimen name="xxh_119pixels">119dp</dimen>
    <dimen name="xxh_120pixels">120dp</dimen>
    <dimen name="xxh_121pixels">121dp</dimen>
    <dimen name="xxh_122pixels">122dp</dimen>
    <dimen name="xxh_123pixels">123dp</dimen>
    <dimen name="xxh_124pixels">124dp</dimen>
    <dimen name="xxh_125pixels">125dp</dimen>
    <dimen name="xxh_126pixels">126dp</dimen>
    <dimen name="xxh_127pixels">127dp</dimen>
    <dimen name="xxh_128pixels">128dp</dimen>
    <dimen name="xxh_129pixels">129dp</dimen>
    <dimen name="xxh_130pixels">130dp</dimen>
    <dimen name="xxh_131pixels">131dp</dimen>
    <dimen name="xxh_132pixels">132dp</dimen>
    <dimen name="xxh_133pixels">133dp</dimen>
    <dimen name="xxh_134pixels">134dp</dimen>
    <dimen name="xxh_135pixels">135dp</dimen>
    <dimen name="xxh_136pixels">136dp</dimen>
    <dimen name="xxh_137pixels">137dp</dimen>
    <dimen name="xxh_138pixels">138dp</dimen>
    <dimen name="xxh_139pixels">139dp</dimen>
    <dimen name="xxh_140pixels">140dp</dimen>
    <dimen name="xxh_141pixels">141dp</dimen>
    <dimen name="xxh_142pixels">142dp</dimen>
    <dimen name="xxh_143pixels">143dp</dimen>
    <dimen name="xxh_144pixels">144dp</dimen>
    <dimen name="xxh_145pixels">145dp</dimen>
    <dimen name="xxh_146pixels">146dp</dimen>
    <dimen name="xxh_147pixels">147dp</dimen>
    <dimen name="xxh_148pixels">148dp</dimen>
    <dimen name="xxh_149pixels">149dp</dimen>
    <dimen name="xxh_150pixels">150dp</dimen>
    <dimen name="xxh_151pixels">151dp</dimen>
    <dimen name="xxh_152pixels">152dp</dimen>
    <dimen name="xxh_153pixels">153dp</dimen>
    <dimen name="xxh_154pixels">154dp</dimen>
    <dimen name="xxh_155pixels">155dp</dimen>
    <dimen name="xxh_156pixels">156dp</dimen>
    <dimen name="xxh_157pixels">157dp</dimen>
    <dimen name="xxh_158pixels">158dp</dimen>
    <dimen name="xxh_159pixels">159dp</dimen>
    <dimen name="xxh_160pixels">160dp</dimen>
    <dimen name="xxh_161pixels">161dp</dimen>
    <dimen name="xxh_162pixels">162dp</dimen>
    <dimen name="xxh_163pixels">163dp</dimen>
    <dimen name="xxh_164pixels">164dp</dimen>
    <dimen name="xxh_165pixels">165dp</dimen>
    <dimen name="xxh_166pixels">166dp</dimen>
    <dimen name="xxh_167pixels">167dp</dimen>
    <dimen name="xxh_168pixels">168dp</dimen>
    <dimen name="xxh_169pixels">169dp</dimen>
    <dimen name="xxh_170pixels">170dp</dimen>
    <dimen name="xxh_171pixels">171dp</dimen>
    <dimen name="xxh_172pixels">172dp</dimen>
    <dimen name="xxh_173pixels">173dp</dimen>
    <dimen name="xxh_174pixels">174dp</dimen>
    <dimen name="xxh_175pixels">175dp</dimen>
    <dimen name="xxh_176pixels">176dp</dimen>
    <dimen name="xxh_177pixels">177dp</dimen>
    <dimen name="xxh_178pixels">178dp</dimen>
    <dimen name="xxh_179pixels">179dp</dimen>
    <dimen name="xxh_180pixels">180dp</dimen>
    <dimen name="xxh_181pixels">181dp</dimen>
    <dimen name="xxh_182pixels">182dp</dimen>
    <dimen name="xxh_183pixels">183dp</dimen>
    <dimen name="xxh_184pixels">184dp</dimen>
    <dimen name="xxh_185pixels">185dp</dimen>
    <dimen name="xxh_186pixels">186dp</dimen>
    <dimen name="xxh_187pixels">187dp</dimen>
    <dimen name="xxh_188pixels">188dp</dimen>
    <dimen name="xxh_189pixels">189dp</dimen>
    <dimen name="xxh_190pixels">190dp</dimen>
    <dimen name="xxh_191pixels">191dp</dimen>
    <dimen name="xxh_192pixels">192dp</dimen>
    <dimen name="xxh_193pixels">193dp</dimen>
    <dimen name="xxh_194pixels">194dp</dimen>
    <dimen name="xxh_195pixels">195dp</dimen>
    <dimen name="xxh_196pixels">196dp</dimen>
    <dimen name="xxh_197pixels">197dp</dimen>
    <dimen name="xxh_198pixels">198dp</dimen>
    <dimen name="xxh_199pixels">199dp</dimen>
    <dimen name="xxh_200pixels">200dp</dimen>
    <dimen name="xxh_201pixels">201dp</dimen>
    <dimen name="xxh_202pixels">202dp</dimen>
    <dimen name="xxh_203pixels">203dp</dimen>
    <dimen name="xxh_204pixels">204dp</dimen>
    <dimen name="xxh_205pixels">205dp</dimen>
    <dimen name="xxh_206pixels">206dp</dimen>
    <dimen name="xxh_207pixels">207dp</dimen>
    <dimen name="xxh_208pixels">208dp</dimen>
    <dimen name="xxh_209pixels">209dp</dimen>
    <dimen name="xxh_210pixels">210dp</dimen>
    <dimen name="xxh_211pixels">211dp</dimen>
    <dimen name="xxh_212pixels">212dp</dimen>
    <dimen name="xxh_213pixels">213dp</dimen>
    <dimen name="xxh_214pixels">214dp</dimen>
    <dimen name="xxh_215pixels">215dp</dimen>
    <dimen name="xxh_216pixels">216dp</dimen>
    <dimen name="xxh_217pixels">217dp</dimen>
    <dimen name="xxh_218pixels">218dp</dimen>
    <dimen name="xxh_219pixels">219dp</dimen>
    <dimen name="xxh_220pixels">220dp</dimen>
    <dimen name="xxh_221pixels">221dp</dimen>
    <dimen name="xxh_222pixels">222dp</dimen>
    <dimen name="xxh_223pixels">223dp</dimen>
    <dimen name="xxh_224pixels">224dp</dimen>
    <dimen name="xxh_225pixels">225dp</dimen>
    <dimen name="xxh_226pixels">226dp</dimen>
    <dimen name="xxh_227pixels">227dp</dimen>
    <dimen name="xxh_228pixels">228dp</dimen>
    <dimen name="xxh_229pixels">229dp</dimen>
    <dimen name="xxh_230pixels">230dp</dimen>
    <dimen name="xxh_231pixels">231dp</dimen>
    <dimen name="xxh_232pixels">232dp</dimen>
    <dimen name="xxh_233pixels">233dp</dimen>
    <dimen name="xxh_234pixels">234dp</dimen>
    <dimen name="xxh_235pixels">235dp</dimen>
    <dimen name="xxh_236pixels">236dp</dimen>
    <dimen name="xxh_237pixels">237dp</dimen>
    <dimen name="xxh_238pixels">238dp</dimen>
    <dimen name="xxh_239pixels">239dp</dimen>
    <dimen name="xxh_240pixels">240dp</dimen>
    <dimen name="xxh_241pixels">241dp</dimen>
    <dimen name="xxh_242pixels">242dp</dimen>
    <dimen name="xxh_243pixels">243dp</dimen>
    <dimen name="xxh_244pixels">244dp</dimen>
    <dimen name="xxh_245pixels">245dp</dimen>
    <dimen name="xxh_246pixels">246dp</dimen>
    <dimen name="xxh_247pixels">247dp</dimen>
    <dimen name="xxh_248pixels">248dp</dimen>
    <dimen name="xxh_249pixels">249dp</dimen>
    <dimen name="xxh_250pixels">250dp</dimen>
    <dimen name="xxh_251pixels">251dp</dimen>
    <dimen name="xxh_252pixels">252dp</dimen>
    <dimen name="xxh_253pixels">253dp</dimen>
    <dimen name="xxh_254pixels">254dp</dimen>
    <dimen name="xxh_255pixels">255dp</dimen>
    <dimen name="xxh_256pixels">256dp</dimen>
    <dimen name="xxh_257pixels">257dp</dimen>
    <dimen name="xxh_258pixels">258dp</dimen>
    <dimen name="xxh_259pixels">259dp</dimen>
    <dimen name="xxh_260pixels">260dp</dimen>
    <dimen name="xxh_261pixels">261dp</dimen>
    <dimen name="xxh_262pixels">262dp</dimen>
    <dimen name="xxh_263pixels">263dp</dimen>
    <dimen name="xxh_264pixels">264dp</dimen>
    <dimen name="xxh_265pixels">265dp</dimen>
    <dimen name="xxh_266pixels">266dp</dimen>
    <dimen name="xxh_267pixels">267dp</dimen>
    <dimen name="xxh_268pixels">268dp</dimen>
    <dimen name="xxh_269pixels">269dp</dimen>
    <dimen name="xxh_270pixels">270dp</dimen>
    <dimen name="xxh_271pixels">271dp</dimen>
    <dimen name="xxh_272pixels">272dp</dimen>
    <dimen name="xxh_273pixels">273dp</dimen>
    <dimen name="xxh_274pixels">274dp</dimen>
    <dimen name="xxh_275pixels">275dp</dimen>
    <dimen name="xxh_276pixels">276dp</dimen>
    <dimen name="xxh_277pixels">277dp</dimen>
    <dimen name="xxh_278pixels">278dp</dimen>
    <dimen name="xxh_279pixels">279dp</dimen>
    <dimen name="xxh_280pixels">280dp</dimen>
    <dimen name="xxh_281pixels">281dp</dimen>
    <dimen name="xxh_282pixels">282dp</dimen>
    <dimen name="xxh_283pixels">283dp</dimen>
    <dimen name="xxh_284pixels">284dp</dimen>
    <dimen name="xxh_285pixels">285dp</dimen>
    <dimen name="xxh_286pixels">286dp</dimen>
    <dimen name="xxh_287pixels">287dp</dimen>
    <dimen name="xxh_288pixels">288dp</dimen>
    <dimen name="xxh_289pixels">289dp</dimen>
    <dimen name="xxh_290pixels">290dp</dimen>
    <dimen name="xxh_291pixels">291dp</dimen>
    <dimen name="xxh_292pixels">292dp</dimen>
    <dimen name="xxh_293pixels">293dp</dimen>
    <dimen name="xxh_294pixels">294dp</dimen>
    <dimen name="xxh_295pixels">295dp</dimen>
    <dimen name="xxh_296pixels">296dp</dimen>
    <dimen name="xxh_297pixels">297dp</dimen>
    <dimen name="xxh_298pixels">298dp</dimen>
    <dimen name="xxh_299pixels">299dp</dimen>
    <dimen name="xxh_300pixels">300dp</dimen>
    <dimen name="xxh_301pixels">301dp</dimen>
    <dimen name="xxh_302pixels">302dp</dimen>
    <dimen name="xxh_303pixels">303dp</dimen>
    <dimen name="xxh_304pixels">304dp</dimen>
    <dimen name="xxh_305pixels">305dp</dimen>
    <dimen name="xxh_306pixels">306dp</dimen>
    <dimen name="xxh_307pixels">307dp</dimen>
    <dimen name="xxh_308pixels">308dp</dimen>
    <dimen name="xxh_309pixels">309dp</dimen>
    <dimen name="xxh_310pixels">310dp</dimen>
    <dimen name="xxh_311pixels">311dp</dimen>
    <dimen name="xxh_312pixels">312dp</dimen>
    <dimen name="xxh_313pixels">313dp</dimen>
    <dimen name="xxh_314pixels">314dp</dimen>
    <dimen name="xxh_315pixels">315dp</dimen>
    <dimen name="xxh_316pixels">316dp</dimen>
    <dimen name="xxh_317pixels">317dp</dimen>
    <dimen name="xxh_318pixels">318dp</dimen>
    <dimen name="xxh_319pixels">319dp</dimen>
    <dimen name="xxh_320pixels">320dp</dimen>
    <dimen name="xxh_321pixels">321dp</dimen>
    <dimen name="xxh_322pixels">322dp</dimen>
    <dimen name="xxh_323pixels">323dp</dimen>
    <dimen name="xxh_324pixels">324dp</dimen>
    <dimen name="xxh_325pixels">325dp</dimen>
    <dimen name="xxh_326pixels">326dp</dimen>
    <dimen name="xxh_327pixels">327dp</dimen>
    <dimen name="xxh_328pixels">328dp</dimen>
    <dimen name="xxh_329pixels">329dp</dimen>
    <dimen name="xxh_330pixels">330dp</dimen>
    <dimen name="xxh_331pixels">331dp</dimen>
    <dimen name="xxh_332pixels">332dp</dimen>
    <dimen name="xxh_333pixels">333dp</dimen>
    <dimen name="xxh_334pixels">334dp</dimen>
    <dimen name="xxh_335pixels">335dp</dimen>
    <dimen name="xxh_336pixels">336dp</dimen>
    <dimen name="xxh_337pixels">337dp</dimen>
    <dimen name="xxh_338pixels">338dp</dimen>
    <dimen name="xxh_339pixels">339dp</dimen>
    <dimen name="xxh_340pixels">340dp</dimen>
    <dimen name="xxh_341pixels">341dp</dimen>
    <dimen name="xxh_342pixels">342dp</dimen>
    <dimen name="xxh_343pixels">343dp</dimen>
    <dimen name="xxh_344pixels">344dp</dimen>
    <dimen name="xxh_345pixels">345dp</dimen>
    <dimen name="xxh_346pixels">346dp</dimen>
    <dimen name="xxh_347pixels">347dp</dimen>
    <dimen name="xxh_348pixels">348dp</dimen>
    <dimen name="xxh_349pixels">349dp</dimen>
    <dimen name="xxh_350pixels">350dp</dimen>
    <dimen name="xxh_351pixels">351dp</dimen>
    <dimen name="xxh_352pixels">352dp</dimen>
    <dimen name="xxh_353pixels">353dp</dimen>
    <dimen name="xxh_354pixels">354dp</dimen>
    <dimen name="xxh_355pixels">355dp</dimen>
    <dimen name="xxh_356pixels">356dp</dimen>
    <dimen name="xxh_357pixels">357dp</dimen>
    <dimen name="xxh_358pixels">358dp</dimen>
    <dimen name="xxh_359pixels">359dp</dimen>
    <dimen name="xxh_360pixels">360dp</dimen>
    <dimen name="xxh_361pixels">361dp</dimen>
    <dimen name="xxh_362pixels">362dp</dimen>
    <dimen name="xxh_363pixels">363dp</dimen>
    <dimen name="xxh_364pixels">364dp</dimen>
    <dimen name="xxh_365pixels">365dp</dimen>
    <dimen name="xxh_366pixels">366dp</dimen>
    <dimen name="xxh_367pixels">367dp</dimen>
    <dimen name="xxh_368pixels">368dp</dimen>
    <dimen name="xxh_369pixels">369dp</dimen>
    <dimen name="xxh_370pixels">370dp</dimen>
    <dimen name="xxh_371pixels">371dp</dimen>
    <dimen name="xxh_372pixels">372dp</dimen>
    <dimen name="xxh_373pixels">373dp</dimen>
    <dimen name="xxh_374pixels">374dp</dimen>
    <dimen name="xxh_375pixels">375dp</dimen>
    <dimen name="xxh_376pixels">376dp</dimen>
    <dimen name="xxh_377pixels">377dp</dimen>
    <dimen name="xxh_378pixels">378dp</dimen>
    <dimen name="xxh_379pixels">379dp</dimen>
    <dimen name="xxh_380pixels">380dp</dimen>
    <dimen name="xxh_381pixels">381dp</dimen>
    <dimen name="xxh_382pixels">382dp</dimen>
    <dimen name="xxh_383pixels">383dp</dimen>
    <dimen name="xxh_384pixels">384dp</dimen>
    <dimen name="xxh_385pixels">385dp</dimen>
    <dimen name="xxh_386pixels">386dp</dimen>
    <dimen name="xxh_387pixels">387dp</dimen>
    <dimen name="xxh_388pixels">388dp</dimen>
    <dimen name="xxh_389pixels">389dp</dimen>
    <dimen name="xxh_390pixels">390dp</dimen>
    <dimen name="xxh_391pixels">391dp</dimen>
    <dimen name="xxh_392pixels">392dp</dimen>
    <dimen name="xxh_393pixels">393dp</dimen>
    <dimen name="xxh_394pixels">394dp</dimen>
    <dimen name="xxh_395pixels">395dp</dimen>
    <dimen name="xxh_396pixels">396dp</dimen>
    <dimen name="xxh_397pixels">397dp</dimen>
    <dimen name="xxh_398pixels">398dp</dimen>
    <dimen name="xxh_399pixels">399dp</dimen>
    <dimen name="xxh_400pixels">400dp</dimen>
    <dimen name="xxh_401pixels">401dp</dimen>
    <dimen name="xxh_402pixels">402dp</dimen>
    <dimen name="xxh_403pixels">403dp</dimen>
    <dimen name="xxh_404pixels">404dp</dimen>
    <dimen name="xxh_405pixels">405dp</dimen>
    <dimen name="xxh_406pixels">406dp</dimen>
    <dimen name="xxh_407pixels">407dp</dimen>
    <dimen name="xxh_408pixels">408dp</dimen>
    <dimen name="xxh_409pixels">409dp</dimen>
    <dimen name="xxh_410pixels">410dp</dimen>
    <dimen name="xxh_411pixels">411dp</dimen>
    <dimen name="xxh_412pixels">412dp</dimen>
    <dimen name="xxh_413pixels">413dp</dimen>
    <dimen name="xxh_414pixels">414dp</dimen>
    <dimen name="xxh_415pixels">415dp</dimen>
    <dimen name="xxh_416pixels">416dp</dimen>
    <dimen name="xxh_417pixels">417dp</dimen>
    <dimen name="xxh_418pixels">418dp</dimen>
    <dimen name="xxh_419pixels">419dp</dimen>
    <dimen name="xxh_420pixels">420dp</dimen>
    <dimen name="xxh_421pixels">421dp</dimen>
    <dimen name="xxh_422pixels">422dp</dimen>
    <dimen name="xxh_423pixels">423dp</dimen>
    <dimen name="xxh_424pixels">424dp</dimen>
    <dimen name="xxh_425pixels">425dp</dimen>
    <dimen name="xxh_426pixels">426dp</dimen>
    <dimen name="xxh_427pixels">427dp</dimen>
    <dimen name="xxh_428pixels">428dp</dimen>
    <dimen name="xxh_429pixels">429dp</dimen>
    <dimen name="xxh_430pixels">430dp</dimen>
    <dimen name="xxh_431pixels">431dp</dimen>
    <dimen name="xxh_432pixels">432dp</dimen>
    <dimen name="xxh_433pixels">433dp</dimen>
    <dimen name="xxh_434pixels">434dp</dimen>
    <dimen name="xxh_435pixels">435dp</dimen>
    <dimen name="xxh_436pixels">436dp</dimen>
    <dimen name="xxh_437pixels">437dp</dimen>
    <dimen name="xxh_438pixels">438dp</dimen>
    <dimen name="xxh_439pixels">439dp</dimen>
    <dimen name="xxh_440pixels">440dp</dimen>
    <dimen name="xxh_441pixels">441dp</dimen>
    <dimen name="xxh_442pixels">442dp</dimen>
    <dimen name="xxh_443pixels">443dp</dimen>
    <dimen name="xxh_444pixels">444dp</dimen>
    <dimen name="xxh_445pixels">445dp</dimen>
    <dimen name="xxh_446pixels">446dp</dimen>
    <dimen name="xxh_447pixels">447dp</dimen>
    <dimen name="xxh_448pixels">448dp</dimen>
    <dimen name="xxh_449pixels">449dp</dimen>
    <dimen name="xxh_450pixels">450dp</dimen>
    <dimen name="xxh_451pixels">451dp</dimen>
    <dimen name="xxh_452pixels">452dp</dimen>
    <dimen name="xxh_453pixels">453dp</dimen>
    <dimen name="xxh_454pixels">454dp</dimen>
    <dimen name="xxh_455pixels">455dp</dimen>
    <dimen name="xxh_456pixels">456dp</dimen>
    <dimen name="xxh_457pixels">457dp</dimen>
    <dimen name="xxh_458pixels">458dp</dimen>
    <dimen name="xxh_459pixels">459dp</dimen>
    <dimen name="xxh_460pixels">460dp</dimen>
    <dimen name="xxh_461pixels">461dp</dimen>
    <dimen name="xxh_462pixels">462dp</dimen>
    <dimen name="xxh_463pixels">463dp</dimen>
    <dimen name="xxh_464pixels">464dp</dimen>
    <dimen name="xxh_465pixels">465dp</dimen>
    <dimen name="xxh_466pixels">466dp</dimen>
    <dimen name="xxh_467pixels">467dp</dimen>
    <dimen name="xxh_468pixels">468dp</dimen>
    <dimen name="xxh_469pixels">469dp</dimen>
    <dimen name="xxh_470pixels">470dp</dimen>
    <dimen name="xxh_471pixels">471dp</dimen>
    <dimen name="xxh_472pixels">472dp</dimen>
    <dimen name="xxh_473pixels">473dp</dimen>
    <dimen name="xxh_474pixels">474dp</dimen>
    <dimen name="xxh_475pixels">475dp</dimen>
    <dimen name="xxh_476pixels">476dp</dimen>
    <dimen name="xxh_477pixels">477dp</dimen>
    <dimen name="xxh_478pixels">478dp</dimen>
    <dimen name="xxh_479pixels">479dp</dimen>
    <dimen name="xxh_480pixels">480dp</dimen>
    <dimen name="xxh_481pixels">481dp</dimen>
    <dimen name="xxh_482pixels">482dp</dimen>
    <dimen name="xxh_483pixels">483dp</dimen>
    <dimen name="xxh_484pixels">484dp</dimen>
    <dimen name="xxh_485pixels">485dp</dimen>
    <dimen name="xxh_486pixels">486dp</dimen>
    <dimen name="xxh_487pixels">487dp</dimen>
    <dimen name="xxh_488pixels">488dp</dimen>
    <dimen name="xxh_489pixels">489dp</dimen>
    <dimen name="xxh_490pixels">490dp</dimen>
    <dimen name="xxh_491pixels">491dp</dimen>
    <dimen name="xxh_492pixels">492dp</dimen>
    <dimen name="xxh_493pixels">493dp</dimen>
    <dimen name="xxh_494pixels">494dp</dimen>
    <dimen name="xxh_495pixels">495dp</dimen>
    <dimen name="xxh_496pixels">496dp</dimen>
    <dimen name="xxh_497pixels">497dp</dimen>
    <dimen name="xxh_498pixels">498dp</dimen>
    <dimen name="xxh_499pixels">499dp</dimen>
    <dimen name="xxh_500pixels">500dp</dimen>
    <dimen name="xxh_501pixels">501dp</dimen>
    <dimen name="xxh_502pixels">502dp</dimen>
    <dimen name="xxh_503pixels">503dp</dimen>
    <dimen name="xxh_504pixels">504dp</dimen>
    <dimen name="xxh_505pixels">505dp</dimen>
    <dimen name="xxh_506pixels">506dp</dimen>
    <dimen name="xxh_507pixels">507dp</dimen>
    <dimen name="xxh_508pixels">508dp</dimen>
    <dimen name="xxh_509pixels">509dp</dimen>
    <dimen name="xxh_510pixels">510dp</dimen>
    <dimen name="xxh_511pixels">511dp</dimen>
    <dimen name="xxh_512pixels">512dp</dimen>
    <dimen name="xxh_513pixels">513dp</dimen>
    <dimen name="xxh_514pixels">514dp</dimen>
    <dimen name="xxh_515pixels">515dp</dimen>
    <dimen name="xxh_516pixels">516dp</dimen>
    <dimen name="xxh_517pixels">517dp</dimen>
    <dimen name="xxh_518pixels">518dp</dimen>
    <dimen name="xxh_519pixels">519dp</dimen>
    <dimen name="xxh_520pixels">520dp</dimen>
    <dimen name="xxh_521pixels">521dp</dimen>
    <dimen name="xxh_522pixels">522dp</dimen>
    <dimen name="xxh_523pixels">523dp</dimen>
    <dimen name="xxh_524pixels">524dp</dimen>
    <dimen name="xxh_525pixels">525dp</dimen>
    <dimen name="xxh_526pixels">526dp</dimen>
    <dimen name="xxh_527pixels">527dp</dimen>
    <dimen name="xxh_528pixels">528dp</dimen>
    <dimen name="xxh_529pixels">529dp</dimen>
    <dimen name="xxh_530pixels">530dp</dimen>
    <dimen name="xxh_531pixels">531dp</dimen>
    <dimen name="xxh_532pixels">532dp</dimen>
    <dimen name="xxh_533pixels">533dp</dimen>
    <dimen name="xxh_534pixels">534dp</dimen>
    <dimen name="xxh_535pixels">535dp</dimen>
    <dimen name="xxh_536pixels">536dp</dimen>
    <dimen name="xxh_537pixels">537dp</dimen>
    <dimen name="xxh_538pixels">538dp</dimen>
    <dimen name="xxh_539pixels">539dp</dimen>
    <dimen name="xxh_540pixels">540dp</dimen>
    <dimen name="xxh_541pixels">541dp</dimen>
    <dimen name="xxh_542pixels">542dp</dimen>
    <dimen name="xxh_543pixels">543dp</dimen>
    <dimen name="xxh_544pixels">544dp</dimen>
    <dimen name="xxh_545pixels">545dp</dimen>
    <dimen name="xxh_546pixels">546dp</dimen>
    <dimen name="xxh_547pixels">547dp</dimen>
    <dimen name="xxh_548pixels">548dp</dimen>
    <dimen name="xxh_549pixels">549dp</dimen>
    <dimen name="xxh_550pixels">550dp</dimen>
    <dimen name="xxh_551pixels">551dp</dimen>
    <dimen name="xxh_552pixels">552dp</dimen>
    <dimen name="xxh_553pixels">553dp</dimen>
    <dimen name="xxh_554pixels">554dp</dimen>
    <dimen name="xxh_555pixels">555dp</dimen>
    <dimen name="xxh_556pixels">556dp</dimen>
    <dimen name="xxh_557pixels">557dp</dimen>
    <dimen name="xxh_558pixels">558dp</dimen>
    <dimen name="xxh_559pixels">559dp</dimen>
    <dimen name="xxh_560pixels">560dp</dimen>
    <dimen name="xxh_561pixels">561dp</dimen>
    <dimen name="xxh_562pixels">562dp</dimen>
    <dimen name="xxh_563pixels">563dp</dimen>
    <dimen name="xxh_564pixels">564dp</dimen>
    <dimen name="xxh_565pixels">565dp</dimen>
    <dimen name="xxh_566pixels">566dp</dimen>
    <dimen name="xxh_567pixels">567dp</dimen>
    <dimen name="xxh_568pixels">568dp</dimen>
    <dimen name="xxh_569pixels">569dp</dimen>
    <dimen name="xxh_570pixels">570dp</dimen>
    <dimen name="xxh_571pixels">571dp</dimen>
    <dimen name="xxh_572pixels">572dp</dimen>
    <dimen name="xxh_573pixels">573dp</dimen>
    <dimen name="xxh_574pixels">574dp</dimen>
    <dimen name="xxh_575pixels">575dp</dimen>
    <dimen name="xxh_576pixels">576dp</dimen>
    <dimen name="xxh_577pixels">577dp</dimen>
    <dimen name="xxh_578pixels">578dp</dimen>
    <dimen name="xxh_579pixels">579dp</dimen>
    <dimen name="xxh_580pixels">580dp</dimen>
    <dimen name="xxh_581pixels">581dp</dimen>
    <dimen name="xxh_582pixels">582dp</dimen>
    <dimen name="xxh_583pixels">583dp</dimen>
    <dimen name="xxh_584pixels">584dp</dimen>
    <dimen name="xxh_585pixels">585dp</dimen>
    <dimen name="xxh_586pixels">586dp</dimen>
    <dimen name="xxh_587pixels">587dp</dimen>
    <dimen name="xxh_588pixels">588dp</dimen>
    <dimen name="xxh_589pixels">589dp</dimen>
    <dimen name="xxh_590pixels">590dp</dimen>
    <dimen name="xxh_591pixels">591dp</dimen>
    <dimen name="xxh_592pixels">592dp</dimen>
    <dimen name="xxh_593pixels">593dp</dimen>
    <dimen name="xxh_594pixels">594dp</dimen>
    <dimen name="xxh_595pixels">595dp</dimen>
    <dimen name="xxh_596pixels">596dp</dimen>
    <dimen name="xxh_597pixels">597dp</dimen>
    <dimen name="xxh_598pixels">598dp</dimen>
    <dimen name="xxh_599pixels">599dp</dimen>
    <dimen name="xxh_600pixels">600dp</dimen>
    <dimen name="xxh_601pixels">601dp</dimen>
    <dimen name="xxh_602pixels">602dp</dimen>
    <dimen name="xxh_603pixels">603dp</dimen>
    <dimen name="xxh_604pixels">604dp</dimen>
    <dimen name="xxh_605pixels">605dp</dimen>
    <dimen name="xxh_606pixels">606dp</dimen>
    <dimen name="xxh_607pixels">607dp</dimen>
    <dimen name="xxh_608pixels">608dp</dimen>
    <dimen name="xxh_609pixels">609dp</dimen>
    <dimen name="xxh_610pixels">610dp</dimen>
    <dimen name="xxh_611pixels">611dp</dimen>
    <dimen name="xxh_612pixels">612dp</dimen>
    <dimen name="xxh_613pixels">613dp</dimen>
    <dimen name="xxh_614pixels">614dp</dimen>
    <dimen name="xxh_615pixels">615dp</dimen>
    <dimen name="xxh_616pixels">616dp</dimen>
    <dimen name="xxh_617pixels">617dp</dimen>
    <dimen name="xxh_618pixels">618dp</dimen>
    <dimen name="xxh_619pixels">619dp</dimen>
    <dimen name="xxh_620pixels">620dp</dimen>
    <dimen name="xxh_621pixels">621dp</dimen>
    <dimen name="xxh_622pixels">622dp</dimen>
    <dimen name="xxh_623pixels">623dp</dimen>
    <dimen name="xxh_624pixels">624dp</dimen>
    <dimen name="xxh_625pixels">625dp</dimen>
    <dimen name="xxh_626pixels">626dp</dimen>
    <dimen name="xxh_627pixels">627dp</dimen>
    <dimen name="xxh_628pixels">628dp</dimen>
    <dimen name="xxh_629pixels">629dp</dimen>
    <dimen name="xxh_630pixels">630dp</dimen>
    <dimen name="xxh_631pixels">631dp</dimen>
    <dimen name="xxh_632pixels">632dp</dimen>
    <dimen name="xxh_633pixels">633dp</dimen>
    <dimen name="xxh_634pixels">634dp</dimen>
    <dimen name="xxh_635pixels">635dp</dimen>
    <dimen name="xxh_636pixels">636dp</dimen>
    <dimen name="xxh_637pixels">637dp</dimen>
    <dimen name="xxh_638pixels">638dp</dimen>
    <dimen name="xxh_639pixels">639dp</dimen>
    <dimen name="xxh_640pixels">640dp</dimen>
    <dimen name="xxh_641pixels">641dp</dimen>
    <dimen name="xxh_642pixels">642dp</dimen>
    <dimen name="xxh_643pixels">643dp</dimen>
    <dimen name="xxh_644pixels">644dp</dimen>
    <dimen name="xxh_645pixels">645dp</dimen>
    <dimen name="xxh_646pixels">646dp</dimen>
    <dimen name="xxh_647pixels">647dp</dimen>
    <dimen name="xxh_648pixels">648dp</dimen>
    <dimen name="xxh_649pixels">649dp</dimen>
    <dimen name="xxh_650pixels">650dp</dimen>
    <dimen name="xxh_651pixels">651dp</dimen>
    <dimen name="xxh_652pixels">652dp</dimen>
    <dimen name="xxh_653pixels">653dp</dimen>
    <dimen name="xxh_654pixels">654dp</dimen>
    <dimen name="xxh_655pixels">655dp</dimen>
    <dimen name="xxh_656pixels">656dp</dimen>
    <dimen name="xxh_657pixels">657dp</dimen>
    <dimen name="xxh_658pixels">658dp</dimen>
    <dimen name="xxh_659pixels">659dp</dimen>
    <dimen name="xxh_660pixels">660dp</dimen>
    <dimen name="xxh_661pixels">661dp</dimen>
    <dimen name="xxh_662pixels">662dp</dimen>
    <dimen name="xxh_663pixels">663dp</dimen>
    <dimen name="xxh_664pixels">664dp</dimen>
    <dimen name="xxh_665pixels">665dp</dimen>
    <dimen name="xxh_666pixels">666dp</dimen>
    <dimen name="xxh_667pixels">667dp</dimen>
    <dimen name="xxh_668pixels">668dp</dimen>
    <dimen name="xxh_669pixels">669dp</dimen>
    <dimen name="xxh_670pixels">670dp</dimen>
    <dimen name="xxh_671pixels">671dp</dimen>
    <dimen name="xxh_672pixels">672dp</dimen>
    <dimen name="xxh_673pixels">673dp</dimen>
    <dimen name="xxh_674pixels">674dp</dimen>
    <dimen name="xxh_675pixels">675dp</dimen>
    <dimen name="xxh_676pixels">676dp</dimen>
    <dimen name="xxh_677pixels">677dp</dimen>
    <dimen name="xxh_678pixels">678dp</dimen>
    <dimen name="xxh_679pixels">679dp</dimen>
    <dimen name="xxh_680pixels">680dp</dimen>
    <dimen name="xxh_681pixels">681dp</dimen>
    <dimen name="xxh_682pixels">682dp</dimen>
    <dimen name="xxh_683pixels">683dp</dimen>
    <dimen name="xxh_684pixels">684dp</dimen>
    <dimen name="xxh_685pixels">685dp</dimen>
    <dimen name="xxh_686pixels">686dp</dimen>
    <dimen name="xxh_687pixels">687dp</dimen>
    <dimen name="xxh_688pixels">688dp</dimen>
    <dimen name="xxh_689pixels">689dp</dimen>
    <dimen name="xxh_690pixels">690dp</dimen>
    <dimen name="xxh_691pixels">691dp</dimen>
    <dimen name="xxh_692pixels">692dp</dimen>
    <dimen name="xxh_693pixels">693dp</dimen>
    <dimen name="xxh_694pixels">694dp</dimen>
    <dimen name="xxh_695pixels">695dp</dimen>
    <dimen name="xxh_696pixels">696dp</dimen>
    <dimen name="xxh_697pixels">697dp</dimen>
    <dimen name="xxh_698pixels">698dp</dimen>
    <dimen name="xxh_699pixels">699dp</dimen>
    <dimen name="xxh_700pixels">700dp</dimen>
    <dimen name="xxh_701pixels">701dp</dimen>
    <dimen name="xxh_702pixels">702dp</dimen>
    <dimen name="xxh_703pixels">703dp</dimen>
    <dimen name="xxh_704pixels">704dp</dimen>
    <dimen name="xxh_705pixels">705dp</dimen>
    <dimen name="xxh_706pixels">706dp</dimen>
    <dimen name="xxh_707pixels">707dp</dimen>
    <dimen name="xxh_708pixels">708dp</dimen>
    <dimen name="xxh_709pixels">709dp</dimen>
    <dimen name="xxh_710pixels">710dp</dimen>
    <dimen name="xxh_711pixels">711dp</dimen>
    <dimen name="xxh_712pixels">712dp</dimen>
    <dimen name="xxh_713pixels">713dp</dimen>
    <dimen name="xxh_714pixels">714dp</dimen>
    <dimen name="xxh_715pixels">715dp</dimen>
    <dimen name="xxh_716pixels">716dp</dimen>
    <dimen name="xxh_717pixels">717dp</dimen>
    <dimen name="xxh_718pixels">718dp</dimen>
    <dimen name="xxh_719pixels">719dp</dimen>
    <dimen name="xxh_720pixels">720dp</dimen>
    <dimen name="xxh_721pixels">721dp</dimen>
    <dimen name="xxh_722pixels">722dp</dimen>
    <dimen name="xxh_723pixels">723dp</dimen>
    <dimen name="xxh_724pixels">724dp</dimen>
    <dimen name="xxh_725pixels">725dp</dimen>
    <dimen name="xxh_726pixels">726dp</dimen>
    <dimen name="xxh_727pixels">727dp</dimen>
    <dimen name="xxh_728pixels">728dp</dimen>
    <dimen name="xxh_729pixels">729dp</dimen>
    <dimen name="xxh_730pixels">730dp</dimen>
    <dimen name="xxh_731pixels">731dp</dimen>
    <dimen name="xxh_732pixels">732dp</dimen>
    <dimen name="xxh_733pixels">733dp</dimen>
    <dimen name="xxh_734pixels">734dp</dimen>
    <dimen name="xxh_735pixels">735dp</dimen>
    <dimen name="xxh_736pixels">736dp</dimen>
    <dimen name="xxh_737pixels">737dp</dimen>
    <dimen name="xxh_738pixels">738dp</dimen>
    <dimen name="xxh_739pixels">739dp</dimen>
    <dimen name="xxh_740pixels">740dp</dimen>
    <dimen name="xxh_741pixels">741dp</dimen>
    <dimen name="xxh_742pixels">742dp</dimen>
    <dimen name="xxh_743pixels">743dp</dimen>
    <dimen name="xxh_744pixels">744dp</dimen>
    <dimen name="xxh_745pixels">745dp</dimen>
    <dimen name="xxh_746pixels">746dp</dimen>
    <dimen name="xxh_747pixels">747dp</dimen>
    <dimen name="xxh_748pixels">748dp</dimen>
    <dimen name="xxh_749pixels">749dp</dimen>
    <dimen name="xxh_750pixels">750dp</dimen>
    <dimen name="xxh_751pixels">751dp</dimen>
    <dimen name="xxh_752pixels">752dp</dimen>
    <dimen name="xxh_753pixels">753dp</dimen>
    <dimen name="xxh_754pixels">754dp</dimen>
    <dimen name="xxh_755pixels">755dp</dimen>
    <dimen name="xxh_756pixels">756dp</dimen>
    <dimen name="xxh_757pixels">757dp</dimen>
    <dimen name="xxh_758pixels">758dp</dimen>
    <dimen name="xxh_759pixels">759dp</dimen>
    <dimen name="xxh_760pixels">760dp</dimen>
    <dimen name="xxh_761pixels">761dp</dimen>
    <dimen name="xxh_762pixels">762dp</dimen>
    <dimen name="xxh_763pixels">763dp</dimen>
    <dimen name="xxh_764pixels">764dp</dimen>
    <dimen name="xxh_765pixels">765dp</dimen>
    <dimen name="xxh_766pixels">766dp</dimen>
    <dimen name="xxh_767pixels">767dp</dimen>
    <dimen name="xxh_768pixels">768dp</dimen>
    <dimen name="xxh_769pixels">769dp</dimen>
    <dimen name="xxh_770pixels">770dp</dimen>
    <dimen name="xxh_771pixels">771dp</dimen>
    <dimen name="xxh_772pixels">772dp</dimen>
    <dimen name="xxh_773pixels">773dp</dimen>
    <dimen name="xxh_774pixels">774dp</dimen>
    <dimen name="xxh_775pixels">775dp</dimen>
    <dimen name="xxh_776pixels">776dp</dimen>
    <dimen name="xxh_777pixels">777dp</dimen>
    <dimen name="xxh_778pixels">778dp</dimen>
    <dimen name="xxh_779pixels">779dp</dimen>
    <dimen name="xxh_780pixels">780dp</dimen>
    <dimen name="xxh_781pixels">781dp</dimen>
    <dimen name="xxh_782pixels">782dp</dimen>
    <dimen name="xxh_783pixels">783dp</dimen>
    <dimen name="xxh_784pixels">784dp</dimen>
    <dimen name="xxh_785pixels">785dp</dimen>
    <dimen name="xxh_786pixels">786dp</dimen>
    <dimen name="xxh_787pixels">787dp</dimen>
    <dimen name="xxh_788pixels">788dp</dimen>
    <dimen name="xxh_789pixels">789dp</dimen>
    <dimen name="xxh_790pixels">790dp</dimen>
    <dimen name="xxh_791pixels">791dp</dimen>
    <dimen name="xxh_792pixels">792dp</dimen>
    <dimen name="xxh_793pixels">793dp</dimen>
    <dimen name="xxh_794pixels">794dp</dimen>
    <dimen name="xxh_795pixels">795dp</dimen>
    <dimen name="xxh_796pixels">796dp</dimen>
    <dimen name="xxh_797pixels">797dp</dimen>
    <dimen name="xxh_798pixels">798dp</dimen>
    <dimen name="xxh_799pixels">799dp</dimen>
    <dimen name="xxh_800pixels">800dp</dimen>
    <dimen name="xxh_801pixels">801dp</dimen>
    <dimen name="xxh_802pixels">802dp</dimen>
    <dimen name="xxh_803pixels">803dp</dimen>
    <dimen name="xxh_804pixels">804dp</dimen>
    <dimen name="xxh_805pixels">805dp</dimen>
    <dimen name="xxh_806pixels">806dp</dimen>
    <dimen name="xxh_807pixels">807dp</dimen>
    <dimen name="xxh_808pixels">808dp</dimen>
    <dimen name="xxh_809pixels">809dp</dimen>
    <dimen name="xxh_810pixels">810dp</dimen>
    <dimen name="xxh_811pixels">811dp</dimen>
    <dimen name="xxh_812pixels">812dp</dimen>
    <dimen name="xxh_813pixels">813dp</dimen>
    <dimen name="xxh_814pixels">814dp</dimen>
    <dimen name="xxh_815pixels">815dp</dimen>
    <dimen name="xxh_816pixels">816dp</dimen>
    <dimen name="xxh_817pixels">817dp</dimen>
    <dimen name="xxh_818pixels">818dp</dimen>
    <dimen name="xxh_819pixels">819dp</dimen>
    <dimen name="xxh_820pixels">820dp</dimen>
    <dimen name="xxh_821pixels">821dp</dimen>
    <dimen name="xxh_822pixels">822dp</dimen>
    <dimen name="xxh_823pixels">823dp</dimen>
    <dimen name="xxh_824pixels">824dp</dimen>
    <dimen name="xxh_825pixels">825dp</dimen>
    <dimen name="xxh_826pixels">826dp</dimen>
    <dimen name="xxh_827pixels">827dp</dimen>
    <dimen name="xxh_828pixels">828dp</dimen>
    <dimen name="xxh_829pixels">829dp</dimen>
    <dimen name="xxh_830pixels">830dp</dimen>
    <dimen name="xxh_831pixels">831dp</dimen>
    <dimen name="xxh_832pixels">832dp</dimen>
    <dimen name="xxh_833pixels">833dp</dimen>
    <dimen name="xxh_834pixels">834dp</dimen>
    <dimen name="xxh_835pixels">835dp</dimen>
    <dimen name="xxh_836pixels">836dp</dimen>
    <dimen name="xxh_837pixels">837dp</dimen>
    <dimen name="xxh_838pixels">838dp</dimen>
    <dimen name="xxh_839pixels">839dp</dimen>
    <dimen name="xxh_840pixels">840dp</dimen>
    <dimen name="xxh_841pixels">841dp</dimen>
    <dimen name="xxh_842pixels">842dp</dimen>
    <dimen name="xxh_843pixels">843dp</dimen>
    <dimen name="xxh_844pixels">844dp</dimen>
    <dimen name="xxh_845pixels">845dp</dimen>
    <dimen name="xxh_846pixels">846dp</dimen>
    <dimen name="xxh_847pixels">847dp</dimen>
    <dimen name="xxh_848pixels">848dp</dimen>
    <dimen name="xxh_849pixels">849dp</dimen>
    <dimen name="xxh_850pixels">850dp</dimen>
    <dimen name="xxh_851pixels">851dp</dimen>
    <dimen name="xxh_852pixels">852dp</dimen>
    <dimen name="xxh_853pixels">853dp</dimen>
    <dimen name="xxh_854pixels">854dp</dimen>
    <dimen name="xxh_855pixels">855dp</dimen>
    <dimen name="xxh_856pixels">856dp</dimen>
    <dimen name="xxh_857pixels">857dp</dimen>
    <dimen name="xxh_858pixels">858dp</dimen>
    <dimen name="xxh_859pixels">859dp</dimen>
    <dimen name="xxh_860pixels">860dp</dimen>
    <dimen name="xxh_861pixels">861dp</dimen>
    <dimen name="xxh_862pixels">862dp</dimen>
    <dimen name="xxh_863pixels">863dp</dimen>
    <dimen name="xxh_864pixels">864dp</dimen>
    <dimen name="xxh_865pixels">865dp</dimen>
    <dimen name="xxh_866pixels">866dp</dimen>
    <dimen name="xxh_867pixels">867dp</dimen>
    <dimen name="xxh_868pixels">868dp</dimen>
    <dimen name="xxh_869pixels">869dp</dimen>
    <dimen name="xxh_870pixels">870dp</dimen>
    <dimen name="xxh_871pixels">871dp</dimen>
    <dimen name="xxh_872pixels">872dp</dimen>
    <dimen name="xxh_873pixels">873dp</dimen>
    <dimen name="xxh_874pixels">874dp</dimen>
    <dimen name="xxh_875pixels">875dp</dimen>
    <dimen name="xxh_876pixels">876dp</dimen>
    <dimen name="xxh_877pixels">877dp</dimen>
    <dimen name="xxh_878pixels">878dp</dimen>
    <dimen name="xxh_879pixels">879dp</dimen>
    <dimen name="xxh_880pixels">880dp</dimen>
    <dimen name="xxh_881pixels">881dp</dimen>
    <dimen name="xxh_882pixels">882dp</dimen>
    <dimen name="xxh_883pixels">883dp</dimen>
    <dimen name="xxh_884pixels">884dp</dimen>
    <dimen name="xxh_885pixels">885dp</dimen>
    <dimen name="xxh_886pixels">886dp</dimen>
    <dimen name="xxh_887pixels">887dp</dimen>
    <dimen name="xxh_888pixels">888dp</dimen>
    <dimen name="xxh_889pixels">889dp</dimen>
    <dimen name="xxh_890pixels">890dp</dimen>
    <dimen name="xxh_891pixels">891dp</dimen>
    <dimen name="xxh_892pixels">892dp</dimen>
    <dimen name="xxh_893pixels">893dp</dimen>
    <dimen name="xxh_894pixels">894dp</dimen>
    <dimen name="xxh_895pixels">895dp</dimen>
    <dimen name="xxh_896pixels">896dp</dimen>
    <dimen name="xxh_897pixels">897dp</dimen>
    <dimen name="xxh_898pixels">898dp</dimen>
    <dimen name="xxh_899pixels">899dp</dimen>
    <dimen name="xxh_900pixels">900dp</dimen>
    <dimen name="xxh_901pixels">901dp</dimen>
    <dimen name="xxh_902pixels">902dp</dimen>
    <dimen name="xxh_903pixels">903dp</dimen>
    <dimen name="xxh_904pixels">904dp</dimen>
    <dimen name="xxh_905pixels">905dp</dimen>
    <dimen name="xxh_906pixels">906dp</dimen>
    <dimen name="xxh_907pixels">907dp</dimen>
    <dimen name="xxh_908pixels">908dp</dimen>
    <dimen name="xxh_909pixels">909dp</dimen>
    <dimen name="xxh_910pixels">910dp</dimen>
    <dimen name="xxh_911pixels">911dp</dimen>
    <dimen name="xxh_912pixels">912dp</dimen>
    <dimen name="xxh_913pixels">913dp</dimen>
    <dimen name="xxh_914pixels">914dp</dimen>
    <dimen name="xxh_915pixels">915dp</dimen>
    <dimen name="xxh_916pixels">916dp</dimen>
    <dimen name="xxh_917pixels">917dp</dimen>
    <dimen name="xxh_918pixels">918dp</dimen>
    <dimen name="xxh_919pixels">919dp</dimen>
    <dimen name="xxh_920pixels">920dp</dimen>
    <dimen name="xxh_921pixels">921dp</dimen>
    <dimen name="xxh_922pixels">922dp</dimen>
    <dimen name="xxh_923pixels">923dp</dimen>
    <dimen name="xxh_924pixels">924dp</dimen>
    <dimen name="xxh_925pixels">925dp</dimen>
    <dimen name="xxh_926pixels">926dp</dimen>
    <dimen name="xxh_927pixels">927dp</dimen>
    <dimen name="xxh_928pixels">928dp</dimen>
    <dimen name="xxh_929pixels">929dp</dimen>
    <dimen name="xxh_930pixels">930dp</dimen>
    <dimen name="xxh_931pixels">931dp</dimen>
    <dimen name="xxh_932pixels">932dp</dimen>
    <dimen name="xxh_933pixels">933dp</dimen>
    <dimen name="xxh_934pixels">934dp</dimen>
    <dimen name="xxh_935pixels">935dp</dimen>
    <dimen name="xxh_936pixels">936dp</dimen>
    <dimen name="xxh_937pixels">937dp</dimen>
    <dimen name="xxh_938pixels">938dp</dimen>
    <dimen name="xxh_939pixels">939dp</dimen>
    <dimen name="xxh_940pixels">940dp</dimen>
    <dimen name="xxh_941pixels">941dp</dimen>
    <dimen name="xxh_942pixels">942dp</dimen>
    <dimen name="xxh_943pixels">943dp</dimen>
    <dimen name="xxh_944pixels">944dp</dimen>
    <dimen name="xxh_945pixels">945dp</dimen>
    <dimen name="xxh_946pixels">946dp</dimen>
    <dimen name="xxh_947pixels">947dp</dimen>
    <dimen name="xxh_948pixels">948dp</dimen>
    <dimen name="xxh_949pixels">949dp</dimen>
    <dimen name="xxh_950pixels">950dp</dimen>
    <dimen name="xxh_951pixels">951dp</dimen>
    <dimen name="xxh_952pixels">952dp</dimen>
    <dimen name="xxh_953pixels">953dp</dimen>
    <dimen name="xxh_954pixels">954dp</dimen>
    <dimen name="xxh_955pixels">955dp</dimen>
    <dimen name="xxh_956pixels">956dp</dimen>
    <dimen name="xxh_957pixels">957dp</dimen>
    <dimen name="xxh_958pixels">958dp</dimen>
    <dimen name="xxh_959pixels">959dp</dimen>
    <dimen name="xxh_960pixels">960dp</dimen>
    <dimen name="xxh_961pixels">961dp</dimen>
    <dimen name="xxh_962pixels">962dp</dimen>
    <dimen name="xxh_963pixels">963dp</dimen>
    <dimen name="xxh_964pixels">964dp</dimen>
    <dimen name="xxh_965pixels">965dp</dimen>
    <dimen name="xxh_966pixels">966dp</dimen>
    <dimen name="xxh_967pixels">967dp</dimen>
    <dimen name="xxh_968pixels">968dp</dimen>
    <dimen name="xxh_969pixels">969dp</dimen>
    <dimen name="xxh_970pixels">970dp</dimen>
    <dimen name="xxh_971pixels">971dp</dimen>
    <dimen name="xxh_972pixels">972dp</dimen>
    <dimen name="xxh_973pixels">973dp</dimen>
    <dimen name="xxh_974pixels">974dp</dimen>
    <dimen name="xxh_975pixels">975dp</dimen>
    <dimen name="xxh_976pixels">976dp</dimen>
    <dimen name="xxh_977pixels">977dp</dimen>
    <dimen name="xxh_978pixels">978dp</dimen>
    <dimen name="xxh_979pixels">979dp</dimen>
    <dimen name="xxh_980pixels">980dp</dimen>
    <dimen name="xxh_981pixels">981dp</dimen>
    <dimen name="xxh_982pixels">982dp</dimen>
    <dimen name="xxh_983pixels">983dp</dimen>
    <dimen name="xxh_984pixels">984dp</dimen>
    <dimen name="xxh_985pixels">985dp</dimen>
    <dimen name="xxh_986pixels">986dp</dimen>
    <dimen name="xxh_987pixels">987dp</dimen>
    <dimen name="xxh_988pixels">988dp</dimen>
    <dimen name="xxh_989pixels">989dp</dimen>
    <dimen name="xxh_990pixels">990dp</dimen>
    <dimen name="xxh_991pixels">991dp</dimen>
    <dimen name="xxh_992pixels">992dp</dimen>
    <dimen name="xxh_993pixels">993dp</dimen>
    <dimen name="xxh_994pixels">994dp</dimen>
    <dimen name="xxh_995pixels">995dp</dimen>
    <dimen name="xxh_996pixels">996dp</dimen>
    <dimen name="xxh_997pixels">997dp</dimen>
    <dimen name="xxh_998pixels">998dp</dimen>
    <dimen name="xxh_999pixels">999dp</dimen>
    <dimen name="xxh_1000pixels">1000dp</dimen>
    <dimen name="xxh_1001pixels">1001dp</dimen>
    <dimen name="xxh_1002pixels">1002dp</dimen>
    <dimen name="xxh_1003pixels">1003dp</dimen>
    <dimen name="xxh_1004pixels">1004dp</dimen>
    <dimen name="xxh_1005pixels">1005dp</dimen>
    <dimen name="xxh_1006pixels">1006dp</dimen>
    <dimen name="xxh_1007pixels">1007dp</dimen>
    <dimen name="xxh_1008pixels">1008dp</dimen>
    <dimen name="xxh_1009pixels">1009dp</dimen>
    <dimen name="xxh_1010pixels">1010dp</dimen>
    <dimen name="xxh_1011pixels">1011dp</dimen>
    <dimen name="xxh_1012pixels">1012dp</dimen>
    <dimen name="xxh_1013pixels">1013dp</dimen>
    <dimen name="xxh_1014pixels">1014dp</dimen>
    <dimen name="xxh_1015pixels">1015dp</dimen>
    <dimen name="xxh_1016pixels">1016dp</dimen>
    <dimen name="xxh_1017pixels">1017dp</dimen>
    <dimen name="xxh_1018pixels">1018dp</dimen>
    <dimen name="xxh_1019pixels">1019dp</dimen>
    <dimen name="xxh_1020pixels">1020dp</dimen>
    <dimen name="xxh_1021pixels">1021dp</dimen>
    <dimen name="xxh_1022pixels">1022dp</dimen>
    <dimen name="xxh_1023pixels">1023dp</dimen>
    <dimen name="xxh_1024pixels">1024dp</dimen>
    <dimen name="xxh_1025pixels">1025dp</dimen>
    <dimen name="xxh_1026pixels">1026dp</dimen>
    <dimen name="xxh_1027pixels">1027dp</dimen>
    <dimen name="xxh_1028pixels">1028dp</dimen>
    <dimen name="xxh_1029pixels">1029dp</dimen>
    <dimen name="xxh_1030pixels">1030dp</dimen>
    <dimen name="xxh_1031pixels">1031dp</dimen>
    <dimen name="xxh_1032pixels">1032dp</dimen>
    <dimen name="xxh_1033pixels">1033dp</dimen>
    <dimen name="xxh_1034pixels">1034dp</dimen>
    <dimen name="xxh_1035pixels">1035dp</dimen>
    <dimen name="xxh_1036pixels">1036dp</dimen>
    <dimen name="xxh_1037pixels">1037dp</dimen>
    <dimen name="xxh_1038pixels">1038dp</dimen>
    <dimen name="xxh_1039pixels">1039dp</dimen>
    <dimen name="xxh_1040pixels">1040dp</dimen>
    <dimen name="xxh_1041pixels">1041dp</dimen>
    <dimen name="xxh_1042pixels">1042dp</dimen>
    <dimen name="xxh_1043pixels">1043dp</dimen>
    <dimen name="xxh_1044pixels">1044dp</dimen>
    <dimen name="xxh_1045pixels">1045dp</dimen>
    <dimen name="xxh_1046pixels">1046dp</dimen>
    <dimen name="xxh_1047pixels">1047dp</dimen>
    <dimen name="xxh_1048pixels">1048dp</dimen>
    <dimen name="xxh_1049pixels">1049dp</dimen>
    <dimen name="xxh_1050pixels">1050dp</dimen>
    <dimen name="xxh_1051pixels">1051dp</dimen>
    <dimen name="xxh_1052pixels">1052dp</dimen>
    <dimen name="xxh_1053pixels">1053dp</dimen>
    <dimen name="xxh_1054pixels">1054dp</dimen>
    <dimen name="xxh_1055pixels">1055dp</dimen>
    <dimen name="xxh_1056pixels">1056dp</dimen>
    <dimen name="xxh_1057pixels">1057dp</dimen>
    <dimen name="xxh_1058pixels">1058dp</dimen>
    <dimen name="xxh_1059pixels">1059dp</dimen>
    <dimen name="xxh_1060pixels">1060dp</dimen>
    <dimen name="xxh_1061pixels">1061dp</dimen>
    <dimen name="xxh_1062pixels">1062dp</dimen>
    <dimen name="xxh_1063pixels">1063dp</dimen>
    <dimen name="xxh_1064pixels">1064dp</dimen>
    <dimen name="xxh_1065pixels">1065dp</dimen>
    <dimen name="xxh_1066pixels">1066dp</dimen>
    <dimen name="xxh_1067pixels">1067dp</dimen>
    <dimen name="xxh_1068pixels">1068dp</dimen>
    <dimen name="xxh_1069pixels">1069dp</dimen>
    <dimen name="xxh_1070pixels">1070dp</dimen>
    <dimen name="xxh_1071pixels">1071dp</dimen>
    <dimen name="xxh_1072pixels">1072dp</dimen>
    <dimen name="xxh_1073pixels">1073dp</dimen>
    <dimen name="xxh_1074pixels">1074dp</dimen>
    <dimen name="xxh_1075pixels">1075dp</dimen>
    <dimen name="xxh_1076pixels">1076dp</dimen>
    <dimen name="xxh_1077pixels">1077dp</dimen>
    <dimen name="xxh_1078pixels">1078dp</dimen>
    <dimen name="xxh_1079pixels">1079dp</dimen>
    <dimen name="xxh_1080pixels">1080dp</dimen>
    <dimen name="xxh_1081pixels">1081dp</dimen>
    <dimen name="xxh_1082pixels">1082dp</dimen>
    <dimen name="xxh_1083pixels">1083dp</dimen>
    <dimen name="xxh_1084pixels">1084dp</dimen>
    <dimen name="xxh_1085pixels">1085dp</dimen>
    <dimen name="xxh_1086pixels">1086dp</dimen>
    <dimen name="xxh_1087pixels">1087dp</dimen>
    <dimen name="xxh_1088pixels">1088dp</dimen>
    <dimen name="xxh_1089pixels">1089dp</dimen>
    <dimen name="xxh_1090pixels">1090dp</dimen>
    <dimen name="xxh_1091pixels">1091dp</dimen>
    <dimen name="xxh_1092pixels">1092dp</dimen>
    <dimen name="xxh_1093pixels">1093dp</dimen>
    <dimen name="xxh_1094pixels">1094dp</dimen>
    <dimen name="xxh_1095pixels">1095dp</dimen>
    <dimen name="xxh_1096pixels">1096dp</dimen>
    <dimen name="xxh_1097pixels">1097dp</dimen>
    <dimen name="xxh_1098pixels">1098dp</dimen>
    <dimen name="xxh_1099pixels">1099dp</dimen>
    <dimen name="xxh_1100pixels">1100dp</dimen>
    <dimen name="xxh_1101pixels">1101dp</dimen>
    <dimen name="xxh_1102pixels">1102dp</dimen>
    <dimen name="xxh_1103pixels">1103dp</dimen>
    <dimen name="xxh_1104pixels">1104dp</dimen>
    <dimen name="xxh_1105pixels">1105dp</dimen>
    <dimen name="xxh_1106pixels">1106dp</dimen>
    <dimen name="xxh_1107pixels">1107dp</dimen>
    <dimen name="xxh_1108pixels">1108dp</dimen>
    <dimen name="xxh_1109pixels">1109dp</dimen>
    <dimen name="xxh_1110pixels">1110dp</dimen>
    <dimen name="xxh_1111pixels">1111dp</dimen>
    <dimen name="xxh_1112pixels">1112dp</dimen>
    <dimen name="xxh_1113pixels">1113dp</dimen>
    <dimen name="xxh_1114pixels">1114dp</dimen>
    <dimen name="xxh_1115pixels">1115dp</dimen>
    <dimen name="xxh_1116pixels">1116dp</dimen>
    <dimen name="xxh_1117pixels">1117dp</dimen>
    <dimen name="xxh_1118pixels">1118dp</dimen>
    <dimen name="xxh_1119pixels">1119dp</dimen>
    <dimen name="xxh_1120pixels">1120dp</dimen>
    <dimen name="xxh_1121pixels">1121dp</dimen>
    <dimen name="xxh_1122pixels">1122dp</dimen>
    <dimen name="xxh_1123pixels">1123dp</dimen>
    <dimen name="xxh_1124pixels">1124dp</dimen>
    <dimen name="xxh_1125pixels">1125dp</dimen>
    <dimen name="xxh_1126pixels">1126dp</dimen>
    <dimen name="xxh_1127pixels">1127dp</dimen>
    <dimen name="xxh_1128pixels">1128dp</dimen>
    <dimen name="xxh_1129pixels">1129dp</dimen>
    <dimen name="xxh_1130pixels">1130dp</dimen>
    <dimen name="xxh_1131pixels">1131dp</dimen>
    <dimen name="xxh_1132pixels">1132dp</dimen>
    <dimen name="xxh_1133pixels">1133dp</dimen>
    <dimen name="xxh_1134pixels">1134dp</dimen>
    <dimen name="xxh_1135pixels">1135dp</dimen>
    <dimen name="xxh_1136pixels">1136dp</dimen>
    <dimen name="xxh_1137pixels">1137dp</dimen>
    <dimen name="xxh_1138pixels">1138dp</dimen>
    <dimen name="xxh_1139pixels">1139dp</dimen>
    <dimen name="xxh_1140pixels">1140dp</dimen>
    <dimen name="xxh_1141pixels">1141dp</dimen>
    <dimen name="xxh_1142pixels">1142dp</dimen>
    <dimen name="xxh_1143pixels">1143dp</dimen>
    <dimen name="xxh_1144pixels">1144dp</dimen>
    <dimen name="xxh_1145pixels">1145dp</dimen>
    <dimen name="xxh_1146pixels">1146dp</dimen>
    <dimen name="xxh_1147pixels">1147dp</dimen>
    <dimen name="xxh_1148pixels">1148dp</dimen>
    <dimen name="xxh_1149pixels">1149dp</dimen>
    <dimen name="xxh_1150pixels">1150dp</dimen>
    <dimen name="xxh_1151pixels">1151dp</dimen>
    <dimen name="xxh_1152pixels">1152dp</dimen>
    <dimen name="xxh_1153pixels">1153dp</dimen>
    <dimen name="xxh_1154pixels">1154dp</dimen>
    <dimen name="xxh_1155pixels">1155dp</dimen>
    <dimen name="xxh_1156pixels">1156dp</dimen>
    <dimen name="xxh_1157pixels">1157dp</dimen>
    <dimen name="xxh_1158pixels">1158dp</dimen>
    <dimen name="xxh_1159pixels">1159dp</dimen>
    <dimen name="xxh_1160pixels">1160dp</dimen>
    <dimen name="xxh_1161pixels">1161dp</dimen>
    <dimen name="xxh_1162pixels">1162dp</dimen>
    <dimen name="xxh_1163pixels">1163dp</dimen>
    <dimen name="xxh_1164pixels">1164dp</dimen>
    <dimen name="xxh_1165pixels">1165dp</dimen>
    <dimen name="xxh_1166pixels">1166dp</dimen>
    <dimen name="xxh_1167pixels">1167dp</dimen>
    <dimen name="xxh_1168pixels">1168dp</dimen>
    <dimen name="xxh_1169pixels">1169dp</dimen>
    <dimen name="xxh_1170pixels">1170dp</dimen>
    <dimen name="xxh_1171pixels">1171dp</dimen>
    <dimen name="xxh_1172pixels">1172dp</dimen>
    <dimen name="xxh_1173pixels">1173dp</dimen>
    <dimen name="xxh_1174pixels">1174dp</dimen>
    <dimen name="xxh_1175pixels">1175dp</dimen>
    <dimen name="xxh_1176pixels">1176dp</dimen>
    <dimen name="xxh_1177pixels">1177dp</dimen>
    <dimen name="xxh_1178pixels">1178dp</dimen>
    <dimen name="xxh_1179pixels">1179dp</dimen>
    <dimen name="xxh_1180pixels">1180dp</dimen>
    <dimen name="xxh_1181pixels">1181dp</dimen>
    <dimen name="xxh_1182pixels">1182dp</dimen>
    <dimen name="xxh_1183pixels">1183dp</dimen>
    <dimen name="xxh_1184pixels">1184dp</dimen>
    <dimen name="xxh_1185pixels">1185dp</dimen>
    <dimen name="xxh_1186pixels">1186dp</dimen>
    <dimen name="xxh_1187pixels">1187dp</dimen>
    <dimen name="xxh_1188pixels">1188dp</dimen>
    <dimen name="xxh_1189pixels">1189dp</dimen>
    <dimen name="xxh_1190pixels">1190dp</dimen>
    <dimen name="xxh_1191pixels">1191dp</dimen>
    <dimen name="xxh_1192pixels">1192dp</dimen>
    <dimen name="xxh_1193pixels">1193dp</dimen>
    <dimen name="xxh_1194pixels">1194dp</dimen>
    <dimen name="xxh_1195pixels">1195dp</dimen>
    <dimen name="xxh_1196pixels">1196dp</dimen>
    <dimen name="xxh_1197pixels">1197dp</dimen>
    <dimen name="xxh_1198pixels">1198dp</dimen>
    <dimen name="xxh_1199pixels">1199dp</dimen>
    <dimen name="xxh_1200pixels">1200dp</dimen>
    <dimen name="xxh_1201pixels">1201dp</dimen>
    <dimen name="xxh_1202pixels">1202dp</dimen>
    <dimen name="xxh_1203pixels">1203dp</dimen>
    <dimen name="xxh_1204pixels">1204dp</dimen>
    <dimen name="xxh_1205pixels">1205dp</dimen>
    <dimen name="xxh_1206pixels">1206dp</dimen>
    <dimen name="xxh_1207pixels">1207dp</dimen>
    <dimen name="xxh_1208pixels">1208dp</dimen>
    <dimen name="xxh_1209pixels">1209dp</dimen>
    <dimen name="xxh_1210pixels">1210dp</dimen>
    <dimen name="xxh_1211pixels">1211dp</dimen>
    <dimen name="xxh_1212pixels">1212dp</dimen>
    <dimen name="xxh_1213pixels">1213dp</dimen>
    <dimen name="xxh_1214pixels">1214dp</dimen>
    <dimen name="xxh_1215pixels">1215dp</dimen>
    <dimen name="xxh_1216pixels">1216dp</dimen>
    <dimen name="xxh_1217pixels">1217dp</dimen>
    <dimen name="xxh_1218pixels">1218dp</dimen>
    <dimen name="xxh_1219pixels">1219dp</dimen>
    <dimen name="xxh_1220pixels">1220dp</dimen>
    <dimen name="xxh_1221pixels">1221dp</dimen>
    <dimen name="xxh_1222pixels">1222dp</dimen>
    <dimen name="xxh_1223pixels">1223dp</dimen>
    <dimen name="xxh_1224pixels">1224dp</dimen>
    <dimen name="xxh_1225pixels">1225dp</dimen>
    <dimen name="xxh_1226pixels">1226dp</dimen>
    <dimen name="xxh_1227pixels">1227dp</dimen>
    <dimen name="xxh_1228pixels">1228dp</dimen>
    <dimen name="xxh_1229pixels">1229dp</dimen>
    <dimen name="xxh_1230pixels">1230dp</dimen>
    <dimen name="xxh_1231pixels">1231dp</dimen>
    <dimen name="xxh_1232pixels">1232dp</dimen>
    <dimen name="xxh_1233pixels">1233dp</dimen>
    <dimen name="xxh_1234pixels">1234dp</dimen>
    <dimen name="xxh_1235pixels">1235dp</dimen>
    <dimen name="xxh_1236pixels">1236dp</dimen>
    <dimen name="xxh_1237pixels">1237dp</dimen>
    <dimen name="xxh_1238pixels">1238dp</dimen>
    <dimen name="xxh_1239pixels">1239dp</dimen>
    <dimen name="xxh_1240pixels">1240dp</dimen>
    <dimen name="xxh_1241pixels">1241dp</dimen>
    <dimen name="xxh_1242pixels">1242dp</dimen>
    <dimen name="xxh_1243pixels">1243dp</dimen>
    <dimen name="xxh_1244pixels">1244dp</dimen>
    <dimen name="xxh_1245pixels">1245dp</dimen>
    <dimen name="xxh_1246pixels">1246dp</dimen>
    <dimen name="xxh_1247pixels">1247dp</dimen>
    <dimen name="xxh_1248pixels">1248dp</dimen>
    <dimen name="xxh_1249pixels">1249dp</dimen>
    <dimen name="xxh_1250pixels">1250dp</dimen>
    <dimen name="xxh_1251pixels">1251dp</dimen>
    <dimen name="xxh_1252pixels">1252dp</dimen>
    <dimen name="xxh_1253pixels">1253dp</dimen>
    <dimen name="xxh_1254pixels">1254dp</dimen>
    <dimen name="xxh_1255pixels">1255dp</dimen>
    <dimen name="xxh_1256pixels">1256dp</dimen>
    <dimen name="xxh_1257pixels">1257dp</dimen>
    <dimen name="xxh_1258pixels">1258dp</dimen>
    <dimen name="xxh_1259pixels">1259dp</dimen>
    <dimen name="xxh_1260pixels">1260dp</dimen>
    <dimen name="xxh_1261pixels">1261dp</dimen>
    <dimen name="xxh_1262pixels">1262dp</dimen>
    <dimen name="xxh_1263pixels">1263dp</dimen>
    <dimen name="xxh_1264pixels">1264dp</dimen>
    <dimen name="xxh_1265pixels">1265dp</dimen>
    <dimen name="xxh_1266pixels">1266dp</dimen>
    <dimen name="xxh_1267pixels">1267dp</dimen>
    <dimen name="xxh_1268pixels">1268dp</dimen>
    <dimen name="xxh_1269pixels">1269dp</dimen>
    <dimen name="xxh_1270pixels">1270dp</dimen>
    <dimen name="xxh_1271pixels">1271dp</dimen>
    <dimen name="xxh_1272pixels">1272dp</dimen>
    <dimen name="xxh_1273pixels">1273dp</dimen>
    <dimen name="xxh_1274pixels">1274dp</dimen>
    <dimen name="xxh_1275pixels">1275dp</dimen>
    <dimen name="xxh_1276pixels">1276dp</dimen>
    <dimen name="xxh_1277pixels">1277dp</dimen>
    <dimen name="xxh_1278pixels">1278dp</dimen>
    <dimen name="xxh_1279pixels">1279dp</dimen>
    <dimen name="xxh_1280pixels">1280dp</dimen>
    <dimen name="xxh_1281pixels">1281dp</dimen>
    <dimen name="xxh_1282pixels">1282dp</dimen>
    <dimen name="xxh_1283pixels">1283dp</dimen>
    <dimen name="xxh_1284pixels">1284dp</dimen>
    <dimen name="xxh_1285pixels">1285dp</dimen>
    <dimen name="xxh_1286pixels">1286dp</dimen>
    <dimen name="xxh_1287pixels">1287dp</dimen>
    <dimen name="xxh_1288pixels">1288dp</dimen>
    <dimen name="xxh_1289pixels">1289dp</dimen>
    <dimen name="xxh_1290pixels">1290dp</dimen>
    <dimen name="xxh_1291pixels">1291dp</dimen>
    <dimen name="xxh_1292pixels">1292dp</dimen>
    <dimen name="xxh_1293pixels">1293dp</dimen>
    <dimen name="xxh_1294pixels">1294dp</dimen>
    <dimen name="xxh_1295pixels">1295dp</dimen>
    <dimen name="xxh_1296pixels">1296dp</dimen>
    <dimen name="xxh_1297pixels">1297dp</dimen>
    <dimen name="xxh_1298pixels">1298dp</dimen>
    <dimen name="xxh_1299pixels">1299dp</dimen>
    <dimen name="xxh_1300pixels">1300dp</dimen>
    <dimen name="xxh_1301pixels">1301dp</dimen>
    <dimen name="xxh_1302pixels">1302dp</dimen>
    <dimen name="xxh_1303pixels">1303dp</dimen>
    <dimen name="xxh_1304pixels">1304dp</dimen>
    <dimen name="xxh_1305pixels">1305dp</dimen>
    <dimen name="xxh_1306pixels">1306dp</dimen>
    <dimen name="xxh_1307pixels">1307dp</dimen>
    <dimen name="xxh_1308pixels">1308dp</dimen>
    <dimen name="xxh_1309pixels">1309dp</dimen>
    <dimen name="xxh_1310pixels">1310dp</dimen>
    <dimen name="xxh_1311pixels">1311dp</dimen>
    <dimen name="xxh_1312pixels">1312dp</dimen>
    <dimen name="xxh_1313pixels">1313dp</dimen>
    <dimen name="xxh_1314pixels">1314dp</dimen>
    <dimen name="xxh_1315pixels">1315dp</dimen>
    <dimen name="xxh_1316pixels">1316dp</dimen>
    <dimen name="xxh_1317pixels">1317dp</dimen>
    <dimen name="xxh_1318pixels">1318dp</dimen>
    <dimen name="xxh_1319pixels">1319dp</dimen>
    <dimen name="xxh_1320pixels">1320dp</dimen>
    <dimen name="xxh_1321pixels">1321dp</dimen>
    <dimen name="xxh_1322pixels">1322dp</dimen>
    <dimen name="xxh_1323pixels">1323dp</dimen>
    <dimen name="xxh_1324pixels">1324dp</dimen>
    <dimen name="xxh_1325pixels">1325dp</dimen>
    <dimen name="xxh_1326pixels">1326dp</dimen>
    <dimen name="xxh_1327pixels">1327dp</dimen>
    <dimen name="xxh_1328pixels">1328dp</dimen>
    <dimen name="xxh_1329pixels">1329dp</dimen>
    <dimen name="xxh_1330pixels">1330dp</dimen>
    <dimen name="xxh_1331pixels">1331dp</dimen>
    <dimen name="xxh_1332pixels">1332dp</dimen>
    <dimen name="xxh_1333pixels">1333dp</dimen>
    <dimen name="xxh_1334pixels">1334dp</dimen>
    <dimen name="xxh_1335pixels">1335dp</dimen>
    <dimen name="xxh_1336pixels">1336dp</dimen>
    <dimen name="xxh_1337pixels">1337dp</dimen>
    <dimen name="xxh_1338pixels">1338dp</dimen>
    <dimen name="xxh_1339pixels">1339dp</dimen>
    <dimen name="xxh_1340pixels">1340dp</dimen>
    <dimen name="xxh_1341pixels">1341dp</dimen>
    <dimen name="xxh_1342pixels">1342dp</dimen>
    <dimen name="xxh_1343pixels">1343dp</dimen>
    <dimen name="xxh_1344pixels">1344dp</dimen>
    <dimen name="xxh_1345pixels">1345dp</dimen>
    <dimen name="xxh_1346pixels">1346dp</dimen>
    <dimen name="xxh_1347pixels">1347dp</dimen>
    <dimen name="xxh_1348pixels">1348dp</dimen>
    <dimen name="xxh_1349pixels">1349dp</dimen>
    <dimen name="xxh_1350pixels">1350dp</dimen>
    <dimen name="xxh_1351pixels">1351dp</dimen>
    <dimen name="xxh_1352pixels">1352dp</dimen>
    <dimen name="xxh_1353pixels">1353dp</dimen>
    <dimen name="xxh_1354pixels">1354dp</dimen>
    <dimen name="xxh_1355pixels">1355dp</dimen>
    <dimen name="xxh_1356pixels">1356dp</dimen>
    <dimen name="xxh_1357pixels">1357dp</dimen>
    <dimen name="xxh_1358pixels">1358dp</dimen>
    <dimen name="xxh_1359pixels">1359dp</dimen>
    <dimen name="xxh_1360pixels">1360dp</dimen>
    <dimen name="xxh_1361pixels">1361dp</dimen>
    <dimen name="xxh_1362pixels">1362dp</dimen>
    <dimen name="xxh_1363pixels">1363dp</dimen>
    <dimen name="xxh_1364pixels">1364dp</dimen>
    <dimen name="xxh_1365pixels">1365dp</dimen>
    <dimen name="xxh_1366pixels">1366dp</dimen>
    <dimen name="xxh_1367pixels">1367dp</dimen>
    <dimen name="xxh_1368pixels">1368dp</dimen>
    <dimen name="xxh_1369pixels">1369dp</dimen>
    <dimen name="xxh_1370pixels">1370dp</dimen>
    <dimen name="xxh_1371pixels">1371dp</dimen>
    <dimen name="xxh_1372pixels">1372dp</dimen>
    <dimen name="xxh_1373pixels">1373dp</dimen>
    <dimen name="xxh_1374pixels">1374dp</dimen>
    <dimen name="xxh_1375pixels">1375dp</dimen>
    <dimen name="xxh_1376pixels">1376dp</dimen>
    <dimen name="xxh_1377pixels">1377dp</dimen>
    <dimen name="xxh_1378pixels">1378dp</dimen>
    <dimen name="xxh_1379pixels">1379dp</dimen>
    <dimen name="xxh_1380pixels">1380dp</dimen>
    <dimen name="xxh_1381pixels">1381dp</dimen>
    <dimen name="xxh_1382pixels">1382dp</dimen>
    <dimen name="xxh_1383pixels">1383dp</dimen>
    <dimen name="xxh_1384pixels">1384dp</dimen>
    <dimen name="xxh_1385pixels">1385dp</dimen>
    <dimen name="xxh_1386pixels">1386dp</dimen>
    <dimen name="xxh_1387pixels">1387dp</dimen>
    <dimen name="xxh_1388pixels">1388dp</dimen>
    <dimen name="xxh_1389pixels">1389dp</dimen>
    <dimen name="xxh_1390pixels">1390dp</dimen>
    <dimen name="xxh_1391pixels">1391dp</dimen>
    <dimen name="xxh_1392pixels">1392dp</dimen>
    <dimen name="xxh_1393pixels">1393dp</dimen>
    <dimen name="xxh_1394pixels">1394dp</dimen>
    <dimen name="xxh_1395pixels">1395dp</dimen>
    <dimen name="xxh_1396pixels">1396dp</dimen>
    <dimen name="xxh_1397pixels">1397dp</dimen>
    <dimen name="xxh_1398pixels">1398dp</dimen>
    <dimen name="xxh_1399pixels">1399dp</dimen>
    <dimen name="xxh_1400pixels">1400dp</dimen>
    <dimen name="xxh_1401pixels">1401dp</dimen>
    <dimen name="xxh_1402pixels">1402dp</dimen>
    <dimen name="xxh_1403pixels">1403dp</dimen>
    <dimen name="xxh_1404pixels">1404dp</dimen>
    <dimen name="xxh_1405pixels">1405dp</dimen>
    <dimen name="xxh_1406pixels">1406dp</dimen>
    <dimen name="xxh_1407pixels">1407dp</dimen>
    <dimen name="xxh_1408pixels">1408dp</dimen>
    <dimen name="xxh_1409pixels">1409dp</dimen>
    <dimen name="xxh_1410pixels">1410dp</dimen>
    <dimen name="xxh_1411pixels">1411dp</dimen>
    <dimen name="xxh_1412pixels">1412dp</dimen>
    <dimen name="xxh_1413pixels">1413dp</dimen>
    <dimen name="xxh_1414pixels">1414dp</dimen>
    <dimen name="xxh_1415pixels">1415dp</dimen>
    <dimen name="xxh_1416pixels">1416dp</dimen>
    <dimen name="xxh_1417pixels">1417dp</dimen>
    <dimen name="xxh_1418pixels">1418dp</dimen>
    <dimen name="xxh_1419pixels">1419dp</dimen>
    <dimen name="xxh_1420pixels">1420dp</dimen>
    <dimen name="xxh_1421pixels">1421dp</dimen>
    <dimen name="xxh_1422pixels">1422dp</dimen>
    <dimen name="xxh_1423pixels">1423dp</dimen>
    <dimen name="xxh_1424pixels">1424dp</dimen>
    <dimen name="xxh_1425pixels">1425dp</dimen>
    <dimen name="xxh_1426pixels">1426dp</dimen>
    <dimen name="xxh_1427pixels">1427dp</dimen>
    <dimen name="xxh_1428pixels">1428dp</dimen>
    <dimen name="xxh_1429pixels">1429dp</dimen>
    <dimen name="xxh_1430pixels">1430dp</dimen>
    <dimen name="xxh_1431pixels">1431dp</dimen>
    <dimen name="xxh_1432pixels">1432dp</dimen>
    <dimen name="xxh_1433pixels">1433dp</dimen>
    <dimen name="xxh_1434pixels">1434dp</dimen>
    <dimen name="xxh_1435pixels">1435dp</dimen>
    <dimen name="xxh_1436pixels">1436dp</dimen>
    <dimen name="xxh_1437pixels">1437dp</dimen>
    <dimen name="xxh_1438pixels">1438dp</dimen>
    <dimen name="xxh_1439pixels">1439dp</dimen>
    <dimen name="xxh_1440pixels">1440dp</dimen>
    <dimen name="xxh_1441pixels">1441dp</dimen>
    <dimen name="xxh_1442pixels">1442dp</dimen>
    <dimen name="xxh_1443pixels">1443dp</dimen>
    <dimen name="xxh_1444pixels">1444dp</dimen>
    <dimen name="xxh_1445pixels">1445dp</dimen>
    <dimen name="xxh_1446pixels">1446dp</dimen>
    <dimen name="xxh_1447pixels">1447dp</dimen>
    <dimen name="xxh_1448pixels">1448dp</dimen>
    <dimen name="xxh_1449pixels">1449dp</dimen>
    <dimen name="xxh_1450pixels">1450dp</dimen>
    <dimen name="xxh_1451pixels">1451dp</dimen>
    <dimen name="xxh_1452pixels">1452dp</dimen>
    <dimen name="xxh_1453pixels">1453dp</dimen>
    <dimen name="xxh_1454pixels">1454dp</dimen>
    <dimen name="xxh_1455pixels">1455dp</dimen>
    <dimen name="xxh_1456pixels">1456dp</dimen>
    <dimen name="xxh_1457pixels">1457dp</dimen>
    <dimen name="xxh_1458pixels">1458dp</dimen>
    <dimen name="xxh_1459pixels">1459dp</dimen>
    <dimen name="xxh_1460pixels">1460dp</dimen>
    <dimen name="xxh_1461pixels">1461dp</dimen>
    <dimen name="xxh_1462pixels">1462dp</dimen>
    <dimen name="xxh_1463pixels">1463dp</dimen>
    <dimen name="xxh_1464pixels">1464dp</dimen>
    <dimen name="xxh_1465pixels">1465dp</dimen>
    <dimen name="xxh_1466pixels">1466dp</dimen>
    <dimen name="xxh_1467pixels">1467dp</dimen>
    <dimen name="xxh_1468pixels">1468dp</dimen>
    <dimen name="xxh_1469pixels">1469dp</dimen>
    <dimen name="xxh_1470pixels">1470dp</dimen>
    <dimen name="xxh_1471pixels">1471dp</dimen>
    <dimen name="xxh_1472pixels">1472dp</dimen>
    <dimen name="xxh_1473pixels">1473dp</dimen>
    <dimen name="xxh_1474pixels">1474dp</dimen>
    <dimen name="xxh_1475pixels">1475dp</dimen>
    <dimen name="xxh_1476pixels">1476dp</dimen>
    <dimen name="xxh_1477pixels">1477dp</dimen>
    <dimen name="xxh_1478pixels">1478dp</dimen>
    <dimen name="xxh_1479pixels">1479dp</dimen>
    <dimen name="xxh_1480pixels">1480dp</dimen>
    <dimen name="xxh_1481pixels">1481dp</dimen>
    <dimen name="xxh_1482pixels">1482dp</dimen>
    <dimen name="xxh_1483pixels">1483dp</dimen>
    <dimen name="xxh_1484pixels">1484dp</dimen>
    <dimen name="xxh_1485pixels">1485dp</dimen>
    <dimen name="xxh_1486pixels">1486dp</dimen>
    <dimen name="xxh_1487pixels">1487dp</dimen>
    <dimen name="xxh_1488pixels">1488dp</dimen>
    <dimen name="xxh_1489pixels">1489dp</dimen>
    <dimen name="xxh_1490pixels">1490dp</dimen>
    <dimen name="xxh_1491pixels">1491dp</dimen>
    <dimen name="xxh_1492pixels">1492dp</dimen>
    <dimen name="xxh_1493pixels">1493dp</dimen>
    <dimen name="xxh_1494pixels">1494dp</dimen>
    <dimen name="xxh_1495pixels">1495dp</dimen>
    <dimen name="xxh_1496pixels">1496dp</dimen>
    <dimen name="xxh_1497pixels">1497dp</dimen>
    <dimen name="xxh_1498pixels">1498dp</dimen>
    <dimen name="xxh_1499pixels">1499dp</dimen>
    <dimen name="xxh_1500pixels">1500dp</dimen>
    <dimen name="xxh_1501pixels">1501dp</dimen>
    <dimen name="xxh_1502pixels">1502dp</dimen>
    <dimen name="xxh_1503pixels">1503dp</dimen>
    <dimen name="xxh_1504pixels">1504dp</dimen>
    <dimen name="xxh_1505pixels">1505dp</dimen>
    <dimen name="xxh_1506pixels">1506dp</dimen>
    <dimen name="xxh_1507pixels">1507dp</dimen>
    <dimen name="xxh_1508pixels">1508dp</dimen>
    <dimen name="xxh_1509pixels">1509dp</dimen>
    <dimen name="xxh_1510pixels">1510dp</dimen>
    <dimen name="xxh_1511pixels">1511dp</dimen>
    <dimen name="xxh_1512pixels">1512dp</dimen>
    <dimen name="xxh_1513pixels">1513dp</dimen>
    <dimen name="xxh_1514pixels">1514dp</dimen>
    <dimen name="xxh_1515pixels">1515dp</dimen>
    <dimen name="xxh_1516pixels">1516dp</dimen>
    <dimen name="xxh_1517pixels">1517dp</dimen>
    <dimen name="xxh_1518pixels">1518dp</dimen>
    <dimen name="xxh_1519pixels">1519dp</dimen>
    <dimen name="xxh_1520pixels">1520dp</dimen>
    <dimen name="xxh_1521pixels">1521dp</dimen>
    <dimen name="xxh_1522pixels">1522dp</dimen>
    <dimen name="xxh_1523pixels">1523dp</dimen>
    <dimen name="xxh_1524pixels">1524dp</dimen>
    <dimen name="xxh_1525pixels">1525dp</dimen>
    <dimen name="xxh_1526pixels">1526dp</dimen>
    <dimen name="xxh_1527pixels">1527dp</dimen>
    <dimen name="xxh_1528pixels">1528dp</dimen>
    <dimen name="xxh_1529pixels">1529dp</dimen>
    <dimen name="xxh_1530pixels">1530dp</dimen>
    <dimen name="xxh_1531pixels">1531dp</dimen>
    <dimen name="xxh_1532pixels">1532dp</dimen>
    <dimen name="xxh_1533pixels">1533dp</dimen>
    <dimen name="xxh_1534pixels">1534dp</dimen>
    <dimen name="xxh_1535pixels">1535dp</dimen>
    <dimen name="xxh_1536pixels">1536dp</dimen>
    <dimen name="xxh_1537pixels">1537dp</dimen>
    <dimen name="xxh_1538pixels">1538dp</dimen>
    <dimen name="xxh_1539pixels">1539dp</dimen>
    <dimen name="xxh_1540pixels">1540dp</dimen>
    <dimen name="xxh_1541pixels">1541dp</dimen>
    <dimen name="xxh_1542pixels">1542dp</dimen>
    <dimen name="xxh_1543pixels">1543dp</dimen>
    <dimen name="xxh_1544pixels">1544dp</dimen>
    <dimen name="xxh_1545pixels">1545dp</dimen>
    <dimen name="xxh_1546pixels">1546dp</dimen>
    <dimen name="xxh_1547pixels">1547dp</dimen>
    <dimen name="xxh_1548pixels">1548dp</dimen>
    <dimen name="xxh_1549pixels">1549dp</dimen>
    <dimen name="xxh_1550pixels">1550dp</dimen>
    <dimen name="xxh_1551pixels">1551dp</dimen>
    <dimen name="xxh_1552pixels">1552dp</dimen>
    <dimen name="xxh_1553pixels">1553dp</dimen>
    <dimen name="xxh_1554pixels">1554dp</dimen>
    <dimen name="xxh_1555pixels">1555dp</dimen>
    <dimen name="xxh_1556pixels">1556dp</dimen>
    <dimen name="xxh_1557pixels">1557dp</dimen>
    <dimen name="xxh_1558pixels">1558dp</dimen>
    <dimen name="xxh_1559pixels">1559dp</dimen>
    <dimen name="xxh_1560pixels">1560dp</dimen>
    <dimen name="xxh_1561pixels">1561dp</dimen>
    <dimen name="xxh_1562pixels">1562dp</dimen>
    <dimen name="xxh_1563pixels">1563dp</dimen>
    <dimen name="xxh_1564pixels">1564dp</dimen>
    <dimen name="xxh_1565pixels">1565dp</dimen>
    <dimen name="xxh_1566pixels">1566dp</dimen>
    <dimen name="xxh_1567pixels">1567dp</dimen>
    <dimen name="xxh_1568pixels">1568dp</dimen>
    <dimen name="xxh_1569pixels">1569dp</dimen>
    <dimen name="xxh_1570pixels">1570dp</dimen>
    <dimen name="xxh_1571pixels">1571dp</dimen>
    <dimen name="xxh_1572pixels">1572dp</dimen>
    <dimen name="xxh_1573pixels">1573dp</dimen>
    <dimen name="xxh_1574pixels">1574dp</dimen>
    <dimen name="xxh_1575pixels">1575dp</dimen>
    <dimen name="xxh_1576pixels">1576dp</dimen>
    <dimen name="xxh_1577pixels">1577dp</dimen>
    <dimen name="xxh_1578pixels">1578dp</dimen>
    <dimen name="xxh_1579pixels">1579dp</dimen>
    <dimen name="xxh_1580pixels">1580dp</dimen>
    <dimen name="xxh_1581pixels">1581dp</dimen>
    <dimen name="xxh_1582pixels">1582dp</dimen>
    <dimen name="xxh_1583pixels">1583dp</dimen>
    <dimen name="xxh_1584pixels">1584dp</dimen>
    <dimen name="xxh_1585pixels">1585dp</dimen>
    <dimen name="xxh_1586pixels">1586dp</dimen>
    <dimen name="xxh_1587pixels">1587dp</dimen>
    <dimen name="xxh_1588pixels">1588dp</dimen>
    <dimen name="xxh_1589pixels">1589dp</dimen>
    <dimen name="xxh_1590pixels">1590dp</dimen>
    <dimen name="xxh_1591pixels">1591dp</dimen>
    <dimen name="xxh_1592pixels">1592dp</dimen>
    <dimen name="xxh_1593pixels">1593dp</dimen>
    <dimen name="xxh_1594pixels">1594dp</dimen>
    <dimen name="xxh_1595pixels">1595dp</dimen>
    <dimen name="xxh_1596pixels">1596dp</dimen>
    <dimen name="xxh_1597pixels">1597dp</dimen>
    <dimen name="xxh_1598pixels">1598dp</dimen>
    <dimen name="xxh_1599pixels">1599dp</dimen>
    <dimen name="xxh_1600pixels">1600dp</dimen>
    <dimen name="xxh_1601pixels">1601dp</dimen>
    <dimen name="xxh_1602pixels">1602dp</dimen>
    <dimen name="xxh_1603pixels">1603dp</dimen>
    <dimen name="xxh_1604pixels">1604dp</dimen>
    <dimen name="xxh_1605pixels">1605dp</dimen>
    <dimen name="xxh_1606pixels">1606dp</dimen>
    <dimen name="xxh_1607pixels">1607dp</dimen>
    <dimen name="xxh_1608pixels">1608dp</dimen>
    <dimen name="xxh_1609pixels">1609dp</dimen>
    <dimen name="xxh_1610pixels">1610dp</dimen>
    <dimen name="xxh_1611pixels">1611dp</dimen>
    <dimen name="xxh_1612pixels">1612dp</dimen>
    <dimen name="xxh_1613pixels">1613dp</dimen>
    <dimen name="xxh_1614pixels">1614dp</dimen>
    <dimen name="xxh_1615pixels">1615dp</dimen>
    <dimen name="xxh_1616pixels">1616dp</dimen>
    <dimen name="xxh_1617pixels">1617dp</dimen>
    <dimen name="xxh_1618pixels">1618dp</dimen>
    <dimen name="xxh_1619pixels">1619dp</dimen>
    <dimen name="xxh_1620pixels">1620dp</dimen>
    <dimen name="xxh_1621pixels">1621dp</dimen>
    <dimen name="xxh_1622pixels">1622dp</dimen>
    <dimen name="xxh_1623pixels">1623dp</dimen>
    <dimen name="xxh_1624pixels">1624dp</dimen>
    <dimen name="xxh_1625pixels">1625dp</dimen>
    <dimen name="xxh_1626pixels">1626dp</dimen>
    <dimen name="xxh_1627pixels">1627dp</dimen>
    <dimen name="xxh_1628pixels">1628dp</dimen>
    <dimen name="xxh_1629pixels">1629dp</dimen>
    <dimen name="xxh_1630pixels">1630dp</dimen>
    <dimen name="xxh_1631pixels">1631dp</dimen>
    <dimen name="xxh_1632pixels">1632dp</dimen>
    <dimen name="xxh_1633pixels">1633dp</dimen>
    <dimen name="xxh_1634pixels">1634dp</dimen>
    <dimen name="xxh_1635pixels">1635dp</dimen>
    <dimen name="xxh_1636pixels">1636dp</dimen>
    <dimen name="xxh_1637pixels">1637dp</dimen>
    <dimen name="xxh_1638pixels">1638dp</dimen>
    <dimen name="xxh_1639pixels">1639dp</dimen>
    <dimen name="xxh_1640pixels">1640dp</dimen>
    <dimen name="xxh_1641pixels">1641dp</dimen>
    <dimen name="xxh_1642pixels">1642dp</dimen>
    <dimen name="xxh_1643pixels">1643dp</dimen>
    <dimen name="xxh_1644pixels">1644dp</dimen>
    <dimen name="xxh_1645pixels">1645dp</dimen>
    <dimen name="xxh_1646pixels">1646dp</dimen>
    <dimen name="xxh_1647pixels">1647dp</dimen>
    <dimen name="xxh_1648pixels">1648dp</dimen>
    <dimen name="xxh_1649pixels">1649dp</dimen>
    <dimen name="xxh_1650pixels">1650dp</dimen>
    <dimen name="xxh_1651pixels">1651dp</dimen>
    <dimen name="xxh_1652pixels">1652dp</dimen>
    <dimen name="xxh_1653pixels">1653dp</dimen>
    <dimen name="xxh_1654pixels">1654dp</dimen>
    <dimen name="xxh_1655pixels">1655dp</dimen>
    <dimen name="xxh_1656pixels">1656dp</dimen>
    <dimen name="xxh_1657pixels">1657dp</dimen>
    <dimen name="xxh_1658pixels">1658dp</dimen>
    <dimen name="xxh_1659pixels">1659dp</dimen>
    <dimen name="xxh_1660pixels">1660dp</dimen>
    <dimen name="xxh_1661pixels">1661dp</dimen>
    <dimen name="xxh_1662pixels">1662dp</dimen>
    <dimen name="xxh_1663pixels">1663dp</dimen>
    <dimen name="xxh_1664pixels">1664dp</dimen>
    <dimen name="xxh_1665pixels">1665dp</dimen>
    <dimen name="xxh_1666pixels">1666dp</dimen>
    <dimen name="xxh_1667pixels">1667dp</dimen>
    <dimen name="xxh_1668pixels">1668dp</dimen>
    <dimen name="xxh_1669pixels">1669dp</dimen>
    <dimen name="xxh_1670pixels">1670dp</dimen>
    <dimen name="xxh_1671pixels">1671dp</dimen>
    <dimen name="xxh_1672pixels">1672dp</dimen>
    <dimen name="xxh_1673pixels">1673dp</dimen>
    <dimen name="xxh_1674pixels">1674dp</dimen>
    <dimen name="xxh_1675pixels">1675dp</dimen>
    <dimen name="xxh_1676pixels">1676dp</dimen>
    <dimen name="xxh_1677pixels">1677dp</dimen>
    <dimen name="xxh_1678pixels">1678dp</dimen>
    <dimen name="xxh_1679pixels">1679dp</dimen>
    <dimen name="xxh_1680pixels">1680dp</dimen>
    <dimen name="xxh_1681pixels">1681dp</dimen>
    <dimen name="xxh_1682pixels">1682dp</dimen>
    <dimen name="xxh_1683pixels">1683dp</dimen>
    <dimen name="xxh_1684pixels">1684dp</dimen>
    <dimen name="xxh_1685pixels">1685dp</dimen>
    <dimen name="xxh_1686pixels">1686dp</dimen>
    <dimen name="xxh_1687pixels">1687dp</dimen>
    <dimen name="xxh_1688pixels">1688dp</dimen>
    <dimen name="xxh_1689pixels">1689dp</dimen>
    <dimen name="xxh_1690pixels">1690dp</dimen>
    <dimen name="xxh_1691pixels">1691dp</dimen>
    <dimen name="xxh_1692pixels">1692dp</dimen>
    <dimen name="xxh_1693pixels">1693dp</dimen>
    <dimen name="xxh_1694pixels">1694dp</dimen>
    <dimen name="xxh_1695pixels">1695dp</dimen>
    <dimen name="xxh_1696pixels">1696dp</dimen>
    <dimen name="xxh_1697pixels">1697dp</dimen>
    <dimen name="xxh_1698pixels">1698dp</dimen>
    <dimen name="xxh_1699pixels">1699dp</dimen>
    <dimen name="xxh_1700pixels">1700dp</dimen>
    <dimen name="xxh_1701pixels">1701dp</dimen>
    <dimen name="xxh_1702pixels">1702dp</dimen>
    <dimen name="xxh_1703pixels">1703dp</dimen>
    <dimen name="xxh_1704pixels">1704dp</dimen>
    <dimen name="xxh_1705pixels">1705dp</dimen>
    <dimen name="xxh_1706pixels">1706dp</dimen>
    <dimen name="xxh_1707pixels">1707dp</dimen>
    <dimen name="xxh_1708pixels">1708dp</dimen>
    <dimen name="xxh_1709pixels">1709dp</dimen>
    <dimen name="xxh_1710pixels">1710dp</dimen>
    <dimen name="xxh_1711pixels">1711dp</dimen>
    <dimen name="xxh_1712pixels">1712dp</dimen>
    <dimen name="xxh_1713pixels">1713dp</dimen>
    <dimen name="xxh_1714pixels">1714dp</dimen>
    <dimen name="xxh_1715pixels">1715dp</dimen>
    <dimen name="xxh_1716pixels">1716dp</dimen>
    <dimen name="xxh_1717pixels">1717dp</dimen>
    <dimen name="xxh_1718pixels">1718dp</dimen>
    <dimen name="xxh_1719pixels">1719dp</dimen>
    <dimen name="xxh_1720pixels">1720dp</dimen>
    <dimen name="xxh_1721pixels">1721dp</dimen>
    <dimen name="xxh_1722pixels">1722dp</dimen>
    <dimen name="xxh_1723pixels">1723dp</dimen>
    <dimen name="xxh_1724pixels">1724dp</dimen>
    <dimen name="xxh_1725pixels">1725dp</dimen>
    <dimen name="xxh_1726pixels">1726dp</dimen>
    <dimen name="xxh_1727pixels">1727dp</dimen>
    <dimen name="xxh_1728pixels">1728dp</dimen>
    <dimen name="xxh_1729pixels">1729dp</dimen>
    <dimen name="xxh_1730pixels">1730dp</dimen>
    <dimen name="xxh_1731pixels">1731dp</dimen>
    <dimen name="xxh_1732pixels">1732dp</dimen>
    <dimen name="xxh_1733pixels">1733dp</dimen>
    <dimen name="xxh_1734pixels">1734dp</dimen>
    <dimen name="xxh_1735pixels">1735dp</dimen>
    <dimen name="xxh_1736pixels">1736dp</dimen>
    <dimen name="xxh_1737pixels">1737dp</dimen>
    <dimen name="xxh_1738pixels">1738dp</dimen>
    <dimen name="xxh_1739pixels">1739dp</dimen>
    <dimen name="xxh_1740pixels">1740dp</dimen>
    <dimen name="xxh_1741pixels">1741dp</dimen>
    <dimen name="xxh_1742pixels">1742dp</dimen>
    <dimen name="xxh_1743pixels">1743dp</dimen>
    <dimen name="xxh_1744pixels">1744dp</dimen>
    <dimen name="xxh_1745pixels">1745dp</dimen>
    <dimen name="xxh_1746pixels">1746dp</dimen>
    <dimen name="xxh_1747pixels">1747dp</dimen>
    <dimen name="xxh_1748pixels">1748dp</dimen>
    <dimen name="xxh_1749pixels">1749dp</dimen>
    <dimen name="xxh_1750pixels">1750dp</dimen>
    <dimen name="xxh_1751pixels">1751dp</dimen>
    <dimen name="xxh_1752pixels">1752dp</dimen>
    <dimen name="xxh_1753pixels">1753dp</dimen>
    <dimen name="xxh_1754pixels">1754dp</dimen>
    <dimen name="xxh_1755pixels">1755dp</dimen>
    <dimen name="xxh_1756pixels">1756dp</dimen>
    <dimen name="xxh_1757pixels">1757dp</dimen>
    <dimen name="xxh_1758pixels">1758dp</dimen>
    <dimen name="xxh_1759pixels">1759dp</dimen>
    <dimen name="xxh_1760pixels">1760dp</dimen>
    <dimen name="xxh_1761pixels">1761dp</dimen>
    <dimen name="xxh_1762pixels">1762dp</dimen>
    <dimen name="xxh_1763pixels">1763dp</dimen>
    <dimen name="xxh_1764pixels">1764dp</dimen>
    <dimen name="xxh_1765pixels">1765dp</dimen>
    <dimen name="xxh_1766pixels">1766dp</dimen>
    <dimen name="xxh_1767pixels">1767dp</dimen>
    <dimen name="xxh_1768pixels">1768dp</dimen>
    <dimen name="xxh_1769pixels">1769dp</dimen>
    <dimen name="xxh_1770pixels">1770dp</dimen>
    <dimen name="xxh_1771pixels">1771dp</dimen>
    <dimen name="xxh_1772pixels">1772dp</dimen>
    <dimen name="xxh_1773pixels">1773dp</dimen>
    <dimen name="xxh_1774pixels">1774dp</dimen>
    <dimen name="xxh_1775pixels">1775dp</dimen>
    <dimen name="xxh_1776pixels">1776dp</dimen>
    <dimen name="xxh_1777pixels">1777dp</dimen>
    <dimen name="xxh_1778pixels">1778dp</dimen>
    <dimen name="xxh_1779pixels">1779dp</dimen>
    <dimen name="xxh_1780pixels">1780dp</dimen>
    <dimen name="xxh_1781pixels">1781dp</dimen>
    <dimen name="xxh_1782pixels">1782dp</dimen>
    <dimen name="xxh_1783pixels">1783dp</dimen>
    <dimen name="xxh_1784pixels">1784dp</dimen>
    <dimen name="xxh_1785pixels">1785dp</dimen>
    <dimen name="xxh_1786pixels">1786dp</dimen>
    <dimen name="xxh_1787pixels">1787dp</dimen>
    <dimen name="xxh_1788pixels">1788dp</dimen>
    <dimen name="xxh_1789pixels">1789dp</dimen>
    <dimen name="xxh_1790pixels">1790dp</dimen>
    <dimen name="xxh_1791pixels">1791dp</dimen>
    <dimen name="xxh_1792pixels">1792dp</dimen>
    <dimen name="xxh_1793pixels">1793dp</dimen>
    <dimen name="xxh_1794pixels">1794dp</dimen>
    <dimen name="xxh_1795pixels">1795dp</dimen>
    <dimen name="xxh_1796pixels">1796dp</dimen>
    <dimen name="xxh_1797pixels">1797dp</dimen>
    <dimen name="xxh_1798pixels">1798dp</dimen>
    <dimen name="xxh_1799pixels">1799dp</dimen>
    <dimen name="xxh_1800pixels">1800dp</dimen>
    <dimen name="xxh_1801pixels">1801dp</dimen>
    <dimen name="xxh_1802pixels">1802dp</dimen>
    <dimen name="xxh_1803pixels">1803dp</dimen>
    <dimen name="xxh_1804pixels">1804dp</dimen>
    <dimen name="xxh_1805pixels">1805dp</dimen>
    <dimen name="xxh_1806pixels">1806dp</dimen>
    <dimen name="xxh_1807pixels">1807dp</dimen>
    <dimen name="xxh_1808pixels">1808dp</dimen>
    <dimen name="xxh_1809pixels">1809dp</dimen>
    <dimen name="xxh_1810pixels">1810dp</dimen>
    <dimen name="xxh_1811pixels">1811dp</dimen>
    <dimen name="xxh_1812pixels">1812dp</dimen>
    <dimen name="xxh_1813pixels">1813dp</dimen>
    <dimen name="xxh_1814pixels">1814dp</dimen>
    <dimen name="xxh_1815pixels">1815dp</dimen>
    <dimen name="xxh_1816pixels">1816dp</dimen>
    <dimen name="xxh_1817pixels">1817dp</dimen>
    <dimen name="xxh_1818pixels">1818dp</dimen>
    <dimen name="xxh_1819pixels">1819dp</dimen>
    <dimen name="xxh_1820pixels">1820dp</dimen>
    <dimen name="xxh_1821pixels">1821dp</dimen>
    <dimen name="xxh_1822pixels">1822dp</dimen>
    <dimen name="xxh_1823pixels">1823dp</dimen>
    <dimen name="xxh_1824pixels">1824dp</dimen>
    <dimen name="xxh_1825pixels">1825dp</dimen>
    <dimen name="xxh_1826pixels">1826dp</dimen>
    <dimen name="xxh_1827pixels">1827dp</dimen>
    <dimen name="xxh_1828pixels">1828dp</dimen>
    <dimen name="xxh_1829pixels">1829dp</dimen>
    <dimen name="xxh_1830pixels">1830dp</dimen>
    <dimen name="xxh_1831pixels">1831dp</dimen>
    <dimen name="xxh_1832pixels">1832dp</dimen>
    <dimen name="xxh_1833pixels">1833dp</dimen>
    <dimen name="xxh_1834pixels">1834dp</dimen>
    <dimen name="xxh_1835pixels">1835dp</dimen>
    <dimen name="xxh_1836pixels">1836dp</dimen>
    <dimen name="xxh_1837pixels">1837dp</dimen>
    <dimen name="xxh_1838pixels">1838dp</dimen>
    <dimen name="xxh_1839pixels">1839dp</dimen>
    <dimen name="xxh_1840pixels">1840dp</dimen>
    <dimen name="xxh_1841pixels">1841dp</dimen>
    <dimen name="xxh_1842pixels">1842dp</dimen>
    <dimen name="xxh_1843pixels">1843dp</dimen>
    <dimen name="xxh_1844pixels">1844dp</dimen>
    <dimen name="xxh_1845pixels">1845dp</dimen>
    <dimen name="xxh_1846pixels">1846dp</dimen>
    <dimen name="xxh_1847pixels">1847dp</dimen>
    <dimen name="xxh_1848pixels">1848dp</dimen>
    <dimen name="xxh_1849pixels">1849dp</dimen>
    <dimen name="xxh_1850pixels">1850dp</dimen>
    <dimen name="xxh_1851pixels">1851dp</dimen>
    <dimen name="xxh_1852pixels">1852dp</dimen>
    <dimen name="xxh_1853pixels">1853dp</dimen>
    <dimen name="xxh_1854pixels">1854dp</dimen>
    <dimen name="xxh_1855pixels">1855dp</dimen>
    <dimen name="xxh_1856pixels">1856dp</dimen>
    <dimen name="xxh_1857pixels">1857dp</dimen>
    <dimen name="xxh_1858pixels">1858dp</dimen>
    <dimen name="xxh_1859pixels">1859dp</dimen>
    <dimen name="xxh_1860pixels">1860dp</dimen>
    <dimen name="xxh_1861pixels">1861dp</dimen>
    <dimen name="xxh_1862pixels">1862dp</dimen>
    <dimen name="xxh_1863pixels">1863dp</dimen>
    <dimen name="xxh_1864pixels">1864dp</dimen>
    <dimen name="xxh_1865pixels">1865dp</dimen>
    <dimen name="xxh_1866pixels">1866dp</dimen>
    <dimen name="xxh_1867pixels">1867dp</dimen>
    <dimen name="xxh_1868pixels">1868dp</dimen>
    <dimen name="xxh_1869pixels">1869dp</dimen>
    <dimen name="xxh_1870pixels">1870dp</dimen>
    <dimen name="xxh_1871pixels">1871dp</dimen>
    <dimen name="xxh_1872pixels">1872dp</dimen>
    <dimen name="xxh_1873pixels">1873dp</dimen>
    <dimen name="xxh_1874pixels">1874dp</dimen>
    <dimen name="xxh_1875pixels">1875dp</dimen>
    <dimen name="xxh_1876pixels">1876dp</dimen>
    <dimen name="xxh_1877pixels">1877dp</dimen>
    <dimen name="xxh_1878pixels">1878dp</dimen>
    <dimen name="xxh_1879pixels">1879dp</dimen>
    <dimen name="xxh_1880pixels">1880dp</dimen>
    <dimen name="xxh_1881pixels">1881dp</dimen>
    <dimen name="xxh_1882pixels">1882dp</dimen>
    <dimen name="xxh_1883pixels">1883dp</dimen>
    <dimen name="xxh_1884pixels">1884dp</dimen>
    <dimen name="xxh_1885pixels">1885dp</dimen>
    <dimen name="xxh_1886pixels">1886dp</dimen>
    <dimen name="xxh_1887pixels">1887dp</dimen>
    <dimen name="xxh_1888pixels">1888dp</dimen>
    <dimen name="xxh_1889pixels">1889dp</dimen>
    <dimen name="xxh_1890pixels">1890dp</dimen>
    <dimen name="xxh_1891pixels">1891dp</dimen>
    <dimen name="xxh_1892pixels">1892dp</dimen>
    <dimen name="xxh_1893pixels">1893dp</dimen>
    <dimen name="xxh_1894pixels">1894dp</dimen>
    <dimen name="xxh_1895pixels">1895dp</dimen>
    <dimen name="xxh_1896pixels">1896dp</dimen>
    <dimen name="xxh_1897pixels">1897dp</dimen>
    <dimen name="xxh_1898pixels">1898dp</dimen>
    <dimen name="xxh_1899pixels">1899dp</dimen>
    <dimen name="xxh_1900pixels">1900dp</dimen>
    <dimen name="xxh_1901pixels">1901dp</dimen>
    <dimen name="xxh_1902pixels">1902dp</dimen>
    <dimen name="xxh_1903pixels">1903dp</dimen>
    <dimen name="xxh_1904pixels">1904dp</dimen>
    <dimen name="xxh_1905pixels">1905dp</dimen>
    <dimen name="xxh_1906pixels">1906dp</dimen>
    <dimen name="xxh_1907pixels">1907dp</dimen>
    <dimen name="xxh_1908pixels">1908dp</dimen>
    <dimen name="xxh_1909pixels">1909dp</dimen>
    <dimen name="xxh_1910pixels">1910dp</dimen>
    <dimen name="xxh_1911pixels">1911dp</dimen>
    <dimen name="xxh_1912pixels">1912dp</dimen>
    <dimen name="xxh_1913pixels">1913dp</dimen>
    <dimen name="xxh_1914pixels">1914dp</dimen>
    <dimen name="xxh_1915pixels">1915dp</dimen>
    <dimen name="xxh_1916pixels">1916dp</dimen>
    <dimen name="xxh_1917pixels">1917dp</dimen>
    <dimen name="xxh_1918pixels">1918dp</dimen>
    <dimen name="xxh_1919pixels">1919dp</dimen>
    <dimen name="xxh_1920pixels">1920dp</dimen>
    <dimen name="xxh_1921pixels">1921dp</dimen>
    <dimen name="xxh_1922pixels">1922dp</dimen>
    <dimen name="xxh_1923pixels">1923dp</dimen>
    <dimen name="xxh_1924pixels">1924dp</dimen>
    <dimen name="xxh_1925pixels">1925dp</dimen>
    <dimen name="xxh_1926pixels">1926dp</dimen>
    <dimen name="xxh_1927pixels">1927dp</dimen>
    <dimen name="xxh_1928pixels">1928dp</dimen>
    <dimen name="xxh_1929pixels">1929dp</dimen>
    <dimen name="xxh_1930pixels">1930dp</dimen>
    <dimen name="xxh_1931pixels">1931dp</dimen>
    <dimen name="xxh_1932pixels">1932dp</dimen>
    <dimen name="xxh_1933pixels">1933dp</dimen>
    <dimen name="xxh_1934pixels">1934dp</dimen>
    <dimen name="xxh_1935pixels">1935dp</dimen>
    <dimen name="xxh_1936pixels">1936dp</dimen>
    <dimen name="xxh_1937pixels">1937dp</dimen>
    <dimen name="xxh_1938pixels">1938dp</dimen>
    <dimen name="xxh_1939pixels">1939dp</dimen>
    <dimen name="xxh_1940pixels">1940dp</dimen>
    <dimen name="xxh_1941pixels">1941dp</dimen>
    <dimen name="xxh_1942pixels">1942dp</dimen>
    <dimen name="xxh_1943pixels">1943dp</dimen>
    <dimen name="xxh_1944pixels">1944dp</dimen>
    <dimen name="xxh_1945pixels">1945dp</dimen>
    <dimen name="xxh_1946pixels">1946dp</dimen>
    <dimen name="xxh_1947pixels">1947dp</dimen>
    <dimen name="xxh_1948pixels">1948dp</dimen>
    <dimen name="xxh_1949pixels">1949dp</dimen>
    <dimen name="xxh_1950pixels">1950dp</dimen>
    <dimen name="xxh_1951pixels">1951dp</dimen>
    <dimen name="xxh_1952pixels">1952dp</dimen>
    <dimen name="xxh_1953pixels">1953dp</dimen>
    <dimen name="xxh_1954pixels">1954dp</dimen>
    <dimen name="xxh_1955pixels">1955dp</dimen>
    <dimen name="xxh_1956pixels">1956dp</dimen>
    <dimen name="xxh_1957pixels">1957dp</dimen>
    <dimen name="xxh_1958pixels">1958dp</dimen>
    <dimen name="xxh_1959pixels">1959dp</dimen>
    <dimen name="xxh_1960pixels">1960dp</dimen>
    <dimen name="xxh_1961pixels">1961dp</dimen>
    <dimen name="xxh_1962pixels">1962dp</dimen>
    <dimen name="xxh_1963pixels">1963dp</dimen>
    <dimen name="xxh_1964pixels">1964dp</dimen>
    <dimen name="xxh_1965pixels">1965dp</dimen>
    <dimen name="xxh_1966pixels">1966dp</dimen>
    <dimen name="xxh_1967pixels">1967dp</dimen>
    <dimen name="xxh_1968pixels">1968dp</dimen>
    <dimen name="xxh_1969pixels">1969dp</dimen>
    <dimen name="xxh_1970pixels">1970dp</dimen>
    <dimen name="xxh_1971pixels">1971dp</dimen>
    <dimen name="xxh_1972pixels">1972dp</dimen>
    <dimen name="xxh_1973pixels">1973dp</dimen>
    <dimen name="xxh_1974pixels">1974dp</dimen>
    <dimen name="xxh_1975pixels">1975dp</dimen>
    <dimen name="xxh_1976pixels">1976dp</dimen>
    <dimen name="xxh_1977pixels">1977dp</dimen>
    <dimen name="xxh_1978pixels">1978dp</dimen>
    <dimen name="xxh_1979pixels">1979dp</dimen>
    <dimen name="xxh_1980pixels">1980dp</dimen>
    <dimen name="xxh_1981pixels">1981dp</dimen>
    <dimen name="xxh_1982pixels">1982dp</dimen>
    <dimen name="xxh_1983pixels">1983dp</dimen>
    <dimen name="xxh_1984pixels">1984dp</dimen>
    <dimen name="xxh_1985pixels">1985dp</dimen>
    <dimen name="xxh_1986pixels">1986dp</dimen>
    <dimen name="xxh_1987pixels">1987dp</dimen>
    <dimen name="xxh_1988pixels">1988dp</dimen>
    <dimen name="xxh_1989pixels">1989dp</dimen>
    <dimen name="xxh_1990pixels">1990dp</dimen>
    <dimen name="xxh_1991pixels">1991dp</dimen>
    <dimen name="xxh_1992pixels">1992dp</dimen>
    <dimen name="xxh_1993pixels">1993dp</dimen>
    <dimen name="xxh_1994pixels">1994dp</dimen>
    <dimen name="xxh_1995pixels">1995dp</dimen>
    <dimen name="xxh_1996pixels">1996dp</dimen>
    <dimen name="xxh_1997pixels">1997dp</dimen>
    <dimen name="xxh_1998pixels">1998dp</dimen>
    <dimen name="xxh_1999pixels">1999dp</dimen>
    <dimen name="xxh_2000pixels">2000dp</dimen>

</resources>