<?xml version="1.0" encoding="utf-8"?>
<resources>

    <dimen name="xxh_m130pixels">-216.67dp</dimen>
    <dimen name="xxh_m48pixels">-80dp</dimen>
    <dimen name="xxh_m42pixels">-70dp</dimen>
    <dimen name="xxh_m30pixels">-50dp</dimen>
    <dimen name="xxh_m26pixels">-43.33dp</dimen>
    <dimen name="xxh_m25pixels">-41.67dp</dimen>
    <dimen name="xxh_m24pixels">-40dp</dimen>
    <dimen name="xxh_m23pixels">-38.33dp</dimen>
    <dimen name="xxh_m21pixels">-35dp</dimen>
    <dimen name="xxh_m20pixels">-33.33dp</dimen>
    <dimen name="xxh_m18pixels">-30dp</dimen>
    <dimen name="xxh_m16pixels">-26.67dp</dimen>
    <dimen name="xxh_m14pixels">-23.33dp</dimen>
    <dimen name="xxh_m10pixels">-16.67dp</dimen>
    <dimen name="xxh_m8pixels">-13.33dp</dimen>
    <dimen name="xxh_m5pixels">-8.33dp</dimen>
    <dimen name="xxh_m1pixels">-1.67dp</dimen>

    <dimen name="xxh_1pixels">1.67dp</dimen>
    <dimen name="xxh_2pixels">3.33dp</dimen>
    <dimen name="xxh_3pixels">5dp</dimen>
    <dimen name="xxh_4pixels">6.67dp</dimen>
    <dimen name="xxh_5pixels">8.33dp</dimen>
    <dimen name="xxh_6pixels">10dp</dimen>
    <dimen name="xxh_7pixels">11.67dp</dimen>
    <dimen name="xxh_8pixels">13.33dp</dimen>
    <dimen name="xxh_9pixels">15dp</dimen>
    <dimen name="xxh_10pixels">16.67dp</dimen>
    <dimen name="xxh_11pixels">18.33dp</dimen>
    <dimen name="xxh_12pixels">20dp</dimen>
    <dimen name="xxh_13pixels">21.67dp</dimen>
    <dimen name="xxh_14pixels">23.33dp</dimen>
    <dimen name="xxh_15pixels">25dp</dimen>
    <dimen name="xxh_16pixels">26.67dp</dimen>
    <dimen name="xxh_17pixels">28.33dp</dimen>
    <dimen name="xxh_18pixels">30dp</dimen>
    <dimen name="xxh_19pixels">31.67dp</dimen>
    <dimen name="xxh_20pixels">33.33dp</dimen>
    <dimen name="xxh_21pixels">35dp</dimen>
    <dimen name="xxh_22pixels">36.67dp</dimen>
    <dimen name="xxh_23pixels">38.33dp</dimen>
    <dimen name="xxh_24pixels">40dp</dimen>
    <dimen name="xxh_25pixels">41.67dp</dimen>
    <dimen name="xxh_26pixels">43.33dp</dimen>
    <dimen name="xxh_27pixels">45dp</dimen>
    <dimen name="xxh_28pixels">46.67dp</dimen>
    <dimen name="xxh_29pixels">48.33dp</dimen>
    <dimen name="xxh_30pixels">50dp</dimen>
    <dimen name="xxh_31pixels">51.67dp</dimen>
    <dimen name="xxh_32pixels">53.33dp</dimen>
    <dimen name="xxh_33pixels">55dp</dimen>
    <dimen name="xxh_34pixels">56.67dp</dimen>
    <dimen name="xxh_35pixels">58.33dp</dimen>
    <dimen name="xxh_36pixels">60dp</dimen>
    <dimen name="xxh_37pixels">61.67dp</dimen>
    <dimen name="xxh_38pixels">63.33dp</dimen>
    <dimen name="xxh_39pixels">65dp</dimen>
    <dimen name="xxh_40pixels">66.67dp</dimen>
    <dimen name="xxh_41pixels">68.33dp</dimen>
    <dimen name="xxh_42pixels">70dp</dimen>
    <dimen name="xxh_43pixels">71.67dp</dimen>
    <dimen name="xxh_44pixels">73.33dp</dimen>
    <dimen name="xxh_45pixels">75dp</dimen>
    <dimen name="xxh_46pixels">76.67dp</dimen>
    <dimen name="xxh_47pixels">78.33dp</dimen>
    <dimen name="xxh_48pixels">80dp</dimen>
    <dimen name="xxh_49pixels">81.67dp</dimen>
    <dimen name="xxh_50pixels">83.33dp</dimen>
    <dimen name="xxh_51pixels">85dp</dimen>
    <dimen name="xxh_52pixels">86.67dp</dimen>
    <dimen name="xxh_53pixels">88.33dp</dimen>
    <dimen name="xxh_54pixels">90dp</dimen>
    <dimen name="xxh_55pixels">91.67dp</dimen>
    <dimen name="xxh_56pixels">93.33dp</dimen>
    <dimen name="xxh_57pixels">95dp</dimen>
    <dimen name="xxh_58pixels">96.67dp</dimen>
    <dimen name="xxh_59pixels">98.33dp</dimen>
    <dimen name="xxh_60pixels">100dp</dimen>
    <dimen name="xxh_61pixels">101.67dp</dimen>
    <dimen name="xxh_62pixels">103.33dp</dimen>
    <dimen name="xxh_63pixels">105dp</dimen>
    <dimen name="xxh_64pixels">106.67dp</dimen>
    <dimen name="xxh_65pixels">108.33dp</dimen>
    <dimen name="xxh_66pixels">110dp</dimen>
    <dimen name="xxh_67pixels">111.67dp</dimen>
    <dimen name="xxh_68pixels">113.33dp</dimen>
    <dimen name="xxh_69pixels">115dp</dimen>
    <dimen name="xxh_70pixels">116.67dp</dimen>
    <dimen name="xxh_71pixels">118.33dp</dimen>
    <dimen name="xxh_72pixels">120dp</dimen>
    <dimen name="xxh_73pixels">121.67dp</dimen>
    <dimen name="xxh_74pixels">123.33dp</dimen>
    <dimen name="xxh_75pixels">125dp</dimen>
    <dimen name="xxh_76pixels">126.67dp</dimen>
    <dimen name="xxh_77pixels">128.33dp</dimen>
    <dimen name="xxh_78pixels">130dp</dimen>
    <dimen name="xxh_79pixels">131.67dp</dimen>
    <dimen name="xxh_80pixels">133.33dp</dimen>
    <dimen name="xxh_81pixels">135dp</dimen>
    <dimen name="xxh_82pixels">136.67dp</dimen>
    <dimen name="xxh_83pixels">138.33dp</dimen>
    <dimen name="xxh_84pixels">140dp</dimen>
    <dimen name="xxh_85pixels">141.67dp</dimen>
    <dimen name="xxh_86pixels">143.33dp</dimen>
    <dimen name="xxh_87pixels">145dp</dimen>
    <dimen name="xxh_88pixels">146.67dp</dimen>
    <dimen name="xxh_89pixels">148.33dp</dimen>
    <dimen name="xxh_90pixels">150dp</dimen>
    <dimen name="xxh_91pixels">151.67dp</dimen>
    <dimen name="xxh_92pixels">153.33dp</dimen>
    <dimen name="xxh_93pixels">155dp</dimen>
    <dimen name="xxh_94pixels">156.67dp</dimen>
    <dimen name="xxh_95pixels">158.33dp</dimen>
    <dimen name="xxh_96pixels">160dp</dimen>
    <dimen name="xxh_97pixels">161.67dp</dimen>
    <dimen name="xxh_98pixels">163.33dp</dimen>
    <dimen name="xxh_99pixels">165dp</dimen>
    <dimen name="xxh_100pixels">166.67dp</dimen>
    <dimen name="xxh_101pixels">168.33dp</dimen>
    <dimen name="xxh_102pixels">170dp</dimen>
    <dimen name="xxh_103pixels">171.67dp</dimen>
    <dimen name="xxh_104pixels">173.33dp</dimen>
    <dimen name="xxh_105pixels">175dp</dimen>
    <dimen name="xxh_106pixels">176.67dp</dimen>
    <dimen name="xxh_107pixels">178.33dp</dimen>
    <dimen name="xxh_108pixels">180dp</dimen>
    <dimen name="xxh_109pixels">181.67dp</dimen>
    <dimen name="xxh_110pixels">183.33dp</dimen>
    <dimen name="xxh_111pixels">185dp</dimen>
    <dimen name="xxh_112pixels">186.67dp</dimen>
    <dimen name="xxh_113pixels">188.33dp</dimen>
    <dimen name="xxh_114pixels">190dp</dimen>
    <dimen name="xxh_115pixels">191.67dp</dimen>
    <dimen name="xxh_116pixels">193.33dp</dimen>
    <dimen name="xxh_117pixels">195dp</dimen>
    <dimen name="xxh_118pixels">196.67dp</dimen>
    <dimen name="xxh_119pixels">198.33dp</dimen>
    <dimen name="xxh_120pixels">200dp</dimen>
    <dimen name="xxh_121pixels">201.67dp</dimen>
    <dimen name="xxh_122pixels">203.33dp</dimen>
    <dimen name="xxh_123pixels">205dp</dimen>
    <dimen name="xxh_124pixels">206.67dp</dimen>
    <dimen name="xxh_125pixels">208.33dp</dimen>
    <dimen name="xxh_126pixels">210dp</dimen>
    <dimen name="xxh_127pixels">211.67dp</dimen>
    <dimen name="xxh_128pixels">213.33dp</dimen>
    <dimen name="xxh_129pixels">215dp</dimen>
    <dimen name="xxh_130pixels">216.67dp</dimen>
    <dimen name="xxh_131pixels">218.33dp</dimen>
    <dimen name="xxh_132pixels">220dp</dimen>
    <dimen name="xxh_133pixels">221.67dp</dimen>
    <dimen name="xxh_134pixels">223.33dp</dimen>
    <dimen name="xxh_135pixels">225dp</dimen>
    <dimen name="xxh_136pixels">226.67dp</dimen>
    <dimen name="xxh_137pixels">228.33dp</dimen>
    <dimen name="xxh_138pixels">230dp</dimen>
    <dimen name="xxh_139pixels">231.67dp</dimen>
    <dimen name="xxh_140pixels">233.33dp</dimen>
    <dimen name="xxh_141pixels">235dp</dimen>
    <dimen name="xxh_142pixels">236.67dp</dimen>
    <dimen name="xxh_143pixels">238.33dp</dimen>
    <dimen name="xxh_144pixels">240dp</dimen>
    <dimen name="xxh_145pixels">241.67dp</dimen>
    <dimen name="xxh_146pixels">243.33dp</dimen>
    <dimen name="xxh_147pixels">245dp</dimen>
    <dimen name="xxh_148pixels">246.67dp</dimen>
    <dimen name="xxh_149pixels">248.33dp</dimen>
    <dimen name="xxh_150pixels">250dp</dimen>
    <dimen name="xxh_151pixels">251.67dp</dimen>
    <dimen name="xxh_152pixels">253.33dp</dimen>
    <dimen name="xxh_153pixels">255dp</dimen>
    <dimen name="xxh_154pixels">256.67dp</dimen>
    <dimen name="xxh_155pixels">258.33dp</dimen>
    <dimen name="xxh_156pixels">260dp</dimen>
    <dimen name="xxh_157pixels">261.67dp</dimen>
    <dimen name="xxh_158pixels">263.33dp</dimen>
    <dimen name="xxh_159pixels">265dp</dimen>
    <dimen name="xxh_160pixels">266.67dp</dimen>
    <dimen name="xxh_161pixels">268.33dp</dimen>
    <dimen name="xxh_162pixels">270dp</dimen>
    <dimen name="xxh_163pixels">271.67dp</dimen>
    <dimen name="xxh_164pixels">273.33dp</dimen>
    <dimen name="xxh_165pixels">275dp</dimen>
    <dimen name="xxh_166pixels">276.67dp</dimen>
    <dimen name="xxh_167pixels">278.33dp</dimen>
    <dimen name="xxh_168pixels">280dp</dimen>
    <dimen name="xxh_169pixels">281.67dp</dimen>
    <dimen name="xxh_170pixels">283.33dp</dimen>
    <dimen name="xxh_171pixels">285dp</dimen>
    <dimen name="xxh_172pixels">286.67dp</dimen>
    <dimen name="xxh_173pixels">288.33dp</dimen>
    <dimen name="xxh_174pixels">290dp</dimen>
    <dimen name="xxh_175pixels">291.67dp</dimen>
    <dimen name="xxh_176pixels">293.33dp</dimen>
    <dimen name="xxh_177pixels">295dp</dimen>
    <dimen name="xxh_178pixels">296.67dp</dimen>
    <dimen name="xxh_179pixels">298.33dp</dimen>
    <dimen name="xxh_180pixels">300dp</dimen>
    <dimen name="xxh_181pixels">301.67dp</dimen>
    <dimen name="xxh_182pixels">303.33dp</dimen>
    <dimen name="xxh_183pixels">305dp</dimen>
    <dimen name="xxh_184pixels">306.67dp</dimen>
    <dimen name="xxh_185pixels">308.33dp</dimen>
    <dimen name="xxh_186pixels">310dp</dimen>
    <dimen name="xxh_187pixels">311.67dp</dimen>
    <dimen name="xxh_188pixels">313.33dp</dimen>
    <dimen name="xxh_189pixels">315dp</dimen>
    <dimen name="xxh_190pixels">316.67dp</dimen>
    <dimen name="xxh_191pixels">318.33dp</dimen>
    <dimen name="xxh_192pixels">320dp</dimen>
    <dimen name="xxh_193pixels">321.67dp</dimen>
    <dimen name="xxh_194pixels">323.33dp</dimen>
    <dimen name="xxh_195pixels">325dp</dimen>
    <dimen name="xxh_196pixels">326.67dp</dimen>
    <dimen name="xxh_197pixels">328.33dp</dimen>
    <dimen name="xxh_198pixels">330dp</dimen>
    <dimen name="xxh_199pixels">331.67dp</dimen>
    <dimen name="xxh_200pixels">333.33dp</dimen>
    <dimen name="xxh_201pixels">335dp</dimen>
    <dimen name="xxh_202pixels">336.67dp</dimen>
    <dimen name="xxh_203pixels">338.33dp</dimen>
    <dimen name="xxh_204pixels">340dp</dimen>
    <dimen name="xxh_205pixels">341.67dp</dimen>
    <dimen name="xxh_206pixels">343.33dp</dimen>
    <dimen name="xxh_207pixels">345dp</dimen>
    <dimen name="xxh_208pixels">346.67dp</dimen>
    <dimen name="xxh_209pixels">348.33dp</dimen>
    <dimen name="xxh_210pixels">350dp</dimen>
    <dimen name="xxh_211pixels">351.67dp</dimen>
    <dimen name="xxh_212pixels">353.33dp</dimen>
    <dimen name="xxh_213pixels">355dp</dimen>
    <dimen name="xxh_214pixels">356.67dp</dimen>
    <dimen name="xxh_215pixels">358.33dp</dimen>
    <dimen name="xxh_216pixels">360dp</dimen>
    <dimen name="xxh_217pixels">361.67dp</dimen>
    <dimen name="xxh_218pixels">363.33dp</dimen>
    <dimen name="xxh_219pixels">365dp</dimen>
    <dimen name="xxh_220pixels">366.67dp</dimen>
    <dimen name="xxh_221pixels">368.33dp</dimen>
    <dimen name="xxh_222pixels">370dp</dimen>
    <dimen name="xxh_223pixels">371.67dp</dimen>
    <dimen name="xxh_224pixels">373.33dp</dimen>
    <dimen name="xxh_225pixels">375dp</dimen>
    <dimen name="xxh_226pixels">376.67dp</dimen>
    <dimen name="xxh_227pixels">378.33dp</dimen>
    <dimen name="xxh_228pixels">380dp</dimen>
    <dimen name="xxh_229pixels">381.67dp</dimen>
    <dimen name="xxh_230pixels">383.33dp</dimen>
    <dimen name="xxh_231pixels">385dp</dimen>
    <dimen name="xxh_232pixels">386.67dp</dimen>
    <dimen name="xxh_233pixels">388.33dp</dimen>
    <dimen name="xxh_234pixels">390dp</dimen>
    <dimen name="xxh_235pixels">391.67dp</dimen>
    <dimen name="xxh_236pixels">393.33dp</dimen>
    <dimen name="xxh_237pixels">395dp</dimen>
    <dimen name="xxh_238pixels">396.67dp</dimen>
    <dimen name="xxh_239pixels">398.33dp</dimen>
    <dimen name="xxh_240pixels">400dp</dimen>
    <dimen name="xxh_241pixels">401.67dp</dimen>
    <dimen name="xxh_242pixels">403.33dp</dimen>
    <dimen name="xxh_243pixels">405dp</dimen>
    <dimen name="xxh_244pixels">406.67dp</dimen>
    <dimen name="xxh_245pixels">408.33dp</dimen>
    <dimen name="xxh_246pixels">410dp</dimen>
    <dimen name="xxh_247pixels">411.67dp</dimen>
    <dimen name="xxh_248pixels">413.33dp</dimen>
    <dimen name="xxh_249pixels">415dp</dimen>
    <dimen name="xxh_250pixels">416.67dp</dimen>
    <dimen name="xxh_251pixels">418.33dp</dimen>
    <dimen name="xxh_252pixels">420dp</dimen>
    <dimen name="xxh_253pixels">421.67dp</dimen>
    <dimen name="xxh_254pixels">423.33dp</dimen>
    <dimen name="xxh_255pixels">425dp</dimen>
    <dimen name="xxh_256pixels">426.67dp</dimen>
    <dimen name="xxh_257pixels">428.33dp</dimen>
    <dimen name="xxh_258pixels">430dp</dimen>
    <dimen name="xxh_259pixels">431.67dp</dimen>
    <dimen name="xxh_260pixels">433.33dp</dimen>
    <dimen name="xxh_261pixels">435dp</dimen>
    <dimen name="xxh_262pixels">436.67dp</dimen>
    <dimen name="xxh_263pixels">438.33dp</dimen>
    <dimen name="xxh_264pixels">440dp</dimen>
    <dimen name="xxh_265pixels">441.67dp</dimen>
    <dimen name="xxh_266pixels">443.33dp</dimen>
    <dimen name="xxh_267pixels">445dp</dimen>
    <dimen name="xxh_268pixels">446.67dp</dimen>
    <dimen name="xxh_269pixels">448.33dp</dimen>
    <dimen name="xxh_270pixels">450dp</dimen>
    <dimen name="xxh_271pixels">451.67dp</dimen>
    <dimen name="xxh_272pixels">453.33dp</dimen>
    <dimen name="xxh_273pixels">455dp</dimen>
    <dimen name="xxh_274pixels">456.67dp</dimen>
    <dimen name="xxh_275pixels">458.33dp</dimen>
    <dimen name="xxh_276pixels">460dp</dimen>
    <dimen name="xxh_277pixels">461.67dp</dimen>
    <dimen name="xxh_278pixels">463.33dp</dimen>
    <dimen name="xxh_279pixels">465dp</dimen>
    <dimen name="xxh_280pixels">466.67dp</dimen>
    <dimen name="xxh_281pixels">468.33dp</dimen>
    <dimen name="xxh_282pixels">470dp</dimen>
    <dimen name="xxh_283pixels">471.67dp</dimen>
    <dimen name="xxh_284pixels">473.33dp</dimen>
    <dimen name="xxh_285pixels">475dp</dimen>
    <dimen name="xxh_286pixels">476.67dp</dimen>
    <dimen name="xxh_287pixels">478.33dp</dimen>
    <dimen name="xxh_288pixels">480dp</dimen>
    <dimen name="xxh_289pixels">481.67dp</dimen>
    <dimen name="xxh_290pixels">483.33dp</dimen>
    <dimen name="xxh_291pixels">485dp</dimen>
    <dimen name="xxh_292pixels">486.67dp</dimen>
    <dimen name="xxh_293pixels">488.33dp</dimen>
    <dimen name="xxh_294pixels">490dp</dimen>
    <dimen name="xxh_295pixels">491.67dp</dimen>
    <dimen name="xxh_296pixels">493.33dp</dimen>
    <dimen name="xxh_297pixels">495dp</dimen>
    <dimen name="xxh_298pixels">496.67dp</dimen>
    <dimen name="xxh_299pixels">498.33dp</dimen>
    <dimen name="xxh_300pixels">500dp</dimen>
    <dimen name="xxh_301pixels">501.67dp</dimen>
    <dimen name="xxh_302pixels">503.33dp</dimen>
    <dimen name="xxh_303pixels">505dp</dimen>
    <dimen name="xxh_304pixels">506.67dp</dimen>
    <dimen name="xxh_305pixels">508.33dp</dimen>
    <dimen name="xxh_306pixels">510dp</dimen>
    <dimen name="xxh_307pixels">511.67dp</dimen>
    <dimen name="xxh_308pixels">513.33dp</dimen>
    <dimen name="xxh_309pixels">515dp</dimen>
    <dimen name="xxh_310pixels">516.67dp</dimen>
    <dimen name="xxh_311pixels">518.33dp</dimen>
    <dimen name="xxh_312pixels">520dp</dimen>
    <dimen name="xxh_313pixels">521.67dp</dimen>
    <dimen name="xxh_314pixels">523.33dp</dimen>
    <dimen name="xxh_315pixels">525dp</dimen>
    <dimen name="xxh_316pixels">526.67dp</dimen>
    <dimen name="xxh_317pixels">528.33dp</dimen>
    <dimen name="xxh_318pixels">530dp</dimen>
    <dimen name="xxh_319pixels">531.67dp</dimen>
    <dimen name="xxh_320pixels">533.33dp</dimen>
    <dimen name="xxh_321pixels">535dp</dimen>
    <dimen name="xxh_322pixels">536.67dp</dimen>
    <dimen name="xxh_323pixels">538.33dp</dimen>
    <dimen name="xxh_324pixels">540dp</dimen>
    <dimen name="xxh_325pixels">541.67dp</dimen>
    <dimen name="xxh_326pixels">543.33dp</dimen>
    <dimen name="xxh_327pixels">545dp</dimen>
    <dimen name="xxh_328pixels">546.67dp</dimen>
    <dimen name="xxh_329pixels">548.33dp</dimen>
    <dimen name="xxh_330pixels">550dp</dimen>
    <dimen name="xxh_331pixels">551.67dp</dimen>
    <dimen name="xxh_332pixels">553.33dp</dimen>
    <dimen name="xxh_333pixels">555dp</dimen>
    <dimen name="xxh_334pixels">556.67dp</dimen>
    <dimen name="xxh_335pixels">558.33dp</dimen>
    <dimen name="xxh_336pixels">560dp</dimen>
    <dimen name="xxh_337pixels">561.67dp</dimen>
    <dimen name="xxh_338pixels">563.33dp</dimen>
    <dimen name="xxh_339pixels">565dp</dimen>
    <dimen name="xxh_340pixels">566.67dp</dimen>
    <dimen name="xxh_341pixels">568.33dp</dimen>
    <dimen name="xxh_342pixels">570dp</dimen>
    <dimen name="xxh_343pixels">571.67dp</dimen>
    <dimen name="xxh_344pixels">573.33dp</dimen>
    <dimen name="xxh_345pixels">575dp</dimen>
    <dimen name="xxh_346pixels">576.67dp</dimen>
    <dimen name="xxh_347pixels">578.33dp</dimen>
    <dimen name="xxh_348pixels">580dp</dimen>
    <dimen name="xxh_349pixels">581.67dp</dimen>
    <dimen name="xxh_350pixels">583.33dp</dimen>
    <dimen name="xxh_351pixels">585dp</dimen>
    <dimen name="xxh_352pixels">586.67dp</dimen>
    <dimen name="xxh_353pixels">588.33dp</dimen>
    <dimen name="xxh_354pixels">590dp</dimen>
    <dimen name="xxh_355pixels">591.67dp</dimen>
    <dimen name="xxh_356pixels">593.33dp</dimen>
    <dimen name="xxh_357pixels">595dp</dimen>
    <dimen name="xxh_358pixels">596.67dp</dimen>
    <dimen name="xxh_359pixels">598.33dp</dimen>
    <dimen name="xxh_360pixels">600dp</dimen>
    <dimen name="xxh_361pixels">601.67dp</dimen>
    <dimen name="xxh_362pixels">603.33dp</dimen>
    <dimen name="xxh_363pixels">605dp</dimen>
    <dimen name="xxh_364pixels">606.67dp</dimen>
    <dimen name="xxh_365pixels">608.33dp</dimen>
    <dimen name="xxh_366pixels">610dp</dimen>
    <dimen name="xxh_367pixels">611.67dp</dimen>
    <dimen name="xxh_368pixels">613.33dp</dimen>
    <dimen name="xxh_369pixels">615dp</dimen>
    <dimen name="xxh_370pixels">616.67dp</dimen>
    <dimen name="xxh_371pixels">618.33dp</dimen>
    <dimen name="xxh_372pixels">620dp</dimen>
    <dimen name="xxh_373pixels">621.67dp</dimen>
    <dimen name="xxh_374pixels">623.33dp</dimen>
    <dimen name="xxh_375pixels">625dp</dimen>
    <dimen name="xxh_376pixels">626.67dp</dimen>
    <dimen name="xxh_377pixels">628.33dp</dimen>
    <dimen name="xxh_378pixels">630dp</dimen>
    <dimen name="xxh_379pixels">631.67dp</dimen>
    <dimen name="xxh_380pixels">633.33dp</dimen>
    <dimen name="xxh_381pixels">635dp</dimen>
    <dimen name="xxh_382pixels">636.67dp</dimen>
    <dimen name="xxh_383pixels">638.33dp</dimen>
    <dimen name="xxh_384pixels">640dp</dimen>
    <dimen name="xxh_385pixels">641.67dp</dimen>
    <dimen name="xxh_386pixels">643.33dp</dimen>
    <dimen name="xxh_387pixels">645dp</dimen>
    <dimen name="xxh_388pixels">646.67dp</dimen>
    <dimen name="xxh_389pixels">648.33dp</dimen>
    <dimen name="xxh_390pixels">650dp</dimen>
    <dimen name="xxh_391pixels">651.67dp</dimen>
    <dimen name="xxh_392pixels">653.33dp</dimen>
    <dimen name="xxh_393pixels">655dp</dimen>
    <dimen name="xxh_394pixels">656.67dp</dimen>
    <dimen name="xxh_395pixels">658.33dp</dimen>
    <dimen name="xxh_396pixels">660dp</dimen>
    <dimen name="xxh_397pixels">661.67dp</dimen>
    <dimen name="xxh_398pixels">663.33dp</dimen>
    <dimen name="xxh_399pixels">665dp</dimen>
    <dimen name="xxh_400pixels">666.67dp</dimen>
    <dimen name="xxh_401pixels">668.33dp</dimen>
    <dimen name="xxh_402pixels">670dp</dimen>
    <dimen name="xxh_403pixels">671.67dp</dimen>
    <dimen name="xxh_404pixels">673.33dp</dimen>
    <dimen name="xxh_405pixels">675dp</dimen>
    <dimen name="xxh_406pixels">676.67dp</dimen>
    <dimen name="xxh_407pixels">678.33dp</dimen>
    <dimen name="xxh_408pixels">680dp</dimen>
    <dimen name="xxh_409pixels">681.67dp</dimen>
    <dimen name="xxh_410pixels">683.33dp</dimen>
    <dimen name="xxh_411pixels">685dp</dimen>
    <dimen name="xxh_412pixels">686.67dp</dimen>
    <dimen name="xxh_413pixels">688.33dp</dimen>
    <dimen name="xxh_414pixels">690dp</dimen>
    <dimen name="xxh_415pixels">691.67dp</dimen>
    <dimen name="xxh_416pixels">693.33dp</dimen>
    <dimen name="xxh_417pixels">695dp</dimen>
    <dimen name="xxh_418pixels">696.67dp</dimen>
    <dimen name="xxh_419pixels">698.33dp</dimen>
    <dimen name="xxh_420pixels">700dp</dimen>
    <dimen name="xxh_421pixels">701.67dp</dimen>
    <dimen name="xxh_422pixels">703.33dp</dimen>
    <dimen name="xxh_423pixels">705dp</dimen>
    <dimen name="xxh_424pixels">706.67dp</dimen>
    <dimen name="xxh_425pixels">708.33dp</dimen>
    <dimen name="xxh_426pixels">710dp</dimen>
    <dimen name="xxh_427pixels">711.67dp</dimen>
    <dimen name="xxh_428pixels">713.33dp</dimen>
    <dimen name="xxh_429pixels">715dp</dimen>
    <dimen name="xxh_430pixels">716.67dp</dimen>
    <dimen name="xxh_431pixels">718.33dp</dimen>
    <dimen name="xxh_432pixels">720dp</dimen>
    <dimen name="xxh_433pixels">721.67dp</dimen>
    <dimen name="xxh_434pixels">723.33dp</dimen>
    <dimen name="xxh_435pixels">725dp</dimen>
    <dimen name="xxh_436pixels">726.67dp</dimen>
    <dimen name="xxh_437pixels">728.33dp</dimen>
    <dimen name="xxh_438pixels">730dp</dimen>
    <dimen name="xxh_439pixels">731.67dp</dimen>
    <dimen name="xxh_440pixels">733.33dp</dimen>
    <dimen name="xxh_441pixels">735dp</dimen>
    <dimen name="xxh_442pixels">736.67dp</dimen>
    <dimen name="xxh_443pixels">738.33dp</dimen>
    <dimen name="xxh_444pixels">740dp</dimen>
    <dimen name="xxh_445pixels">741.67dp</dimen>
    <dimen name="xxh_446pixels">743.33dp</dimen>
    <dimen name="xxh_447pixels">745dp</dimen>
    <dimen name="xxh_448pixels">746.67dp</dimen>
    <dimen name="xxh_449pixels">748.33dp</dimen>
    <dimen name="xxh_450pixels">750dp</dimen>
    <dimen name="xxh_451pixels">751.67dp</dimen>
    <dimen name="xxh_452pixels">753.33dp</dimen>
    <dimen name="xxh_453pixels">755dp</dimen>
    <dimen name="xxh_454pixels">756.67dp</dimen>
    <dimen name="xxh_455pixels">758.33dp</dimen>
    <dimen name="xxh_456pixels">760dp</dimen>
    <dimen name="xxh_457pixels">761.67dp</dimen>
    <dimen name="xxh_458pixels">763.33dp</dimen>
    <dimen name="xxh_459pixels">765dp</dimen>
    <dimen name="xxh_460pixels">766.67dp</dimen>
    <dimen name="xxh_461pixels">768.33dp</dimen>
    <dimen name="xxh_462pixels">770dp</dimen>
    <dimen name="xxh_463pixels">771.67dp</dimen>
    <dimen name="xxh_464pixels">773.33dp</dimen>
    <dimen name="xxh_465pixels">775dp</dimen>
    <dimen name="xxh_466pixels">776.67dp</dimen>
    <dimen name="xxh_467pixels">778.33dp</dimen>
    <dimen name="xxh_468pixels">780dp</dimen>
    <dimen name="xxh_469pixels">781.67dp</dimen>
    <dimen name="xxh_470pixels">783.33dp</dimen>
    <dimen name="xxh_471pixels">785dp</dimen>
    <dimen name="xxh_472pixels">786.67dp</dimen>
    <dimen name="xxh_473pixels">788.33dp</dimen>
    <dimen name="xxh_474pixels">790dp</dimen>
    <dimen name="xxh_475pixels">791.67dp</dimen>
    <dimen name="xxh_476pixels">793.33dp</dimen>
    <dimen name="xxh_477pixels">795dp</dimen>
    <dimen name="xxh_478pixels">796.67dp</dimen>
    <dimen name="xxh_479pixels">798.33dp</dimen>
    <dimen name="xxh_480pixels">800dp</dimen>
    <dimen name="xxh_481pixels">801.67dp</dimen>
    <dimen name="xxh_482pixels">803.33dp</dimen>
    <dimen name="xxh_483pixels">805dp</dimen>
    <dimen name="xxh_484pixels">806.67dp</dimen>
    <dimen name="xxh_485pixels">808.33dp</dimen>
    <dimen name="xxh_486pixels">810dp</dimen>
    <dimen name="xxh_487pixels">811.67dp</dimen>
    <dimen name="xxh_488pixels">813.33dp</dimen>
    <dimen name="xxh_489pixels">815dp</dimen>
    <dimen name="xxh_490pixels">816.67dp</dimen>
    <dimen name="xxh_491pixels">818.33dp</dimen>
    <dimen name="xxh_492pixels">820dp</dimen>
    <dimen name="xxh_493pixels">821.67dp</dimen>
    <dimen name="xxh_494pixels">823.33dp</dimen>
    <dimen name="xxh_495pixels">825dp</dimen>
    <dimen name="xxh_496pixels">826.67dp</dimen>
    <dimen name="xxh_497pixels">828.33dp</dimen>
    <dimen name="xxh_498pixels">830dp</dimen>
    <dimen name="xxh_499pixels">831.67dp</dimen>
    <dimen name="xxh_500pixels">833.33dp</dimen>
    <dimen name="xxh_501pixels">835dp</dimen>
    <dimen name="xxh_502pixels">836.67dp</dimen>
    <dimen name="xxh_503pixels">838.33dp</dimen>
    <dimen name="xxh_504pixels">840dp</dimen>
    <dimen name="xxh_505pixels">841.67dp</dimen>
    <dimen name="xxh_506pixels">843.33dp</dimen>
    <dimen name="xxh_507pixels">845dp</dimen>
    <dimen name="xxh_508pixels">846.67dp</dimen>
    <dimen name="xxh_509pixels">848.33dp</dimen>
    <dimen name="xxh_510pixels">850dp</dimen>
    <dimen name="xxh_511pixels">851.67dp</dimen>
    <dimen name="xxh_512pixels">853.33dp</dimen>
    <dimen name="xxh_513pixels">855dp</dimen>
    <dimen name="xxh_514pixels">856.67dp</dimen>
    <dimen name="xxh_515pixels">858.33dp</dimen>
    <dimen name="xxh_516pixels">860dp</dimen>
    <dimen name="xxh_517pixels">861.67dp</dimen>
    <dimen name="xxh_518pixels">863.33dp</dimen>
    <dimen name="xxh_519pixels">865dp</dimen>
    <dimen name="xxh_520pixels">866.67dp</dimen>
    <dimen name="xxh_521pixels">868.33dp</dimen>
    <dimen name="xxh_522pixels">870dp</dimen>
    <dimen name="xxh_523pixels">871.67dp</dimen>
    <dimen name="xxh_524pixels">873.33dp</dimen>
    <dimen name="xxh_525pixels">875dp</dimen>
    <dimen name="xxh_526pixels">876.67dp</dimen>
    <dimen name="xxh_527pixels">878.33dp</dimen>
    <dimen name="xxh_528pixels">880dp</dimen>
    <dimen name="xxh_529pixels">881.67dp</dimen>
    <dimen name="xxh_530pixels">883.33dp</dimen>
    <dimen name="xxh_531pixels">885dp</dimen>
    <dimen name="xxh_532pixels">886.67dp</dimen>
    <dimen name="xxh_533pixels">888.33dp</dimen>
    <dimen name="xxh_534pixels">890dp</dimen>
    <dimen name="xxh_535pixels">891.67dp</dimen>
    <dimen name="xxh_536pixels">893.33dp</dimen>
    <dimen name="xxh_537pixels">895dp</dimen>
    <dimen name="xxh_538pixels">896.67dp</dimen>
    <dimen name="xxh_539pixels">898.33dp</dimen>
    <dimen name="xxh_540pixels">900dp</dimen>
    <dimen name="xxh_541pixels">901.67dp</dimen>
    <dimen name="xxh_542pixels">903.33dp</dimen>
    <dimen name="xxh_543pixels">905dp</dimen>
    <dimen name="xxh_544pixels">906.67dp</dimen>
    <dimen name="xxh_545pixels">908.33dp</dimen>
    <dimen name="xxh_546pixels">910dp</dimen>
    <dimen name="xxh_547pixels">911.67dp</dimen>
    <dimen name="xxh_548pixels">913.33dp</dimen>
    <dimen name="xxh_549pixels">915dp</dimen>
    <dimen name="xxh_550pixels">916.67dp</dimen>
    <dimen name="xxh_551pixels">918.33dp</dimen>
    <dimen name="xxh_552pixels">920dp</dimen>
    <dimen name="xxh_553pixels">921.67dp</dimen>
    <dimen name="xxh_554pixels">923.33dp</dimen>
    <dimen name="xxh_555pixels">925dp</dimen>
    <dimen name="xxh_556pixels">926.67dp</dimen>
    <dimen name="xxh_557pixels">928.33dp</dimen>
    <dimen name="xxh_558pixels">930dp</dimen>
    <dimen name="xxh_559pixels">931.67dp</dimen>
    <dimen name="xxh_560pixels">933.33dp</dimen>
    <dimen name="xxh_561pixels">935dp</dimen>
    <dimen name="xxh_562pixels">936.67dp</dimen>
    <dimen name="xxh_563pixels">938.33dp</dimen>
    <dimen name="xxh_564pixels">940dp</dimen>
    <dimen name="xxh_565pixels">941.67dp</dimen>
    <dimen name="xxh_566pixels">943.33dp</dimen>
    <dimen name="xxh_567pixels">945dp</dimen>
    <dimen name="xxh_568pixels">946.67dp</dimen>
    <dimen name="xxh_569pixels">948.33dp</dimen>
    <dimen name="xxh_570pixels">950dp</dimen>
    <dimen name="xxh_571pixels">951.67dp</dimen>
    <dimen name="xxh_572pixels">953.33dp</dimen>
    <dimen name="xxh_573pixels">955dp</dimen>
    <dimen name="xxh_574pixels">956.67dp</dimen>
    <dimen name="xxh_575pixels">958.33dp</dimen>
    <dimen name="xxh_576pixels">960dp</dimen>
    <dimen name="xxh_577pixels">961.67dp</dimen>
    <dimen name="xxh_578pixels">963.33dp</dimen>
    <dimen name="xxh_579pixels">965dp</dimen>
    <dimen name="xxh_580pixels">966.67dp</dimen>
    <dimen name="xxh_581pixels">968.33dp</dimen>
    <dimen name="xxh_582pixels">970dp</dimen>
    <dimen name="xxh_583pixels">971.67dp</dimen>
    <dimen name="xxh_584pixels">973.33dp</dimen>
    <dimen name="xxh_585pixels">975dp</dimen>
    <dimen name="xxh_586pixels">976.67dp</dimen>
    <dimen name="xxh_587pixels">978.33dp</dimen>
    <dimen name="xxh_588pixels">980dp</dimen>
    <dimen name="xxh_589pixels">981.67dp</dimen>
    <dimen name="xxh_590pixels">983.33dp</dimen>
    <dimen name="xxh_591pixels">985dp</dimen>
    <dimen name="xxh_592pixels">986.67dp</dimen>
    <dimen name="xxh_593pixels">988.33dp</dimen>
    <dimen name="xxh_594pixels">990dp</dimen>
    <dimen name="xxh_595pixels">991.67dp</dimen>
    <dimen name="xxh_596pixels">993.33dp</dimen>
    <dimen name="xxh_597pixels">995dp</dimen>
    <dimen name="xxh_598pixels">996.67dp</dimen>
    <dimen name="xxh_599pixels">998.33dp</dimen>
    <dimen name="xxh_600pixels">1000dp</dimen>
    <dimen name="xxh_601pixels">1001.67dp</dimen>
    <dimen name="xxh_602pixels">1003.33dp</dimen>
    <dimen name="xxh_603pixels">1005dp</dimen>
    <dimen name="xxh_604pixels">1006.67dp</dimen>
    <dimen name="xxh_605pixels">1008.33dp</dimen>
    <dimen name="xxh_606pixels">1010dp</dimen>
    <dimen name="xxh_607pixels">1011.67dp</dimen>
    <dimen name="xxh_608pixels">1013.33dp</dimen>
    <dimen name="xxh_609pixels">1015dp</dimen>
    <dimen name="xxh_610pixels">1016.67dp</dimen>
    <dimen name="xxh_611pixels">1018.33dp</dimen>
    <dimen name="xxh_612pixels">1020dp</dimen>
    <dimen name="xxh_613pixels">1021.67dp</dimen>
    <dimen name="xxh_614pixels">1023.33dp</dimen>
    <dimen name="xxh_615pixels">1025dp</dimen>
    <dimen name="xxh_616pixels">1026.67dp</dimen>
    <dimen name="xxh_617pixels">1028.33dp</dimen>
    <dimen name="xxh_618pixels">1030dp</dimen>
    <dimen name="xxh_619pixels">1031.67dp</dimen>
    <dimen name="xxh_620pixels">1033.33dp</dimen>
    <dimen name="xxh_621pixels">1035dp</dimen>
    <dimen name="xxh_622pixels">1036.67dp</dimen>
    <dimen name="xxh_623pixels">1038.33dp</dimen>
    <dimen name="xxh_624pixels">1040dp</dimen>
    <dimen name="xxh_625pixels">1041.67dp</dimen>
    <dimen name="xxh_626pixels">1043.33dp</dimen>
    <dimen name="xxh_627pixels">1045dp</dimen>
    <dimen name="xxh_628pixels">1046.67dp</dimen>
    <dimen name="xxh_629pixels">1048.33dp</dimen>
    <dimen name="xxh_630pixels">1050dp</dimen>
    <dimen name="xxh_631pixels">1051.67dp</dimen>
    <dimen name="xxh_632pixels">1053.33dp</dimen>
    <dimen name="xxh_633pixels">1055dp</dimen>
    <dimen name="xxh_634pixels">1056.67dp</dimen>
    <dimen name="xxh_635pixels">1058.33dp</dimen>
    <dimen name="xxh_636pixels">1060dp</dimen>
    <dimen name="xxh_637pixels">1061.67dp</dimen>
    <dimen name="xxh_638pixels">1063.33dp</dimen>
    <dimen name="xxh_639pixels">1065dp</dimen>
    <dimen name="xxh_640pixels">1066.67dp</dimen>
    <dimen name="xxh_641pixels">1068.33dp</dimen>
    <dimen name="xxh_642pixels">1070dp</dimen>
    <dimen name="xxh_643pixels">1071.67dp</dimen>
    <dimen name="xxh_644pixels">1073.33dp</dimen>
    <dimen name="xxh_645pixels">1075dp</dimen>
    <dimen name="xxh_646pixels">1076.67dp</dimen>
    <dimen name="xxh_647pixels">1078.33dp</dimen>
    <dimen name="xxh_648pixels">1080dp</dimen>
    <dimen name="xxh_649pixels">1081.67dp</dimen>
    <dimen name="xxh_650pixels">1083.33dp</dimen>
    <dimen name="xxh_651pixels">1085dp</dimen>
    <dimen name="xxh_652pixels">1086.67dp</dimen>
    <dimen name="xxh_653pixels">1088.33dp</dimen>
    <dimen name="xxh_654pixels">1090dp</dimen>
    <dimen name="xxh_655pixels">1091.67dp</dimen>
    <dimen name="xxh_656pixels">1093.33dp</dimen>
    <dimen name="xxh_657pixels">1095dp</dimen>
    <dimen name="xxh_658pixels">1096.67dp</dimen>
    <dimen name="xxh_659pixels">1098.33dp</dimen>
    <dimen name="xxh_660pixels">1100dp</dimen>
    <dimen name="xxh_661pixels">1101.67dp</dimen>
    <dimen name="xxh_662pixels">1103.33dp</dimen>
    <dimen name="xxh_663pixels">1105dp</dimen>
    <dimen name="xxh_664pixels">1106.67dp</dimen>
    <dimen name="xxh_665pixels">1108.33dp</dimen>
    <dimen name="xxh_666pixels">1110dp</dimen>
    <dimen name="xxh_667pixels">1111.67dp</dimen>
    <dimen name="xxh_668pixels">1113.33dp</dimen>
    <dimen name="xxh_669pixels">1115dp</dimen>
    <dimen name="xxh_670pixels">1116.67dp</dimen>
    <dimen name="xxh_671pixels">1118.33dp</dimen>
    <dimen name="xxh_672pixels">1120dp</dimen>
    <dimen name="xxh_673pixels">1121.67dp</dimen>
    <dimen name="xxh_674pixels">1123.33dp</dimen>
    <dimen name="xxh_675pixels">1125dp</dimen>
    <dimen name="xxh_676pixels">1126.67dp</dimen>
    <dimen name="xxh_677pixels">1128.33dp</dimen>
    <dimen name="xxh_678pixels">1130dp</dimen>
    <dimen name="xxh_679pixels">1131.67dp</dimen>
    <dimen name="xxh_680pixels">1133.33dp</dimen>
    <dimen name="xxh_681pixels">1135dp</dimen>
    <dimen name="xxh_682pixels">1136.67dp</dimen>
    <dimen name="xxh_683pixels">1138.33dp</dimen>
    <dimen name="xxh_684pixels">1140dp</dimen>
    <dimen name="xxh_685pixels">1141.67dp</dimen>
    <dimen name="xxh_686pixels">1143.33dp</dimen>
    <dimen name="xxh_687pixels">1145dp</dimen>
    <dimen name="xxh_688pixels">1146.67dp</dimen>
    <dimen name="xxh_689pixels">1148.33dp</dimen>
    <dimen name="xxh_690pixels">1150dp</dimen>
    <dimen name="xxh_691pixels">1151.67dp</dimen>
    <dimen name="xxh_692pixels">1153.33dp</dimen>
    <dimen name="xxh_693pixels">1155dp</dimen>
    <dimen name="xxh_694pixels">1156.67dp</dimen>
    <dimen name="xxh_695pixels">1158.33dp</dimen>
    <dimen name="xxh_696pixels">1160dp</dimen>
    <dimen name="xxh_697pixels">1161.67dp</dimen>
    <dimen name="xxh_698pixels">1163.33dp</dimen>
    <dimen name="xxh_699pixels">1165dp</dimen>
    <dimen name="xxh_700pixels">1166.67dp</dimen>
    <dimen name="xxh_701pixels">1168.33dp</dimen>
    <dimen name="xxh_702pixels">1170dp</dimen>
    <dimen name="xxh_703pixels">1171.67dp</dimen>
    <dimen name="xxh_704pixels">1173.33dp</dimen>
    <dimen name="xxh_705pixels">1175dp</dimen>
    <dimen name="xxh_706pixels">1176.67dp</dimen>
    <dimen name="xxh_707pixels">1178.33dp</dimen>
    <dimen name="xxh_708pixels">1180dp</dimen>
    <dimen name="xxh_709pixels">1181.67dp</dimen>
    <dimen name="xxh_710pixels">1183.33dp</dimen>
    <dimen name="xxh_711pixels">1185dp</dimen>
    <dimen name="xxh_712pixels">1186.67dp</dimen>
    <dimen name="xxh_713pixels">1188.33dp</dimen>
    <dimen name="xxh_714pixels">1190dp</dimen>
    <dimen name="xxh_715pixels">1191.67dp</dimen>
    <dimen name="xxh_716pixels">1193.33dp</dimen>
    <dimen name="xxh_717pixels">1195dp</dimen>
    <dimen name="xxh_718pixels">1196.67dp</dimen>
    <dimen name="xxh_719pixels">1198.33dp</dimen>
    <dimen name="xxh_720pixels">1200dp</dimen>
    <dimen name="xxh_721pixels">1201.67dp</dimen>
    <dimen name="xxh_722pixels">1203.33dp</dimen>
    <dimen name="xxh_723pixels">1205dp</dimen>
    <dimen name="xxh_724pixels">1206.67dp</dimen>
    <dimen name="xxh_725pixels">1208.33dp</dimen>
    <dimen name="xxh_726pixels">1210dp</dimen>
    <dimen name="xxh_727pixels">1211.67dp</dimen>
    <dimen name="xxh_728pixels">1213.33dp</dimen>
    <dimen name="xxh_729pixels">1215dp</dimen>
    <dimen name="xxh_730pixels">1216.67dp</dimen>
    <dimen name="xxh_731pixels">1218.33dp</dimen>
    <dimen name="xxh_732pixels">1220dp</dimen>
    <dimen name="xxh_733pixels">1221.67dp</dimen>
    <dimen name="xxh_734pixels">1223.33dp</dimen>
    <dimen name="xxh_735pixels">1225dp</dimen>
    <dimen name="xxh_736pixels">1226.67dp</dimen>
    <dimen name="xxh_737pixels">1228.33dp</dimen>
    <dimen name="xxh_738pixels">1230dp</dimen>
    <dimen name="xxh_739pixels">1231.67dp</dimen>
    <dimen name="xxh_740pixels">1233.33dp</dimen>
    <dimen name="xxh_741pixels">1235dp</dimen>
    <dimen name="xxh_742pixels">1236.67dp</dimen>
    <dimen name="xxh_743pixels">1238.33dp</dimen>
    <dimen name="xxh_744pixels">1240dp</dimen>
    <dimen name="xxh_745pixels">1241.67dp</dimen>
    <dimen name="xxh_746pixels">1243.33dp</dimen>
    <dimen name="xxh_747pixels">1245dp</dimen>
    <dimen name="xxh_748pixels">1246.67dp</dimen>
    <dimen name="xxh_749pixels">1248.33dp</dimen>
    <dimen name="xxh_750pixels">1250dp</dimen>
    <dimen name="xxh_751pixels">1251.67dp</dimen>
    <dimen name="xxh_752pixels">1253.33dp</dimen>
    <dimen name="xxh_753pixels">1255dp</dimen>
    <dimen name="xxh_754pixels">1256.67dp</dimen>
    <dimen name="xxh_755pixels">1258.33dp</dimen>
    <dimen name="xxh_756pixels">1260dp</dimen>
    <dimen name="xxh_757pixels">1261.67dp</dimen>
    <dimen name="xxh_758pixels">1263.33dp</dimen>
    <dimen name="xxh_759pixels">1265dp</dimen>
    <dimen name="xxh_760pixels">1266.67dp</dimen>
    <dimen name="xxh_761pixels">1268.33dp</dimen>
    <dimen name="xxh_762pixels">1270dp</dimen>
    <dimen name="xxh_763pixels">1271.67dp</dimen>
    <dimen name="xxh_764pixels">1273.33dp</dimen>
    <dimen name="xxh_765pixels">1275dp</dimen>
    <dimen name="xxh_766pixels">1276.67dp</dimen>
    <dimen name="xxh_767pixels">1278.33dp</dimen>
    <dimen name="xxh_768pixels">1280dp</dimen>
    <dimen name="xxh_769pixels">1281.67dp</dimen>
    <dimen name="xxh_770pixels">1283.33dp</dimen>
    <dimen name="xxh_771pixels">1285dp</dimen>
    <dimen name="xxh_772pixels">1286.67dp</dimen>
    <dimen name="xxh_773pixels">1288.33dp</dimen>
    <dimen name="xxh_774pixels">1290dp</dimen>
    <dimen name="xxh_775pixels">1291.67dp</dimen>
    <dimen name="xxh_776pixels">1293.33dp</dimen>
    <dimen name="xxh_777pixels">1295dp</dimen>
    <dimen name="xxh_778pixels">1296.67dp</dimen>
    <dimen name="xxh_779pixels">1298.33dp</dimen>
    <dimen name="xxh_780pixels">1300dp</dimen>
    <dimen name="xxh_781pixels">1301.67dp</dimen>
    <dimen name="xxh_782pixels">1303.33dp</dimen>
    <dimen name="xxh_783pixels">1305dp</dimen>
    <dimen name="xxh_784pixels">1306.67dp</dimen>
    <dimen name="xxh_785pixels">1308.33dp</dimen>
    <dimen name="xxh_786pixels">1310dp</dimen>
    <dimen name="xxh_787pixels">1311.67dp</dimen>
    <dimen name="xxh_788pixels">1313.33dp</dimen>
    <dimen name="xxh_789pixels">1315dp</dimen>
    <dimen name="xxh_790pixels">1316.67dp</dimen>
    <dimen name="xxh_791pixels">1318.33dp</dimen>
    <dimen name="xxh_792pixels">1320dp</dimen>
    <dimen name="xxh_793pixels">1321.67dp</dimen>
    <dimen name="xxh_794pixels">1323.33dp</dimen>
    <dimen name="xxh_795pixels">1325dp</dimen>
    <dimen name="xxh_796pixels">1326.67dp</dimen>
    <dimen name="xxh_797pixels">1328.33dp</dimen>
    <dimen name="xxh_798pixels">1330dp</dimen>
    <dimen name="xxh_799pixels">1331.67dp</dimen>
    <dimen name="xxh_800pixels">1333.33dp</dimen>
    <dimen name="xxh_801pixels">1335dp</dimen>
    <dimen name="xxh_802pixels">1336.67dp</dimen>
    <dimen name="xxh_803pixels">1338.33dp</dimen>
    <dimen name="xxh_804pixels">1340dp</dimen>
    <dimen name="xxh_805pixels">1341.67dp</dimen>
    <dimen name="xxh_806pixels">1343.33dp</dimen>
    <dimen name="xxh_807pixels">1345dp</dimen>
    <dimen name="xxh_808pixels">1346.67dp</dimen>
    <dimen name="xxh_809pixels">1348.33dp</dimen>
    <dimen name="xxh_810pixels">1350dp</dimen>
    <dimen name="xxh_811pixels">1351.67dp</dimen>
    <dimen name="xxh_812pixels">1353.33dp</dimen>
    <dimen name="xxh_813pixels">1355dp</dimen>
    <dimen name="xxh_814pixels">1356.67dp</dimen>
    <dimen name="xxh_815pixels">1358.33dp</dimen>
    <dimen name="xxh_816pixels">1360dp</dimen>
    <dimen name="xxh_817pixels">1361.67dp</dimen>
    <dimen name="xxh_818pixels">1363.33dp</dimen>
    <dimen name="xxh_819pixels">1365dp</dimen>
    <dimen name="xxh_820pixels">1366.67dp</dimen>
    <dimen name="xxh_821pixels">1368.33dp</dimen>
    <dimen name="xxh_822pixels">1370dp</dimen>
    <dimen name="xxh_823pixels">1371.67dp</dimen>
    <dimen name="xxh_824pixels">1373.33dp</dimen>
    <dimen name="xxh_825pixels">1375dp</dimen>
    <dimen name="xxh_826pixels">1376.67dp</dimen>
    <dimen name="xxh_827pixels">1378.33dp</dimen>
    <dimen name="xxh_828pixels">1380dp</dimen>
    <dimen name="xxh_829pixels">1381.67dp</dimen>
    <dimen name="xxh_830pixels">1383.33dp</dimen>
    <dimen name="xxh_831pixels">1385dp</dimen>
    <dimen name="xxh_832pixels">1386.67dp</dimen>
    <dimen name="xxh_833pixels">1388.33dp</dimen>
    <dimen name="xxh_834pixels">1390dp</dimen>
    <dimen name="xxh_835pixels">1391.67dp</dimen>
    <dimen name="xxh_836pixels">1393.33dp</dimen>
    <dimen name="xxh_837pixels">1395dp</dimen>
    <dimen name="xxh_838pixels">1396.67dp</dimen>
    <dimen name="xxh_839pixels">1398.33dp</dimen>
    <dimen name="xxh_840pixels">1400dp</dimen>
    <dimen name="xxh_841pixels">1401.67dp</dimen>
    <dimen name="xxh_842pixels">1403.33dp</dimen>
    <dimen name="xxh_843pixels">1405dp</dimen>
    <dimen name="xxh_844pixels">1406.67dp</dimen>
    <dimen name="xxh_845pixels">1408.33dp</dimen>
    <dimen name="xxh_846pixels">1410dp</dimen>
    <dimen name="xxh_847pixels">1411.67dp</dimen>
    <dimen name="xxh_848pixels">1413.33dp</dimen>
    <dimen name="xxh_849pixels">1415dp</dimen>
    <dimen name="xxh_850pixels">1416.67dp</dimen>
    <dimen name="xxh_851pixels">1418.33dp</dimen>
    <dimen name="xxh_852pixels">1420dp</dimen>
    <dimen name="xxh_853pixels">1421.67dp</dimen>
    <dimen name="xxh_854pixels">1423.33dp</dimen>
    <dimen name="xxh_855pixels">1425dp</dimen>
    <dimen name="xxh_856pixels">1426.67dp</dimen>
    <dimen name="xxh_857pixels">1428.33dp</dimen>
    <dimen name="xxh_858pixels">1430dp</dimen>
    <dimen name="xxh_859pixels">1431.67dp</dimen>
    <dimen name="xxh_860pixels">1433.33dp</dimen>
    <dimen name="xxh_861pixels">1435dp</dimen>
    <dimen name="xxh_862pixels">1436.67dp</dimen>
    <dimen name="xxh_863pixels">1438.33dp</dimen>
    <dimen name="xxh_864pixels">1440dp</dimen>
    <dimen name="xxh_865pixels">1441.67dp</dimen>
    <dimen name="xxh_866pixels">1443.33dp</dimen>
    <dimen name="xxh_867pixels">1445dp</dimen>
    <dimen name="xxh_868pixels">1446.67dp</dimen>
    <dimen name="xxh_869pixels">1448.33dp</dimen>
    <dimen name="xxh_870pixels">1450dp</dimen>
    <dimen name="xxh_871pixels">1451.67dp</dimen>
    <dimen name="xxh_872pixels">1453.33dp</dimen>
    <dimen name="xxh_873pixels">1455dp</dimen>
    <dimen name="xxh_874pixels">1456.67dp</dimen>
    <dimen name="xxh_875pixels">1458.33dp</dimen>
    <dimen name="xxh_876pixels">1460dp</dimen>
    <dimen name="xxh_877pixels">1461.67dp</dimen>
    <dimen name="xxh_878pixels">1463.33dp</dimen>
    <dimen name="xxh_879pixels">1465dp</dimen>
    <dimen name="xxh_880pixels">1466.67dp</dimen>
    <dimen name="xxh_881pixels">1468.33dp</dimen>
    <dimen name="xxh_882pixels">1470dp</dimen>
    <dimen name="xxh_883pixels">1471.67dp</dimen>
    <dimen name="xxh_884pixels">1473.33dp</dimen>
    <dimen name="xxh_885pixels">1475dp</dimen>
    <dimen name="xxh_886pixels">1476.67dp</dimen>
    <dimen name="xxh_887pixels">1478.33dp</dimen>
    <dimen name="xxh_888pixels">1480dp</dimen>
    <dimen name="xxh_889pixels">1481.67dp</dimen>
    <dimen name="xxh_890pixels">1483.33dp</dimen>
    <dimen name="xxh_891pixels">1485dp</dimen>
    <dimen name="xxh_892pixels">1486.67dp</dimen>
    <dimen name="xxh_893pixels">1488.33dp</dimen>
    <dimen name="xxh_894pixels">1490dp</dimen>
    <dimen name="xxh_895pixels">1491.67dp</dimen>
    <dimen name="xxh_896pixels">1493.33dp</dimen>
    <dimen name="xxh_897pixels">1495dp</dimen>
    <dimen name="xxh_898pixels">1496.67dp</dimen>
    <dimen name="xxh_899pixels">1498.33dp</dimen>
    <dimen name="xxh_900pixels">1500dp</dimen>
    <dimen name="xxh_901pixels">1501.67dp</dimen>
    <dimen name="xxh_902pixels">1503.33dp</dimen>
    <dimen name="xxh_903pixels">1505dp</dimen>
    <dimen name="xxh_904pixels">1506.67dp</dimen>
    <dimen name="xxh_905pixels">1508.33dp</dimen>
    <dimen name="xxh_906pixels">1510dp</dimen>
    <dimen name="xxh_907pixels">1511.67dp</dimen>
    <dimen name="xxh_908pixels">1513.33dp</dimen>
    <dimen name="xxh_909pixels">1515dp</dimen>
    <dimen name="xxh_910pixels">1516.67dp</dimen>
    <dimen name="xxh_911pixels">1518.33dp</dimen>
    <dimen name="xxh_912pixels">1520dp</dimen>
    <dimen name="xxh_913pixels">1521.67dp</dimen>
    <dimen name="xxh_914pixels">1523.33dp</dimen>
    <dimen name="xxh_915pixels">1525dp</dimen>
    <dimen name="xxh_916pixels">1526.67dp</dimen>
    <dimen name="xxh_917pixels">1528.33dp</dimen>
    <dimen name="xxh_918pixels">1530dp</dimen>
    <dimen name="xxh_919pixels">1531.67dp</dimen>
    <dimen name="xxh_920pixels">1533.33dp</dimen>
    <dimen name="xxh_921pixels">1535dp</dimen>
    <dimen name="xxh_922pixels">1536.67dp</dimen>
    <dimen name="xxh_923pixels">1538.33dp</dimen>
    <dimen name="xxh_924pixels">1540dp</dimen>
    <dimen name="xxh_925pixels">1541.67dp</dimen>
    <dimen name="xxh_926pixels">1543.33dp</dimen>
    <dimen name="xxh_927pixels">1545dp</dimen>
    <dimen name="xxh_928pixels">1546.67dp</dimen>
    <dimen name="xxh_929pixels">1548.33dp</dimen>
    <dimen name="xxh_930pixels">1550dp</dimen>
    <dimen name="xxh_931pixels">1551.67dp</dimen>
    <dimen name="xxh_932pixels">1553.33dp</dimen>
    <dimen name="xxh_933pixels">1555dp</dimen>
    <dimen name="xxh_934pixels">1556.67dp</dimen>
    <dimen name="xxh_935pixels">1558.33dp</dimen>
    <dimen name="xxh_936pixels">1560dp</dimen>
    <dimen name="xxh_937pixels">1561.67dp</dimen>
    <dimen name="xxh_938pixels">1563.33dp</dimen>
    <dimen name="xxh_939pixels">1565dp</dimen>
    <dimen name="xxh_940pixels">1566.67dp</dimen>
    <dimen name="xxh_941pixels">1568.33dp</dimen>
    <dimen name="xxh_942pixels">1570dp</dimen>
    <dimen name="xxh_943pixels">1571.67dp</dimen>
    <dimen name="xxh_944pixels">1573.33dp</dimen>
    <dimen name="xxh_945pixels">1575dp</dimen>
    <dimen name="xxh_946pixels">1576.67dp</dimen>
    <dimen name="xxh_947pixels">1578.33dp</dimen>
    <dimen name="xxh_948pixels">1580dp</dimen>
    <dimen name="xxh_949pixels">1581.67dp</dimen>
    <dimen name="xxh_950pixels">1583.33dp</dimen>
    <dimen name="xxh_951pixels">1585dp</dimen>
    <dimen name="xxh_952pixels">1586.67dp</dimen>
    <dimen name="xxh_953pixels">1588.33dp</dimen>
    <dimen name="xxh_954pixels">1590dp</dimen>
    <dimen name="xxh_955pixels">1591.67dp</dimen>
    <dimen name="xxh_956pixels">1593.33dp</dimen>
    <dimen name="xxh_957pixels">1595dp</dimen>
    <dimen name="xxh_958pixels">1596.67dp</dimen>
    <dimen name="xxh_959pixels">1598.33dp</dimen>
    <dimen name="xxh_960pixels">1600dp</dimen>
    <dimen name="xxh_961pixels">1601.67dp</dimen>
    <dimen name="xxh_962pixels">1603.33dp</dimen>
    <dimen name="xxh_963pixels">1605dp</dimen>
    <dimen name="xxh_964pixels">1606.67dp</dimen>
    <dimen name="xxh_965pixels">1608.33dp</dimen>
    <dimen name="xxh_966pixels">1610dp</dimen>
    <dimen name="xxh_967pixels">1611.67dp</dimen>
    <dimen name="xxh_968pixels">1613.33dp</dimen>
    <dimen name="xxh_969pixels">1615dp</dimen>
    <dimen name="xxh_970pixels">1616.67dp</dimen>
    <dimen name="xxh_971pixels">1618.33dp</dimen>
    <dimen name="xxh_972pixels">1620dp</dimen>
    <dimen name="xxh_973pixels">1621.67dp</dimen>
    <dimen name="xxh_974pixels">1623.33dp</dimen>
    <dimen name="xxh_975pixels">1625dp</dimen>
    <dimen name="xxh_976pixels">1626.67dp</dimen>
    <dimen name="xxh_977pixels">1628.33dp</dimen>
    <dimen name="xxh_978pixels">1630dp</dimen>
    <dimen name="xxh_979pixels">1631.67dp</dimen>
    <dimen name="xxh_980pixels">1633.33dp</dimen>
    <dimen name="xxh_981pixels">1635dp</dimen>
    <dimen name="xxh_982pixels">1636.67dp</dimen>
    <dimen name="xxh_983pixels">1638.33dp</dimen>
    <dimen name="xxh_984pixels">1640dp</dimen>
    <dimen name="xxh_985pixels">1641.67dp</dimen>
    <dimen name="xxh_986pixels">1643.33dp</dimen>
    <dimen name="xxh_987pixels">1645dp</dimen>
    <dimen name="xxh_988pixels">1646.67dp</dimen>
    <dimen name="xxh_989pixels">1648.33dp</dimen>
    <dimen name="xxh_990pixels">1650dp</dimen>
    <dimen name="xxh_991pixels">1651.67dp</dimen>
    <dimen name="xxh_992pixels">1653.33dp</dimen>
    <dimen name="xxh_993pixels">1655dp</dimen>
    <dimen name="xxh_994pixels">1656.67dp</dimen>
    <dimen name="xxh_995pixels">1658.33dp</dimen>
    <dimen name="xxh_996pixels">1660dp</dimen>
    <dimen name="xxh_997pixels">1661.67dp</dimen>
    <dimen name="xxh_998pixels">1663.33dp</dimen>
    <dimen name="xxh_999pixels">1665dp</dimen>
    <dimen name="xxh_1000pixels">1666.67dp</dimen>
    <dimen name="xxh_1001pixels">1668.33dp</dimen>
    <dimen name="xxh_1002pixels">1670dp</dimen>
    <dimen name="xxh_1003pixels">1671.67dp</dimen>
    <dimen name="xxh_1004pixels">1673.33dp</dimen>
    <dimen name="xxh_1005pixels">1675dp</dimen>
    <dimen name="xxh_1006pixels">1676.67dp</dimen>
    <dimen name="xxh_1007pixels">1678.33dp</dimen>
    <dimen name="xxh_1008pixels">1680dp</dimen>
    <dimen name="xxh_1009pixels">1681.67dp</dimen>
    <dimen name="xxh_1010pixels">1683.33dp</dimen>
    <dimen name="xxh_1011pixels">1685dp</dimen>
    <dimen name="xxh_1012pixels">1686.67dp</dimen>
    <dimen name="xxh_1013pixels">1688.33dp</dimen>
    <dimen name="xxh_1014pixels">1690dp</dimen>
    <dimen name="xxh_1015pixels">1691.67dp</dimen>
    <dimen name="xxh_1016pixels">1693.33dp</dimen>
    <dimen name="xxh_1017pixels">1695dp</dimen>
    <dimen name="xxh_1018pixels">1696.67dp</dimen>
    <dimen name="xxh_1019pixels">1698.33dp</dimen>
    <dimen name="xxh_1020pixels">1700dp</dimen>
    <dimen name="xxh_1021pixels">1701.67dp</dimen>
    <dimen name="xxh_1022pixels">1703.33dp</dimen>
    <dimen name="xxh_1023pixels">1705dp</dimen>
    <dimen name="xxh_1024pixels">1706.67dp</dimen>
    <dimen name="xxh_1025pixels">1708.33dp</dimen>
    <dimen name="xxh_1026pixels">1710dp</dimen>
    <dimen name="xxh_1027pixels">1711.67dp</dimen>
    <dimen name="xxh_1028pixels">1713.33dp</dimen>
    <dimen name="xxh_1029pixels">1715dp</dimen>
    <dimen name="xxh_1030pixels">1716.67dp</dimen>
    <dimen name="xxh_1031pixels">1718.33dp</dimen>
    <dimen name="xxh_1032pixels">1720dp</dimen>
    <dimen name="xxh_1033pixels">1721.67dp</dimen>
    <dimen name="xxh_1034pixels">1723.33dp</dimen>
    <dimen name="xxh_1035pixels">1725dp</dimen>
    <dimen name="xxh_1036pixels">1726.67dp</dimen>
    <dimen name="xxh_1037pixels">1728.33dp</dimen>
    <dimen name="xxh_1038pixels">1730dp</dimen>
    <dimen name="xxh_1039pixels">1731.67dp</dimen>
    <dimen name="xxh_1040pixels">1733.33dp</dimen>
    <dimen name="xxh_1041pixels">1735dp</dimen>
    <dimen name="xxh_1042pixels">1736.67dp</dimen>
    <dimen name="xxh_1043pixels">1738.33dp</dimen>
    <dimen name="xxh_1044pixels">1740dp</dimen>
    <dimen name="xxh_1045pixels">1741.67dp</dimen>
    <dimen name="xxh_1046pixels">1743.33dp</dimen>
    <dimen name="xxh_1047pixels">1745dp</dimen>
    <dimen name="xxh_1048pixels">1746.67dp</dimen>
    <dimen name="xxh_1049pixels">1748.33dp</dimen>
    <dimen name="xxh_1050pixels">1750dp</dimen>
    <dimen name="xxh_1051pixels">1751.67dp</dimen>
    <dimen name="xxh_1052pixels">1753.33dp</dimen>
    <dimen name="xxh_1053pixels">1755dp</dimen>
    <dimen name="xxh_1054pixels">1756.67dp</dimen>
    <dimen name="xxh_1055pixels">1758.33dp</dimen>
    <dimen name="xxh_1056pixels">1760dp</dimen>
    <dimen name="xxh_1057pixels">1761.67dp</dimen>
    <dimen name="xxh_1058pixels">1763.33dp</dimen>
    <dimen name="xxh_1059pixels">1765dp</dimen>
    <dimen name="xxh_1060pixels">1766.67dp</dimen>
    <dimen name="xxh_1061pixels">1768.33dp</dimen>
    <dimen name="xxh_1062pixels">1770dp</dimen>
    <dimen name="xxh_1063pixels">1771.67dp</dimen>
    <dimen name="xxh_1064pixels">1773.33dp</dimen>
    <dimen name="xxh_1065pixels">1775dp</dimen>
    <dimen name="xxh_1066pixels">1776.67dp</dimen>
    <dimen name="xxh_1067pixels">1778.33dp</dimen>
    <dimen name="xxh_1068pixels">1780dp</dimen>
    <dimen name="xxh_1069pixels">1781.67dp</dimen>
    <dimen name="xxh_1070pixels">1783.33dp</dimen>
    <dimen name="xxh_1071pixels">1785dp</dimen>
    <dimen name="xxh_1072pixels">1786.67dp</dimen>
    <dimen name="xxh_1073pixels">1788.33dp</dimen>
    <dimen name="xxh_1074pixels">1790dp</dimen>
    <dimen name="xxh_1075pixels">1791.67dp</dimen>
    <dimen name="xxh_1076pixels">1793.33dp</dimen>
    <dimen name="xxh_1077pixels">1795dp</dimen>
    <dimen name="xxh_1078pixels">1796.67dp</dimen>
    <dimen name="xxh_1079pixels">1798.33dp</dimen>
    <dimen name="xxh_1080pixels">1800dp</dimen>
    <dimen name="xxh_1081pixels">1801.67dp</dimen>
    <dimen name="xxh_1082pixels">1803.33dp</dimen>
    <dimen name="xxh_1083pixels">1805dp</dimen>
    <dimen name="xxh_1084pixels">1806.67dp</dimen>
    <dimen name="xxh_1085pixels">1808.33dp</dimen>
    <dimen name="xxh_1086pixels">1810dp</dimen>
    <dimen name="xxh_1087pixels">1811.67dp</dimen>
    <dimen name="xxh_1088pixels">1813.33dp</dimen>
    <dimen name="xxh_1089pixels">1815dp</dimen>
    <dimen name="xxh_1090pixels">1816.67dp</dimen>
    <dimen name="xxh_1091pixels">1818.33dp</dimen>
    <dimen name="xxh_1092pixels">1820dp</dimen>
    <dimen name="xxh_1093pixels">1821.67dp</dimen>
    <dimen name="xxh_1094pixels">1823.33dp</dimen>
    <dimen name="xxh_1095pixels">1825dp</dimen>
    <dimen name="xxh_1096pixels">1826.67dp</dimen>
    <dimen name="xxh_1097pixels">1828.33dp</dimen>
    <dimen name="xxh_1098pixels">1830dp</dimen>
    <dimen name="xxh_1099pixels">1831.67dp</dimen>
    <dimen name="xxh_1100pixels">1833.33dp</dimen>
    <dimen name="xxh_1101pixels">1835dp</dimen>
    <dimen name="xxh_1102pixels">1836.67dp</dimen>
    <dimen name="xxh_1103pixels">1838.33dp</dimen>
    <dimen name="xxh_1104pixels">1840dp</dimen>
    <dimen name="xxh_1105pixels">1841.67dp</dimen>
    <dimen name="xxh_1106pixels">1843.33dp</dimen>
    <dimen name="xxh_1107pixels">1845dp</dimen>
    <dimen name="xxh_1108pixels">1846.67dp</dimen>
    <dimen name="xxh_1109pixels">1848.33dp</dimen>
    <dimen name="xxh_1110pixels">1850dp</dimen>
    <dimen name="xxh_1111pixels">1851.67dp</dimen>
    <dimen name="xxh_1112pixels">1853.33dp</dimen>
    <dimen name="xxh_1113pixels">1855dp</dimen>
    <dimen name="xxh_1114pixels">1856.67dp</dimen>
    <dimen name="xxh_1115pixels">1858.33dp</dimen>
    <dimen name="xxh_1116pixels">1860dp</dimen>
    <dimen name="xxh_1117pixels">1861.67dp</dimen>
    <dimen name="xxh_1118pixels">1863.33dp</dimen>
    <dimen name="xxh_1119pixels">1865dp</dimen>
    <dimen name="xxh_1120pixels">1866.67dp</dimen>
    <dimen name="xxh_1121pixels">1868.33dp</dimen>
    <dimen name="xxh_1122pixels">1870dp</dimen>
    <dimen name="xxh_1123pixels">1871.67dp</dimen>
    <dimen name="xxh_1124pixels">1873.33dp</dimen>
    <dimen name="xxh_1125pixels">1875dp</dimen>
    <dimen name="xxh_1126pixels">1876.67dp</dimen>
    <dimen name="xxh_1127pixels">1878.33dp</dimen>
    <dimen name="xxh_1128pixels">1880dp</dimen>
    <dimen name="xxh_1129pixels">1881.67dp</dimen>
    <dimen name="xxh_1130pixels">1883.33dp</dimen>
    <dimen name="xxh_1131pixels">1885dp</dimen>
    <dimen name="xxh_1132pixels">1886.67dp</dimen>
    <dimen name="xxh_1133pixels">1888.33dp</dimen>
    <dimen name="xxh_1134pixels">1890dp</dimen>
    <dimen name="xxh_1135pixels">1891.67dp</dimen>
    <dimen name="xxh_1136pixels">1893.33dp</dimen>
    <dimen name="xxh_1137pixels">1895dp</dimen>
    <dimen name="xxh_1138pixels">1896.67dp</dimen>
    <dimen name="xxh_1139pixels">1898.33dp</dimen>
    <dimen name="xxh_1140pixels">1900dp</dimen>
    <dimen name="xxh_1141pixels">1901.67dp</dimen>
    <dimen name="xxh_1142pixels">1903.33dp</dimen>
    <dimen name="xxh_1143pixels">1905dp</dimen>
    <dimen name="xxh_1144pixels">1906.67dp</dimen>
    <dimen name="xxh_1145pixels">1908.33dp</dimen>
    <dimen name="xxh_1146pixels">1910dp</dimen>
    <dimen name="xxh_1147pixels">1911.67dp</dimen>
    <dimen name="xxh_1148pixels">1913.33dp</dimen>
    <dimen name="xxh_1149pixels">1915dp</dimen>
    <dimen name="xxh_1150pixels">1916.67dp</dimen>
    <dimen name="xxh_1151pixels">1918.33dp</dimen>
    <dimen name="xxh_1152pixels">1920dp</dimen>
    <dimen name="xxh_1153pixels">1921.67dp</dimen>
    <dimen name="xxh_1154pixels">1923.33dp</dimen>
    <dimen name="xxh_1155pixels">1925dp</dimen>
    <dimen name="xxh_1156pixels">1926.67dp</dimen>
    <dimen name="xxh_1157pixels">1928.33dp</dimen>
    <dimen name="xxh_1158pixels">1930dp</dimen>
    <dimen name="xxh_1159pixels">1931.67dp</dimen>
    <dimen name="xxh_1160pixels">1933.33dp</dimen>
    <dimen name="xxh_1161pixels">1935dp</dimen>
    <dimen name="xxh_1162pixels">1936.67dp</dimen>
    <dimen name="xxh_1163pixels">1938.33dp</dimen>
    <dimen name="xxh_1164pixels">1940dp</dimen>
    <dimen name="xxh_1165pixels">1941.67dp</dimen>
    <dimen name="xxh_1166pixels">1943.33dp</dimen>
    <dimen name="xxh_1167pixels">1945dp</dimen>
    <dimen name="xxh_1168pixels">1946.67dp</dimen>
    <dimen name="xxh_1169pixels">1948.33dp</dimen>
    <dimen name="xxh_1170pixels">1950dp</dimen>
    <dimen name="xxh_1171pixels">1951.67dp</dimen>
    <dimen name="xxh_1172pixels">1953.33dp</dimen>
    <dimen name="xxh_1173pixels">1955dp</dimen>
    <dimen name="xxh_1174pixels">1956.67dp</dimen>
    <dimen name="xxh_1175pixels">1958.33dp</dimen>
    <dimen name="xxh_1176pixels">1960dp</dimen>
    <dimen name="xxh_1177pixels">1961.67dp</dimen>
    <dimen name="xxh_1178pixels">1963.33dp</dimen>
    <dimen name="xxh_1179pixels">1965dp</dimen>
    <dimen name="xxh_1180pixels">1966.67dp</dimen>
    <dimen name="xxh_1181pixels">1968.33dp</dimen>
    <dimen name="xxh_1182pixels">1970dp</dimen>
    <dimen name="xxh_1183pixels">1971.67dp</dimen>
    <dimen name="xxh_1184pixels">1973.33dp</dimen>
    <dimen name="xxh_1185pixels">1975dp</dimen>
    <dimen name="xxh_1186pixels">1976.67dp</dimen>
    <dimen name="xxh_1187pixels">1978.33dp</dimen>
    <dimen name="xxh_1188pixels">1980dp</dimen>
    <dimen name="xxh_1189pixels">1981.67dp</dimen>
    <dimen name="xxh_1190pixels">1983.33dp</dimen>
    <dimen name="xxh_1191pixels">1985dp</dimen>
    <dimen name="xxh_1192pixels">1986.67dp</dimen>
    <dimen name="xxh_1193pixels">1988.33dp</dimen>
    <dimen name="xxh_1194pixels">1990dp</dimen>
    <dimen name="xxh_1195pixels">1991.67dp</dimen>
    <dimen name="xxh_1196pixels">1993.33dp</dimen>
    <dimen name="xxh_1197pixels">1995dp</dimen>
    <dimen name="xxh_1198pixels">1996.67dp</dimen>
    <dimen name="xxh_1199pixels">1998.33dp</dimen>
    <dimen name="xxh_1200pixels">2000dp</dimen>
    <dimen name="xxh_1201pixels">2001.67dp</dimen>
    <dimen name="xxh_1202pixels">2003.33dp</dimen>
    <dimen name="xxh_1203pixels">2005dp</dimen>
    <dimen name="xxh_1204pixels">2006.67dp</dimen>
    <dimen name="xxh_1205pixels">2008.33dp</dimen>
    <dimen name="xxh_1206pixels">2010dp</dimen>
    <dimen name="xxh_1207pixels">2011.67dp</dimen>
    <dimen name="xxh_1208pixels">2013.33dp</dimen>
    <dimen name="xxh_1209pixels">2015dp</dimen>
    <dimen name="xxh_1210pixels">2016.67dp</dimen>
    <dimen name="xxh_1211pixels">2018.33dp</dimen>
    <dimen name="xxh_1212pixels">2020dp</dimen>
    <dimen name="xxh_1213pixels">2021.67dp</dimen>
    <dimen name="xxh_1214pixels">2023.33dp</dimen>
    <dimen name="xxh_1215pixels">2025dp</dimen>
    <dimen name="xxh_1216pixels">2026.67dp</dimen>
    <dimen name="xxh_1217pixels">2028.33dp</dimen>
    <dimen name="xxh_1218pixels">2030dp</dimen>
    <dimen name="xxh_1219pixels">2031.67dp</dimen>
    <dimen name="xxh_1220pixels">2033.33dp</dimen>
    <dimen name="xxh_1221pixels">2035dp</dimen>
    <dimen name="xxh_1222pixels">2036.67dp</dimen>
    <dimen name="xxh_1223pixels">2038.33dp</dimen>
    <dimen name="xxh_1224pixels">2040dp</dimen>
    <dimen name="xxh_1225pixels">2041.67dp</dimen>
    <dimen name="xxh_1226pixels">2043.33dp</dimen>
    <dimen name="xxh_1227pixels">2045dp</dimen>
    <dimen name="xxh_1228pixels">2046.67dp</dimen>
    <dimen name="xxh_1229pixels">2048.33dp</dimen>
    <dimen name="xxh_1230pixels">2050dp</dimen>
    <dimen name="xxh_1231pixels">2051.67dp</dimen>
    <dimen name="xxh_1232pixels">2053.33dp</dimen>
    <dimen name="xxh_1233pixels">2055dp</dimen>
    <dimen name="xxh_1234pixels">2056.67dp</dimen>
    <dimen name="xxh_1235pixels">2058.33dp</dimen>
    <dimen name="xxh_1236pixels">2060dp</dimen>
    <dimen name="xxh_1237pixels">2061.67dp</dimen>
    <dimen name="xxh_1238pixels">2063.33dp</dimen>
    <dimen name="xxh_1239pixels">2065dp</dimen>
    <dimen name="xxh_1240pixels">2066.67dp</dimen>
    <dimen name="xxh_1241pixels">2068.33dp</dimen>
    <dimen name="xxh_1242pixels">2070dp</dimen>
    <dimen name="xxh_1243pixels">2071.67dp</dimen>
    <dimen name="xxh_1244pixels">2073.33dp</dimen>
    <dimen name="xxh_1245pixels">2075dp</dimen>
    <dimen name="xxh_1246pixels">2076.67dp</dimen>
    <dimen name="xxh_1247pixels">2078.33dp</dimen>
    <dimen name="xxh_1248pixels">2080dp</dimen>
    <dimen name="xxh_1249pixels">2081.67dp</dimen>
    <dimen name="xxh_1250pixels">2083.33dp</dimen>
    <dimen name="xxh_1251pixels">2085dp</dimen>
    <dimen name="xxh_1252pixels">2086.67dp</dimen>
    <dimen name="xxh_1253pixels">2088.33dp</dimen>
    <dimen name="xxh_1254pixels">2090dp</dimen>
    <dimen name="xxh_1255pixels">2091.67dp</dimen>
    <dimen name="xxh_1256pixels">2093.33dp</dimen>
    <dimen name="xxh_1257pixels">2095dp</dimen>
    <dimen name="xxh_1258pixels">2096.67dp</dimen>
    <dimen name="xxh_1259pixels">2098.33dp</dimen>
    <dimen name="xxh_1260pixels">2100dp</dimen>
    <dimen name="xxh_1261pixels">2101.67dp</dimen>
    <dimen name="xxh_1262pixels">2103.33dp</dimen>
    <dimen name="xxh_1263pixels">2105dp</dimen>
    <dimen name="xxh_1264pixels">2106.67dp</dimen>
    <dimen name="xxh_1265pixels">2108.33dp</dimen>
    <dimen name="xxh_1266pixels">2110dp</dimen>
    <dimen name="xxh_1267pixels">2111.67dp</dimen>
    <dimen name="xxh_1268pixels">2113.33dp</dimen>
    <dimen name="xxh_1269pixels">2115dp</dimen>
    <dimen name="xxh_1270pixels">2116.67dp</dimen>
    <dimen name="xxh_1271pixels">2118.33dp</dimen>
    <dimen name="xxh_1272pixels">2120dp</dimen>
    <dimen name="xxh_1273pixels">2121.67dp</dimen>
    <dimen name="xxh_1274pixels">2123.33dp</dimen>
    <dimen name="xxh_1275pixels">2125dp</dimen>
    <dimen name="xxh_1276pixels">2126.67dp</dimen>
    <dimen name="xxh_1277pixels">2128.33dp</dimen>
    <dimen name="xxh_1278pixels">2130dp</dimen>
    <dimen name="xxh_1279pixels">2131.67dp</dimen>
    <dimen name="xxh_1280pixels">2133.33dp</dimen>
    <dimen name="xxh_1281pixels">2135dp</dimen>
    <dimen name="xxh_1282pixels">2136.67dp</dimen>
    <dimen name="xxh_1283pixels">2138.33dp</dimen>
    <dimen name="xxh_1284pixels">2140dp</dimen>
    <dimen name="xxh_1285pixels">2141.67dp</dimen>
    <dimen name="xxh_1286pixels">2143.33dp</dimen>
    <dimen name="xxh_1287pixels">2145dp</dimen>
    <dimen name="xxh_1288pixels">2146.67dp</dimen>
    <dimen name="xxh_1289pixels">2148.33dp</dimen>
    <dimen name="xxh_1290pixels">2150dp</dimen>
    <dimen name="xxh_1291pixels">2151.67dp</dimen>
    <dimen name="xxh_1292pixels">2153.33dp</dimen>
    <dimen name="xxh_1293pixels">2155dp</dimen>
    <dimen name="xxh_1294pixels">2156.67dp</dimen>
    <dimen name="xxh_1295pixels">2158.33dp</dimen>
    <dimen name="xxh_1296pixels">2160dp</dimen>
    <dimen name="xxh_1297pixels">2161.67dp</dimen>
    <dimen name="xxh_1298pixels">2163.33dp</dimen>
    <dimen name="xxh_1299pixels">2165dp</dimen>
    <dimen name="xxh_1300pixels">2166.67dp</dimen>
    <dimen name="xxh_1301pixels">2168.33dp</dimen>
    <dimen name="xxh_1302pixels">2170dp</dimen>
    <dimen name="xxh_1303pixels">2171.67dp</dimen>
    <dimen name="xxh_1304pixels">2173.33dp</dimen>
    <dimen name="xxh_1305pixels">2175dp</dimen>
    <dimen name="xxh_1306pixels">2176.67dp</dimen>
    <dimen name="xxh_1307pixels">2178.33dp</dimen>
    <dimen name="xxh_1308pixels">2180dp</dimen>
    <dimen name="xxh_1309pixels">2181.67dp</dimen>
    <dimen name="xxh_1310pixels">2183.33dp</dimen>
    <dimen name="xxh_1311pixels">2185dp</dimen>
    <dimen name="xxh_1312pixels">2186.67dp</dimen>
    <dimen name="xxh_1313pixels">2188.33dp</dimen>
    <dimen name="xxh_1314pixels">2190dp</dimen>
    <dimen name="xxh_1315pixels">2191.67dp</dimen>
    <dimen name="xxh_1316pixels">2193.33dp</dimen>
    <dimen name="xxh_1317pixels">2195dp</dimen>
    <dimen name="xxh_1318pixels">2196.67dp</dimen>
    <dimen name="xxh_1319pixels">2198.33dp</dimen>
    <dimen name="xxh_1320pixels">2200dp</dimen>
    <dimen name="xxh_1321pixels">2201.67dp</dimen>
    <dimen name="xxh_1322pixels">2203.33dp</dimen>
    <dimen name="xxh_1323pixels">2205dp</dimen>
    <dimen name="xxh_1324pixels">2206.67dp</dimen>
    <dimen name="xxh_1325pixels">2208.33dp</dimen>
    <dimen name="xxh_1326pixels">2210dp</dimen>
    <dimen name="xxh_1327pixels">2211.67dp</dimen>
    <dimen name="xxh_1328pixels">2213.33dp</dimen>
    <dimen name="xxh_1329pixels">2215dp</dimen>
    <dimen name="xxh_1330pixels">2216.67dp</dimen>
    <dimen name="xxh_1331pixels">2218.33dp</dimen>
    <dimen name="xxh_1332pixels">2220dp</dimen>
    <dimen name="xxh_1333pixels">2221.67dp</dimen>
    <dimen name="xxh_1334pixels">2223.33dp</dimen>
    <dimen name="xxh_1335pixels">2225dp</dimen>
    <dimen name="xxh_1336pixels">2226.67dp</dimen>
    <dimen name="xxh_1337pixels">2228.33dp</dimen>
    <dimen name="xxh_1338pixels">2230dp</dimen>
    <dimen name="xxh_1339pixels">2231.67dp</dimen>
    <dimen name="xxh_1340pixels">2233.33dp</dimen>
    <dimen name="xxh_1341pixels">2235dp</dimen>
    <dimen name="xxh_1342pixels">2236.67dp</dimen>
    <dimen name="xxh_1343pixels">2238.33dp</dimen>
    <dimen name="xxh_1344pixels">2240dp</dimen>
    <dimen name="xxh_1345pixels">2241.67dp</dimen>
    <dimen name="xxh_1346pixels">2243.33dp</dimen>
    <dimen name="xxh_1347pixels">2245dp</dimen>
    <dimen name="xxh_1348pixels">2246.67dp</dimen>
    <dimen name="xxh_1349pixels">2248.33dp</dimen>
    <dimen name="xxh_1350pixels">2250dp</dimen>
    <dimen name="xxh_1351pixels">2251.67dp</dimen>
    <dimen name="xxh_1352pixels">2253.33dp</dimen>
    <dimen name="xxh_1353pixels">2255dp</dimen>
    <dimen name="xxh_1354pixels">2256.67dp</dimen>
    <dimen name="xxh_1355pixels">2258.33dp</dimen>
    <dimen name="xxh_1356pixels">2260dp</dimen>
    <dimen name="xxh_1357pixels">2261.67dp</dimen>
    <dimen name="xxh_1358pixels">2263.33dp</dimen>
    <dimen name="xxh_1359pixels">2265dp</dimen>
    <dimen name="xxh_1360pixels">2266.67dp</dimen>
    <dimen name="xxh_1361pixels">2268.33dp</dimen>
    <dimen name="xxh_1362pixels">2270dp</dimen>
    <dimen name="xxh_1363pixels">2271.67dp</dimen>
    <dimen name="xxh_1364pixels">2273.33dp</dimen>
    <dimen name="xxh_1365pixels">2275dp</dimen>
    <dimen name="xxh_1366pixels">2276.67dp</dimen>
    <dimen name="xxh_1367pixels">2278.33dp</dimen>
    <dimen name="xxh_1368pixels">2280dp</dimen>
    <dimen name="xxh_1369pixels">2281.67dp</dimen>
    <dimen name="xxh_1370pixels">2283.33dp</dimen>
    <dimen name="xxh_1371pixels">2285dp</dimen>
    <dimen name="xxh_1372pixels">2286.67dp</dimen>
    <dimen name="xxh_1373pixels">2288.33dp</dimen>
    <dimen name="xxh_1374pixels">2290dp</dimen>
    <dimen name="xxh_1375pixels">2291.67dp</dimen>
    <dimen name="xxh_1376pixels">2293.33dp</dimen>
    <dimen name="xxh_1377pixels">2295dp</dimen>
    <dimen name="xxh_1378pixels">2296.67dp</dimen>
    <dimen name="xxh_1379pixels">2298.33dp</dimen>
    <dimen name="xxh_1380pixels">2300dp</dimen>
    <dimen name="xxh_1381pixels">2301.67dp</dimen>
    <dimen name="xxh_1382pixels">2303.33dp</dimen>
    <dimen name="xxh_1383pixels">2305dp</dimen>
    <dimen name="xxh_1384pixels">2306.67dp</dimen>
    <dimen name="xxh_1385pixels">2308.33dp</dimen>
    <dimen name="xxh_1386pixels">2310dp</dimen>
    <dimen name="xxh_1387pixels">2311.67dp</dimen>
    <dimen name="xxh_1388pixels">2313.33dp</dimen>
    <dimen name="xxh_1389pixels">2315dp</dimen>
    <dimen name="xxh_1390pixels">2316.67dp</dimen>
    <dimen name="xxh_1391pixels">2318.33dp</dimen>
    <dimen name="xxh_1392pixels">2320dp</dimen>
    <dimen name="xxh_1393pixels">2321.67dp</dimen>
    <dimen name="xxh_1394pixels">2323.33dp</dimen>
    <dimen name="xxh_1395pixels">2325dp</dimen>
    <dimen name="xxh_1396pixels">2326.67dp</dimen>
    <dimen name="xxh_1397pixels">2328.33dp</dimen>
    <dimen name="xxh_1398pixels">2330dp</dimen>
    <dimen name="xxh_1399pixels">2331.67dp</dimen>
    <dimen name="xxh_1400pixels">2333.33dp</dimen>
    <dimen name="xxh_1401pixels">2335dp</dimen>
    <dimen name="xxh_1402pixels">2336.67dp</dimen>
    <dimen name="xxh_1403pixels">2338.33dp</dimen>
    <dimen name="xxh_1404pixels">2340dp</dimen>
    <dimen name="xxh_1405pixels">2341.67dp</dimen>
    <dimen name="xxh_1406pixels">2343.33dp</dimen>
    <dimen name="xxh_1407pixels">2345dp</dimen>
    <dimen name="xxh_1408pixels">2346.67dp</dimen>
    <dimen name="xxh_1409pixels">2348.33dp</dimen>
    <dimen name="xxh_1410pixels">2350dp</dimen>
    <dimen name="xxh_1411pixels">2351.67dp</dimen>
    <dimen name="xxh_1412pixels">2353.33dp</dimen>
    <dimen name="xxh_1413pixels">2355dp</dimen>
    <dimen name="xxh_1414pixels">2356.67dp</dimen>
    <dimen name="xxh_1415pixels">2358.33dp</dimen>
    <dimen name="xxh_1416pixels">2360dp</dimen>
    <dimen name="xxh_1417pixels">2361.67dp</dimen>
    <dimen name="xxh_1418pixels">2363.33dp</dimen>
    <dimen name="xxh_1419pixels">2365dp</dimen>
    <dimen name="xxh_1420pixels">2366.67dp</dimen>
    <dimen name="xxh_1421pixels">2368.33dp</dimen>
    <dimen name="xxh_1422pixels">2370dp</dimen>
    <dimen name="xxh_1423pixels">2371.67dp</dimen>
    <dimen name="xxh_1424pixels">2373.33dp</dimen>
    <dimen name="xxh_1425pixels">2375dp</dimen>
    <dimen name="xxh_1426pixels">2376.67dp</dimen>
    <dimen name="xxh_1427pixels">2378.33dp</dimen>
    <dimen name="xxh_1428pixels">2380dp</dimen>
    <dimen name="xxh_1429pixels">2381.67dp</dimen>
    <dimen name="xxh_1430pixels">2383.33dp</dimen>
    <dimen name="xxh_1431pixels">2385dp</dimen>
    <dimen name="xxh_1432pixels">2386.67dp</dimen>
    <dimen name="xxh_1433pixels">2388.33dp</dimen>
    <dimen name="xxh_1434pixels">2390dp</dimen>
    <dimen name="xxh_1435pixels">2391.67dp</dimen>
    <dimen name="xxh_1436pixels">2393.33dp</dimen>
    <dimen name="xxh_1437pixels">2395dp</dimen>
    <dimen name="xxh_1438pixels">2396.67dp</dimen>
    <dimen name="xxh_1439pixels">2398.33dp</dimen>
    <dimen name="xxh_1440pixels">2400dp</dimen>
    <dimen name="xxh_1441pixels">2401.67dp</dimen>
    <dimen name="xxh_1442pixels">2403.33dp</dimen>
    <dimen name="xxh_1443pixels">2405dp</dimen>
    <dimen name="xxh_1444pixels">2406.67dp</dimen>
    <dimen name="xxh_1445pixels">2408.33dp</dimen>
    <dimen name="xxh_1446pixels">2410dp</dimen>
    <dimen name="xxh_1447pixels">2411.67dp</dimen>
    <dimen name="xxh_1448pixels">2413.33dp</dimen>
    <dimen name="xxh_1449pixels">2415dp</dimen>
    <dimen name="xxh_1450pixels">2416.67dp</dimen>
    <dimen name="xxh_1451pixels">2418.33dp</dimen>
    <dimen name="xxh_1452pixels">2420dp</dimen>
    <dimen name="xxh_1453pixels">2421.67dp</dimen>
    <dimen name="xxh_1454pixels">2423.33dp</dimen>
    <dimen name="xxh_1455pixels">2425dp</dimen>
    <dimen name="xxh_1456pixels">2426.67dp</dimen>
    <dimen name="xxh_1457pixels">2428.33dp</dimen>
    <dimen name="xxh_1458pixels">2430dp</dimen>
    <dimen name="xxh_1459pixels">2431.67dp</dimen>
    <dimen name="xxh_1460pixels">2433.33dp</dimen>
    <dimen name="xxh_1461pixels">2435dp</dimen>
    <dimen name="xxh_1462pixels">2436.67dp</dimen>
    <dimen name="xxh_1463pixels">2438.33dp</dimen>
    <dimen name="xxh_1464pixels">2440dp</dimen>
    <dimen name="xxh_1465pixels">2441.67dp</dimen>
    <dimen name="xxh_1466pixels">2443.33dp</dimen>
    <dimen name="xxh_1467pixels">2445dp</dimen>
    <dimen name="xxh_1468pixels">2446.67dp</dimen>
    <dimen name="xxh_1469pixels">2448.33dp</dimen>
    <dimen name="xxh_1470pixels">2450dp</dimen>
    <dimen name="xxh_1471pixels">2451.67dp</dimen>
    <dimen name="xxh_1472pixels">2453.33dp</dimen>
    <dimen name="xxh_1473pixels">2455dp</dimen>
    <dimen name="xxh_1474pixels">2456.67dp</dimen>
    <dimen name="xxh_1475pixels">2458.33dp</dimen>
    <dimen name="xxh_1476pixels">2460dp</dimen>
    <dimen name="xxh_1477pixels">2461.67dp</dimen>
    <dimen name="xxh_1478pixels">2463.33dp</dimen>
    <dimen name="xxh_1479pixels">2465dp</dimen>
    <dimen name="xxh_1480pixels">2466.67dp</dimen>
    <dimen name="xxh_1481pixels">2468.33dp</dimen>
    <dimen name="xxh_1482pixels">2470dp</dimen>
    <dimen name="xxh_1483pixels">2471.67dp</dimen>
    <dimen name="xxh_1484pixels">2473.33dp</dimen>
    <dimen name="xxh_1485pixels">2475dp</dimen>
    <dimen name="xxh_1486pixels">2476.67dp</dimen>
    <dimen name="xxh_1487pixels">2478.33dp</dimen>
    <dimen name="xxh_1488pixels">2480dp</dimen>
    <dimen name="xxh_1489pixels">2481.67dp</dimen>
    <dimen name="xxh_1490pixels">2483.33dp</dimen>
    <dimen name="xxh_1491pixels">2485dp</dimen>
    <dimen name="xxh_1492pixels">2486.67dp</dimen>
    <dimen name="xxh_1493pixels">2488.33dp</dimen>
    <dimen name="xxh_1494pixels">2490dp</dimen>
    <dimen name="xxh_1495pixels">2491.67dp</dimen>
    <dimen name="xxh_1496pixels">2493.33dp</dimen>
    <dimen name="xxh_1497pixels">2495dp</dimen>
    <dimen name="xxh_1498pixels">2496.67dp</dimen>
    <dimen name="xxh_1499pixels">2498.33dp</dimen>
    <dimen name="xxh_1500pixels">2500dp</dimen>
    <dimen name="xxh_1501pixels">2501.67dp</dimen>
    <dimen name="xxh_1502pixels">2503.33dp</dimen>
    <dimen name="xxh_1503pixels">2505dp</dimen>
    <dimen name="xxh_1504pixels">2506.67dp</dimen>
    <dimen name="xxh_1505pixels">2508.33dp</dimen>
    <dimen name="xxh_1506pixels">2510dp</dimen>
    <dimen name="xxh_1507pixels">2511.67dp</dimen>
    <dimen name="xxh_1508pixels">2513.33dp</dimen>
    <dimen name="xxh_1509pixels">2515dp</dimen>
    <dimen name="xxh_1510pixels">2516.67dp</dimen>
    <dimen name="xxh_1511pixels">2518.33dp</dimen>
    <dimen name="xxh_1512pixels">2520dp</dimen>
    <dimen name="xxh_1513pixels">2521.67dp</dimen>
    <dimen name="xxh_1514pixels">2523.33dp</dimen>
    <dimen name="xxh_1515pixels">2525dp</dimen>
    <dimen name="xxh_1516pixels">2526.67dp</dimen>
    <dimen name="xxh_1517pixels">2528.33dp</dimen>
    <dimen name="xxh_1518pixels">2530dp</dimen>
    <dimen name="xxh_1519pixels">2531.67dp</dimen>
    <dimen name="xxh_1520pixels">2533.33dp</dimen>
    <dimen name="xxh_1521pixels">2535dp</dimen>
    <dimen name="xxh_1522pixels">2536.67dp</dimen>
    <dimen name="xxh_1523pixels">2538.33dp</dimen>
    <dimen name="xxh_1524pixels">2540dp</dimen>
    <dimen name="xxh_1525pixels">2541.67dp</dimen>
    <dimen name="xxh_1526pixels">2543.33dp</dimen>
    <dimen name="xxh_1527pixels">2545dp</dimen>
    <dimen name="xxh_1528pixels">2546.67dp</dimen>
    <dimen name="xxh_1529pixels">2548.33dp</dimen>
    <dimen name="xxh_1530pixels">2550dp</dimen>
    <dimen name="xxh_1531pixels">2551.67dp</dimen>
    <dimen name="xxh_1532pixels">2553.33dp</dimen>
    <dimen name="xxh_1533pixels">2555dp</dimen>
    <dimen name="xxh_1534pixels">2556.67dp</dimen>
    <dimen name="xxh_1535pixels">2558.33dp</dimen>
    <dimen name="xxh_1536pixels">2560dp</dimen>
    <dimen name="xxh_1537pixels">2561.67dp</dimen>
    <dimen name="xxh_1538pixels">2563.33dp</dimen>
    <dimen name="xxh_1539pixels">2565dp</dimen>
    <dimen name="xxh_1540pixels">2566.67dp</dimen>
    <dimen name="xxh_1541pixels">2568.33dp</dimen>
    <dimen name="xxh_1542pixels">2570dp</dimen>
    <dimen name="xxh_1543pixels">2571.67dp</dimen>
    <dimen name="xxh_1544pixels">2573.33dp</dimen>
    <dimen name="xxh_1545pixels">2575dp</dimen>
    <dimen name="xxh_1546pixels">2576.67dp</dimen>
    <dimen name="xxh_1547pixels">2578.33dp</dimen>
    <dimen name="xxh_1548pixels">2580dp</dimen>
    <dimen name="xxh_1549pixels">2581.67dp</dimen>
    <dimen name="xxh_1550pixels">2583.33dp</dimen>
    <dimen name="xxh_1551pixels">2585dp</dimen>
    <dimen name="xxh_1552pixels">2586.67dp</dimen>
    <dimen name="xxh_1553pixels">2588.33dp</dimen>
    <dimen name="xxh_1554pixels">2590dp</dimen>
    <dimen name="xxh_1555pixels">2591.67dp</dimen>
    <dimen name="xxh_1556pixels">2593.33dp</dimen>
    <dimen name="xxh_1557pixels">2595dp</dimen>
    <dimen name="xxh_1558pixels">2596.67dp</dimen>
    <dimen name="xxh_1559pixels">2598.33dp</dimen>
    <dimen name="xxh_1560pixels">2600dp</dimen>
    <dimen name="xxh_1561pixels">2601.67dp</dimen>
    <dimen name="xxh_1562pixels">2603.33dp</dimen>
    <dimen name="xxh_1563pixels">2605dp</dimen>
    <dimen name="xxh_1564pixels">2606.67dp</dimen>
    <dimen name="xxh_1565pixels">2608.33dp</dimen>
    <dimen name="xxh_1566pixels">2610dp</dimen>
    <dimen name="xxh_1567pixels">2611.67dp</dimen>
    <dimen name="xxh_1568pixels">2613.33dp</dimen>
    <dimen name="xxh_1569pixels">2615dp</dimen>
    <dimen name="xxh_1570pixels">2616.67dp</dimen>
    <dimen name="xxh_1571pixels">2618.33dp</dimen>
    <dimen name="xxh_1572pixels">2620dp</dimen>
    <dimen name="xxh_1573pixels">2621.67dp</dimen>
    <dimen name="xxh_1574pixels">2623.33dp</dimen>
    <dimen name="xxh_1575pixels">2625dp</dimen>
    <dimen name="xxh_1576pixels">2626.67dp</dimen>
    <dimen name="xxh_1577pixels">2628.33dp</dimen>
    <dimen name="xxh_1578pixels">2630dp</dimen>
    <dimen name="xxh_1579pixels">2631.67dp</dimen>
    <dimen name="xxh_1580pixels">2633.33dp</dimen>
    <dimen name="xxh_1581pixels">2635dp</dimen>
    <dimen name="xxh_1582pixels">2636.67dp</dimen>
    <dimen name="xxh_1583pixels">2638.33dp</dimen>
    <dimen name="xxh_1584pixels">2640dp</dimen>
    <dimen name="xxh_1585pixels">2641.67dp</dimen>
    <dimen name="xxh_1586pixels">2643.33dp</dimen>
    <dimen name="xxh_1587pixels">2645dp</dimen>
    <dimen name="xxh_1588pixels">2646.67dp</dimen>
    <dimen name="xxh_1589pixels">2648.33dp</dimen>
    <dimen name="xxh_1590pixels">2650dp</dimen>
    <dimen name="xxh_1591pixels">2651.67dp</dimen>
    <dimen name="xxh_1592pixels">2653.33dp</dimen>
    <dimen name="xxh_1593pixels">2655dp</dimen>
    <dimen name="xxh_1594pixels">2656.67dp</dimen>
    <dimen name="xxh_1595pixels">2658.33dp</dimen>
    <dimen name="xxh_1596pixels">2660dp</dimen>
    <dimen name="xxh_1597pixels">2661.67dp</dimen>
    <dimen name="xxh_1598pixels">2663.33dp</dimen>
    <dimen name="xxh_1599pixels">2665dp</dimen>
    <dimen name="xxh_1600pixels">2666.67dp</dimen>
    <dimen name="xxh_1601pixels">2668.33dp</dimen>
    <dimen name="xxh_1602pixels">2670dp</dimen>
    <dimen name="xxh_1603pixels">2671.67dp</dimen>
    <dimen name="xxh_1604pixels">2673.33dp</dimen>
    <dimen name="xxh_1605pixels">2675dp</dimen>
    <dimen name="xxh_1606pixels">2676.67dp</dimen>
    <dimen name="xxh_1607pixels">2678.33dp</dimen>
    <dimen name="xxh_1608pixels">2680dp</dimen>
    <dimen name="xxh_1609pixels">2681.67dp</dimen>
    <dimen name="xxh_1610pixels">2683.33dp</dimen>
    <dimen name="xxh_1611pixels">2685dp</dimen>
    <dimen name="xxh_1612pixels">2686.67dp</dimen>
    <dimen name="xxh_1613pixels">2688.33dp</dimen>
    <dimen name="xxh_1614pixels">2690dp</dimen>
    <dimen name="xxh_1615pixels">2691.67dp</dimen>
    <dimen name="xxh_1616pixels">2693.33dp</dimen>
    <dimen name="xxh_1617pixels">2695dp</dimen>
    <dimen name="xxh_1618pixels">2696.67dp</dimen>
    <dimen name="xxh_1619pixels">2698.33dp</dimen>
    <dimen name="xxh_1620pixels">2700dp</dimen>
    <dimen name="xxh_1621pixels">2701.67dp</dimen>
    <dimen name="xxh_1622pixels">2703.33dp</dimen>
    <dimen name="xxh_1623pixels">2705dp</dimen>
    <dimen name="xxh_1624pixels">2706.67dp</dimen>
    <dimen name="xxh_1625pixels">2708.33dp</dimen>
    <dimen name="xxh_1626pixels">2710dp</dimen>
    <dimen name="xxh_1627pixels">2711.67dp</dimen>
    <dimen name="xxh_1628pixels">2713.33dp</dimen>
    <dimen name="xxh_1629pixels">2715dp</dimen>
    <dimen name="xxh_1630pixels">2716.67dp</dimen>
    <dimen name="xxh_1631pixels">2718.33dp</dimen>
    <dimen name="xxh_1632pixels">2720dp</dimen>
    <dimen name="xxh_1633pixels">2721.67dp</dimen>
    <dimen name="xxh_1634pixels">2723.33dp</dimen>
    <dimen name="xxh_1635pixels">2725dp</dimen>
    <dimen name="xxh_1636pixels">2726.67dp</dimen>
    <dimen name="xxh_1637pixels">2728.33dp</dimen>
    <dimen name="xxh_1638pixels">2730dp</dimen>
    <dimen name="xxh_1639pixels">2731.67dp</dimen>
    <dimen name="xxh_1640pixels">2733.33dp</dimen>
    <dimen name="xxh_1641pixels">2735dp</dimen>
    <dimen name="xxh_1642pixels">2736.67dp</dimen>
    <dimen name="xxh_1643pixels">2738.33dp</dimen>
    <dimen name="xxh_1644pixels">2740dp</dimen>
    <dimen name="xxh_1645pixels">2741.67dp</dimen>
    <dimen name="xxh_1646pixels">2743.33dp</dimen>
    <dimen name="xxh_1647pixels">2745dp</dimen>
    <dimen name="xxh_1648pixels">2746.67dp</dimen>
    <dimen name="xxh_1649pixels">2748.33dp</dimen>
    <dimen name="xxh_1650pixels">2750dp</dimen>
    <dimen name="xxh_1651pixels">2751.67dp</dimen>
    <dimen name="xxh_1652pixels">2753.33dp</dimen>
    <dimen name="xxh_1653pixels">2755dp</dimen>
    <dimen name="xxh_1654pixels">2756.67dp</dimen>
    <dimen name="xxh_1655pixels">2758.33dp</dimen>
    <dimen name="xxh_1656pixels">2760dp</dimen>
    <dimen name="xxh_1657pixels">2761.67dp</dimen>
    <dimen name="xxh_1658pixels">2763.33dp</dimen>
    <dimen name="xxh_1659pixels">2765dp</dimen>
    <dimen name="xxh_1660pixels">2766.67dp</dimen>
    <dimen name="xxh_1661pixels">2768.33dp</dimen>
    <dimen name="xxh_1662pixels">2770dp</dimen>
    <dimen name="xxh_1663pixels">2771.67dp</dimen>
    <dimen name="xxh_1664pixels">2773.33dp</dimen>
    <dimen name="xxh_1665pixels">2775dp</dimen>
    <dimen name="xxh_1666pixels">2776.67dp</dimen>
    <dimen name="xxh_1667pixels">2778.33dp</dimen>
    <dimen name="xxh_1668pixels">2780dp</dimen>
    <dimen name="xxh_1669pixels">2781.67dp</dimen>
    <dimen name="xxh_1670pixels">2783.33dp</dimen>
    <dimen name="xxh_1671pixels">2785dp</dimen>
    <dimen name="xxh_1672pixels">2786.67dp</dimen>
    <dimen name="xxh_1673pixels">2788.33dp</dimen>
    <dimen name="xxh_1674pixels">2790dp</dimen>
    <dimen name="xxh_1675pixels">2791.67dp</dimen>
    <dimen name="xxh_1676pixels">2793.33dp</dimen>
    <dimen name="xxh_1677pixels">2795dp</dimen>
    <dimen name="xxh_1678pixels">2796.67dp</dimen>
    <dimen name="xxh_1679pixels">2798.33dp</dimen>
    <dimen name="xxh_1680pixels">2800dp</dimen>
    <dimen name="xxh_1681pixels">2801.67dp</dimen>
    <dimen name="xxh_1682pixels">2803.33dp</dimen>
    <dimen name="xxh_1683pixels">2805dp</dimen>
    <dimen name="xxh_1684pixels">2806.67dp</dimen>
    <dimen name="xxh_1685pixels">2808.33dp</dimen>
    <dimen name="xxh_1686pixels">2810dp</dimen>
    <dimen name="xxh_1687pixels">2811.67dp</dimen>
    <dimen name="xxh_1688pixels">2813.33dp</dimen>
    <dimen name="xxh_1689pixels">2815dp</dimen>
    <dimen name="xxh_1690pixels">2816.67dp</dimen>
    <dimen name="xxh_1691pixels">2818.33dp</dimen>
    <dimen name="xxh_1692pixels">2820dp</dimen>
    <dimen name="xxh_1693pixels">2821.67dp</dimen>
    <dimen name="xxh_1694pixels">2823.33dp</dimen>
    <dimen name="xxh_1695pixels">2825dp</dimen>
    <dimen name="xxh_1696pixels">2826.67dp</dimen>
    <dimen name="xxh_1697pixels">2828.33dp</dimen>
    <dimen name="xxh_1698pixels">2830dp</dimen>
    <dimen name="xxh_1699pixels">2831.67dp</dimen>
    <dimen name="xxh_1700pixels">2833.33dp</dimen>
    <dimen name="xxh_1701pixels">2835dp</dimen>
    <dimen name="xxh_1702pixels">2836.67dp</dimen>
    <dimen name="xxh_1703pixels">2838.33dp</dimen>
    <dimen name="xxh_1704pixels">2840dp</dimen>
    <dimen name="xxh_1705pixels">2841.67dp</dimen>
    <dimen name="xxh_1706pixels">2843.33dp</dimen>
    <dimen name="xxh_1707pixels">2845dp</dimen>
    <dimen name="xxh_1708pixels">2846.67dp</dimen>
    <dimen name="xxh_1709pixels">2848.33dp</dimen>
    <dimen name="xxh_1710pixels">2850dp</dimen>
    <dimen name="xxh_1711pixels">2851.67dp</dimen>
    <dimen name="xxh_1712pixels">2853.33dp</dimen>
    <dimen name="xxh_1713pixels">2855dp</dimen>
    <dimen name="xxh_1714pixels">2856.67dp</dimen>
    <dimen name="xxh_1715pixels">2858.33dp</dimen>
    <dimen name="xxh_1716pixels">2860dp</dimen>
    <dimen name="xxh_1717pixels">2861.67dp</dimen>
    <dimen name="xxh_1718pixels">2863.33dp</dimen>
    <dimen name="xxh_1719pixels">2865dp</dimen>
    <dimen name="xxh_1720pixels">2866.67dp</dimen>
    <dimen name="xxh_1721pixels">2868.33dp</dimen>
    <dimen name="xxh_1722pixels">2870dp</dimen>
    <dimen name="xxh_1723pixels">2871.67dp</dimen>
    <dimen name="xxh_1724pixels">2873.33dp</dimen>
    <dimen name="xxh_1725pixels">2875dp</dimen>
    <dimen name="xxh_1726pixels">2876.67dp</dimen>
    <dimen name="xxh_1727pixels">2878.33dp</dimen>
    <dimen name="xxh_1728pixels">2880dp</dimen>
    <dimen name="xxh_1729pixels">2881.67dp</dimen>
    <dimen name="xxh_1730pixels">2883.33dp</dimen>
    <dimen name="xxh_1731pixels">2885dp</dimen>
    <dimen name="xxh_1732pixels">2886.67dp</dimen>
    <dimen name="xxh_1733pixels">2888.33dp</dimen>
    <dimen name="xxh_1734pixels">2890dp</dimen>
    <dimen name="xxh_1735pixels">2891.67dp</dimen>
    <dimen name="xxh_1736pixels">2893.33dp</dimen>
    <dimen name="xxh_1737pixels">2895dp</dimen>
    <dimen name="xxh_1738pixels">2896.67dp</dimen>
    <dimen name="xxh_1739pixels">2898.33dp</dimen>
    <dimen name="xxh_1740pixels">2900dp</dimen>
    <dimen name="xxh_1741pixels">2901.67dp</dimen>
    <dimen name="xxh_1742pixels">2903.33dp</dimen>
    <dimen name="xxh_1743pixels">2905dp</dimen>
    <dimen name="xxh_1744pixels">2906.67dp</dimen>
    <dimen name="xxh_1745pixels">2908.33dp</dimen>
    <dimen name="xxh_1746pixels">2910dp</dimen>
    <dimen name="xxh_1747pixels">2911.67dp</dimen>
    <dimen name="xxh_1748pixels">2913.33dp</dimen>
    <dimen name="xxh_1749pixels">2915dp</dimen>
    <dimen name="xxh_1750pixels">2916.67dp</dimen>
    <dimen name="xxh_1751pixels">2918.33dp</dimen>
    <dimen name="xxh_1752pixels">2920dp</dimen>
    <dimen name="xxh_1753pixels">2921.67dp</dimen>
    <dimen name="xxh_1754pixels">2923.33dp</dimen>
    <dimen name="xxh_1755pixels">2925dp</dimen>
    <dimen name="xxh_1756pixels">2926.67dp</dimen>
    <dimen name="xxh_1757pixels">2928.33dp</dimen>
    <dimen name="xxh_1758pixels">2930dp</dimen>
    <dimen name="xxh_1759pixels">2931.67dp</dimen>
    <dimen name="xxh_1760pixels">2933.33dp</dimen>
    <dimen name="xxh_1761pixels">2935dp</dimen>
    <dimen name="xxh_1762pixels">2936.67dp</dimen>
    <dimen name="xxh_1763pixels">2938.33dp</dimen>
    <dimen name="xxh_1764pixels">2940dp</dimen>
    <dimen name="xxh_1765pixels">2941.67dp</dimen>
    <dimen name="xxh_1766pixels">2943.33dp</dimen>
    <dimen name="xxh_1767pixels">2945dp</dimen>
    <dimen name="xxh_1768pixels">2946.67dp</dimen>
    <dimen name="xxh_1769pixels">2948.33dp</dimen>
    <dimen name="xxh_1770pixels">2950dp</dimen>
    <dimen name="xxh_1771pixels">2951.67dp</dimen>
    <dimen name="xxh_1772pixels">2953.33dp</dimen>
    <dimen name="xxh_1773pixels">2955dp</dimen>
    <dimen name="xxh_1774pixels">2956.67dp</dimen>
    <dimen name="xxh_1775pixels">2958.33dp</dimen>
    <dimen name="xxh_1776pixels">2960dp</dimen>
    <dimen name="xxh_1777pixels">2961.67dp</dimen>
    <dimen name="xxh_1778pixels">2963.33dp</dimen>
    <dimen name="xxh_1779pixels">2965dp</dimen>
    <dimen name="xxh_1780pixels">2966.67dp</dimen>
    <dimen name="xxh_1781pixels">2968.33dp</dimen>
    <dimen name="xxh_1782pixels">2970dp</dimen>
    <dimen name="xxh_1783pixels">2971.67dp</dimen>
    <dimen name="xxh_1784pixels">2973.33dp</dimen>
    <dimen name="xxh_1785pixels">2975dp</dimen>
    <dimen name="xxh_1786pixels">2976.67dp</dimen>
    <dimen name="xxh_1787pixels">2978.33dp</dimen>
    <dimen name="xxh_1788pixels">2980dp</dimen>
    <dimen name="xxh_1789pixels">2981.67dp</dimen>
    <dimen name="xxh_1790pixels">2983.33dp</dimen>
    <dimen name="xxh_1791pixels">2985dp</dimen>
    <dimen name="xxh_1792pixels">2986.67dp</dimen>
    <dimen name="xxh_1793pixels">2988.33dp</dimen>
    <dimen name="xxh_1794pixels">2990dp</dimen>
    <dimen name="xxh_1795pixels">2991.67dp</dimen>
    <dimen name="xxh_1796pixels">2993.33dp</dimen>
    <dimen name="xxh_1797pixels">2995dp</dimen>
    <dimen name="xxh_1798pixels">2996.67dp</dimen>
    <dimen name="xxh_1799pixels">2998.33dp</dimen>
    <dimen name="xxh_1800pixels">3000dp</dimen>
    <dimen name="xxh_1801pixels">3001.67dp</dimen>
    <dimen name="xxh_1802pixels">3003.33dp</dimen>
    <dimen name="xxh_1803pixels">3005dp</dimen>
    <dimen name="xxh_1804pixels">3006.67dp</dimen>
    <dimen name="xxh_1805pixels">3008.33dp</dimen>
    <dimen name="xxh_1806pixels">3010dp</dimen>
    <dimen name="xxh_1807pixels">3011.67dp</dimen>
    <dimen name="xxh_1808pixels">3013.33dp</dimen>
    <dimen name="xxh_1809pixels">3015dp</dimen>
    <dimen name="xxh_1810pixels">3016.67dp</dimen>
    <dimen name="xxh_1811pixels">3018.33dp</dimen>
    <dimen name="xxh_1812pixels">3020dp</dimen>
    <dimen name="xxh_1813pixels">3021.67dp</dimen>
    <dimen name="xxh_1814pixels">3023.33dp</dimen>
    <dimen name="xxh_1815pixels">3025dp</dimen>
    <dimen name="xxh_1816pixels">3026.67dp</dimen>
    <dimen name="xxh_1817pixels">3028.33dp</dimen>
    <dimen name="xxh_1818pixels">3030dp</dimen>
    <dimen name="xxh_1819pixels">3031.67dp</dimen>
    <dimen name="xxh_1820pixels">3033.33dp</dimen>
    <dimen name="xxh_1821pixels">3035dp</dimen>
    <dimen name="xxh_1822pixels">3036.67dp</dimen>
    <dimen name="xxh_1823pixels">3038.33dp</dimen>
    <dimen name="xxh_1824pixels">3040dp</dimen>
    <dimen name="xxh_1825pixels">3041.67dp</dimen>
    <dimen name="xxh_1826pixels">3043.33dp</dimen>
    <dimen name="xxh_1827pixels">3045dp</dimen>
    <dimen name="xxh_1828pixels">3046.67dp</dimen>
    <dimen name="xxh_1829pixels">3048.33dp</dimen>
    <dimen name="xxh_1830pixels">3050dp</dimen>
    <dimen name="xxh_1831pixels">3051.67dp</dimen>
    <dimen name="xxh_1832pixels">3053.33dp</dimen>
    <dimen name="xxh_1833pixels">3055dp</dimen>
    <dimen name="xxh_1834pixels">3056.67dp</dimen>
    <dimen name="xxh_1835pixels">3058.33dp</dimen>
    <dimen name="xxh_1836pixels">3060dp</dimen>
    <dimen name="xxh_1837pixels">3061.67dp</dimen>
    <dimen name="xxh_1838pixels">3063.33dp</dimen>
    <dimen name="xxh_1839pixels">3065dp</dimen>
    <dimen name="xxh_1840pixels">3066.67dp</dimen>
    <dimen name="xxh_1841pixels">3068.33dp</dimen>
    <dimen name="xxh_1842pixels">3070dp</dimen>
    <dimen name="xxh_1843pixels">3071.67dp</dimen>
    <dimen name="xxh_1844pixels">3073.33dp</dimen>
    <dimen name="xxh_1845pixels">3075dp</dimen>
    <dimen name="xxh_1846pixels">3076.67dp</dimen>
    <dimen name="xxh_1847pixels">3078.33dp</dimen>
    <dimen name="xxh_1848pixels">3080dp</dimen>
    <dimen name="xxh_1849pixels">3081.67dp</dimen>
    <dimen name="xxh_1850pixels">3083.33dp</dimen>
    <dimen name="xxh_1851pixels">3085dp</dimen>
    <dimen name="xxh_1852pixels">3086.67dp</dimen>
    <dimen name="xxh_1853pixels">3088.33dp</dimen>
    <dimen name="xxh_1854pixels">3090dp</dimen>
    <dimen name="xxh_1855pixels">3091.67dp</dimen>
    <dimen name="xxh_1856pixels">3093.33dp</dimen>
    <dimen name="xxh_1857pixels">3095dp</dimen>
    <dimen name="xxh_1858pixels">3096.67dp</dimen>
    <dimen name="xxh_1859pixels">3098.33dp</dimen>
    <dimen name="xxh_1860pixels">3100dp</dimen>
    <dimen name="xxh_1861pixels">3101.67dp</dimen>
    <dimen name="xxh_1862pixels">3103.33dp</dimen>
    <dimen name="xxh_1863pixels">3105dp</dimen>
    <dimen name="xxh_1864pixels">3106.67dp</dimen>
    <dimen name="xxh_1865pixels">3108.33dp</dimen>
    <dimen name="xxh_1866pixels">3110dp</dimen>
    <dimen name="xxh_1867pixels">3111.67dp</dimen>
    <dimen name="xxh_1868pixels">3113.33dp</dimen>
    <dimen name="xxh_1869pixels">3115dp</dimen>
    <dimen name="xxh_1870pixels">3116.67dp</dimen>
    <dimen name="xxh_1871pixels">3118.33dp</dimen>
    <dimen name="xxh_1872pixels">3120dp</dimen>
    <dimen name="xxh_1873pixels">3121.67dp</dimen>
    <dimen name="xxh_1874pixels">3123.33dp</dimen>
    <dimen name="xxh_1875pixels">3125dp</dimen>
    <dimen name="xxh_1876pixels">3126.67dp</dimen>
    <dimen name="xxh_1877pixels">3128.33dp</dimen>
    <dimen name="xxh_1878pixels">3130dp</dimen>
    <dimen name="xxh_1879pixels">3131.67dp</dimen>
    <dimen name="xxh_1880pixels">3133.33dp</dimen>
    <dimen name="xxh_1881pixels">3135dp</dimen>
    <dimen name="xxh_1882pixels">3136.67dp</dimen>
    <dimen name="xxh_1883pixels">3138.33dp</dimen>
    <dimen name="xxh_1884pixels">3140dp</dimen>
    <dimen name="xxh_1885pixels">3141.67dp</dimen>
    <dimen name="xxh_1886pixels">3143.33dp</dimen>
    <dimen name="xxh_1887pixels">3145dp</dimen>
    <dimen name="xxh_1888pixels">3146.67dp</dimen>
    <dimen name="xxh_1889pixels">3148.33dp</dimen>
    <dimen name="xxh_1890pixels">3150dp</dimen>
    <dimen name="xxh_1891pixels">3151.67dp</dimen>
    <dimen name="xxh_1892pixels">3153.33dp</dimen>
    <dimen name="xxh_1893pixels">3155dp</dimen>
    <dimen name="xxh_1894pixels">3156.67dp</dimen>
    <dimen name="xxh_1895pixels">3158.33dp</dimen>
    <dimen name="xxh_1896pixels">3160dp</dimen>
    <dimen name="xxh_1897pixels">3161.67dp</dimen>
    <dimen name="xxh_1898pixels">3163.33dp</dimen>
    <dimen name="xxh_1899pixels">3165dp</dimen>
    <dimen name="xxh_1900pixels">3166.67dp</dimen>
    <dimen name="xxh_1901pixels">3168.33dp</dimen>
    <dimen name="xxh_1902pixels">3170dp</dimen>
    <dimen name="xxh_1903pixels">3171.67dp</dimen>
    <dimen name="xxh_1904pixels">3173.33dp</dimen>
    <dimen name="xxh_1905pixels">3175dp</dimen>
    <dimen name="xxh_1906pixels">3176.67dp</dimen>
    <dimen name="xxh_1907pixels">3178.33dp</dimen>
    <dimen name="xxh_1908pixels">3180dp</dimen>
    <dimen name="xxh_1909pixels">3181.67dp</dimen>
    <dimen name="xxh_1910pixels">3183.33dp</dimen>
    <dimen name="xxh_1911pixels">3185dp</dimen>
    <dimen name="xxh_1912pixels">3186.67dp</dimen>
    <dimen name="xxh_1913pixels">3188.33dp</dimen>
    <dimen name="xxh_1914pixels">3190dp</dimen>
    <dimen name="xxh_1915pixels">3191.67dp</dimen>
    <dimen name="xxh_1916pixels">3193.33dp</dimen>
    <dimen name="xxh_1917pixels">3195dp</dimen>
    <dimen name="xxh_1918pixels">3196.67dp</dimen>
    <dimen name="xxh_1919pixels">3198.33dp</dimen>
    <dimen name="xxh_1920pixels">3200dp</dimen>
    <dimen name="xxh_1921pixels">3201.67dp</dimen>
    <dimen name="xxh_1922pixels">3203.33dp</dimen>
    <dimen name="xxh_1923pixels">3205dp</dimen>
    <dimen name="xxh_1924pixels">3206.67dp</dimen>
    <dimen name="xxh_1925pixels">3208.33dp</dimen>
    <dimen name="xxh_1926pixels">3210dp</dimen>
    <dimen name="xxh_1927pixels">3211.67dp</dimen>
    <dimen name="xxh_1928pixels">3213.33dp</dimen>
    <dimen name="xxh_1929pixels">3215dp</dimen>
    <dimen name="xxh_1930pixels">3216.67dp</dimen>
    <dimen name="xxh_1931pixels">3218.33dp</dimen>
    <dimen name="xxh_1932pixels">3220dp</dimen>
    <dimen name="xxh_1933pixels">3221.67dp</dimen>
    <dimen name="xxh_1934pixels">3223.33dp</dimen>
    <dimen name="xxh_1935pixels">3225dp</dimen>
    <dimen name="xxh_1936pixels">3226.67dp</dimen>
    <dimen name="xxh_1937pixels">3228.33dp</dimen>
    <dimen name="xxh_1938pixels">3230dp</dimen>
    <dimen name="xxh_1939pixels">3231.67dp</dimen>
    <dimen name="xxh_1940pixels">3233.33dp</dimen>
    <dimen name="xxh_1941pixels">3235dp</dimen>
    <dimen name="xxh_1942pixels">3236.67dp</dimen>
    <dimen name="xxh_1943pixels">3238.33dp</dimen>
    <dimen name="xxh_1944pixels">3240dp</dimen>
    <dimen name="xxh_1945pixels">3241.67dp</dimen>
    <dimen name="xxh_1946pixels">3243.33dp</dimen>
    <dimen name="xxh_1947pixels">3245dp</dimen>
    <dimen name="xxh_1948pixels">3246.67dp</dimen>
    <dimen name="xxh_1949pixels">3248.33dp</dimen>
    <dimen name="xxh_1950pixels">3250dp</dimen>
    <dimen name="xxh_1951pixels">3251.67dp</dimen>
    <dimen name="xxh_1952pixels">3253.33dp</dimen>
    <dimen name="xxh_1953pixels">3255dp</dimen>
    <dimen name="xxh_1954pixels">3256.67dp</dimen>
    <dimen name="xxh_1955pixels">3258.33dp</dimen>
    <dimen name="xxh_1956pixels">3260dp</dimen>
    <dimen name="xxh_1957pixels">3261.67dp</dimen>
    <dimen name="xxh_1958pixels">3263.33dp</dimen>
    <dimen name="xxh_1959pixels">3265dp</dimen>
    <dimen name="xxh_1960pixels">3266.67dp</dimen>
    <dimen name="xxh_1961pixels">3268.33dp</dimen>
    <dimen name="xxh_1962pixels">3270dp</dimen>
    <dimen name="xxh_1963pixels">3271.67dp</dimen>
    <dimen name="xxh_1964pixels">3273.33dp</dimen>
    <dimen name="xxh_1965pixels">3275dp</dimen>
    <dimen name="xxh_1966pixels">3276.67dp</dimen>
    <dimen name="xxh_1967pixels">3278.33dp</dimen>
    <dimen name="xxh_1968pixels">3280dp</dimen>
    <dimen name="xxh_1969pixels">3281.67dp</dimen>
    <dimen name="xxh_1970pixels">3283.33dp</dimen>
    <dimen name="xxh_1971pixels">3285dp</dimen>
    <dimen name="xxh_1972pixels">3286.67dp</dimen>
    <dimen name="xxh_1973pixels">3288.33dp</dimen>
    <dimen name="xxh_1974pixels">3290dp</dimen>
    <dimen name="xxh_1975pixels">3291.67dp</dimen>
    <dimen name="xxh_1976pixels">3293.33dp</dimen>
    <dimen name="xxh_1977pixels">3295dp</dimen>
    <dimen name="xxh_1978pixels">3296.67dp</dimen>
    <dimen name="xxh_1979pixels">3298.33dp</dimen>
    <dimen name="xxh_1980pixels">3300dp</dimen>
    <dimen name="xxh_1981pixels">3301.67dp</dimen>
    <dimen name="xxh_1982pixels">3303.33dp</dimen>
    <dimen name="xxh_1983pixels">3305dp</dimen>
    <dimen name="xxh_1984pixels">3306.67dp</dimen>
    <dimen name="xxh_1985pixels">3308.33dp</dimen>
    <dimen name="xxh_1986pixels">3310dp</dimen>
    <dimen name="xxh_1987pixels">3311.67dp</dimen>
    <dimen name="xxh_1988pixels">3313.33dp</dimen>
    <dimen name="xxh_1989pixels">3315dp</dimen>
    <dimen name="xxh_1990pixels">3316.67dp</dimen>
    <dimen name="xxh_1991pixels">3318.33dp</dimen>
    <dimen name="xxh_1992pixels">3320dp</dimen>
    <dimen name="xxh_1993pixels">3321.67dp</dimen>
    <dimen name="xxh_1994pixels">3323.33dp</dimen>
    <dimen name="xxh_1995pixels">3325dp</dimen>
    <dimen name="xxh_1996pixels">3326.67dp</dimen>
    <dimen name="xxh_1997pixels">3328.33dp</dimen>
    <dimen name="xxh_1998pixels">3330dp</dimen>
    <dimen name="xxh_1999pixels">3331.67dp</dimen>
    <dimen name="xxh_2000pixels">3333.33dp</dimen>

</resources>