<?xml version="1.0" encoding="utf-8"?>
<resources>

    <dimen name="xxh_m130pixels">-173.33dp</dimen>
    <dimen name="xxh_m48pixels">-64dp</dimen>
    <dimen name="xxh_m42pixels">-56dp</dimen>
    <dimen name="xxh_m30pixels">-40dp</dimen>
    <dimen name="xxh_m26pixels">-34.67dp</dimen>
    <dimen name="xxh_m25pixels">-33.33dp</dimen>
    <dimen name="xxh_m24pixels">-32dp</dimen>
    <dimen name="xxh_m23pixels">-30.67dp</dimen>
    <dimen name="xxh_m21pixels">-28dp</dimen>
    <dimen name="xxh_m20pixels">-26.67dp</dimen>
    <dimen name="xxh_m18pixels">-24dp</dimen>
    <dimen name="xxh_m16pixels">-21.33dp</dimen>
    <dimen name="xxh_m14pixels">-18.67dp</dimen>
    <dimen name="xxh_m10pixels">-13.33dp</dimen>
    <dimen name="xxh_m8pixels">-10.67dp</dimen>
    <dimen name="xxh_m5pixels">-6.67dp</dimen>
    <dimen name="xxh_m1pixels">-1.33dp</dimen>

    <dimen name="xxh_1pixels">1.33dp</dimen>
    <dimen name="xxh_2pixels">2.67dp</dimen>
    <dimen name="xxh_3pixels">4dp</dimen>
    <dimen name="xxh_4pixels">5.33dp</dimen>
    <dimen name="xxh_5pixels">6.67dp</dimen>
    <dimen name="xxh_6pixels">8dp</dimen>
    <dimen name="xxh_7pixels">9.33dp</dimen>
    <dimen name="xxh_8pixels">10.67dp</dimen>
    <dimen name="xxh_9pixels">12dp</dimen>
    <dimen name="xxh_10pixels">13.33dp</dimen>
    <dimen name="xxh_11pixels">14.67dp</dimen>
    <dimen name="xxh_12pixels">16dp</dimen>
    <dimen name="xxh_13pixels">17.33dp</dimen>
    <dimen name="xxh_14pixels">18.67dp</dimen>
    <dimen name="xxh_15pixels">20dp</dimen>
    <dimen name="xxh_16pixels">21.33dp</dimen>
    <dimen name="xxh_17pixels">22.67dp</dimen>
    <dimen name="xxh_18pixels">24dp</dimen>
    <dimen name="xxh_19pixels">25.33dp</dimen>
    <dimen name="xxh_20pixels">26.67dp</dimen>
    <dimen name="xxh_21pixels">28dp</dimen>
    <dimen name="xxh_22pixels">29.33dp</dimen>
    <dimen name="xxh_23pixels">30.67dp</dimen>
    <dimen name="xxh_24pixels">32dp</dimen>
    <dimen name="xxh_25pixels">33.33dp</dimen>
    <dimen name="xxh_26pixels">34.67dp</dimen>
    <dimen name="xxh_27pixels">36dp</dimen>
    <dimen name="xxh_28pixels">37.33dp</dimen>
    <dimen name="xxh_29pixels">38.67dp</dimen>
    <dimen name="xxh_30pixels">40dp</dimen>
    <dimen name="xxh_31pixels">41.33dp</dimen>
    <dimen name="xxh_32pixels">42.67dp</dimen>
    <dimen name="xxh_33pixels">44dp</dimen>
    <dimen name="xxh_34pixels">45.33dp</dimen>
    <dimen name="xxh_35pixels">46.67dp</dimen>
    <dimen name="xxh_36pixels">48dp</dimen>
    <dimen name="xxh_37pixels">49.33dp</dimen>
    <dimen name="xxh_38pixels">50.67dp</dimen>
    <dimen name="xxh_39pixels">52dp</dimen>
    <dimen name="xxh_40pixels">53.33dp</dimen>
    <dimen name="xxh_41pixels">54.67dp</dimen>
    <dimen name="xxh_42pixels">56dp</dimen>
    <dimen name="xxh_43pixels">57.33dp</dimen>
    <dimen name="xxh_44pixels">58.67dp</dimen>
    <dimen name="xxh_45pixels">60dp</dimen>
    <dimen name="xxh_46pixels">61.33dp</dimen>
    <dimen name="xxh_47pixels">62.67dp</dimen>
    <dimen name="xxh_48pixels">64dp</dimen>
    <dimen name="xxh_49pixels">65.33dp</dimen>
    <dimen name="xxh_50pixels">66.67dp</dimen>
    <dimen name="xxh_51pixels">68dp</dimen>
    <dimen name="xxh_52pixels">69.33dp</dimen>
    <dimen name="xxh_53pixels">70.67dp</dimen>
    <dimen name="xxh_54pixels">72dp</dimen>
    <dimen name="xxh_55pixels">73.33dp</dimen>
    <dimen name="xxh_56pixels">74.67dp</dimen>
    <dimen name="xxh_57pixels">76dp</dimen>
    <dimen name="xxh_58pixels">77.33dp</dimen>
    <dimen name="xxh_59pixels">78.67dp</dimen>
    <dimen name="xxh_60pixels">80dp</dimen>
    <dimen name="xxh_61pixels">81.33dp</dimen>
    <dimen name="xxh_62pixels">82.67dp</dimen>
    <dimen name="xxh_63pixels">84dp</dimen>
    <dimen name="xxh_64pixels">85.33dp</dimen>
    <dimen name="xxh_65pixels">86.67dp</dimen>
    <dimen name="xxh_66pixels">88dp</dimen>
    <dimen name="xxh_67pixels">89.33dp</dimen>
    <dimen name="xxh_68pixels">90.67dp</dimen>
    <dimen name="xxh_69pixels">92dp</dimen>
    <dimen name="xxh_70pixels">93.33dp</dimen>
    <dimen name="xxh_71pixels">94.67dp</dimen>
    <dimen name="xxh_72pixels">96dp</dimen>
    <dimen name="xxh_73pixels">97.33dp</dimen>
    <dimen name="xxh_74pixels">98.67dp</dimen>
    <dimen name="xxh_75pixels">100dp</dimen>
    <dimen name="xxh_76pixels">101.33dp</dimen>
    <dimen name="xxh_77pixels">102.67dp</dimen>
    <dimen name="xxh_78pixels">104dp</dimen>
    <dimen name="xxh_79pixels">105.33dp</dimen>
    <dimen name="xxh_80pixels">106.67dp</dimen>
    <dimen name="xxh_81pixels">108dp</dimen>
    <dimen name="xxh_82pixels">109.33dp</dimen>
    <dimen name="xxh_83pixels">110.67dp</dimen>
    <dimen name="xxh_84pixels">112dp</dimen>
    <dimen name="xxh_85pixels">113.33dp</dimen>
    <dimen name="xxh_86pixels">114.67dp</dimen>
    <dimen name="xxh_87pixels">116dp</dimen>
    <dimen name="xxh_88pixels">117.33dp</dimen>
    <dimen name="xxh_89pixels">118.67dp</dimen>
    <dimen name="xxh_90pixels">120dp</dimen>
    <dimen name="xxh_91pixels">121.33dp</dimen>
    <dimen name="xxh_92pixels">122.67dp</dimen>
    <dimen name="xxh_93pixels">124dp</dimen>
    <dimen name="xxh_94pixels">125.33dp</dimen>
    <dimen name="xxh_95pixels">126.67dp</dimen>
    <dimen name="xxh_96pixels">128dp</dimen>
    <dimen name="xxh_97pixels">129.33dp</dimen>
    <dimen name="xxh_98pixels">130.67dp</dimen>
    <dimen name="xxh_99pixels">132dp</dimen>
    <dimen name="xxh_100pixels">133.33dp</dimen>
    <dimen name="xxh_101pixels">134.67dp</dimen>
    <dimen name="xxh_102pixels">136dp</dimen>
    <dimen name="xxh_103pixels">137.33dp</dimen>
    <dimen name="xxh_104pixels">138.67dp</dimen>
    <dimen name="xxh_105pixels">140dp</dimen>
    <dimen name="xxh_106pixels">141.33dp</dimen>
    <dimen name="xxh_107pixels">142.67dp</dimen>
    <dimen name="xxh_108pixels">144dp</dimen>
    <dimen name="xxh_109pixels">145.33dp</dimen>
    <dimen name="xxh_110pixels">146.67dp</dimen>
    <dimen name="xxh_111pixels">148dp</dimen>
    <dimen name="xxh_112pixels">149.33dp</dimen>
    <dimen name="xxh_113pixels">150.67dp</dimen>
    <dimen name="xxh_114pixels">152dp</dimen>
    <dimen name="xxh_115pixels">153.33dp</dimen>
    <dimen name="xxh_116pixels">154.67dp</dimen>
    <dimen name="xxh_117pixels">156dp</dimen>
    <dimen name="xxh_118pixels">157.33dp</dimen>
    <dimen name="xxh_119pixels">158.67dp</dimen>
    <dimen name="xxh_120pixels">160dp</dimen>
    <dimen name="xxh_121pixels">161.33dp</dimen>
    <dimen name="xxh_122pixels">162.67dp</dimen>
    <dimen name="xxh_123pixels">164dp</dimen>
    <dimen name="xxh_124pixels">165.33dp</dimen>
    <dimen name="xxh_125pixels">166.67dp</dimen>
    <dimen name="xxh_126pixels">168dp</dimen>
    <dimen name="xxh_127pixels">169.33dp</dimen>
    <dimen name="xxh_128pixels">170.67dp</dimen>
    <dimen name="xxh_129pixels">172dp</dimen>
    <dimen name="xxh_130pixels">173.33dp</dimen>
    <dimen name="xxh_131pixels">174.67dp</dimen>
    <dimen name="xxh_132pixels">176dp</dimen>
    <dimen name="xxh_133pixels">177.33dp</dimen>
    <dimen name="xxh_134pixels">178.67dp</dimen>
    <dimen name="xxh_135pixels">180dp</dimen>
    <dimen name="xxh_136pixels">181.33dp</dimen>
    <dimen name="xxh_137pixels">182.67dp</dimen>
    <dimen name="xxh_138pixels">184dp</dimen>
    <dimen name="xxh_139pixels">185.33dp</dimen>
    <dimen name="xxh_140pixels">186.67dp</dimen>
    <dimen name="xxh_141pixels">188dp</dimen>
    <dimen name="xxh_142pixels">189.33dp</dimen>
    <dimen name="xxh_143pixels">190.67dp</dimen>
    <dimen name="xxh_144pixels">192dp</dimen>
    <dimen name="xxh_145pixels">193.33dp</dimen>
    <dimen name="xxh_146pixels">194.67dp</dimen>
    <dimen name="xxh_147pixels">196dp</dimen>
    <dimen name="xxh_148pixels">197.33dp</dimen>
    <dimen name="xxh_149pixels">198.67dp</dimen>
    <dimen name="xxh_150pixels">200dp</dimen>
    <dimen name="xxh_151pixels">201.33dp</dimen>
    <dimen name="xxh_152pixels">202.67dp</dimen>
    <dimen name="xxh_153pixels">204dp</dimen>
    <dimen name="xxh_154pixels">205.33dp</dimen>
    <dimen name="xxh_155pixels">206.67dp</dimen>
    <dimen name="xxh_156pixels">208dp</dimen>
    <dimen name="xxh_157pixels">209.33dp</dimen>
    <dimen name="xxh_158pixels">210.67dp</dimen>
    <dimen name="xxh_159pixels">212dp</dimen>
    <dimen name="xxh_160pixels">213.33dp</dimen>
    <dimen name="xxh_161pixels">214.67dp</dimen>
    <dimen name="xxh_162pixels">216dp</dimen>
    <dimen name="xxh_163pixels">217.33dp</dimen>
    <dimen name="xxh_164pixels">218.67dp</dimen>
    <dimen name="xxh_165pixels">220dp</dimen>
    <dimen name="xxh_166pixels">221.33dp</dimen>
    <dimen name="xxh_167pixels">222.67dp</dimen>
    <dimen name="xxh_168pixels">224dp</dimen>
    <dimen name="xxh_169pixels">225.33dp</dimen>
    <dimen name="xxh_170pixels">226.67dp</dimen>
    <dimen name="xxh_171pixels">228dp</dimen>
    <dimen name="xxh_172pixels">229.33dp</dimen>
    <dimen name="xxh_173pixels">230.67dp</dimen>
    <dimen name="xxh_174pixels">232dp</dimen>
    <dimen name="xxh_175pixels">233.33dp</dimen>
    <dimen name="xxh_176pixels">234.67dp</dimen>
    <dimen name="xxh_177pixels">236dp</dimen>
    <dimen name="xxh_178pixels">237.33dp</dimen>
    <dimen name="xxh_179pixels">238.67dp</dimen>
    <dimen name="xxh_180pixels">240dp</dimen>
    <dimen name="xxh_181pixels">241.33dp</dimen>
    <dimen name="xxh_182pixels">242.67dp</dimen>
    <dimen name="xxh_183pixels">244dp</dimen>
    <dimen name="xxh_184pixels">245.33dp</dimen>
    <dimen name="xxh_185pixels">246.67dp</dimen>
    <dimen name="xxh_186pixels">248dp</dimen>
    <dimen name="xxh_187pixels">249.33dp</dimen>
    <dimen name="xxh_188pixels">250.67dp</dimen>
    <dimen name="xxh_189pixels">252dp</dimen>
    <dimen name="xxh_190pixels">253.33dp</dimen>
    <dimen name="xxh_191pixels">254.67dp</dimen>
    <dimen name="xxh_192pixels">256dp</dimen>
    <dimen name="xxh_193pixels">257.33dp</dimen>
    <dimen name="xxh_194pixels">258.67dp</dimen>
    <dimen name="xxh_195pixels">260dp</dimen>
    <dimen name="xxh_196pixels">261.33dp</dimen>
    <dimen name="xxh_197pixels">262.67dp</dimen>
    <dimen name="xxh_198pixels">264dp</dimen>
    <dimen name="xxh_199pixels">265.33dp</dimen>
    <dimen name="xxh_200pixels">266.67dp</dimen>
    <dimen name="xxh_201pixels">268dp</dimen>
    <dimen name="xxh_202pixels">269.33dp</dimen>
    <dimen name="xxh_203pixels">270.67dp</dimen>
    <dimen name="xxh_204pixels">272dp</dimen>
    <dimen name="xxh_205pixels">273.33dp</dimen>
    <dimen name="xxh_206pixels">274.67dp</dimen>
    <dimen name="xxh_207pixels">276dp</dimen>
    <dimen name="xxh_208pixels">277.33dp</dimen>
    <dimen name="xxh_209pixels">278.67dp</dimen>
    <dimen name="xxh_210pixels">280dp</dimen>
    <dimen name="xxh_211pixels">281.33dp</dimen>
    <dimen name="xxh_212pixels">282.67dp</dimen>
    <dimen name="xxh_213pixels">284dp</dimen>
    <dimen name="xxh_214pixels">285.33dp</dimen>
    <dimen name="xxh_215pixels">286.67dp</dimen>
    <dimen name="xxh_216pixels">288dp</dimen>
    <dimen name="xxh_217pixels">289.33dp</dimen>
    <dimen name="xxh_218pixels">290.67dp</dimen>
    <dimen name="xxh_219pixels">292dp</dimen>
    <dimen name="xxh_220pixels">293.33dp</dimen>
    <dimen name="xxh_221pixels">294.67dp</dimen>
    <dimen name="xxh_222pixels">296dp</dimen>
    <dimen name="xxh_223pixels">297.33dp</dimen>
    <dimen name="xxh_224pixels">298.67dp</dimen>
    <dimen name="xxh_225pixels">300dp</dimen>
    <dimen name="xxh_226pixels">301.33dp</dimen>
    <dimen name="xxh_227pixels">302.67dp</dimen>
    <dimen name="xxh_228pixels">304dp</dimen>
    <dimen name="xxh_229pixels">305.33dp</dimen>
    <dimen name="xxh_230pixels">306.67dp</dimen>
    <dimen name="xxh_231pixels">308dp</dimen>
    <dimen name="xxh_232pixels">309.33dp</dimen>
    <dimen name="xxh_233pixels">310.67dp</dimen>
    <dimen name="xxh_234pixels">312dp</dimen>
    <dimen name="xxh_235pixels">313.33dp</dimen>
    <dimen name="xxh_236pixels">314.67dp</dimen>
    <dimen name="xxh_237pixels">316dp</dimen>
    <dimen name="xxh_238pixels">317.33dp</dimen>
    <dimen name="xxh_239pixels">318.67dp</dimen>
    <dimen name="xxh_240pixels">320dp</dimen>
    <dimen name="xxh_241pixels">321.33dp</dimen>
    <dimen name="xxh_242pixels">322.67dp</dimen>
    <dimen name="xxh_243pixels">324dp</dimen>
    <dimen name="xxh_244pixels">325.33dp</dimen>
    <dimen name="xxh_245pixels">326.67dp</dimen>
    <dimen name="xxh_246pixels">328dp</dimen>
    <dimen name="xxh_247pixels">329.33dp</dimen>
    <dimen name="xxh_248pixels">330.67dp</dimen>
    <dimen name="xxh_249pixels">332dp</dimen>
    <dimen name="xxh_250pixels">333.33dp</dimen>
    <dimen name="xxh_251pixels">334.67dp</dimen>
    <dimen name="xxh_252pixels">336dp</dimen>
    <dimen name="xxh_253pixels">337.33dp</dimen>
    <dimen name="xxh_254pixels">338.67dp</dimen>
    <dimen name="xxh_255pixels">340dp</dimen>
    <dimen name="xxh_256pixels">341.33dp</dimen>
    <dimen name="xxh_257pixels">342.67dp</dimen>
    <dimen name="xxh_258pixels">344dp</dimen>
    <dimen name="xxh_259pixels">345.33dp</dimen>
    <dimen name="xxh_260pixels">346.67dp</dimen>
    <dimen name="xxh_261pixels">348dp</dimen>
    <dimen name="xxh_262pixels">349.33dp</dimen>
    <dimen name="xxh_263pixels">350.67dp</dimen>
    <dimen name="xxh_264pixels">352dp</dimen>
    <dimen name="xxh_265pixels">353.33dp</dimen>
    <dimen name="xxh_266pixels">354.67dp</dimen>
    <dimen name="xxh_267pixels">356dp</dimen>
    <dimen name="xxh_268pixels">357.33dp</dimen>
    <dimen name="xxh_269pixels">358.67dp</dimen>
    <dimen name="xxh_270pixels">360dp</dimen>
    <dimen name="xxh_271pixels">361.33dp</dimen>
    <dimen name="xxh_272pixels">362.67dp</dimen>
    <dimen name="xxh_273pixels">364dp</dimen>
    <dimen name="xxh_274pixels">365.33dp</dimen>
    <dimen name="xxh_275pixels">366.67dp</dimen>
    <dimen name="xxh_276pixels">368dp</dimen>
    <dimen name="xxh_277pixels">369.33dp</dimen>
    <dimen name="xxh_278pixels">370.67dp</dimen>
    <dimen name="xxh_279pixels">372dp</dimen>
    <dimen name="xxh_280pixels">373.33dp</dimen>
    <dimen name="xxh_281pixels">374.67dp</dimen>
    <dimen name="xxh_282pixels">376dp</dimen>
    <dimen name="xxh_283pixels">377.33dp</dimen>
    <dimen name="xxh_284pixels">378.67dp</dimen>
    <dimen name="xxh_285pixels">380dp</dimen>
    <dimen name="xxh_286pixels">381.33dp</dimen>
    <dimen name="xxh_287pixels">382.67dp</dimen>
    <dimen name="xxh_288pixels">384dp</dimen>
    <dimen name="xxh_289pixels">385.33dp</dimen>
    <dimen name="xxh_290pixels">386.67dp</dimen>
    <dimen name="xxh_291pixels">388dp</dimen>
    <dimen name="xxh_292pixels">389.33dp</dimen>
    <dimen name="xxh_293pixels">390.67dp</dimen>
    <dimen name="xxh_294pixels">392dp</dimen>
    <dimen name="xxh_295pixels">393.33dp</dimen>
    <dimen name="xxh_296pixels">394.67dp</dimen>
    <dimen name="xxh_297pixels">396dp</dimen>
    <dimen name="xxh_298pixels">397.33dp</dimen>
    <dimen name="xxh_299pixels">398.67dp</dimen>
    <dimen name="xxh_300pixels">400dp</dimen>
    <dimen name="xxh_301pixels">401.33dp</dimen>
    <dimen name="xxh_302pixels">402.67dp</dimen>
    <dimen name="xxh_303pixels">404dp</dimen>
    <dimen name="xxh_304pixels">405.33dp</dimen>
    <dimen name="xxh_305pixels">406.67dp</dimen>
    <dimen name="xxh_306pixels">408dp</dimen>
    <dimen name="xxh_307pixels">409.33dp</dimen>
    <dimen name="xxh_308pixels">410.67dp</dimen>
    <dimen name="xxh_309pixels">412dp</dimen>
    <dimen name="xxh_310pixels">413.33dp</dimen>
    <dimen name="xxh_311pixels">414.67dp</dimen>
    <dimen name="xxh_312pixels">416dp</dimen>
    <dimen name="xxh_313pixels">417.33dp</dimen>
    <dimen name="xxh_314pixels">418.67dp</dimen>
    <dimen name="xxh_315pixels">420dp</dimen>
    <dimen name="xxh_316pixels">421.33dp</dimen>
    <dimen name="xxh_317pixels">422.67dp</dimen>
    <dimen name="xxh_318pixels">424dp</dimen>
    <dimen name="xxh_319pixels">425.33dp</dimen>
    <dimen name="xxh_320pixels">426.67dp</dimen>
    <dimen name="xxh_321pixels">428dp</dimen>
    <dimen name="xxh_322pixels">429.33dp</dimen>
    <dimen name="xxh_323pixels">430.67dp</dimen>
    <dimen name="xxh_324pixels">432dp</dimen>
    <dimen name="xxh_325pixels">433.33dp</dimen>
    <dimen name="xxh_326pixels">434.67dp</dimen>
    <dimen name="xxh_327pixels">436dp</dimen>
    <dimen name="xxh_328pixels">437.33dp</dimen>
    <dimen name="xxh_329pixels">438.67dp</dimen>
    <dimen name="xxh_330pixels">440dp</dimen>
    <dimen name="xxh_331pixels">441.33dp</dimen>
    <dimen name="xxh_332pixels">442.67dp</dimen>
    <dimen name="xxh_333pixels">444dp</dimen>
    <dimen name="xxh_334pixels">445.33dp</dimen>
    <dimen name="xxh_335pixels">446.67dp</dimen>
    <dimen name="xxh_336pixels">448dp</dimen>
    <dimen name="xxh_337pixels">449.33dp</dimen>
    <dimen name="xxh_338pixels">450.67dp</dimen>
    <dimen name="xxh_339pixels">452dp</dimen>
    <dimen name="xxh_340pixels">453.33dp</dimen>
    <dimen name="xxh_341pixels">454.67dp</dimen>
    <dimen name="xxh_342pixels">456dp</dimen>
    <dimen name="xxh_343pixels">457.33dp</dimen>
    <dimen name="xxh_344pixels">458.67dp</dimen>
    <dimen name="xxh_345pixels">460dp</dimen>
    <dimen name="xxh_346pixels">461.33dp</dimen>
    <dimen name="xxh_347pixels">462.67dp</dimen>
    <dimen name="xxh_348pixels">464dp</dimen>
    <dimen name="xxh_349pixels">465.33dp</dimen>
    <dimen name="xxh_350pixels">466.67dp</dimen>
    <dimen name="xxh_351pixels">468dp</dimen>
    <dimen name="xxh_352pixels">469.33dp</dimen>
    <dimen name="xxh_353pixels">470.67dp</dimen>
    <dimen name="xxh_354pixels">472dp</dimen>
    <dimen name="xxh_355pixels">473.33dp</dimen>
    <dimen name="xxh_356pixels">474.67dp</dimen>
    <dimen name="xxh_357pixels">476dp</dimen>
    <dimen name="xxh_358pixels">477.33dp</dimen>
    <dimen name="xxh_359pixels">478.67dp</dimen>
    <dimen name="xxh_360pixels">480dp</dimen>
    <dimen name="xxh_361pixels">481.33dp</dimen>
    <dimen name="xxh_362pixels">482.67dp</dimen>
    <dimen name="xxh_363pixels">484dp</dimen>
    <dimen name="xxh_364pixels">485.33dp</dimen>
    <dimen name="xxh_365pixels">486.67dp</dimen>
    <dimen name="xxh_366pixels">488dp</dimen>
    <dimen name="xxh_367pixels">489.33dp</dimen>
    <dimen name="xxh_368pixels">490.67dp</dimen>
    <dimen name="xxh_369pixels">492dp</dimen>
    <dimen name="xxh_370pixels">493.33dp</dimen>
    <dimen name="xxh_371pixels">494.67dp</dimen>
    <dimen name="xxh_372pixels">496dp</dimen>
    <dimen name="xxh_373pixels">497.33dp</dimen>
    <dimen name="xxh_374pixels">498.67dp</dimen>
    <dimen name="xxh_375pixels">500dp</dimen>
    <dimen name="xxh_376pixels">501.33dp</dimen>
    <dimen name="xxh_377pixels">502.67dp</dimen>
    <dimen name="xxh_378pixels">504dp</dimen>
    <dimen name="xxh_379pixels">505.33dp</dimen>
    <dimen name="xxh_380pixels">506.67dp</dimen>
    <dimen name="xxh_381pixels">508dp</dimen>
    <dimen name="xxh_382pixels">509.33dp</dimen>
    <dimen name="xxh_383pixels">510.67dp</dimen>
    <dimen name="xxh_384pixels">512dp</dimen>
    <dimen name="xxh_385pixels">513.33dp</dimen>
    <dimen name="xxh_386pixels">514.67dp</dimen>
    <dimen name="xxh_387pixels">516dp</dimen>
    <dimen name="xxh_388pixels">517.33dp</dimen>
    <dimen name="xxh_389pixels">518.67dp</dimen>
    <dimen name="xxh_390pixels">520dp</dimen>
    <dimen name="xxh_391pixels">521.33dp</dimen>
    <dimen name="xxh_392pixels">522.67dp</dimen>
    <dimen name="xxh_393pixels">524dp</dimen>
    <dimen name="xxh_394pixels">525.33dp</dimen>
    <dimen name="xxh_395pixels">526.67dp</dimen>
    <dimen name="xxh_396pixels">528dp</dimen>
    <dimen name="xxh_397pixels">529.33dp</dimen>
    <dimen name="xxh_398pixels">530.67dp</dimen>
    <dimen name="xxh_399pixels">532dp</dimen>
    <dimen name="xxh_400pixels">533.33dp</dimen>
    <dimen name="xxh_401pixels">534.67dp</dimen>
    <dimen name="xxh_402pixels">536dp</dimen>
    <dimen name="xxh_403pixels">537.33dp</dimen>
    <dimen name="xxh_404pixels">538.67dp</dimen>
    <dimen name="xxh_405pixels">540dp</dimen>
    <dimen name="xxh_406pixels">541.33dp</dimen>
    <dimen name="xxh_407pixels">542.67dp</dimen>
    <dimen name="xxh_408pixels">544dp</dimen>
    <dimen name="xxh_409pixels">545.33dp</dimen>
    <dimen name="xxh_410pixels">546.67dp</dimen>
    <dimen name="xxh_411pixels">548dp</dimen>
    <dimen name="xxh_412pixels">549.33dp</dimen>
    <dimen name="xxh_413pixels">550.67dp</dimen>
    <dimen name="xxh_414pixels">552dp</dimen>
    <dimen name="xxh_415pixels">553.33dp</dimen>
    <dimen name="xxh_416pixels">554.67dp</dimen>
    <dimen name="xxh_417pixels">556dp</dimen>
    <dimen name="xxh_418pixels">557.33dp</dimen>
    <dimen name="xxh_419pixels">558.67dp</dimen>
    <dimen name="xxh_420pixels">560dp</dimen>
    <dimen name="xxh_421pixels">561.33dp</dimen>
    <dimen name="xxh_422pixels">562.67dp</dimen>
    <dimen name="xxh_423pixels">564dp</dimen>
    <dimen name="xxh_424pixels">565.33dp</dimen>
    <dimen name="xxh_425pixels">566.67dp</dimen>
    <dimen name="xxh_426pixels">568dp</dimen>
    <dimen name="xxh_427pixels">569.33dp</dimen>
    <dimen name="xxh_428pixels">570.67dp</dimen>
    <dimen name="xxh_429pixels">572dp</dimen>
    <dimen name="xxh_430pixels">573.33dp</dimen>
    <dimen name="xxh_431pixels">574.67dp</dimen>
    <dimen name="xxh_432pixels">576dp</dimen>
    <dimen name="xxh_433pixels">577.33dp</dimen>
    <dimen name="xxh_434pixels">578.67dp</dimen>
    <dimen name="xxh_435pixels">580dp</dimen>
    <dimen name="xxh_436pixels">581.33dp</dimen>
    <dimen name="xxh_437pixels">582.67dp</dimen>
    <dimen name="xxh_438pixels">584dp</dimen>
    <dimen name="xxh_439pixels">585.33dp</dimen>
    <dimen name="xxh_440pixels">586.67dp</dimen>
    <dimen name="xxh_441pixels">588dp</dimen>
    <dimen name="xxh_442pixels">589.33dp</dimen>
    <dimen name="xxh_443pixels">590.67dp</dimen>
    <dimen name="xxh_444pixels">592dp</dimen>
    <dimen name="xxh_445pixels">593.33dp</dimen>
    <dimen name="xxh_446pixels">594.67dp</dimen>
    <dimen name="xxh_447pixels">596dp</dimen>
    <dimen name="xxh_448pixels">597.33dp</dimen>
    <dimen name="xxh_449pixels">598.67dp</dimen>
    <dimen name="xxh_450pixels">600dp</dimen>
    <dimen name="xxh_451pixels">601.33dp</dimen>
    <dimen name="xxh_452pixels">602.67dp</dimen>
    <dimen name="xxh_453pixels">604dp</dimen>
    <dimen name="xxh_454pixels">605.33dp</dimen>
    <dimen name="xxh_455pixels">606.67dp</dimen>
    <dimen name="xxh_456pixels">608dp</dimen>
    <dimen name="xxh_457pixels">609.33dp</dimen>
    <dimen name="xxh_458pixels">610.67dp</dimen>
    <dimen name="xxh_459pixels">612dp</dimen>
    <dimen name="xxh_460pixels">613.33dp</dimen>
    <dimen name="xxh_461pixels">614.67dp</dimen>
    <dimen name="xxh_462pixels">616dp</dimen>
    <dimen name="xxh_463pixels">617.33dp</dimen>
    <dimen name="xxh_464pixels">618.67dp</dimen>
    <dimen name="xxh_465pixels">620dp</dimen>
    <dimen name="xxh_466pixels">621.33dp</dimen>
    <dimen name="xxh_467pixels">622.67dp</dimen>
    <dimen name="xxh_468pixels">624dp</dimen>
    <dimen name="xxh_469pixels">625.33dp</dimen>
    <dimen name="xxh_470pixels">626.67dp</dimen>
    <dimen name="xxh_471pixels">628dp</dimen>
    <dimen name="xxh_472pixels">629.33dp</dimen>
    <dimen name="xxh_473pixels">630.67dp</dimen>
    <dimen name="xxh_474pixels">632dp</dimen>
    <dimen name="xxh_475pixels">633.33dp</dimen>
    <dimen name="xxh_476pixels">634.67dp</dimen>
    <dimen name="xxh_477pixels">636dp</dimen>
    <dimen name="xxh_478pixels">637.33dp</dimen>
    <dimen name="xxh_479pixels">638.67dp</dimen>
    <dimen name="xxh_480pixels">640dp</dimen>
    <dimen name="xxh_481pixels">641.33dp</dimen>
    <dimen name="xxh_482pixels">642.67dp</dimen>
    <dimen name="xxh_483pixels">644dp</dimen>
    <dimen name="xxh_484pixels">645.33dp</dimen>
    <dimen name="xxh_485pixels">646.67dp</dimen>
    <dimen name="xxh_486pixels">648dp</dimen>
    <dimen name="xxh_487pixels">649.33dp</dimen>
    <dimen name="xxh_488pixels">650.67dp</dimen>
    <dimen name="xxh_489pixels">652dp</dimen>
    <dimen name="xxh_490pixels">653.33dp</dimen>
    <dimen name="xxh_491pixels">654.67dp</dimen>
    <dimen name="xxh_492pixels">656dp</dimen>
    <dimen name="xxh_493pixels">657.33dp</dimen>
    <dimen name="xxh_494pixels">658.67dp</dimen>
    <dimen name="xxh_495pixels">660dp</dimen>
    <dimen name="xxh_496pixels">661.33dp</dimen>
    <dimen name="xxh_497pixels">662.67dp</dimen>
    <dimen name="xxh_498pixels">664dp</dimen>
    <dimen name="xxh_499pixels">665.33dp</dimen>
    <dimen name="xxh_500pixels">666.67dp</dimen>
    <dimen name="xxh_501pixels">668dp</dimen>
    <dimen name="xxh_502pixels">669.33dp</dimen>
    <dimen name="xxh_503pixels">670.67dp</dimen>
    <dimen name="xxh_504pixels">672dp</dimen>
    <dimen name="xxh_505pixels">673.33dp</dimen>
    <dimen name="xxh_506pixels">674.67dp</dimen>
    <dimen name="xxh_507pixels">676dp</dimen>
    <dimen name="xxh_508pixels">677.33dp</dimen>
    <dimen name="xxh_509pixels">678.67dp</dimen>
    <dimen name="xxh_510pixels">680dp</dimen>
    <dimen name="xxh_511pixels">681.33dp</dimen>
    <dimen name="xxh_512pixels">682.67dp</dimen>
    <dimen name="xxh_513pixels">684dp</dimen>
    <dimen name="xxh_514pixels">685.33dp</dimen>
    <dimen name="xxh_515pixels">686.67dp</dimen>
    <dimen name="xxh_516pixels">688dp</dimen>
    <dimen name="xxh_517pixels">689.33dp</dimen>
    <dimen name="xxh_518pixels">690.67dp</dimen>
    <dimen name="xxh_519pixels">692dp</dimen>
    <dimen name="xxh_520pixels">693.33dp</dimen>
    <dimen name="xxh_521pixels">694.67dp</dimen>
    <dimen name="xxh_522pixels">696dp</dimen>
    <dimen name="xxh_523pixels">697.33dp</dimen>
    <dimen name="xxh_524pixels">698.67dp</dimen>
    <dimen name="xxh_525pixels">700dp</dimen>
    <dimen name="xxh_526pixels">701.33dp</dimen>
    <dimen name="xxh_527pixels">702.67dp</dimen>
    <dimen name="xxh_528pixels">704dp</dimen>
    <dimen name="xxh_529pixels">705.33dp</dimen>
    <dimen name="xxh_530pixels">706.67dp</dimen>
    <dimen name="xxh_531pixels">708dp</dimen>
    <dimen name="xxh_532pixels">709.33dp</dimen>
    <dimen name="xxh_533pixels">710.67dp</dimen>
    <dimen name="xxh_534pixels">712dp</dimen>
    <dimen name="xxh_535pixels">713.33dp</dimen>
    <dimen name="xxh_536pixels">714.67dp</dimen>
    <dimen name="xxh_537pixels">716dp</dimen>
    <dimen name="xxh_538pixels">717.33dp</dimen>
    <dimen name="xxh_539pixels">718.67dp</dimen>
    <dimen name="xxh_540pixels">720dp</dimen>
    <dimen name="xxh_541pixels">721.33dp</dimen>
    <dimen name="xxh_542pixels">722.67dp</dimen>
    <dimen name="xxh_543pixels">724dp</dimen>
    <dimen name="xxh_544pixels">725.33dp</dimen>
    <dimen name="xxh_545pixels">726.67dp</dimen>
    <dimen name="xxh_546pixels">728dp</dimen>
    <dimen name="xxh_547pixels">729.33dp</dimen>
    <dimen name="xxh_548pixels">730.67dp</dimen>
    <dimen name="xxh_549pixels">732dp</dimen>
    <dimen name="xxh_550pixels">733.33dp</dimen>
    <dimen name="xxh_551pixels">734.67dp</dimen>
    <dimen name="xxh_552pixels">736dp</dimen>
    <dimen name="xxh_553pixels">737.33dp</dimen>
    <dimen name="xxh_554pixels">738.67dp</dimen>
    <dimen name="xxh_555pixels">740dp</dimen>
    <dimen name="xxh_556pixels">741.33dp</dimen>
    <dimen name="xxh_557pixels">742.67dp</dimen>
    <dimen name="xxh_558pixels">744dp</dimen>
    <dimen name="xxh_559pixels">745.33dp</dimen>
    <dimen name="xxh_560pixels">746.67dp</dimen>
    <dimen name="xxh_561pixels">748dp</dimen>
    <dimen name="xxh_562pixels">749.33dp</dimen>
    <dimen name="xxh_563pixels">750.67dp</dimen>
    <dimen name="xxh_564pixels">752dp</dimen>
    <dimen name="xxh_565pixels">753.33dp</dimen>
    <dimen name="xxh_566pixels">754.67dp</dimen>
    <dimen name="xxh_567pixels">756dp</dimen>
    <dimen name="xxh_568pixels">757.33dp</dimen>
    <dimen name="xxh_569pixels">758.67dp</dimen>
    <dimen name="xxh_570pixels">760dp</dimen>
    <dimen name="xxh_571pixels">761.33dp</dimen>
    <dimen name="xxh_572pixels">762.67dp</dimen>
    <dimen name="xxh_573pixels">764dp</dimen>
    <dimen name="xxh_574pixels">765.33dp</dimen>
    <dimen name="xxh_575pixels">766.67dp</dimen>
    <dimen name="xxh_576pixels">768dp</dimen>
    <dimen name="xxh_577pixels">769.33dp</dimen>
    <dimen name="xxh_578pixels">770.67dp</dimen>
    <dimen name="xxh_579pixels">772dp</dimen>
    <dimen name="xxh_580pixels">773.33dp</dimen>
    <dimen name="xxh_581pixels">774.67dp</dimen>
    <dimen name="xxh_582pixels">776dp</dimen>
    <dimen name="xxh_583pixels">777.33dp</dimen>
    <dimen name="xxh_584pixels">778.67dp</dimen>
    <dimen name="xxh_585pixels">780dp</dimen>
    <dimen name="xxh_586pixels">781.33dp</dimen>
    <dimen name="xxh_587pixels">782.67dp</dimen>
    <dimen name="xxh_588pixels">784dp</dimen>
    <dimen name="xxh_589pixels">785.33dp</dimen>
    <dimen name="xxh_590pixels">786.67dp</dimen>
    <dimen name="xxh_591pixels">788dp</dimen>
    <dimen name="xxh_592pixels">789.33dp</dimen>
    <dimen name="xxh_593pixels">790.67dp</dimen>
    <dimen name="xxh_594pixels">792dp</dimen>
    <dimen name="xxh_595pixels">793.33dp</dimen>
    <dimen name="xxh_596pixels">794.67dp</dimen>
    <dimen name="xxh_597pixels">796dp</dimen>
    <dimen name="xxh_598pixels">797.33dp</dimen>
    <dimen name="xxh_599pixels">798.67dp</dimen>
    <dimen name="xxh_600pixels">800dp</dimen>
    <dimen name="xxh_601pixels">801.33dp</dimen>
    <dimen name="xxh_602pixels">802.67dp</dimen>
    <dimen name="xxh_603pixels">804dp</dimen>
    <dimen name="xxh_604pixels">805.33dp</dimen>
    <dimen name="xxh_605pixels">806.67dp</dimen>
    <dimen name="xxh_606pixels">808dp</dimen>
    <dimen name="xxh_607pixels">809.33dp</dimen>
    <dimen name="xxh_608pixels">810.67dp</dimen>
    <dimen name="xxh_609pixels">812dp</dimen>
    <dimen name="xxh_610pixels">813.33dp</dimen>
    <dimen name="xxh_611pixels">814.67dp</dimen>
    <dimen name="xxh_612pixels">816dp</dimen>
    <dimen name="xxh_613pixels">817.33dp</dimen>
    <dimen name="xxh_614pixels">818.67dp</dimen>
    <dimen name="xxh_615pixels">820dp</dimen>
    <dimen name="xxh_616pixels">821.33dp</dimen>
    <dimen name="xxh_617pixels">822.67dp</dimen>
    <dimen name="xxh_618pixels">824dp</dimen>
    <dimen name="xxh_619pixels">825.33dp</dimen>
    <dimen name="xxh_620pixels">826.67dp</dimen>
    <dimen name="xxh_621pixels">828dp</dimen>
    <dimen name="xxh_622pixels">829.33dp</dimen>
    <dimen name="xxh_623pixels">830.67dp</dimen>
    <dimen name="xxh_624pixels">832dp</dimen>
    <dimen name="xxh_625pixels">833.33dp</dimen>
    <dimen name="xxh_626pixels">834.67dp</dimen>
    <dimen name="xxh_627pixels">836dp</dimen>
    <dimen name="xxh_628pixels">837.33dp</dimen>
    <dimen name="xxh_629pixels">838.67dp</dimen>
    <dimen name="xxh_630pixels">840dp</dimen>
    <dimen name="xxh_631pixels">841.33dp</dimen>
    <dimen name="xxh_632pixels">842.67dp</dimen>
    <dimen name="xxh_633pixels">844dp</dimen>
    <dimen name="xxh_634pixels">845.33dp</dimen>
    <dimen name="xxh_635pixels">846.67dp</dimen>
    <dimen name="xxh_636pixels">848dp</dimen>
    <dimen name="xxh_637pixels">849.33dp</dimen>
    <dimen name="xxh_638pixels">850.67dp</dimen>
    <dimen name="xxh_639pixels">852dp</dimen>
    <dimen name="xxh_640pixels">853.33dp</dimen>
    <dimen name="xxh_641pixels">854.67dp</dimen>
    <dimen name="xxh_642pixels">856dp</dimen>
    <dimen name="xxh_643pixels">857.33dp</dimen>
    <dimen name="xxh_644pixels">858.67dp</dimen>
    <dimen name="xxh_645pixels">860dp</dimen>
    <dimen name="xxh_646pixels">861.33dp</dimen>
    <dimen name="xxh_647pixels">862.67dp</dimen>
    <dimen name="xxh_648pixels">864dp</dimen>
    <dimen name="xxh_649pixels">865.33dp</dimen>
    <dimen name="xxh_650pixels">866.67dp</dimen>
    <dimen name="xxh_651pixels">868dp</dimen>
    <dimen name="xxh_652pixels">869.33dp</dimen>
    <dimen name="xxh_653pixels">870.67dp</dimen>
    <dimen name="xxh_654pixels">872dp</dimen>
    <dimen name="xxh_655pixels">873.33dp</dimen>
    <dimen name="xxh_656pixels">874.67dp</dimen>
    <dimen name="xxh_657pixels">876dp</dimen>
    <dimen name="xxh_658pixels">877.33dp</dimen>
    <dimen name="xxh_659pixels">878.67dp</dimen>
    <dimen name="xxh_660pixels">880dp</dimen>
    <dimen name="xxh_661pixels">881.33dp</dimen>
    <dimen name="xxh_662pixels">882.67dp</dimen>
    <dimen name="xxh_663pixels">884dp</dimen>
    <dimen name="xxh_664pixels">885.33dp</dimen>
    <dimen name="xxh_665pixels">886.67dp</dimen>
    <dimen name="xxh_666pixels">888dp</dimen>
    <dimen name="xxh_667pixels">889.33dp</dimen>
    <dimen name="xxh_668pixels">890.67dp</dimen>
    <dimen name="xxh_669pixels">892dp</dimen>
    <dimen name="xxh_670pixels">893.33dp</dimen>
    <dimen name="xxh_671pixels">894.67dp</dimen>
    <dimen name="xxh_672pixels">896dp</dimen>
    <dimen name="xxh_673pixels">897.33dp</dimen>
    <dimen name="xxh_674pixels">898.67dp</dimen>
    <dimen name="xxh_675pixels">900dp</dimen>
    <dimen name="xxh_676pixels">901.33dp</dimen>
    <dimen name="xxh_677pixels">902.67dp</dimen>
    <dimen name="xxh_678pixels">904dp</dimen>
    <dimen name="xxh_679pixels">905.33dp</dimen>
    <dimen name="xxh_680pixels">906.67dp</dimen>
    <dimen name="xxh_681pixels">908dp</dimen>
    <dimen name="xxh_682pixels">909.33dp</dimen>
    <dimen name="xxh_683pixels">910.67dp</dimen>
    <dimen name="xxh_684pixels">912dp</dimen>
    <dimen name="xxh_685pixels">913.33dp</dimen>
    <dimen name="xxh_686pixels">914.67dp</dimen>
    <dimen name="xxh_687pixels">916dp</dimen>
    <dimen name="xxh_688pixels">917.33dp</dimen>
    <dimen name="xxh_689pixels">918.67dp</dimen>
    <dimen name="xxh_690pixels">920dp</dimen>
    <dimen name="xxh_691pixels">921.33dp</dimen>
    <dimen name="xxh_692pixels">922.67dp</dimen>
    <dimen name="xxh_693pixels">924dp</dimen>
    <dimen name="xxh_694pixels">925.33dp</dimen>
    <dimen name="xxh_695pixels">926.67dp</dimen>
    <dimen name="xxh_696pixels">928dp</dimen>
    <dimen name="xxh_697pixels">929.33dp</dimen>
    <dimen name="xxh_698pixels">930.67dp</dimen>
    <dimen name="xxh_699pixels">932dp</dimen>
    <dimen name="xxh_700pixels">933.33dp</dimen>
    <dimen name="xxh_701pixels">934.67dp</dimen>
    <dimen name="xxh_702pixels">936dp</dimen>
    <dimen name="xxh_703pixels">937.33dp</dimen>
    <dimen name="xxh_704pixels">938.67dp</dimen>
    <dimen name="xxh_705pixels">940dp</dimen>
    <dimen name="xxh_706pixels">941.33dp</dimen>
    <dimen name="xxh_707pixels">942.67dp</dimen>
    <dimen name="xxh_708pixels">944dp</dimen>
    <dimen name="xxh_709pixels">945.33dp</dimen>
    <dimen name="xxh_710pixels">946.67dp</dimen>
    <dimen name="xxh_711pixels">948dp</dimen>
    <dimen name="xxh_712pixels">949.33dp</dimen>
    <dimen name="xxh_713pixels">950.67dp</dimen>
    <dimen name="xxh_714pixels">952dp</dimen>
    <dimen name="xxh_715pixels">953.33dp</dimen>
    <dimen name="xxh_716pixels">954.67dp</dimen>
    <dimen name="xxh_717pixels">956dp</dimen>
    <dimen name="xxh_718pixels">957.33dp</dimen>
    <dimen name="xxh_719pixels">958.67dp</dimen>
    <dimen name="xxh_720pixels">960dp</dimen>
    <dimen name="xxh_721pixels">961.33dp</dimen>
    <dimen name="xxh_722pixels">962.67dp</dimen>
    <dimen name="xxh_723pixels">964dp</dimen>
    <dimen name="xxh_724pixels">965.33dp</dimen>
    <dimen name="xxh_725pixels">966.67dp</dimen>
    <dimen name="xxh_726pixels">968dp</dimen>
    <dimen name="xxh_727pixels">969.33dp</dimen>
    <dimen name="xxh_728pixels">970.67dp</dimen>
    <dimen name="xxh_729pixels">972dp</dimen>
    <dimen name="xxh_730pixels">973.33dp</dimen>
    <dimen name="xxh_731pixels">974.67dp</dimen>
    <dimen name="xxh_732pixels">976dp</dimen>
    <dimen name="xxh_733pixels">977.33dp</dimen>
    <dimen name="xxh_734pixels">978.67dp</dimen>
    <dimen name="xxh_735pixels">980dp</dimen>
    <dimen name="xxh_736pixels">981.33dp</dimen>
    <dimen name="xxh_737pixels">982.67dp</dimen>
    <dimen name="xxh_738pixels">984dp</dimen>
    <dimen name="xxh_739pixels">985.33dp</dimen>
    <dimen name="xxh_740pixels">986.67dp</dimen>
    <dimen name="xxh_741pixels">988dp</dimen>
    <dimen name="xxh_742pixels">989.33dp</dimen>
    <dimen name="xxh_743pixels">990.67dp</dimen>
    <dimen name="xxh_744pixels">992dp</dimen>
    <dimen name="xxh_745pixels">993.33dp</dimen>
    <dimen name="xxh_746pixels">994.67dp</dimen>
    <dimen name="xxh_747pixels">996dp</dimen>
    <dimen name="xxh_748pixels">997.33dp</dimen>
    <dimen name="xxh_749pixels">998.67dp</dimen>
    <dimen name="xxh_750pixels">1000dp</dimen>
    <dimen name="xxh_751pixels">1001.33dp</dimen>
    <dimen name="xxh_752pixels">1002.67dp</dimen>
    <dimen name="xxh_753pixels">1004dp</dimen>
    <dimen name="xxh_754pixels">1005.33dp</dimen>
    <dimen name="xxh_755pixels">1006.67dp</dimen>
    <dimen name="xxh_756pixels">1008dp</dimen>
    <dimen name="xxh_757pixels">1009.33dp</dimen>
    <dimen name="xxh_758pixels">1010.67dp</dimen>
    <dimen name="xxh_759pixels">1012dp</dimen>
    <dimen name="xxh_760pixels">1013.33dp</dimen>
    <dimen name="xxh_761pixels">1014.67dp</dimen>
    <dimen name="xxh_762pixels">1016dp</dimen>
    <dimen name="xxh_763pixels">1017.33dp</dimen>
    <dimen name="xxh_764pixels">1018.67dp</dimen>
    <dimen name="xxh_765pixels">1020dp</dimen>
    <dimen name="xxh_766pixels">1021.33dp</dimen>
    <dimen name="xxh_767pixels">1022.67dp</dimen>
    <dimen name="xxh_768pixels">1024dp</dimen>
    <dimen name="xxh_769pixels">1025.33dp</dimen>
    <dimen name="xxh_770pixels">1026.67dp</dimen>
    <dimen name="xxh_771pixels">1028dp</dimen>
    <dimen name="xxh_772pixels">1029.33dp</dimen>
    <dimen name="xxh_773pixels">1030.67dp</dimen>
    <dimen name="xxh_774pixels">1032dp</dimen>
    <dimen name="xxh_775pixels">1033.33dp</dimen>
    <dimen name="xxh_776pixels">1034.67dp</dimen>
    <dimen name="xxh_777pixels">1036dp</dimen>
    <dimen name="xxh_778pixels">1037.33dp</dimen>
    <dimen name="xxh_779pixels">1038.67dp</dimen>
    <dimen name="xxh_780pixels">1040dp</dimen>
    <dimen name="xxh_781pixels">1041.33dp</dimen>
    <dimen name="xxh_782pixels">1042.67dp</dimen>
    <dimen name="xxh_783pixels">1044dp</dimen>
    <dimen name="xxh_784pixels">1045.33dp</dimen>
    <dimen name="xxh_785pixels">1046.67dp</dimen>
    <dimen name="xxh_786pixels">1048dp</dimen>
    <dimen name="xxh_787pixels">1049.33dp</dimen>
    <dimen name="xxh_788pixels">1050.67dp</dimen>
    <dimen name="xxh_789pixels">1052dp</dimen>
    <dimen name="xxh_790pixels">1053.33dp</dimen>
    <dimen name="xxh_791pixels">1054.67dp</dimen>
    <dimen name="xxh_792pixels">1056dp</dimen>
    <dimen name="xxh_793pixels">1057.33dp</dimen>
    <dimen name="xxh_794pixels">1058.67dp</dimen>
    <dimen name="xxh_795pixels">1060dp</dimen>
    <dimen name="xxh_796pixels">1061.33dp</dimen>
    <dimen name="xxh_797pixels">1062.67dp</dimen>
    <dimen name="xxh_798pixels">1064dp</dimen>
    <dimen name="xxh_799pixels">1065.33dp</dimen>
    <dimen name="xxh_800pixels">1066.67dp</dimen>
    <dimen name="xxh_801pixels">1068dp</dimen>
    <dimen name="xxh_802pixels">1069.33dp</dimen>
    <dimen name="xxh_803pixels">1070.67dp</dimen>
    <dimen name="xxh_804pixels">1072dp</dimen>
    <dimen name="xxh_805pixels">1073.33dp</dimen>
    <dimen name="xxh_806pixels">1074.67dp</dimen>
    <dimen name="xxh_807pixels">1076dp</dimen>
    <dimen name="xxh_808pixels">1077.33dp</dimen>
    <dimen name="xxh_809pixels">1078.67dp</dimen>
    <dimen name="xxh_810pixels">1080dp</dimen>
    <dimen name="xxh_811pixels">1081.33dp</dimen>
    <dimen name="xxh_812pixels">1082.67dp</dimen>
    <dimen name="xxh_813pixels">1084dp</dimen>
    <dimen name="xxh_814pixels">1085.33dp</dimen>
    <dimen name="xxh_815pixels">1086.67dp</dimen>
    <dimen name="xxh_816pixels">1088dp</dimen>
    <dimen name="xxh_817pixels">1089.33dp</dimen>
    <dimen name="xxh_818pixels">1090.67dp</dimen>
    <dimen name="xxh_819pixels">1092dp</dimen>
    <dimen name="xxh_820pixels">1093.33dp</dimen>
    <dimen name="xxh_821pixels">1094.67dp</dimen>
    <dimen name="xxh_822pixels">1096dp</dimen>
    <dimen name="xxh_823pixels">1097.33dp</dimen>
    <dimen name="xxh_824pixels">1098.67dp</dimen>
    <dimen name="xxh_825pixels">1100dp</dimen>
    <dimen name="xxh_826pixels">1101.33dp</dimen>
    <dimen name="xxh_827pixels">1102.67dp</dimen>
    <dimen name="xxh_828pixels">1104dp</dimen>
    <dimen name="xxh_829pixels">1105.33dp</dimen>
    <dimen name="xxh_830pixels">1106.67dp</dimen>
    <dimen name="xxh_831pixels">1108dp</dimen>
    <dimen name="xxh_832pixels">1109.33dp</dimen>
    <dimen name="xxh_833pixels">1110.67dp</dimen>
    <dimen name="xxh_834pixels">1112dp</dimen>
    <dimen name="xxh_835pixels">1113.33dp</dimen>
    <dimen name="xxh_836pixels">1114.67dp</dimen>
    <dimen name="xxh_837pixels">1116dp</dimen>
    <dimen name="xxh_838pixels">1117.33dp</dimen>
    <dimen name="xxh_839pixels">1118.67dp</dimen>
    <dimen name="xxh_840pixels">1120dp</dimen>
    <dimen name="xxh_841pixels">1121.33dp</dimen>
    <dimen name="xxh_842pixels">1122.67dp</dimen>
    <dimen name="xxh_843pixels">1124dp</dimen>
    <dimen name="xxh_844pixels">1125.33dp</dimen>
    <dimen name="xxh_845pixels">1126.67dp</dimen>
    <dimen name="xxh_846pixels">1128dp</dimen>
    <dimen name="xxh_847pixels">1129.33dp</dimen>
    <dimen name="xxh_848pixels">1130.67dp</dimen>
    <dimen name="xxh_849pixels">1132dp</dimen>
    <dimen name="xxh_850pixels">1133.33dp</dimen>
    <dimen name="xxh_851pixels">1134.67dp</dimen>
    <dimen name="xxh_852pixels">1136dp</dimen>
    <dimen name="xxh_853pixels">1137.33dp</dimen>
    <dimen name="xxh_854pixels">1138.67dp</dimen>
    <dimen name="xxh_855pixels">1140dp</dimen>
    <dimen name="xxh_856pixels">1141.33dp</dimen>
    <dimen name="xxh_857pixels">1142.67dp</dimen>
    <dimen name="xxh_858pixels">1144dp</dimen>
    <dimen name="xxh_859pixels">1145.33dp</dimen>
    <dimen name="xxh_860pixels">1146.67dp</dimen>
    <dimen name="xxh_861pixels">1148dp</dimen>
    <dimen name="xxh_862pixels">1149.33dp</dimen>
    <dimen name="xxh_863pixels">1150.67dp</dimen>
    <dimen name="xxh_864pixels">1152dp</dimen>
    <dimen name="xxh_865pixels">1153.33dp</dimen>
    <dimen name="xxh_866pixels">1154.67dp</dimen>
    <dimen name="xxh_867pixels">1156dp</dimen>
    <dimen name="xxh_868pixels">1157.33dp</dimen>
    <dimen name="xxh_869pixels">1158.67dp</dimen>
    <dimen name="xxh_870pixels">1160dp</dimen>
    <dimen name="xxh_871pixels">1161.33dp</dimen>
    <dimen name="xxh_872pixels">1162.67dp</dimen>
    <dimen name="xxh_873pixels">1164dp</dimen>
    <dimen name="xxh_874pixels">1165.33dp</dimen>
    <dimen name="xxh_875pixels">1166.67dp</dimen>
    <dimen name="xxh_876pixels">1168dp</dimen>
    <dimen name="xxh_877pixels">1169.33dp</dimen>
    <dimen name="xxh_878pixels">1170.67dp</dimen>
    <dimen name="xxh_879pixels">1172dp</dimen>
    <dimen name="xxh_880pixels">1173.33dp</dimen>
    <dimen name="xxh_881pixels">1174.67dp</dimen>
    <dimen name="xxh_882pixels">1176dp</dimen>
    <dimen name="xxh_883pixels">1177.33dp</dimen>
    <dimen name="xxh_884pixels">1178.67dp</dimen>
    <dimen name="xxh_885pixels">1180dp</dimen>
    <dimen name="xxh_886pixels">1181.33dp</dimen>
    <dimen name="xxh_887pixels">1182.67dp</dimen>
    <dimen name="xxh_888pixels">1184dp</dimen>
    <dimen name="xxh_889pixels">1185.33dp</dimen>
    <dimen name="xxh_890pixels">1186.67dp</dimen>
    <dimen name="xxh_891pixels">1188dp</dimen>
    <dimen name="xxh_892pixels">1189.33dp</dimen>
    <dimen name="xxh_893pixels">1190.67dp</dimen>
    <dimen name="xxh_894pixels">1192dp</dimen>
    <dimen name="xxh_895pixels">1193.33dp</dimen>
    <dimen name="xxh_896pixels">1194.67dp</dimen>
    <dimen name="xxh_897pixels">1196dp</dimen>
    <dimen name="xxh_898pixels">1197.33dp</dimen>
    <dimen name="xxh_899pixels">1198.67dp</dimen>
    <dimen name="xxh_900pixels">1200dp</dimen>
    <dimen name="xxh_901pixels">1201.33dp</dimen>
    <dimen name="xxh_902pixels">1202.67dp</dimen>
    <dimen name="xxh_903pixels">1204dp</dimen>
    <dimen name="xxh_904pixels">1205.33dp</dimen>
    <dimen name="xxh_905pixels">1206.67dp</dimen>
    <dimen name="xxh_906pixels">1208dp</dimen>
    <dimen name="xxh_907pixels">1209.33dp</dimen>
    <dimen name="xxh_908pixels">1210.67dp</dimen>
    <dimen name="xxh_909pixels">1212dp</dimen>
    <dimen name="xxh_910pixels">1213.33dp</dimen>
    <dimen name="xxh_911pixels">1214.67dp</dimen>
    <dimen name="xxh_912pixels">1216dp</dimen>
    <dimen name="xxh_913pixels">1217.33dp</dimen>
    <dimen name="xxh_914pixels">1218.67dp</dimen>
    <dimen name="xxh_915pixels">1220dp</dimen>
    <dimen name="xxh_916pixels">1221.33dp</dimen>
    <dimen name="xxh_917pixels">1222.67dp</dimen>
    <dimen name="xxh_918pixels">1224dp</dimen>
    <dimen name="xxh_919pixels">1225.33dp</dimen>
    <dimen name="xxh_920pixels">1226.67dp</dimen>
    <dimen name="xxh_921pixels">1228dp</dimen>
    <dimen name="xxh_922pixels">1229.33dp</dimen>
    <dimen name="xxh_923pixels">1230.67dp</dimen>
    <dimen name="xxh_924pixels">1232dp</dimen>
    <dimen name="xxh_925pixels">1233.33dp</dimen>
    <dimen name="xxh_926pixels">1234.67dp</dimen>
    <dimen name="xxh_927pixels">1236dp</dimen>
    <dimen name="xxh_928pixels">1237.33dp</dimen>
    <dimen name="xxh_929pixels">1238.67dp</dimen>
    <dimen name="xxh_930pixels">1240dp</dimen>
    <dimen name="xxh_931pixels">1241.33dp</dimen>
    <dimen name="xxh_932pixels">1242.67dp</dimen>
    <dimen name="xxh_933pixels">1244dp</dimen>
    <dimen name="xxh_934pixels">1245.33dp</dimen>
    <dimen name="xxh_935pixels">1246.67dp</dimen>
    <dimen name="xxh_936pixels">1248dp</dimen>
    <dimen name="xxh_937pixels">1249.33dp</dimen>
    <dimen name="xxh_938pixels">1250.67dp</dimen>
    <dimen name="xxh_939pixels">1252dp</dimen>
    <dimen name="xxh_940pixels">1253.33dp</dimen>
    <dimen name="xxh_941pixels">1254.67dp</dimen>
    <dimen name="xxh_942pixels">1256dp</dimen>
    <dimen name="xxh_943pixels">1257.33dp</dimen>
    <dimen name="xxh_944pixels">1258.67dp</dimen>
    <dimen name="xxh_945pixels">1260dp</dimen>
    <dimen name="xxh_946pixels">1261.33dp</dimen>
    <dimen name="xxh_947pixels">1262.67dp</dimen>
    <dimen name="xxh_948pixels">1264dp</dimen>
    <dimen name="xxh_949pixels">1265.33dp</dimen>
    <dimen name="xxh_950pixels">1266.67dp</dimen>
    <dimen name="xxh_951pixels">1268dp</dimen>
    <dimen name="xxh_952pixels">1269.33dp</dimen>
    <dimen name="xxh_953pixels">1270.67dp</dimen>
    <dimen name="xxh_954pixels">1272dp</dimen>
    <dimen name="xxh_955pixels">1273.33dp</dimen>
    <dimen name="xxh_956pixels">1274.67dp</dimen>
    <dimen name="xxh_957pixels">1276dp</dimen>
    <dimen name="xxh_958pixels">1277.33dp</dimen>
    <dimen name="xxh_959pixels">1278.67dp</dimen>
    <dimen name="xxh_960pixels">1280dp</dimen>
    <dimen name="xxh_961pixels">1281.33dp</dimen>
    <dimen name="xxh_962pixels">1282.67dp</dimen>
    <dimen name="xxh_963pixels">1284dp</dimen>
    <dimen name="xxh_964pixels">1285.33dp</dimen>
    <dimen name="xxh_965pixels">1286.67dp</dimen>
    <dimen name="xxh_966pixels">1288dp</dimen>
    <dimen name="xxh_967pixels">1289.33dp</dimen>
    <dimen name="xxh_968pixels">1290.67dp</dimen>
    <dimen name="xxh_969pixels">1292dp</dimen>
    <dimen name="xxh_970pixels">1293.33dp</dimen>
    <dimen name="xxh_971pixels">1294.67dp</dimen>
    <dimen name="xxh_972pixels">1296dp</dimen>
    <dimen name="xxh_973pixels">1297.33dp</dimen>
    <dimen name="xxh_974pixels">1298.67dp</dimen>
    <dimen name="xxh_975pixels">1300dp</dimen>
    <dimen name="xxh_976pixels">1301.33dp</dimen>
    <dimen name="xxh_977pixels">1302.67dp</dimen>
    <dimen name="xxh_978pixels">1304dp</dimen>
    <dimen name="xxh_979pixels">1305.33dp</dimen>
    <dimen name="xxh_980pixels">1306.67dp</dimen>
    <dimen name="xxh_981pixels">1308dp</dimen>
    <dimen name="xxh_982pixels">1309.33dp</dimen>
    <dimen name="xxh_983pixels">1310.67dp</dimen>
    <dimen name="xxh_984pixels">1312dp</dimen>
    <dimen name="xxh_985pixels">1313.33dp</dimen>
    <dimen name="xxh_986pixels">1314.67dp</dimen>
    <dimen name="xxh_987pixels">1316dp</dimen>
    <dimen name="xxh_988pixels">1317.33dp</dimen>
    <dimen name="xxh_989pixels">1318.67dp</dimen>
    <dimen name="xxh_990pixels">1320dp</dimen>
    <dimen name="xxh_991pixels">1321.33dp</dimen>
    <dimen name="xxh_992pixels">1322.67dp</dimen>
    <dimen name="xxh_993pixels">1324dp</dimen>
    <dimen name="xxh_994pixels">1325.33dp</dimen>
    <dimen name="xxh_995pixels">1326.67dp</dimen>
    <dimen name="xxh_996pixels">1328dp</dimen>
    <dimen name="xxh_997pixels">1329.33dp</dimen>
    <dimen name="xxh_998pixels">1330.67dp</dimen>
    <dimen name="xxh_999pixels">1332dp</dimen>
    <dimen name="xxh_1000pixels">1333.33dp</dimen>
    <dimen name="xxh_1001pixels">1334.67dp</dimen>
    <dimen name="xxh_1002pixels">1336dp</dimen>
    <dimen name="xxh_1003pixels">1337.33dp</dimen>
    <dimen name="xxh_1004pixels">1338.67dp</dimen>
    <dimen name="xxh_1005pixels">1340dp</dimen>
    <dimen name="xxh_1006pixels">1341.33dp</dimen>
    <dimen name="xxh_1007pixels">1342.67dp</dimen>
    <dimen name="xxh_1008pixels">1344dp</dimen>
    <dimen name="xxh_1009pixels">1345.33dp</dimen>
    <dimen name="xxh_1010pixels">1346.67dp</dimen>
    <dimen name="xxh_1011pixels">1348dp</dimen>
    <dimen name="xxh_1012pixels">1349.33dp</dimen>
    <dimen name="xxh_1013pixels">1350.67dp</dimen>
    <dimen name="xxh_1014pixels">1352dp</dimen>
    <dimen name="xxh_1015pixels">1353.33dp</dimen>
    <dimen name="xxh_1016pixels">1354.67dp</dimen>
    <dimen name="xxh_1017pixels">1356dp</dimen>
    <dimen name="xxh_1018pixels">1357.33dp</dimen>
    <dimen name="xxh_1019pixels">1358.67dp</dimen>
    <dimen name="xxh_1020pixels">1360dp</dimen>
    <dimen name="xxh_1021pixels">1361.33dp</dimen>
    <dimen name="xxh_1022pixels">1362.67dp</dimen>
    <dimen name="xxh_1023pixels">1364dp</dimen>
    <dimen name="xxh_1024pixels">1365.33dp</dimen>
    <dimen name="xxh_1025pixels">1366.67dp</dimen>
    <dimen name="xxh_1026pixels">1368dp</dimen>
    <dimen name="xxh_1027pixels">1369.33dp</dimen>
    <dimen name="xxh_1028pixels">1370.67dp</dimen>
    <dimen name="xxh_1029pixels">1372dp</dimen>
    <dimen name="xxh_1030pixels">1373.33dp</dimen>
    <dimen name="xxh_1031pixels">1374.67dp</dimen>
    <dimen name="xxh_1032pixels">1376dp</dimen>
    <dimen name="xxh_1033pixels">1377.33dp</dimen>
    <dimen name="xxh_1034pixels">1378.67dp</dimen>
    <dimen name="xxh_1035pixels">1380dp</dimen>
    <dimen name="xxh_1036pixels">1381.33dp</dimen>
    <dimen name="xxh_1037pixels">1382.67dp</dimen>
    <dimen name="xxh_1038pixels">1384dp</dimen>
    <dimen name="xxh_1039pixels">1385.33dp</dimen>
    <dimen name="xxh_1040pixels">1386.67dp</dimen>
    <dimen name="xxh_1041pixels">1388dp</dimen>
    <dimen name="xxh_1042pixels">1389.33dp</dimen>
    <dimen name="xxh_1043pixels">1390.67dp</dimen>
    <dimen name="xxh_1044pixels">1392dp</dimen>
    <dimen name="xxh_1045pixels">1393.33dp</dimen>
    <dimen name="xxh_1046pixels">1394.67dp</dimen>
    <dimen name="xxh_1047pixels">1396dp</dimen>
    <dimen name="xxh_1048pixels">1397.33dp</dimen>
    <dimen name="xxh_1049pixels">1398.67dp</dimen>
    <dimen name="xxh_1050pixels">1400dp</dimen>
    <dimen name="xxh_1051pixels">1401.33dp</dimen>
    <dimen name="xxh_1052pixels">1402.67dp</dimen>
    <dimen name="xxh_1053pixels">1404dp</dimen>
    <dimen name="xxh_1054pixels">1405.33dp</dimen>
    <dimen name="xxh_1055pixels">1406.67dp</dimen>
    <dimen name="xxh_1056pixels">1408dp</dimen>
    <dimen name="xxh_1057pixels">1409.33dp</dimen>
    <dimen name="xxh_1058pixels">1410.67dp</dimen>
    <dimen name="xxh_1059pixels">1412dp</dimen>
    <dimen name="xxh_1060pixels">1413.33dp</dimen>
    <dimen name="xxh_1061pixels">1414.67dp</dimen>
    <dimen name="xxh_1062pixels">1416dp</dimen>
    <dimen name="xxh_1063pixels">1417.33dp</dimen>
    <dimen name="xxh_1064pixels">1418.67dp</dimen>
    <dimen name="xxh_1065pixels">1420dp</dimen>
    <dimen name="xxh_1066pixels">1421.33dp</dimen>
    <dimen name="xxh_1067pixels">1422.67dp</dimen>
    <dimen name="xxh_1068pixels">1424dp</dimen>
    <dimen name="xxh_1069pixels">1425.33dp</dimen>
    <dimen name="xxh_1070pixels">1426.67dp</dimen>
    <dimen name="xxh_1071pixels">1428dp</dimen>
    <dimen name="xxh_1072pixels">1429.33dp</dimen>
    <dimen name="xxh_1073pixels">1430.67dp</dimen>
    <dimen name="xxh_1074pixels">1432dp</dimen>
    <dimen name="xxh_1075pixels">1433.33dp</dimen>
    <dimen name="xxh_1076pixels">1434.67dp</dimen>
    <dimen name="xxh_1077pixels">1436dp</dimen>
    <dimen name="xxh_1078pixels">1437.33dp</dimen>
    <dimen name="xxh_1079pixels">1438.67dp</dimen>
    <dimen name="xxh_1080pixels">1440dp</dimen>
    <dimen name="xxh_1081pixels">1441.33dp</dimen>
    <dimen name="xxh_1082pixels">1442.67dp</dimen>
    <dimen name="xxh_1083pixels">1444dp</dimen>
    <dimen name="xxh_1084pixels">1445.33dp</dimen>
    <dimen name="xxh_1085pixels">1446.67dp</dimen>
    <dimen name="xxh_1086pixels">1448dp</dimen>
    <dimen name="xxh_1087pixels">1449.33dp</dimen>
    <dimen name="xxh_1088pixels">1450.67dp</dimen>
    <dimen name="xxh_1089pixels">1452dp</dimen>
    <dimen name="xxh_1090pixels">1453.33dp</dimen>
    <dimen name="xxh_1091pixels">1454.67dp</dimen>
    <dimen name="xxh_1092pixels">1456dp</dimen>
    <dimen name="xxh_1093pixels">1457.33dp</dimen>
    <dimen name="xxh_1094pixels">1458.67dp</dimen>
    <dimen name="xxh_1095pixels">1460dp</dimen>
    <dimen name="xxh_1096pixels">1461.33dp</dimen>
    <dimen name="xxh_1097pixels">1462.67dp</dimen>
    <dimen name="xxh_1098pixels">1464dp</dimen>
    <dimen name="xxh_1099pixels">1465.33dp</dimen>
    <dimen name="xxh_1100pixels">1466.67dp</dimen>
    <dimen name="xxh_1101pixels">1468dp</dimen>
    <dimen name="xxh_1102pixels">1469.33dp</dimen>
    <dimen name="xxh_1103pixels">1470.67dp</dimen>
    <dimen name="xxh_1104pixels">1472dp</dimen>
    <dimen name="xxh_1105pixels">1473.33dp</dimen>
    <dimen name="xxh_1106pixels">1474.67dp</dimen>
    <dimen name="xxh_1107pixels">1476dp</dimen>
    <dimen name="xxh_1108pixels">1477.33dp</dimen>
    <dimen name="xxh_1109pixels">1478.67dp</dimen>
    <dimen name="xxh_1110pixels">1480dp</dimen>
    <dimen name="xxh_1111pixels">1481.33dp</dimen>
    <dimen name="xxh_1112pixels">1482.67dp</dimen>
    <dimen name="xxh_1113pixels">1484dp</dimen>
    <dimen name="xxh_1114pixels">1485.33dp</dimen>
    <dimen name="xxh_1115pixels">1486.67dp</dimen>
    <dimen name="xxh_1116pixels">1488dp</dimen>
    <dimen name="xxh_1117pixels">1489.33dp</dimen>
    <dimen name="xxh_1118pixels">1490.67dp</dimen>
    <dimen name="xxh_1119pixels">1492dp</dimen>
    <dimen name="xxh_1120pixels">1493.33dp</dimen>
    <dimen name="xxh_1121pixels">1494.67dp</dimen>
    <dimen name="xxh_1122pixels">1496dp</dimen>
    <dimen name="xxh_1123pixels">1497.33dp</dimen>
    <dimen name="xxh_1124pixels">1498.67dp</dimen>
    <dimen name="xxh_1125pixels">1500dp</dimen>
    <dimen name="xxh_1126pixels">1501.33dp</dimen>
    <dimen name="xxh_1127pixels">1502.67dp</dimen>
    <dimen name="xxh_1128pixels">1504dp</dimen>
    <dimen name="xxh_1129pixels">1505.33dp</dimen>
    <dimen name="xxh_1130pixels">1506.67dp</dimen>
    <dimen name="xxh_1131pixels">1508dp</dimen>
    <dimen name="xxh_1132pixels">1509.33dp</dimen>
    <dimen name="xxh_1133pixels">1510.67dp</dimen>
    <dimen name="xxh_1134pixels">1512dp</dimen>
    <dimen name="xxh_1135pixels">1513.33dp</dimen>
    <dimen name="xxh_1136pixels">1514.67dp</dimen>
    <dimen name="xxh_1137pixels">1516dp</dimen>
    <dimen name="xxh_1138pixels">1517.33dp</dimen>
    <dimen name="xxh_1139pixels">1518.67dp</dimen>
    <dimen name="xxh_1140pixels">1520dp</dimen>
    <dimen name="xxh_1141pixels">1521.33dp</dimen>
    <dimen name="xxh_1142pixels">1522.67dp</dimen>
    <dimen name="xxh_1143pixels">1524dp</dimen>
    <dimen name="xxh_1144pixels">1525.33dp</dimen>
    <dimen name="xxh_1145pixels">1526.67dp</dimen>
    <dimen name="xxh_1146pixels">1528dp</dimen>
    <dimen name="xxh_1147pixels">1529.33dp</dimen>
    <dimen name="xxh_1148pixels">1530.67dp</dimen>
    <dimen name="xxh_1149pixels">1532dp</dimen>
    <dimen name="xxh_1150pixels">1533.33dp</dimen>
    <dimen name="xxh_1151pixels">1534.67dp</dimen>
    <dimen name="xxh_1152pixels">1536dp</dimen>
    <dimen name="xxh_1153pixels">1537.33dp</dimen>
    <dimen name="xxh_1154pixels">1538.67dp</dimen>
    <dimen name="xxh_1155pixels">1540dp</dimen>
    <dimen name="xxh_1156pixels">1541.33dp</dimen>
    <dimen name="xxh_1157pixels">1542.67dp</dimen>
    <dimen name="xxh_1158pixels">1544dp</dimen>
    <dimen name="xxh_1159pixels">1545.33dp</dimen>
    <dimen name="xxh_1160pixels">1546.67dp</dimen>
    <dimen name="xxh_1161pixels">1548dp</dimen>
    <dimen name="xxh_1162pixels">1549.33dp</dimen>
    <dimen name="xxh_1163pixels">1550.67dp</dimen>
    <dimen name="xxh_1164pixels">1552dp</dimen>
    <dimen name="xxh_1165pixels">1553.33dp</dimen>
    <dimen name="xxh_1166pixels">1554.67dp</dimen>
    <dimen name="xxh_1167pixels">1556dp</dimen>
    <dimen name="xxh_1168pixels">1557.33dp</dimen>
    <dimen name="xxh_1169pixels">1558.67dp</dimen>
    <dimen name="xxh_1170pixels">1560dp</dimen>
    <dimen name="xxh_1171pixels">1561.33dp</dimen>
    <dimen name="xxh_1172pixels">1562.67dp</dimen>
    <dimen name="xxh_1173pixels">1564dp</dimen>
    <dimen name="xxh_1174pixels">1565.33dp</dimen>
    <dimen name="xxh_1175pixels">1566.67dp</dimen>
    <dimen name="xxh_1176pixels">1568dp</dimen>
    <dimen name="xxh_1177pixels">1569.33dp</dimen>
    <dimen name="xxh_1178pixels">1570.67dp</dimen>
    <dimen name="xxh_1179pixels">1572dp</dimen>
    <dimen name="xxh_1180pixels">1573.33dp</dimen>
    <dimen name="xxh_1181pixels">1574.67dp</dimen>
    <dimen name="xxh_1182pixels">1576dp</dimen>
    <dimen name="xxh_1183pixels">1577.33dp</dimen>
    <dimen name="xxh_1184pixels">1578.67dp</dimen>
    <dimen name="xxh_1185pixels">1580dp</dimen>
    <dimen name="xxh_1186pixels">1581.33dp</dimen>
    <dimen name="xxh_1187pixels">1582.67dp</dimen>
    <dimen name="xxh_1188pixels">1584dp</dimen>
    <dimen name="xxh_1189pixels">1585.33dp</dimen>
    <dimen name="xxh_1190pixels">1586.67dp</dimen>
    <dimen name="xxh_1191pixels">1588dp</dimen>
    <dimen name="xxh_1192pixels">1589.33dp</dimen>
    <dimen name="xxh_1193pixels">1590.67dp</dimen>
    <dimen name="xxh_1194pixels">1592dp</dimen>
    <dimen name="xxh_1195pixels">1593.33dp</dimen>
    <dimen name="xxh_1196pixels">1594.67dp</dimen>
    <dimen name="xxh_1197pixels">1596dp</dimen>
    <dimen name="xxh_1198pixels">1597.33dp</dimen>
    <dimen name="xxh_1199pixels">1598.67dp</dimen>
    <dimen name="xxh_1200pixels">1600dp</dimen>
    <dimen name="xxh_1201pixels">1601.33dp</dimen>
    <dimen name="xxh_1202pixels">1602.67dp</dimen>
    <dimen name="xxh_1203pixels">1604dp</dimen>
    <dimen name="xxh_1204pixels">1605.33dp</dimen>
    <dimen name="xxh_1205pixels">1606.67dp</dimen>
    <dimen name="xxh_1206pixels">1608dp</dimen>
    <dimen name="xxh_1207pixels">1609.33dp</dimen>
    <dimen name="xxh_1208pixels">1610.67dp</dimen>
    <dimen name="xxh_1209pixels">1612dp</dimen>
    <dimen name="xxh_1210pixels">1613.33dp</dimen>
    <dimen name="xxh_1211pixels">1614.67dp</dimen>
    <dimen name="xxh_1212pixels">1616dp</dimen>
    <dimen name="xxh_1213pixels">1617.33dp</dimen>
    <dimen name="xxh_1214pixels">1618.67dp</dimen>
    <dimen name="xxh_1215pixels">1620dp</dimen>
    <dimen name="xxh_1216pixels">1621.33dp</dimen>
    <dimen name="xxh_1217pixels">1622.67dp</dimen>
    <dimen name="xxh_1218pixels">1624dp</dimen>
    <dimen name="xxh_1219pixels">1625.33dp</dimen>
    <dimen name="xxh_1220pixels">1626.67dp</dimen>
    <dimen name="xxh_1221pixels">1628dp</dimen>
    <dimen name="xxh_1222pixels">1629.33dp</dimen>
    <dimen name="xxh_1223pixels">1630.67dp</dimen>
    <dimen name="xxh_1224pixels">1632dp</dimen>
    <dimen name="xxh_1225pixels">1633.33dp</dimen>
    <dimen name="xxh_1226pixels">1634.67dp</dimen>
    <dimen name="xxh_1227pixels">1636dp</dimen>
    <dimen name="xxh_1228pixels">1637.33dp</dimen>
    <dimen name="xxh_1229pixels">1638.67dp</dimen>
    <dimen name="xxh_1230pixels">1640dp</dimen>
    <dimen name="xxh_1231pixels">1641.33dp</dimen>
    <dimen name="xxh_1232pixels">1642.67dp</dimen>
    <dimen name="xxh_1233pixels">1644dp</dimen>
    <dimen name="xxh_1234pixels">1645.33dp</dimen>
    <dimen name="xxh_1235pixels">1646.67dp</dimen>
    <dimen name="xxh_1236pixels">1648dp</dimen>
    <dimen name="xxh_1237pixels">1649.33dp</dimen>
    <dimen name="xxh_1238pixels">1650.67dp</dimen>
    <dimen name="xxh_1239pixels">1652dp</dimen>
    <dimen name="xxh_1240pixels">1653.33dp</dimen>
    <dimen name="xxh_1241pixels">1654.67dp</dimen>
    <dimen name="xxh_1242pixels">1656dp</dimen>
    <dimen name="xxh_1243pixels">1657.33dp</dimen>
    <dimen name="xxh_1244pixels">1658.67dp</dimen>
    <dimen name="xxh_1245pixels">1660dp</dimen>
    <dimen name="xxh_1246pixels">1661.33dp</dimen>
    <dimen name="xxh_1247pixels">1662.67dp</dimen>
    <dimen name="xxh_1248pixels">1664dp</dimen>
    <dimen name="xxh_1249pixels">1665.33dp</dimen>
    <dimen name="xxh_1250pixels">1666.67dp</dimen>
    <dimen name="xxh_1251pixels">1668dp</dimen>
    <dimen name="xxh_1252pixels">1669.33dp</dimen>
    <dimen name="xxh_1253pixels">1670.67dp</dimen>
    <dimen name="xxh_1254pixels">1672dp</dimen>
    <dimen name="xxh_1255pixels">1673.33dp</dimen>
    <dimen name="xxh_1256pixels">1674.67dp</dimen>
    <dimen name="xxh_1257pixels">1676dp</dimen>
    <dimen name="xxh_1258pixels">1677.33dp</dimen>
    <dimen name="xxh_1259pixels">1678.67dp</dimen>
    <dimen name="xxh_1260pixels">1680dp</dimen>
    <dimen name="xxh_1261pixels">1681.33dp</dimen>
    <dimen name="xxh_1262pixels">1682.67dp</dimen>
    <dimen name="xxh_1263pixels">1684dp</dimen>
    <dimen name="xxh_1264pixels">1685.33dp</dimen>
    <dimen name="xxh_1265pixels">1686.67dp</dimen>
    <dimen name="xxh_1266pixels">1688dp</dimen>
    <dimen name="xxh_1267pixels">1689.33dp</dimen>
    <dimen name="xxh_1268pixels">1690.67dp</dimen>
    <dimen name="xxh_1269pixels">1692dp</dimen>
    <dimen name="xxh_1270pixels">1693.33dp</dimen>
    <dimen name="xxh_1271pixels">1694.67dp</dimen>
    <dimen name="xxh_1272pixels">1696dp</dimen>
    <dimen name="xxh_1273pixels">1697.33dp</dimen>
    <dimen name="xxh_1274pixels">1698.67dp</dimen>
    <dimen name="xxh_1275pixels">1700dp</dimen>
    <dimen name="xxh_1276pixels">1701.33dp</dimen>
    <dimen name="xxh_1277pixels">1702.67dp</dimen>
    <dimen name="xxh_1278pixels">1704dp</dimen>
    <dimen name="xxh_1279pixels">1705.33dp</dimen>
    <dimen name="xxh_1280pixels">1706.67dp</dimen>
    <dimen name="xxh_1281pixels">1708dp</dimen>
    <dimen name="xxh_1282pixels">1709.33dp</dimen>
    <dimen name="xxh_1283pixels">1710.67dp</dimen>
    <dimen name="xxh_1284pixels">1712dp</dimen>
    <dimen name="xxh_1285pixels">1713.33dp</dimen>
    <dimen name="xxh_1286pixels">1714.67dp</dimen>
    <dimen name="xxh_1287pixels">1716dp</dimen>
    <dimen name="xxh_1288pixels">1717.33dp</dimen>
    <dimen name="xxh_1289pixels">1718.67dp</dimen>
    <dimen name="xxh_1290pixels">1720dp</dimen>
    <dimen name="xxh_1291pixels">1721.33dp</dimen>
    <dimen name="xxh_1292pixels">1722.67dp</dimen>
    <dimen name="xxh_1293pixels">1724dp</dimen>
    <dimen name="xxh_1294pixels">1725.33dp</dimen>
    <dimen name="xxh_1295pixels">1726.67dp</dimen>
    <dimen name="xxh_1296pixels">1728dp</dimen>
    <dimen name="xxh_1297pixels">1729.33dp</dimen>
    <dimen name="xxh_1298pixels">1730.67dp</dimen>
    <dimen name="xxh_1299pixels">1732dp</dimen>
    <dimen name="xxh_1300pixels">1733.33dp</dimen>
    <dimen name="xxh_1301pixels">1734.67dp</dimen>
    <dimen name="xxh_1302pixels">1736dp</dimen>
    <dimen name="xxh_1303pixels">1737.33dp</dimen>
    <dimen name="xxh_1304pixels">1738.67dp</dimen>
    <dimen name="xxh_1305pixels">1740dp</dimen>
    <dimen name="xxh_1306pixels">1741.33dp</dimen>
    <dimen name="xxh_1307pixels">1742.67dp</dimen>
    <dimen name="xxh_1308pixels">1744dp</dimen>
    <dimen name="xxh_1309pixels">1745.33dp</dimen>
    <dimen name="xxh_1310pixels">1746.67dp</dimen>
    <dimen name="xxh_1311pixels">1748dp</dimen>
    <dimen name="xxh_1312pixels">1749.33dp</dimen>
    <dimen name="xxh_1313pixels">1750.67dp</dimen>
    <dimen name="xxh_1314pixels">1752dp</dimen>
    <dimen name="xxh_1315pixels">1753.33dp</dimen>
    <dimen name="xxh_1316pixels">1754.67dp</dimen>
    <dimen name="xxh_1317pixels">1756dp</dimen>
    <dimen name="xxh_1318pixels">1757.33dp</dimen>
    <dimen name="xxh_1319pixels">1758.67dp</dimen>
    <dimen name="xxh_1320pixels">1760dp</dimen>
    <dimen name="xxh_1321pixels">1761.33dp</dimen>
    <dimen name="xxh_1322pixels">1762.67dp</dimen>
    <dimen name="xxh_1323pixels">1764dp</dimen>
    <dimen name="xxh_1324pixels">1765.33dp</dimen>
    <dimen name="xxh_1325pixels">1766.67dp</dimen>
    <dimen name="xxh_1326pixels">1768dp</dimen>
    <dimen name="xxh_1327pixels">1769.33dp</dimen>
    <dimen name="xxh_1328pixels">1770.67dp</dimen>
    <dimen name="xxh_1329pixels">1772dp</dimen>
    <dimen name="xxh_1330pixels">1773.33dp</dimen>
    <dimen name="xxh_1331pixels">1774.67dp</dimen>
    <dimen name="xxh_1332pixels">1776dp</dimen>
    <dimen name="xxh_1333pixels">1777.33dp</dimen>
    <dimen name="xxh_1334pixels">1778.67dp</dimen>
    <dimen name="xxh_1335pixels">1780dp</dimen>
    <dimen name="xxh_1336pixels">1781.33dp</dimen>
    <dimen name="xxh_1337pixels">1782.67dp</dimen>
    <dimen name="xxh_1338pixels">1784dp</dimen>
    <dimen name="xxh_1339pixels">1785.33dp</dimen>
    <dimen name="xxh_1340pixels">1786.67dp</dimen>
    <dimen name="xxh_1341pixels">1788dp</dimen>
    <dimen name="xxh_1342pixels">1789.33dp</dimen>
    <dimen name="xxh_1343pixels">1790.67dp</dimen>
    <dimen name="xxh_1344pixels">1792dp</dimen>
    <dimen name="xxh_1345pixels">1793.33dp</dimen>
    <dimen name="xxh_1346pixels">1794.67dp</dimen>
    <dimen name="xxh_1347pixels">1796dp</dimen>
    <dimen name="xxh_1348pixels">1797.33dp</dimen>
    <dimen name="xxh_1349pixels">1798.67dp</dimen>
    <dimen name="xxh_1350pixels">1800dp</dimen>
    <dimen name="xxh_1351pixels">1801.33dp</dimen>
    <dimen name="xxh_1352pixels">1802.67dp</dimen>
    <dimen name="xxh_1353pixels">1804dp</dimen>
    <dimen name="xxh_1354pixels">1805.33dp</dimen>
    <dimen name="xxh_1355pixels">1806.67dp</dimen>
    <dimen name="xxh_1356pixels">1808dp</dimen>
    <dimen name="xxh_1357pixels">1809.33dp</dimen>
    <dimen name="xxh_1358pixels">1810.67dp</dimen>
    <dimen name="xxh_1359pixels">1812dp</dimen>
    <dimen name="xxh_1360pixels">1813.33dp</dimen>
    <dimen name="xxh_1361pixels">1814.67dp</dimen>
    <dimen name="xxh_1362pixels">1816dp</dimen>
    <dimen name="xxh_1363pixels">1817.33dp</dimen>
    <dimen name="xxh_1364pixels">1818.67dp</dimen>
    <dimen name="xxh_1365pixels">1820dp</dimen>
    <dimen name="xxh_1366pixels">1821.33dp</dimen>
    <dimen name="xxh_1367pixels">1822.67dp</dimen>
    <dimen name="xxh_1368pixels">1824dp</dimen>
    <dimen name="xxh_1369pixels">1825.33dp</dimen>
    <dimen name="xxh_1370pixels">1826.67dp</dimen>
    <dimen name="xxh_1371pixels">1828dp</dimen>
    <dimen name="xxh_1372pixels">1829.33dp</dimen>
    <dimen name="xxh_1373pixels">1830.67dp</dimen>
    <dimen name="xxh_1374pixels">1832dp</dimen>
    <dimen name="xxh_1375pixels">1833.33dp</dimen>
    <dimen name="xxh_1376pixels">1834.67dp</dimen>
    <dimen name="xxh_1377pixels">1836dp</dimen>
    <dimen name="xxh_1378pixels">1837.33dp</dimen>
    <dimen name="xxh_1379pixels">1838.67dp</dimen>
    <dimen name="xxh_1380pixels">1840dp</dimen>
    <dimen name="xxh_1381pixels">1841.33dp</dimen>
    <dimen name="xxh_1382pixels">1842.67dp</dimen>
    <dimen name="xxh_1383pixels">1844dp</dimen>
    <dimen name="xxh_1384pixels">1845.33dp</dimen>
    <dimen name="xxh_1385pixels">1846.67dp</dimen>
    <dimen name="xxh_1386pixels">1848dp</dimen>
    <dimen name="xxh_1387pixels">1849.33dp</dimen>
    <dimen name="xxh_1388pixels">1850.67dp</dimen>
    <dimen name="xxh_1389pixels">1852dp</dimen>
    <dimen name="xxh_1390pixels">1853.33dp</dimen>
    <dimen name="xxh_1391pixels">1854.67dp</dimen>
    <dimen name="xxh_1392pixels">1856dp</dimen>
    <dimen name="xxh_1393pixels">1857.33dp</dimen>
    <dimen name="xxh_1394pixels">1858.67dp</dimen>
    <dimen name="xxh_1395pixels">1860dp</dimen>
    <dimen name="xxh_1396pixels">1861.33dp</dimen>
    <dimen name="xxh_1397pixels">1862.67dp</dimen>
    <dimen name="xxh_1398pixels">1864dp</dimen>
    <dimen name="xxh_1399pixels">1865.33dp</dimen>
    <dimen name="xxh_1400pixels">1866.67dp</dimen>
    <dimen name="xxh_1401pixels">1868dp</dimen>
    <dimen name="xxh_1402pixels">1869.33dp</dimen>
    <dimen name="xxh_1403pixels">1870.67dp</dimen>
    <dimen name="xxh_1404pixels">1872dp</dimen>
    <dimen name="xxh_1405pixels">1873.33dp</dimen>
    <dimen name="xxh_1406pixels">1874.67dp</dimen>
    <dimen name="xxh_1407pixels">1876dp</dimen>
    <dimen name="xxh_1408pixels">1877.33dp</dimen>
    <dimen name="xxh_1409pixels">1878.67dp</dimen>
    <dimen name="xxh_1410pixels">1880dp</dimen>
    <dimen name="xxh_1411pixels">1881.33dp</dimen>
    <dimen name="xxh_1412pixels">1882.67dp</dimen>
    <dimen name="xxh_1413pixels">1884dp</dimen>
    <dimen name="xxh_1414pixels">1885.33dp</dimen>
    <dimen name="xxh_1415pixels">1886.67dp</dimen>
    <dimen name="xxh_1416pixels">1888dp</dimen>
    <dimen name="xxh_1417pixels">1889.33dp</dimen>
    <dimen name="xxh_1418pixels">1890.67dp</dimen>
    <dimen name="xxh_1419pixels">1892dp</dimen>
    <dimen name="xxh_1420pixels">1893.33dp</dimen>
    <dimen name="xxh_1421pixels">1894.67dp</dimen>
    <dimen name="xxh_1422pixels">1896dp</dimen>
    <dimen name="xxh_1423pixels">1897.33dp</dimen>
    <dimen name="xxh_1424pixels">1898.67dp</dimen>
    <dimen name="xxh_1425pixels">1900dp</dimen>
    <dimen name="xxh_1426pixels">1901.33dp</dimen>
    <dimen name="xxh_1427pixels">1902.67dp</dimen>
    <dimen name="xxh_1428pixels">1904dp</dimen>
    <dimen name="xxh_1429pixels">1905.33dp</dimen>
    <dimen name="xxh_1430pixels">1906.67dp</dimen>
    <dimen name="xxh_1431pixels">1908dp</dimen>
    <dimen name="xxh_1432pixels">1909.33dp</dimen>
    <dimen name="xxh_1433pixels">1910.67dp</dimen>
    <dimen name="xxh_1434pixels">1912dp</dimen>
    <dimen name="xxh_1435pixels">1913.33dp</dimen>
    <dimen name="xxh_1436pixels">1914.67dp</dimen>
    <dimen name="xxh_1437pixels">1916dp</dimen>
    <dimen name="xxh_1438pixels">1917.33dp</dimen>
    <dimen name="xxh_1439pixels">1918.67dp</dimen>
    <dimen name="xxh_1440pixels">1920dp</dimen>
    <dimen name="xxh_1441pixels">1921.33dp</dimen>
    <dimen name="xxh_1442pixels">1922.67dp</dimen>
    <dimen name="xxh_1443pixels">1924dp</dimen>
    <dimen name="xxh_1444pixels">1925.33dp</dimen>
    <dimen name="xxh_1445pixels">1926.67dp</dimen>
    <dimen name="xxh_1446pixels">1928dp</dimen>
    <dimen name="xxh_1447pixels">1929.33dp</dimen>
    <dimen name="xxh_1448pixels">1930.67dp</dimen>
    <dimen name="xxh_1449pixels">1932dp</dimen>
    <dimen name="xxh_1450pixels">1933.33dp</dimen>
    <dimen name="xxh_1451pixels">1934.67dp</dimen>
    <dimen name="xxh_1452pixels">1936dp</dimen>
    <dimen name="xxh_1453pixels">1937.33dp</dimen>
    <dimen name="xxh_1454pixels">1938.67dp</dimen>
    <dimen name="xxh_1455pixels">1940dp</dimen>
    <dimen name="xxh_1456pixels">1941.33dp</dimen>
    <dimen name="xxh_1457pixels">1942.67dp</dimen>
    <dimen name="xxh_1458pixels">1944dp</dimen>
    <dimen name="xxh_1459pixels">1945.33dp</dimen>
    <dimen name="xxh_1460pixels">1946.67dp</dimen>
    <dimen name="xxh_1461pixels">1948dp</dimen>
    <dimen name="xxh_1462pixels">1949.33dp</dimen>
    <dimen name="xxh_1463pixels">1950.67dp</dimen>
    <dimen name="xxh_1464pixels">1952dp</dimen>
    <dimen name="xxh_1465pixels">1953.33dp</dimen>
    <dimen name="xxh_1466pixels">1954.67dp</dimen>
    <dimen name="xxh_1467pixels">1956dp</dimen>
    <dimen name="xxh_1468pixels">1957.33dp</dimen>
    <dimen name="xxh_1469pixels">1958.67dp</dimen>
    <dimen name="xxh_1470pixels">1960dp</dimen>
    <dimen name="xxh_1471pixels">1961.33dp</dimen>
    <dimen name="xxh_1472pixels">1962.67dp</dimen>
    <dimen name="xxh_1473pixels">1964dp</dimen>
    <dimen name="xxh_1474pixels">1965.33dp</dimen>
    <dimen name="xxh_1475pixels">1966.67dp</dimen>
    <dimen name="xxh_1476pixels">1968dp</dimen>
    <dimen name="xxh_1477pixels">1969.33dp</dimen>
    <dimen name="xxh_1478pixels">1970.67dp</dimen>
    <dimen name="xxh_1479pixels">1972dp</dimen>
    <dimen name="xxh_1480pixels">1973.33dp</dimen>
    <dimen name="xxh_1481pixels">1974.67dp</dimen>
    <dimen name="xxh_1482pixels">1976dp</dimen>
    <dimen name="xxh_1483pixels">1977.33dp</dimen>
    <dimen name="xxh_1484pixels">1978.67dp</dimen>
    <dimen name="xxh_1485pixels">1980dp</dimen>
    <dimen name="xxh_1486pixels">1981.33dp</dimen>
    <dimen name="xxh_1487pixels">1982.67dp</dimen>
    <dimen name="xxh_1488pixels">1984dp</dimen>
    <dimen name="xxh_1489pixels">1985.33dp</dimen>
    <dimen name="xxh_1490pixels">1986.67dp</dimen>
    <dimen name="xxh_1491pixels">1988dp</dimen>
    <dimen name="xxh_1492pixels">1989.33dp</dimen>
    <dimen name="xxh_1493pixels">1990.67dp</dimen>
    <dimen name="xxh_1494pixels">1992dp</dimen>
    <dimen name="xxh_1495pixels">1993.33dp</dimen>
    <dimen name="xxh_1496pixels">1994.67dp</dimen>
    <dimen name="xxh_1497pixels">1996dp</dimen>
    <dimen name="xxh_1498pixels">1997.33dp</dimen>
    <dimen name="xxh_1499pixels">1998.67dp</dimen>
    <dimen name="xxh_1500pixels">2000dp</dimen>
    <dimen name="xxh_1501pixels">2001.33dp</dimen>
    <dimen name="xxh_1502pixels">2002.67dp</dimen>
    <dimen name="xxh_1503pixels">2004dp</dimen>
    <dimen name="xxh_1504pixels">2005.33dp</dimen>
    <dimen name="xxh_1505pixels">2006.67dp</dimen>
    <dimen name="xxh_1506pixels">2008dp</dimen>
    <dimen name="xxh_1507pixels">2009.33dp</dimen>
    <dimen name="xxh_1508pixels">2010.67dp</dimen>
    <dimen name="xxh_1509pixels">2012dp</dimen>
    <dimen name="xxh_1510pixels">2013.33dp</dimen>
    <dimen name="xxh_1511pixels">2014.67dp</dimen>
    <dimen name="xxh_1512pixels">2016dp</dimen>
    <dimen name="xxh_1513pixels">2017.33dp</dimen>
    <dimen name="xxh_1514pixels">2018.67dp</dimen>
    <dimen name="xxh_1515pixels">2020dp</dimen>
    <dimen name="xxh_1516pixels">2021.33dp</dimen>
    <dimen name="xxh_1517pixels">2022.67dp</dimen>
    <dimen name="xxh_1518pixels">2024dp</dimen>
    <dimen name="xxh_1519pixels">2025.33dp</dimen>
    <dimen name="xxh_1520pixels">2026.67dp</dimen>
    <dimen name="xxh_1521pixels">2028dp</dimen>
    <dimen name="xxh_1522pixels">2029.33dp</dimen>
    <dimen name="xxh_1523pixels">2030.67dp</dimen>
    <dimen name="xxh_1524pixels">2032dp</dimen>
    <dimen name="xxh_1525pixels">2033.33dp</dimen>
    <dimen name="xxh_1526pixels">2034.67dp</dimen>
    <dimen name="xxh_1527pixels">2036dp</dimen>
    <dimen name="xxh_1528pixels">2037.33dp</dimen>
    <dimen name="xxh_1529pixels">2038.67dp</dimen>
    <dimen name="xxh_1530pixels">2040dp</dimen>
    <dimen name="xxh_1531pixels">2041.33dp</dimen>
    <dimen name="xxh_1532pixels">2042.67dp</dimen>
    <dimen name="xxh_1533pixels">2044dp</dimen>
    <dimen name="xxh_1534pixels">2045.33dp</dimen>
    <dimen name="xxh_1535pixels">2046.67dp</dimen>
    <dimen name="xxh_1536pixels">2048dp</dimen>
    <dimen name="xxh_1537pixels">2049.33dp</dimen>
    <dimen name="xxh_1538pixels">2050.67dp</dimen>
    <dimen name="xxh_1539pixels">2052dp</dimen>
    <dimen name="xxh_1540pixels">2053.33dp</dimen>
    <dimen name="xxh_1541pixels">2054.67dp</dimen>
    <dimen name="xxh_1542pixels">2056dp</dimen>
    <dimen name="xxh_1543pixels">2057.33dp</dimen>
    <dimen name="xxh_1544pixels">2058.67dp</dimen>
    <dimen name="xxh_1545pixels">2060dp</dimen>
    <dimen name="xxh_1546pixels">2061.33dp</dimen>
    <dimen name="xxh_1547pixels">2062.67dp</dimen>
    <dimen name="xxh_1548pixels">2064dp</dimen>
    <dimen name="xxh_1549pixels">2065.33dp</dimen>
    <dimen name="xxh_1550pixels">2066.67dp</dimen>
    <dimen name="xxh_1551pixels">2068dp</dimen>
    <dimen name="xxh_1552pixels">2069.33dp</dimen>
    <dimen name="xxh_1553pixels">2070.67dp</dimen>
    <dimen name="xxh_1554pixels">2072dp</dimen>
    <dimen name="xxh_1555pixels">2073.33dp</dimen>
    <dimen name="xxh_1556pixels">2074.67dp</dimen>
    <dimen name="xxh_1557pixels">2076dp</dimen>
    <dimen name="xxh_1558pixels">2077.33dp</dimen>
    <dimen name="xxh_1559pixels">2078.67dp</dimen>
    <dimen name="xxh_1560pixels">2080dp</dimen>
    <dimen name="xxh_1561pixels">2081.33dp</dimen>
    <dimen name="xxh_1562pixels">2082.67dp</dimen>
    <dimen name="xxh_1563pixels">2084dp</dimen>
    <dimen name="xxh_1564pixels">2085.33dp</dimen>
    <dimen name="xxh_1565pixels">2086.67dp</dimen>
    <dimen name="xxh_1566pixels">2088dp</dimen>
    <dimen name="xxh_1567pixels">2089.33dp</dimen>
    <dimen name="xxh_1568pixels">2090.67dp</dimen>
    <dimen name="xxh_1569pixels">2092dp</dimen>
    <dimen name="xxh_1570pixels">2093.33dp</dimen>
    <dimen name="xxh_1571pixels">2094.67dp</dimen>
    <dimen name="xxh_1572pixels">2096dp</dimen>
    <dimen name="xxh_1573pixels">2097.33dp</dimen>
    <dimen name="xxh_1574pixels">2098.67dp</dimen>
    <dimen name="xxh_1575pixels">2100dp</dimen>
    <dimen name="xxh_1576pixels">2101.33dp</dimen>
    <dimen name="xxh_1577pixels">2102.67dp</dimen>
    <dimen name="xxh_1578pixels">2104dp</dimen>
    <dimen name="xxh_1579pixels">2105.33dp</dimen>
    <dimen name="xxh_1580pixels">2106.67dp</dimen>
    <dimen name="xxh_1581pixels">2108dp</dimen>
    <dimen name="xxh_1582pixels">2109.33dp</dimen>
    <dimen name="xxh_1583pixels">2110.67dp</dimen>
    <dimen name="xxh_1584pixels">2112dp</dimen>
    <dimen name="xxh_1585pixels">2113.33dp</dimen>
    <dimen name="xxh_1586pixels">2114.67dp</dimen>
    <dimen name="xxh_1587pixels">2116dp</dimen>
    <dimen name="xxh_1588pixels">2117.33dp</dimen>
    <dimen name="xxh_1589pixels">2118.67dp</dimen>
    <dimen name="xxh_1590pixels">2120dp</dimen>
    <dimen name="xxh_1591pixels">2121.33dp</dimen>
    <dimen name="xxh_1592pixels">2122.67dp</dimen>
    <dimen name="xxh_1593pixels">2124dp</dimen>
    <dimen name="xxh_1594pixels">2125.33dp</dimen>
    <dimen name="xxh_1595pixels">2126.67dp</dimen>
    <dimen name="xxh_1596pixels">2128dp</dimen>
    <dimen name="xxh_1597pixels">2129.33dp</dimen>
    <dimen name="xxh_1598pixels">2130.67dp</dimen>
    <dimen name="xxh_1599pixels">2132dp</dimen>
    <dimen name="xxh_1600pixels">2133.33dp</dimen>
    <dimen name="xxh_1601pixels">2134.67dp</dimen>
    <dimen name="xxh_1602pixels">2136dp</dimen>
    <dimen name="xxh_1603pixels">2137.33dp</dimen>
    <dimen name="xxh_1604pixels">2138.67dp</dimen>
    <dimen name="xxh_1605pixels">2140dp</dimen>
    <dimen name="xxh_1606pixels">2141.33dp</dimen>
    <dimen name="xxh_1607pixels">2142.67dp</dimen>
    <dimen name="xxh_1608pixels">2144dp</dimen>
    <dimen name="xxh_1609pixels">2145.33dp</dimen>
    <dimen name="xxh_1610pixels">2146.67dp</dimen>
    <dimen name="xxh_1611pixels">2148dp</dimen>
    <dimen name="xxh_1612pixels">2149.33dp</dimen>
    <dimen name="xxh_1613pixels">2150.67dp</dimen>
    <dimen name="xxh_1614pixels">2152dp</dimen>
    <dimen name="xxh_1615pixels">2153.33dp</dimen>
    <dimen name="xxh_1616pixels">2154.67dp</dimen>
    <dimen name="xxh_1617pixels">2156dp</dimen>
    <dimen name="xxh_1618pixels">2157.33dp</dimen>
    <dimen name="xxh_1619pixels">2158.67dp</dimen>
    <dimen name="xxh_1620pixels">2160dp</dimen>
    <dimen name="xxh_1621pixels">2161.33dp</dimen>
    <dimen name="xxh_1622pixels">2162.67dp</dimen>
    <dimen name="xxh_1623pixels">2164dp</dimen>
    <dimen name="xxh_1624pixels">2165.33dp</dimen>
    <dimen name="xxh_1625pixels">2166.67dp</dimen>
    <dimen name="xxh_1626pixels">2168dp</dimen>
    <dimen name="xxh_1627pixels">2169.33dp</dimen>
    <dimen name="xxh_1628pixels">2170.67dp</dimen>
    <dimen name="xxh_1629pixels">2172dp</dimen>
    <dimen name="xxh_1630pixels">2173.33dp</dimen>
    <dimen name="xxh_1631pixels">2174.67dp</dimen>
    <dimen name="xxh_1632pixels">2176dp</dimen>
    <dimen name="xxh_1633pixels">2177.33dp</dimen>
    <dimen name="xxh_1634pixels">2178.67dp</dimen>
    <dimen name="xxh_1635pixels">2180dp</dimen>
    <dimen name="xxh_1636pixels">2181.33dp</dimen>
    <dimen name="xxh_1637pixels">2182.67dp</dimen>
    <dimen name="xxh_1638pixels">2184dp</dimen>
    <dimen name="xxh_1639pixels">2185.33dp</dimen>
    <dimen name="xxh_1640pixels">2186.67dp</dimen>
    <dimen name="xxh_1641pixels">2188dp</dimen>
    <dimen name="xxh_1642pixels">2189.33dp</dimen>
    <dimen name="xxh_1643pixels">2190.67dp</dimen>
    <dimen name="xxh_1644pixels">2192dp</dimen>
    <dimen name="xxh_1645pixels">2193.33dp</dimen>
    <dimen name="xxh_1646pixels">2194.67dp</dimen>
    <dimen name="xxh_1647pixels">2196dp</dimen>
    <dimen name="xxh_1648pixels">2197.33dp</dimen>
    <dimen name="xxh_1649pixels">2198.67dp</dimen>
    <dimen name="xxh_1650pixels">2200dp</dimen>
    <dimen name="xxh_1651pixels">2201.33dp</dimen>
    <dimen name="xxh_1652pixels">2202.67dp</dimen>
    <dimen name="xxh_1653pixels">2204dp</dimen>
    <dimen name="xxh_1654pixels">2205.33dp</dimen>
    <dimen name="xxh_1655pixels">2206.67dp</dimen>
    <dimen name="xxh_1656pixels">2208dp</dimen>
    <dimen name="xxh_1657pixels">2209.33dp</dimen>
    <dimen name="xxh_1658pixels">2210.67dp</dimen>
    <dimen name="xxh_1659pixels">2212dp</dimen>
    <dimen name="xxh_1660pixels">2213.33dp</dimen>
    <dimen name="xxh_1661pixels">2214.67dp</dimen>
    <dimen name="xxh_1662pixels">2216dp</dimen>
    <dimen name="xxh_1663pixels">2217.33dp</dimen>
    <dimen name="xxh_1664pixels">2218.67dp</dimen>
    <dimen name="xxh_1665pixels">2220dp</dimen>
    <dimen name="xxh_1666pixels">2221.33dp</dimen>
    <dimen name="xxh_1667pixels">2222.67dp</dimen>
    <dimen name="xxh_1668pixels">2224dp</dimen>
    <dimen name="xxh_1669pixels">2225.33dp</dimen>
    <dimen name="xxh_1670pixels">2226.67dp</dimen>
    <dimen name="xxh_1671pixels">2228dp</dimen>
    <dimen name="xxh_1672pixels">2229.33dp</dimen>
    <dimen name="xxh_1673pixels">2230.67dp</dimen>
    <dimen name="xxh_1674pixels">2232dp</dimen>
    <dimen name="xxh_1675pixels">2233.33dp</dimen>
    <dimen name="xxh_1676pixels">2234.67dp</dimen>
    <dimen name="xxh_1677pixels">2236dp</dimen>
    <dimen name="xxh_1678pixels">2237.33dp</dimen>
    <dimen name="xxh_1679pixels">2238.67dp</dimen>
    <dimen name="xxh_1680pixels">2240dp</dimen>
    <dimen name="xxh_1681pixels">2241.33dp</dimen>
    <dimen name="xxh_1682pixels">2242.67dp</dimen>
    <dimen name="xxh_1683pixels">2244dp</dimen>
    <dimen name="xxh_1684pixels">2245.33dp</dimen>
    <dimen name="xxh_1685pixels">2246.67dp</dimen>
    <dimen name="xxh_1686pixels">2248dp</dimen>
    <dimen name="xxh_1687pixels">2249.33dp</dimen>
    <dimen name="xxh_1688pixels">2250.67dp</dimen>
    <dimen name="xxh_1689pixels">2252dp</dimen>
    <dimen name="xxh_1690pixels">2253.33dp</dimen>
    <dimen name="xxh_1691pixels">2254.67dp</dimen>
    <dimen name="xxh_1692pixels">2256dp</dimen>
    <dimen name="xxh_1693pixels">2257.33dp</dimen>
    <dimen name="xxh_1694pixels">2258.67dp</dimen>
    <dimen name="xxh_1695pixels">2260dp</dimen>
    <dimen name="xxh_1696pixels">2261.33dp</dimen>
    <dimen name="xxh_1697pixels">2262.67dp</dimen>
    <dimen name="xxh_1698pixels">2264dp</dimen>
    <dimen name="xxh_1699pixels">2265.33dp</dimen>
    <dimen name="xxh_1700pixels">2266.67dp</dimen>
    <dimen name="xxh_1701pixels">2268dp</dimen>
    <dimen name="xxh_1702pixels">2269.33dp</dimen>
    <dimen name="xxh_1703pixels">2270.67dp</dimen>
    <dimen name="xxh_1704pixels">2272dp</dimen>
    <dimen name="xxh_1705pixels">2273.33dp</dimen>
    <dimen name="xxh_1706pixels">2274.67dp</dimen>
    <dimen name="xxh_1707pixels">2276dp</dimen>
    <dimen name="xxh_1708pixels">2277.33dp</dimen>
    <dimen name="xxh_1709pixels">2278.67dp</dimen>
    <dimen name="xxh_1710pixels">2280dp</dimen>
    <dimen name="xxh_1711pixels">2281.33dp</dimen>
    <dimen name="xxh_1712pixels">2282.67dp</dimen>
    <dimen name="xxh_1713pixels">2284dp</dimen>
    <dimen name="xxh_1714pixels">2285.33dp</dimen>
    <dimen name="xxh_1715pixels">2286.67dp</dimen>
    <dimen name="xxh_1716pixels">2288dp</dimen>
    <dimen name="xxh_1717pixels">2289.33dp</dimen>
    <dimen name="xxh_1718pixels">2290.67dp</dimen>
    <dimen name="xxh_1719pixels">2292dp</dimen>
    <dimen name="xxh_1720pixels">2293.33dp</dimen>
    <dimen name="xxh_1721pixels">2294.67dp</dimen>
    <dimen name="xxh_1722pixels">2296dp</dimen>
    <dimen name="xxh_1723pixels">2297.33dp</dimen>
    <dimen name="xxh_1724pixels">2298.67dp</dimen>
    <dimen name="xxh_1725pixels">2300dp</dimen>
    <dimen name="xxh_1726pixels">2301.33dp</dimen>
    <dimen name="xxh_1727pixels">2302.67dp</dimen>
    <dimen name="xxh_1728pixels">2304dp</dimen>
    <dimen name="xxh_1729pixels">2305.33dp</dimen>
    <dimen name="xxh_1730pixels">2306.67dp</dimen>
    <dimen name="xxh_1731pixels">2308dp</dimen>
    <dimen name="xxh_1732pixels">2309.33dp</dimen>
    <dimen name="xxh_1733pixels">2310.67dp</dimen>
    <dimen name="xxh_1734pixels">2312dp</dimen>
    <dimen name="xxh_1735pixels">2313.33dp</dimen>
    <dimen name="xxh_1736pixels">2314.67dp</dimen>
    <dimen name="xxh_1737pixels">2316dp</dimen>
    <dimen name="xxh_1738pixels">2317.33dp</dimen>
    <dimen name="xxh_1739pixels">2318.67dp</dimen>
    <dimen name="xxh_1740pixels">2320dp</dimen>
    <dimen name="xxh_1741pixels">2321.33dp</dimen>
    <dimen name="xxh_1742pixels">2322.67dp</dimen>
    <dimen name="xxh_1743pixels">2324dp</dimen>
    <dimen name="xxh_1744pixels">2325.33dp</dimen>
    <dimen name="xxh_1745pixels">2326.67dp</dimen>
    <dimen name="xxh_1746pixels">2328dp</dimen>
    <dimen name="xxh_1747pixels">2329.33dp</dimen>
    <dimen name="xxh_1748pixels">2330.67dp</dimen>
    <dimen name="xxh_1749pixels">2332dp</dimen>
    <dimen name="xxh_1750pixels">2333.33dp</dimen>
    <dimen name="xxh_1751pixels">2334.67dp</dimen>
    <dimen name="xxh_1752pixels">2336dp</dimen>
    <dimen name="xxh_1753pixels">2337.33dp</dimen>
    <dimen name="xxh_1754pixels">2338.67dp</dimen>
    <dimen name="xxh_1755pixels">2340dp</dimen>
    <dimen name="xxh_1756pixels">2341.33dp</dimen>
    <dimen name="xxh_1757pixels">2342.67dp</dimen>
    <dimen name="xxh_1758pixels">2344dp</dimen>
    <dimen name="xxh_1759pixels">2345.33dp</dimen>
    <dimen name="xxh_1760pixels">2346.67dp</dimen>
    <dimen name="xxh_1761pixels">2348dp</dimen>
    <dimen name="xxh_1762pixels">2349.33dp</dimen>
    <dimen name="xxh_1763pixels">2350.67dp</dimen>
    <dimen name="xxh_1764pixels">2352dp</dimen>
    <dimen name="xxh_1765pixels">2353.33dp</dimen>
    <dimen name="xxh_1766pixels">2354.67dp</dimen>
    <dimen name="xxh_1767pixels">2356dp</dimen>
    <dimen name="xxh_1768pixels">2357.33dp</dimen>
    <dimen name="xxh_1769pixels">2358.67dp</dimen>
    <dimen name="xxh_1770pixels">2360dp</dimen>
    <dimen name="xxh_1771pixels">2361.33dp</dimen>
    <dimen name="xxh_1772pixels">2362.67dp</dimen>
    <dimen name="xxh_1773pixels">2364dp</dimen>
    <dimen name="xxh_1774pixels">2365.33dp</dimen>
    <dimen name="xxh_1775pixels">2366.67dp</dimen>
    <dimen name="xxh_1776pixels">2368dp</dimen>
    <dimen name="xxh_1777pixels">2369.33dp</dimen>
    <dimen name="xxh_1778pixels">2370.67dp</dimen>
    <dimen name="xxh_1779pixels">2372dp</dimen>
    <dimen name="xxh_1780pixels">2373.33dp</dimen>
    <dimen name="xxh_1781pixels">2374.67dp</dimen>
    <dimen name="xxh_1782pixels">2376dp</dimen>
    <dimen name="xxh_1783pixels">2377.33dp</dimen>
    <dimen name="xxh_1784pixels">2378.67dp</dimen>
    <dimen name="xxh_1785pixels">2380dp</dimen>
    <dimen name="xxh_1786pixels">2381.33dp</dimen>
    <dimen name="xxh_1787pixels">2382.67dp</dimen>
    <dimen name="xxh_1788pixels">2384dp</dimen>
    <dimen name="xxh_1789pixels">2385.33dp</dimen>
    <dimen name="xxh_1790pixels">2386.67dp</dimen>
    <dimen name="xxh_1791pixels">2388dp</dimen>
    <dimen name="xxh_1792pixels">2389.33dp</dimen>
    <dimen name="xxh_1793pixels">2390.67dp</dimen>
    <dimen name="xxh_1794pixels">2392dp</dimen>
    <dimen name="xxh_1795pixels">2393.33dp</dimen>
    <dimen name="xxh_1796pixels">2394.67dp</dimen>
    <dimen name="xxh_1797pixels">2396dp</dimen>
    <dimen name="xxh_1798pixels">2397.33dp</dimen>
    <dimen name="xxh_1799pixels">2398.67dp</dimen>
    <dimen name="xxh_1800pixels">2400dp</dimen>
    <dimen name="xxh_1801pixels">2401.33dp</dimen>
    <dimen name="xxh_1802pixels">2402.67dp</dimen>
    <dimen name="xxh_1803pixels">2404dp</dimen>
    <dimen name="xxh_1804pixels">2405.33dp</dimen>
    <dimen name="xxh_1805pixels">2406.67dp</dimen>
    <dimen name="xxh_1806pixels">2408dp</dimen>
    <dimen name="xxh_1807pixels">2409.33dp</dimen>
    <dimen name="xxh_1808pixels">2410.67dp</dimen>
    <dimen name="xxh_1809pixels">2412dp</dimen>
    <dimen name="xxh_1810pixels">2413.33dp</dimen>
    <dimen name="xxh_1811pixels">2414.67dp</dimen>
    <dimen name="xxh_1812pixels">2416dp</dimen>
    <dimen name="xxh_1813pixels">2417.33dp</dimen>
    <dimen name="xxh_1814pixels">2418.67dp</dimen>
    <dimen name="xxh_1815pixels">2420dp</dimen>
    <dimen name="xxh_1816pixels">2421.33dp</dimen>
    <dimen name="xxh_1817pixels">2422.67dp</dimen>
    <dimen name="xxh_1818pixels">2424dp</dimen>
    <dimen name="xxh_1819pixels">2425.33dp</dimen>
    <dimen name="xxh_1820pixels">2426.67dp</dimen>
    <dimen name="xxh_1821pixels">2428dp</dimen>
    <dimen name="xxh_1822pixels">2429.33dp</dimen>
    <dimen name="xxh_1823pixels">2430.67dp</dimen>
    <dimen name="xxh_1824pixels">2432dp</dimen>
    <dimen name="xxh_1825pixels">2433.33dp</dimen>
    <dimen name="xxh_1826pixels">2434.67dp</dimen>
    <dimen name="xxh_1827pixels">2436dp</dimen>
    <dimen name="xxh_1828pixels">2437.33dp</dimen>
    <dimen name="xxh_1829pixels">2438.67dp</dimen>
    <dimen name="xxh_1830pixels">2440dp</dimen>
    <dimen name="xxh_1831pixels">2441.33dp</dimen>
    <dimen name="xxh_1832pixels">2442.67dp</dimen>
    <dimen name="xxh_1833pixels">2444dp</dimen>
    <dimen name="xxh_1834pixels">2445.33dp</dimen>
    <dimen name="xxh_1835pixels">2446.67dp</dimen>
    <dimen name="xxh_1836pixels">2448dp</dimen>
    <dimen name="xxh_1837pixels">2449.33dp</dimen>
    <dimen name="xxh_1838pixels">2450.67dp</dimen>
    <dimen name="xxh_1839pixels">2452dp</dimen>
    <dimen name="xxh_1840pixels">2453.33dp</dimen>
    <dimen name="xxh_1841pixels">2454.67dp</dimen>
    <dimen name="xxh_1842pixels">2456dp</dimen>
    <dimen name="xxh_1843pixels">2457.33dp</dimen>
    <dimen name="xxh_1844pixels">2458.67dp</dimen>
    <dimen name="xxh_1845pixels">2460dp</dimen>
    <dimen name="xxh_1846pixels">2461.33dp</dimen>
    <dimen name="xxh_1847pixels">2462.67dp</dimen>
    <dimen name="xxh_1848pixels">2464dp</dimen>
    <dimen name="xxh_1849pixels">2465.33dp</dimen>
    <dimen name="xxh_1850pixels">2466.67dp</dimen>
    <dimen name="xxh_1851pixels">2468dp</dimen>
    <dimen name="xxh_1852pixels">2469.33dp</dimen>
    <dimen name="xxh_1853pixels">2470.67dp</dimen>
    <dimen name="xxh_1854pixels">2472dp</dimen>
    <dimen name="xxh_1855pixels">2473.33dp</dimen>
    <dimen name="xxh_1856pixels">2474.67dp</dimen>
    <dimen name="xxh_1857pixels">2476dp</dimen>
    <dimen name="xxh_1858pixels">2477.33dp</dimen>
    <dimen name="xxh_1859pixels">2478.67dp</dimen>
    <dimen name="xxh_1860pixels">2480dp</dimen>
    <dimen name="xxh_1861pixels">2481.33dp</dimen>
    <dimen name="xxh_1862pixels">2482.67dp</dimen>
    <dimen name="xxh_1863pixels">2484dp</dimen>
    <dimen name="xxh_1864pixels">2485.33dp</dimen>
    <dimen name="xxh_1865pixels">2486.67dp</dimen>
    <dimen name="xxh_1866pixels">2488dp</dimen>
    <dimen name="xxh_1867pixels">2489.33dp</dimen>
    <dimen name="xxh_1868pixels">2490.67dp</dimen>
    <dimen name="xxh_1869pixels">2492dp</dimen>
    <dimen name="xxh_1870pixels">2493.33dp</dimen>
    <dimen name="xxh_1871pixels">2494.67dp</dimen>
    <dimen name="xxh_1872pixels">2496dp</dimen>
    <dimen name="xxh_1873pixels">2497.33dp</dimen>
    <dimen name="xxh_1874pixels">2498.67dp</dimen>
    <dimen name="xxh_1875pixels">2500dp</dimen>
    <dimen name="xxh_1876pixels">2501.33dp</dimen>
    <dimen name="xxh_1877pixels">2502.67dp</dimen>
    <dimen name="xxh_1878pixels">2504dp</dimen>
    <dimen name="xxh_1879pixels">2505.33dp</dimen>
    <dimen name="xxh_1880pixels">2506.67dp</dimen>
    <dimen name="xxh_1881pixels">2508dp</dimen>
    <dimen name="xxh_1882pixels">2509.33dp</dimen>
    <dimen name="xxh_1883pixels">2510.67dp</dimen>
    <dimen name="xxh_1884pixels">2512dp</dimen>
    <dimen name="xxh_1885pixels">2513.33dp</dimen>
    <dimen name="xxh_1886pixels">2514.67dp</dimen>
    <dimen name="xxh_1887pixels">2516dp</dimen>
    <dimen name="xxh_1888pixels">2517.33dp</dimen>
    <dimen name="xxh_1889pixels">2518.67dp</dimen>
    <dimen name="xxh_1890pixels">2520dp</dimen>
    <dimen name="xxh_1891pixels">2521.33dp</dimen>
    <dimen name="xxh_1892pixels">2522.67dp</dimen>
    <dimen name="xxh_1893pixels">2524dp</dimen>
    <dimen name="xxh_1894pixels">2525.33dp</dimen>
    <dimen name="xxh_1895pixels">2526.67dp</dimen>
    <dimen name="xxh_1896pixels">2528dp</dimen>
    <dimen name="xxh_1897pixels">2529.33dp</dimen>
    <dimen name="xxh_1898pixels">2530.67dp</dimen>
    <dimen name="xxh_1899pixels">2532dp</dimen>
    <dimen name="xxh_1900pixels">2533.33dp</dimen>
    <dimen name="xxh_1901pixels">2534.67dp</dimen>
    <dimen name="xxh_1902pixels">2536dp</dimen>
    <dimen name="xxh_1903pixels">2537.33dp</dimen>
    <dimen name="xxh_1904pixels">2538.67dp</dimen>
    <dimen name="xxh_1905pixels">2540dp</dimen>
    <dimen name="xxh_1906pixels">2541.33dp</dimen>
    <dimen name="xxh_1907pixels">2542.67dp</dimen>
    <dimen name="xxh_1908pixels">2544dp</dimen>
    <dimen name="xxh_1909pixels">2545.33dp</dimen>
    <dimen name="xxh_1910pixels">2546.67dp</dimen>
    <dimen name="xxh_1911pixels">2548dp</dimen>
    <dimen name="xxh_1912pixels">2549.33dp</dimen>
    <dimen name="xxh_1913pixels">2550.67dp</dimen>
    <dimen name="xxh_1914pixels">2552dp</dimen>
    <dimen name="xxh_1915pixels">2553.33dp</dimen>
    <dimen name="xxh_1916pixels">2554.67dp</dimen>
    <dimen name="xxh_1917pixels">2556dp</dimen>
    <dimen name="xxh_1918pixels">2557.33dp</dimen>
    <dimen name="xxh_1919pixels">2558.67dp</dimen>
    <dimen name="xxh_1920pixels">2560dp</dimen>
    <dimen name="xxh_1921pixels">2561.33dp</dimen>
    <dimen name="xxh_1922pixels">2562.67dp</dimen>
    <dimen name="xxh_1923pixels">2564dp</dimen>
    <dimen name="xxh_1924pixels">2565.33dp</dimen>
    <dimen name="xxh_1925pixels">2566.67dp</dimen>
    <dimen name="xxh_1926pixels">2568dp</dimen>
    <dimen name="xxh_1927pixels">2569.33dp</dimen>
    <dimen name="xxh_1928pixels">2570.67dp</dimen>
    <dimen name="xxh_1929pixels">2572dp</dimen>
    <dimen name="xxh_1930pixels">2573.33dp</dimen>
    <dimen name="xxh_1931pixels">2574.67dp</dimen>
    <dimen name="xxh_1932pixels">2576dp</dimen>
    <dimen name="xxh_1933pixels">2577.33dp</dimen>
    <dimen name="xxh_1934pixels">2578.67dp</dimen>
    <dimen name="xxh_1935pixels">2580dp</dimen>
    <dimen name="xxh_1936pixels">2581.33dp</dimen>
    <dimen name="xxh_1937pixels">2582.67dp</dimen>
    <dimen name="xxh_1938pixels">2584dp</dimen>
    <dimen name="xxh_1939pixels">2585.33dp</dimen>
    <dimen name="xxh_1940pixels">2586.67dp</dimen>
    <dimen name="xxh_1941pixels">2588dp</dimen>
    <dimen name="xxh_1942pixels">2589.33dp</dimen>
    <dimen name="xxh_1943pixels">2590.67dp</dimen>
    <dimen name="xxh_1944pixels">2592dp</dimen>
    <dimen name="xxh_1945pixels">2593.33dp</dimen>
    <dimen name="xxh_1946pixels">2594.67dp</dimen>
    <dimen name="xxh_1947pixels">2596dp</dimen>
    <dimen name="xxh_1948pixels">2597.33dp</dimen>
    <dimen name="xxh_1949pixels">2598.67dp</dimen>
    <dimen name="xxh_1950pixels">2600dp</dimen>
    <dimen name="xxh_1951pixels">2601.33dp</dimen>
    <dimen name="xxh_1952pixels">2602.67dp</dimen>
    <dimen name="xxh_1953pixels">2604dp</dimen>
    <dimen name="xxh_1954pixels">2605.33dp</dimen>
    <dimen name="xxh_1955pixels">2606.67dp</dimen>
    <dimen name="xxh_1956pixels">2608dp</dimen>
    <dimen name="xxh_1957pixels">2609.33dp</dimen>
    <dimen name="xxh_1958pixels">2610.67dp</dimen>
    <dimen name="xxh_1959pixels">2612dp</dimen>
    <dimen name="xxh_1960pixels">2613.33dp</dimen>
    <dimen name="xxh_1961pixels">2614.67dp</dimen>
    <dimen name="xxh_1962pixels">2616dp</dimen>
    <dimen name="xxh_1963pixels">2617.33dp</dimen>
    <dimen name="xxh_1964pixels">2618.67dp</dimen>
    <dimen name="xxh_1965pixels">2620dp</dimen>
    <dimen name="xxh_1966pixels">2621.33dp</dimen>
    <dimen name="xxh_1967pixels">2622.67dp</dimen>
    <dimen name="xxh_1968pixels">2624dp</dimen>
    <dimen name="xxh_1969pixels">2625.33dp</dimen>
    <dimen name="xxh_1970pixels">2626.67dp</dimen>
    <dimen name="xxh_1971pixels">2628dp</dimen>
    <dimen name="xxh_1972pixels">2629.33dp</dimen>
    <dimen name="xxh_1973pixels">2630.67dp</dimen>
    <dimen name="xxh_1974pixels">2632dp</dimen>
    <dimen name="xxh_1975pixels">2633.33dp</dimen>
    <dimen name="xxh_1976pixels">2634.67dp</dimen>
    <dimen name="xxh_1977pixels">2636dp</dimen>
    <dimen name="xxh_1978pixels">2637.33dp</dimen>
    <dimen name="xxh_1979pixels">2638.67dp</dimen>
    <dimen name="xxh_1980pixels">2640dp</dimen>
    <dimen name="xxh_1981pixels">2641.33dp</dimen>
    <dimen name="xxh_1982pixels">2642.67dp</dimen>
    <dimen name="xxh_1983pixels">2644dp</dimen>
    <dimen name="xxh_1984pixels">2645.33dp</dimen>
    <dimen name="xxh_1985pixels">2646.67dp</dimen>
    <dimen name="xxh_1986pixels">2648dp</dimen>
    <dimen name="xxh_1987pixels">2649.33dp</dimen>
    <dimen name="xxh_1988pixels">2650.67dp</dimen>
    <dimen name="xxh_1989pixels">2652dp</dimen>
    <dimen name="xxh_1990pixels">2653.33dp</dimen>
    <dimen name="xxh_1991pixels">2654.67dp</dimen>
    <dimen name="xxh_1992pixels">2656dp</dimen>
    <dimen name="xxh_1993pixels">2657.33dp</dimen>
    <dimen name="xxh_1994pixels">2658.67dp</dimen>
    <dimen name="xxh_1995pixels">2660dp</dimen>
    <dimen name="xxh_1996pixels">2661.33dp</dimen>
    <dimen name="xxh_1997pixels">2662.67dp</dimen>
    <dimen name="xxh_1998pixels">2664dp</dimen>
    <dimen name="xxh_1999pixels">2665.33dp</dimen>
    <dimen name="xxh_2000pixels">2666.67dp</dimen>

</resources>