<?xml version="1.0" encoding="utf-8"?>
<resources>

    <dimen name="xxh_m130pixels">-75.83dp</dimen>
    <dimen name="xxh_m48pixels">-28dp</dimen>
    <dimen name="xxh_m42pixels">-24.5dp</dimen>
    <dimen name="xxh_m30pixels">-17.5dp</dimen>
    <dimen name="xxh_m26pixels">-15.17dp</dimen>
    <dimen name="xxh_m25pixels">-14.58dp</dimen>
    <dimen name="xxh_m24pixels">-14dp</dimen>
    <dimen name="xxh_m23pixels">-13.42dp</dimen>
    <dimen name="xxh_m21pixels">-12.25dp</dimen>
    <dimen name="xxh_m20pixels">-11.67dp</dimen>
    <dimen name="xxh_m18pixels">-10.5dp</dimen>
    <dimen name="xxh_m16pixels">-9.33dp</dimen>
    <dimen name="xxh_m14pixels">-8.17dp</dimen>
    <dimen name="xxh_m10pixels">-5.83dp</dimen>
    <dimen name="xxh_m8pixels">-4.67dp</dimen>
    <dimen name="xxh_m5pixels">-2.92dp</dimen>
    <dimen name="xxh_m1pixels">-0.58dp</dimen>

    <dimen name="xxh_1pixels">0.58dp</dimen>
    <dimen name="xxh_2pixels">1.17dp</dimen>
    <dimen name="xxh_3pixels">1.75dp</dimen>
    <dimen name="xxh_4pixels">2.33dp</dimen>
    <dimen name="xxh_5pixels">2.92dp</dimen>
    <dimen name="xxh_6pixels">3.5dp</dimen>
    <dimen name="xxh_7pixels">4.08dp</dimen>
    <dimen name="xxh_8pixels">4.67dp</dimen>
    <dimen name="xxh_9pixels">5.25dp</dimen>
    <dimen name="xxh_10pixels">5.83dp</dimen>
    <dimen name="xxh_11pixels">6.42dp</dimen>
    <dimen name="xxh_12pixels">7dp</dimen>
    <dimen name="xxh_13pixels">7.58dp</dimen>
    <dimen name="xxh_14pixels">8.17dp</dimen>
    <dimen name="xxh_15pixels">8.75dp</dimen>
    <dimen name="xxh_16pixels">9.33dp</dimen>
    <dimen name="xxh_17pixels">9.92dp</dimen>
    <dimen name="xxh_18pixels">10.5dp</dimen>
    <dimen name="xxh_19pixels">11.08dp</dimen>
    <dimen name="xxh_20pixels">11.67dp</dimen>
    <dimen name="xxh_21pixels">12.25dp</dimen>
    <dimen name="xxh_22pixels">12.83dp</dimen>
    <dimen name="xxh_23pixels">13.42dp</dimen>
    <dimen name="xxh_24pixels">14dp</dimen>
    <dimen name="xxh_25pixels">14.58dp</dimen>
    <dimen name="xxh_26pixels">15.17dp</dimen>
    <dimen name="xxh_27pixels">15.75dp</dimen>
    <dimen name="xxh_28pixels">16.33dp</dimen>
    <dimen name="xxh_29pixels">16.92dp</dimen>
    <dimen name="xxh_30pixels">17.5dp</dimen>
    <dimen name="xxh_31pixels">18.08dp</dimen>
    <dimen name="xxh_32pixels">18.67dp</dimen>
    <dimen name="xxh_33pixels">19.25dp</dimen>
    <dimen name="xxh_34pixels">19.83dp</dimen>
    <dimen name="xxh_35pixels">20.42dp</dimen>
    <dimen name="xxh_36pixels">21dp</dimen>
    <dimen name="xxh_37pixels">21.58dp</dimen>
    <dimen name="xxh_38pixels">22.17dp</dimen>
    <dimen name="xxh_39pixels">22.75dp</dimen>
    <dimen name="xxh_40pixels">23.33dp</dimen>
    <dimen name="xxh_41pixels">23.92dp</dimen>
    <dimen name="xxh_42pixels">24.5dp</dimen>
    <dimen name="xxh_43pixels">25.08dp</dimen>
    <dimen name="xxh_44pixels">25.67dp</dimen>
    <dimen name="xxh_45pixels">26.25dp</dimen>
    <dimen name="xxh_46pixels">26.83dp</dimen>
    <dimen name="xxh_47pixels">27.42dp</dimen>
    <dimen name="xxh_48pixels">28dp</dimen>
    <dimen name="xxh_49pixels">28.58dp</dimen>
    <dimen name="xxh_50pixels">29.17dp</dimen>
    <dimen name="xxh_51pixels">29.75dp</dimen>
    <dimen name="xxh_52pixels">30.33dp</dimen>
    <dimen name="xxh_53pixels">30.92dp</dimen>
    <dimen name="xxh_54pixels">31.5dp</dimen>
    <dimen name="xxh_55pixels">32.08dp</dimen>
    <dimen name="xxh_56pixels">32.67dp</dimen>
    <dimen name="xxh_57pixels">33.25dp</dimen>
    <dimen name="xxh_58pixels">33.83dp</dimen>
    <dimen name="xxh_59pixels">34.42dp</dimen>
    <dimen name="xxh_60pixels">35dp</dimen>
    <dimen name="xxh_61pixels">35.58dp</dimen>
    <dimen name="xxh_62pixels">36.17dp</dimen>
    <dimen name="xxh_63pixels">36.75dp</dimen>
    <dimen name="xxh_64pixels">37.33dp</dimen>
    <dimen name="xxh_65pixels">37.92dp</dimen>
    <dimen name="xxh_66pixels">38.5dp</dimen>
    <dimen name="xxh_67pixels">39.08dp</dimen>
    <dimen name="xxh_68pixels">39.67dp</dimen>
    <dimen name="xxh_69pixels">40.25dp</dimen>
    <dimen name="xxh_70pixels">40.83dp</dimen>
    <dimen name="xxh_71pixels">41.42dp</dimen>
    <dimen name="xxh_72pixels">42dp</dimen>
    <dimen name="xxh_73pixels">42.58dp</dimen>
    <dimen name="xxh_74pixels">43.17dp</dimen>
    <dimen name="xxh_75pixels">43.75dp</dimen>
    <dimen name="xxh_76pixels">44.33dp</dimen>
    <dimen name="xxh_77pixels">44.92dp</dimen>
    <dimen name="xxh_78pixels">45.5dp</dimen>
    <dimen name="xxh_79pixels">46.08dp</dimen>
    <dimen name="xxh_80pixels">46.67dp</dimen>
    <dimen name="xxh_81pixels">47.25dp</dimen>
    <dimen name="xxh_82pixels">47.83dp</dimen>
    <dimen name="xxh_83pixels">48.42dp</dimen>
    <dimen name="xxh_84pixels">49dp</dimen>
    <dimen name="xxh_85pixels">49.58dp</dimen>
    <dimen name="xxh_86pixels">50.17dp</dimen>
    <dimen name="xxh_87pixels">50.75dp</dimen>
    <dimen name="xxh_88pixels">51.33dp</dimen>
    <dimen name="xxh_89pixels">51.92dp</dimen>
    <dimen name="xxh_90pixels">52.5dp</dimen>
    <dimen name="xxh_91pixels">53.08dp</dimen>
    <dimen name="xxh_92pixels">53.67dp</dimen>
    <dimen name="xxh_93pixels">54.25dp</dimen>
    <dimen name="xxh_94pixels">54.83dp</dimen>
    <dimen name="xxh_95pixels">55.42dp</dimen>
    <dimen name="xxh_96pixels">56dp</dimen>
    <dimen name="xxh_97pixels">56.58dp</dimen>
    <dimen name="xxh_98pixels">57.17dp</dimen>
    <dimen name="xxh_99pixels">57.75dp</dimen>
    <dimen name="xxh_100pixels">58.33dp</dimen>
    <dimen name="xxh_101pixels">58.92dp</dimen>
    <dimen name="xxh_102pixels">59.5dp</dimen>
    <dimen name="xxh_103pixels">60.08dp</dimen>
    <dimen name="xxh_104pixels">60.67dp</dimen>
    <dimen name="xxh_105pixels">61.25dp</dimen>
    <dimen name="xxh_106pixels">61.83dp</dimen>
    <dimen name="xxh_107pixels">62.42dp</dimen>
    <dimen name="xxh_108pixels">63dp</dimen>
    <dimen name="xxh_109pixels">63.58dp</dimen>
    <dimen name="xxh_110pixels">64.17dp</dimen>
    <dimen name="xxh_111pixels">64.75dp</dimen>
    <dimen name="xxh_112pixels">65.33dp</dimen>
    <dimen name="xxh_113pixels">65.92dp</dimen>
    <dimen name="xxh_114pixels">66.5dp</dimen>
    <dimen name="xxh_115pixels">67.08dp</dimen>
    <dimen name="xxh_116pixels">67.67dp</dimen>
    <dimen name="xxh_117pixels">68.25dp</dimen>
    <dimen name="xxh_118pixels">68.83dp</dimen>
    <dimen name="xxh_119pixels">69.42dp</dimen>
    <dimen name="xxh_120pixels">70dp</dimen>
    <dimen name="xxh_121pixels">70.58dp</dimen>
    <dimen name="xxh_122pixels">71.17dp</dimen>
    <dimen name="xxh_123pixels">71.75dp</dimen>
    <dimen name="xxh_124pixels">72.33dp</dimen>
    <dimen name="xxh_125pixels">72.92dp</dimen>
    <dimen name="xxh_126pixels">73.5dp</dimen>
    <dimen name="xxh_127pixels">74.08dp</dimen>
    <dimen name="xxh_128pixels">74.67dp</dimen>
    <dimen name="xxh_129pixels">75.25dp</dimen>
    <dimen name="xxh_130pixels">75.83dp</dimen>
    <dimen name="xxh_131pixels">76.42dp</dimen>
    <dimen name="xxh_132pixels">77dp</dimen>
    <dimen name="xxh_133pixels">77.58dp</dimen>
    <dimen name="xxh_134pixels">78.17dp</dimen>
    <dimen name="xxh_135pixels">78.75dp</dimen>
    <dimen name="xxh_136pixels">79.33dp</dimen>
    <dimen name="xxh_137pixels">79.92dp</dimen>
    <dimen name="xxh_138pixels">80.5dp</dimen>
    <dimen name="xxh_139pixels">81.08dp</dimen>
    <dimen name="xxh_140pixels">81.67dp</dimen>
    <dimen name="xxh_141pixels">82.25dp</dimen>
    <dimen name="xxh_142pixels">82.83dp</dimen>
    <dimen name="xxh_143pixels">83.42dp</dimen>
    <dimen name="xxh_144pixels">84dp</dimen>
    <dimen name="xxh_145pixels">84.58dp</dimen>
    <dimen name="xxh_146pixels">85.17dp</dimen>
    <dimen name="xxh_147pixels">85.75dp</dimen>
    <dimen name="xxh_148pixels">86.33dp</dimen>
    <dimen name="xxh_149pixels">86.92dp</dimen>
    <dimen name="xxh_150pixels">87.5dp</dimen>
    <dimen name="xxh_151pixels">88.08dp</dimen>
    <dimen name="xxh_152pixels">88.67dp</dimen>
    <dimen name="xxh_153pixels">89.25dp</dimen>
    <dimen name="xxh_154pixels">89.83dp</dimen>
    <dimen name="xxh_155pixels">90.42dp</dimen>
    <dimen name="xxh_156pixels">91dp</dimen>
    <dimen name="xxh_157pixels">91.58dp</dimen>
    <dimen name="xxh_158pixels">92.17dp</dimen>
    <dimen name="xxh_159pixels">92.75dp</dimen>
    <dimen name="xxh_160pixels">93.33dp</dimen>
    <dimen name="xxh_161pixels">93.92dp</dimen>
    <dimen name="xxh_162pixels">94.5dp</dimen>
    <dimen name="xxh_163pixels">95.08dp</dimen>
    <dimen name="xxh_164pixels">95.67dp</dimen>
    <dimen name="xxh_165pixels">96.25dp</dimen>
    <dimen name="xxh_166pixels">96.83dp</dimen>
    <dimen name="xxh_167pixels">97.42dp</dimen>
    <dimen name="xxh_168pixels">98dp</dimen>
    <dimen name="xxh_169pixels">98.58dp</dimen>
    <dimen name="xxh_170pixels">99.17dp</dimen>
    <dimen name="xxh_171pixels">99.75dp</dimen>
    <dimen name="xxh_172pixels">100.33dp</dimen>
    <dimen name="xxh_173pixels">100.92dp</dimen>
    <dimen name="xxh_174pixels">101.5dp</dimen>
    <dimen name="xxh_175pixels">102.08dp</dimen>
    <dimen name="xxh_176pixels">102.67dp</dimen>
    <dimen name="xxh_177pixels">103.25dp</dimen>
    <dimen name="xxh_178pixels">103.83dp</dimen>
    <dimen name="xxh_179pixels">104.42dp</dimen>
    <dimen name="xxh_180pixels">105dp</dimen>
    <dimen name="xxh_181pixels">105.58dp</dimen>
    <dimen name="xxh_182pixels">106.17dp</dimen>
    <dimen name="xxh_183pixels">106.75dp</dimen>
    <dimen name="xxh_184pixels">107.33dp</dimen>
    <dimen name="xxh_185pixels">107.92dp</dimen>
    <dimen name="xxh_186pixels">108.5dp</dimen>
    <dimen name="xxh_187pixels">109.08dp</dimen>
    <dimen name="xxh_188pixels">109.67dp</dimen>
    <dimen name="xxh_189pixels">110.25dp</dimen>
    <dimen name="xxh_190pixels">110.83dp</dimen>
    <dimen name="xxh_191pixels">111.42dp</dimen>
    <dimen name="xxh_192pixels">112dp</dimen>
    <dimen name="xxh_193pixels">112.58dp</dimen>
    <dimen name="xxh_194pixels">113.17dp</dimen>
    <dimen name="xxh_195pixels">113.75dp</dimen>
    <dimen name="xxh_196pixels">114.33dp</dimen>
    <dimen name="xxh_197pixels">114.92dp</dimen>
    <dimen name="xxh_198pixels">115.5dp</dimen>
    <dimen name="xxh_199pixels">116.08dp</dimen>
    <dimen name="xxh_200pixels">116.67dp</dimen>
    <dimen name="xxh_201pixels">117.25dp</dimen>
    <dimen name="xxh_202pixels">117.83dp</dimen>
    <dimen name="xxh_203pixels">118.42dp</dimen>
    <dimen name="xxh_204pixels">119dp</dimen>
    <dimen name="xxh_205pixels">119.58dp</dimen>
    <dimen name="xxh_206pixels">120.17dp</dimen>
    <dimen name="xxh_207pixels">120.75dp</dimen>
    <dimen name="xxh_208pixels">121.33dp</dimen>
    <dimen name="xxh_209pixels">121.92dp</dimen>
    <dimen name="xxh_210pixels">122.5dp</dimen>
    <dimen name="xxh_211pixels">123.08dp</dimen>
    <dimen name="xxh_212pixels">123.67dp</dimen>
    <dimen name="xxh_213pixels">124.25dp</dimen>
    <dimen name="xxh_214pixels">124.83dp</dimen>
    <dimen name="xxh_215pixels">125.42dp</dimen>
    <dimen name="xxh_216pixels">126dp</dimen>
    <dimen name="xxh_217pixels">126.58dp</dimen>
    <dimen name="xxh_218pixels">127.17dp</dimen>
    <dimen name="xxh_219pixels">127.75dp</dimen>
    <dimen name="xxh_220pixels">128.33dp</dimen>
    <dimen name="xxh_221pixels">128.92dp</dimen>
    <dimen name="xxh_222pixels">129.5dp</dimen>
    <dimen name="xxh_223pixels">130.08dp</dimen>
    <dimen name="xxh_224pixels">130.67dp</dimen>
    <dimen name="xxh_225pixels">131.25dp</dimen>
    <dimen name="xxh_226pixels">131.83dp</dimen>
    <dimen name="xxh_227pixels">132.42dp</dimen>
    <dimen name="xxh_228pixels">133dp</dimen>
    <dimen name="xxh_229pixels">133.58dp</dimen>
    <dimen name="xxh_230pixels">134.17dp</dimen>
    <dimen name="xxh_231pixels">134.75dp</dimen>
    <dimen name="xxh_232pixels">135.33dp</dimen>
    <dimen name="xxh_233pixels">135.92dp</dimen>
    <dimen name="xxh_234pixels">136.5dp</dimen>
    <dimen name="xxh_235pixels">137.08dp</dimen>
    <dimen name="xxh_236pixels">137.67dp</dimen>
    <dimen name="xxh_237pixels">138.25dp</dimen>
    <dimen name="xxh_238pixels">138.83dp</dimen>
    <dimen name="xxh_239pixels">139.42dp</dimen>
    <dimen name="xxh_240pixels">140dp</dimen>
    <dimen name="xxh_241pixels">140.58dp</dimen>
    <dimen name="xxh_242pixels">141.17dp</dimen>
    <dimen name="xxh_243pixels">141.75dp</dimen>
    <dimen name="xxh_244pixels">142.33dp</dimen>
    <dimen name="xxh_245pixels">142.92dp</dimen>
    <dimen name="xxh_246pixels">143.5dp</dimen>
    <dimen name="xxh_247pixels">144.08dp</dimen>
    <dimen name="xxh_248pixels">144.67dp</dimen>
    <dimen name="xxh_249pixels">145.25dp</dimen>
    <dimen name="xxh_250pixels">145.83dp</dimen>
    <dimen name="xxh_251pixels">146.42dp</dimen>
    <dimen name="xxh_252pixels">147dp</dimen>
    <dimen name="xxh_253pixels">147.58dp</dimen>
    <dimen name="xxh_254pixels">148.17dp</dimen>
    <dimen name="xxh_255pixels">148.75dp</dimen>
    <dimen name="xxh_256pixels">149.33dp</dimen>
    <dimen name="xxh_257pixels">149.92dp</dimen>
    <dimen name="xxh_258pixels">150.5dp</dimen>
    <dimen name="xxh_259pixels">151.08dp</dimen>
    <dimen name="xxh_260pixels">151.67dp</dimen>
    <dimen name="xxh_261pixels">152.25dp</dimen>
    <dimen name="xxh_262pixels">152.83dp</dimen>
    <dimen name="xxh_263pixels">153.42dp</dimen>
    <dimen name="xxh_264pixels">154dp</dimen>
    <dimen name="xxh_265pixels">154.58dp</dimen>
    <dimen name="xxh_266pixels">155.17dp</dimen>
    <dimen name="xxh_267pixels">155.75dp</dimen>
    <dimen name="xxh_268pixels">156.33dp</dimen>
    <dimen name="xxh_269pixels">156.92dp</dimen>
    <dimen name="xxh_270pixels">157.5dp</dimen>
    <dimen name="xxh_271pixels">158.08dp</dimen>
    <dimen name="xxh_272pixels">158.67dp</dimen>
    <dimen name="xxh_273pixels">159.25dp</dimen>
    <dimen name="xxh_274pixels">159.83dp</dimen>
    <dimen name="xxh_275pixels">160.42dp</dimen>
    <dimen name="xxh_276pixels">161dp</dimen>
    <dimen name="xxh_277pixels">161.58dp</dimen>
    <dimen name="xxh_278pixels">162.17dp</dimen>
    <dimen name="xxh_279pixels">162.75dp</dimen>
    <dimen name="xxh_280pixels">163.33dp</dimen>
    <dimen name="xxh_281pixels">163.92dp</dimen>
    <dimen name="xxh_282pixels">164.5dp</dimen>
    <dimen name="xxh_283pixels">165.08dp</dimen>
    <dimen name="xxh_284pixels">165.67dp</dimen>
    <dimen name="xxh_285pixels">166.25dp</dimen>
    <dimen name="xxh_286pixels">166.83dp</dimen>
    <dimen name="xxh_287pixels">167.42dp</dimen>
    <dimen name="xxh_288pixels">168dp</dimen>
    <dimen name="xxh_289pixels">168.58dp</dimen>
    <dimen name="xxh_290pixels">169.17dp</dimen>
    <dimen name="xxh_291pixels">169.75dp</dimen>
    <dimen name="xxh_292pixels">170.33dp</dimen>
    <dimen name="xxh_293pixels">170.92dp</dimen>
    <dimen name="xxh_294pixels">171.5dp</dimen>
    <dimen name="xxh_295pixels">172.08dp</dimen>
    <dimen name="xxh_296pixels">172.67dp</dimen>
    <dimen name="xxh_297pixels">173.25dp</dimen>
    <dimen name="xxh_298pixels">173.83dp</dimen>
    <dimen name="xxh_299pixels">174.42dp</dimen>
    <dimen name="xxh_300pixels">175dp</dimen>
    <dimen name="xxh_301pixels">175.58dp</dimen>
    <dimen name="xxh_302pixels">176.17dp</dimen>
    <dimen name="xxh_303pixels">176.75dp</dimen>
    <dimen name="xxh_304pixels">177.33dp</dimen>
    <dimen name="xxh_305pixels">177.92dp</dimen>
    <dimen name="xxh_306pixels">178.5dp</dimen>
    <dimen name="xxh_307pixels">179.08dp</dimen>
    <dimen name="xxh_308pixels">179.67dp</dimen>
    <dimen name="xxh_309pixels">180.25dp</dimen>
    <dimen name="xxh_310pixels">180.83dp</dimen>
    <dimen name="xxh_311pixels">181.42dp</dimen>
    <dimen name="xxh_312pixels">182dp</dimen>
    <dimen name="xxh_313pixels">182.58dp</dimen>
    <dimen name="xxh_314pixels">183.17dp</dimen>
    <dimen name="xxh_315pixels">183.75dp</dimen>
    <dimen name="xxh_316pixels">184.33dp</dimen>
    <dimen name="xxh_317pixels">184.92dp</dimen>
    <dimen name="xxh_318pixels">185.5dp</dimen>
    <dimen name="xxh_319pixels">186.08dp</dimen>
    <dimen name="xxh_320pixels">186.67dp</dimen>
    <dimen name="xxh_321pixels">187.25dp</dimen>
    <dimen name="xxh_322pixels">187.83dp</dimen>
    <dimen name="xxh_323pixels">188.42dp</dimen>
    <dimen name="xxh_324pixels">189dp</dimen>
    <dimen name="xxh_325pixels">189.58dp</dimen>
    <dimen name="xxh_326pixels">190.17dp</dimen>
    <dimen name="xxh_327pixels">190.75dp</dimen>
    <dimen name="xxh_328pixels">191.33dp</dimen>
    <dimen name="xxh_329pixels">191.92dp</dimen>
    <dimen name="xxh_330pixels">192.5dp</dimen>
    <dimen name="xxh_331pixels">193.08dp</dimen>
    <dimen name="xxh_332pixels">193.67dp</dimen>
    <dimen name="xxh_333pixels">194.25dp</dimen>
    <dimen name="xxh_334pixels">194.83dp</dimen>
    <dimen name="xxh_335pixels">195.42dp</dimen>
    <dimen name="xxh_336pixels">196dp</dimen>
    <dimen name="xxh_337pixels">196.58dp</dimen>
    <dimen name="xxh_338pixels">197.17dp</dimen>
    <dimen name="xxh_339pixels">197.75dp</dimen>
    <dimen name="xxh_340pixels">198.33dp</dimen>
    <dimen name="xxh_341pixels">198.92dp</dimen>
    <dimen name="xxh_342pixels">199.5dp</dimen>
    <dimen name="xxh_343pixels">200.08dp</dimen>
    <dimen name="xxh_344pixels">200.67dp</dimen>
    <dimen name="xxh_345pixels">201.25dp</dimen>
    <dimen name="xxh_346pixels">201.83dp</dimen>
    <dimen name="xxh_347pixels">202.42dp</dimen>
    <dimen name="xxh_348pixels">203dp</dimen>
    <dimen name="xxh_349pixels">203.58dp</dimen>
    <dimen name="xxh_350pixels">204.17dp</dimen>
    <dimen name="xxh_351pixels">204.75dp</dimen>
    <dimen name="xxh_352pixels">205.33dp</dimen>
    <dimen name="xxh_353pixels">205.92dp</dimen>
    <dimen name="xxh_354pixels">206.5dp</dimen>
    <dimen name="xxh_355pixels">207.08dp</dimen>
    <dimen name="xxh_356pixels">207.67dp</dimen>
    <dimen name="xxh_357pixels">208.25dp</dimen>
    <dimen name="xxh_358pixels">208.83dp</dimen>
    <dimen name="xxh_359pixels">209.42dp</dimen>
    <dimen name="xxh_360pixels">210dp</dimen>
    <dimen name="xxh_361pixels">210.58dp</dimen>
    <dimen name="xxh_362pixels">211.17dp</dimen>
    <dimen name="xxh_363pixels">211.75dp</dimen>
    <dimen name="xxh_364pixels">212.33dp</dimen>
    <dimen name="xxh_365pixels">212.92dp</dimen>
    <dimen name="xxh_366pixels">213.5dp</dimen>
    <dimen name="xxh_367pixels">214.08dp</dimen>
    <dimen name="xxh_368pixels">214.67dp</dimen>
    <dimen name="xxh_369pixels">215.25dp</dimen>
    <dimen name="xxh_370pixels">215.83dp</dimen>
    <dimen name="xxh_371pixels">216.42dp</dimen>
    <dimen name="xxh_372pixels">217dp</dimen>
    <dimen name="xxh_373pixels">217.58dp</dimen>
    <dimen name="xxh_374pixels">218.17dp</dimen>
    <dimen name="xxh_375pixels">218.75dp</dimen>
    <dimen name="xxh_376pixels">219.33dp</dimen>
    <dimen name="xxh_377pixels">219.92dp</dimen>
    <dimen name="xxh_378pixels">220.5dp</dimen>
    <dimen name="xxh_379pixels">221.08dp</dimen>
    <dimen name="xxh_380pixels">221.67dp</dimen>
    <dimen name="xxh_381pixels">222.25dp</dimen>
    <dimen name="xxh_382pixels">222.83dp</dimen>
    <dimen name="xxh_383pixels">223.42dp</dimen>
    <dimen name="xxh_384pixels">224dp</dimen>
    <dimen name="xxh_385pixels">224.58dp</dimen>
    <dimen name="xxh_386pixels">225.17dp</dimen>
    <dimen name="xxh_387pixels">225.75dp</dimen>
    <dimen name="xxh_388pixels">226.33dp</dimen>
    <dimen name="xxh_389pixels">226.92dp</dimen>
    <dimen name="xxh_390pixels">227.5dp</dimen>
    <dimen name="xxh_391pixels">228.08dp</dimen>
    <dimen name="xxh_392pixels">228.67dp</dimen>
    <dimen name="xxh_393pixels">229.25dp</dimen>
    <dimen name="xxh_394pixels">229.83dp</dimen>
    <dimen name="xxh_395pixels">230.42dp</dimen>
    <dimen name="xxh_396pixels">231dp</dimen>
    <dimen name="xxh_397pixels">231.58dp</dimen>
    <dimen name="xxh_398pixels">232.17dp</dimen>
    <dimen name="xxh_399pixels">232.75dp</dimen>
    <dimen name="xxh_400pixels">233.33dp</dimen>
    <dimen name="xxh_401pixels">233.92dp</dimen>
    <dimen name="xxh_402pixels">234.5dp</dimen>
    <dimen name="xxh_403pixels">235.08dp</dimen>
    <dimen name="xxh_404pixels">235.67dp</dimen>
    <dimen name="xxh_405pixels">236.25dp</dimen>
    <dimen name="xxh_406pixels">236.83dp</dimen>
    <dimen name="xxh_407pixels">237.42dp</dimen>
    <dimen name="xxh_408pixels">238dp</dimen>
    <dimen name="xxh_409pixels">238.58dp</dimen>
    <dimen name="xxh_410pixels">239.17dp</dimen>
    <dimen name="xxh_411pixels">239.75dp</dimen>
    <dimen name="xxh_412pixels">240.33dp</dimen>
    <dimen name="xxh_413pixels">240.92dp</dimen>
    <dimen name="xxh_414pixels">241.5dp</dimen>
    <dimen name="xxh_415pixels">242.08dp</dimen>
    <dimen name="xxh_416pixels">242.67dp</dimen>
    <dimen name="xxh_417pixels">243.25dp</dimen>
    <dimen name="xxh_418pixels">243.83dp</dimen>
    <dimen name="xxh_419pixels">244.42dp</dimen>
    <dimen name="xxh_420pixels">245dp</dimen>
    <dimen name="xxh_421pixels">245.58dp</dimen>
    <dimen name="xxh_422pixels">246.17dp</dimen>
    <dimen name="xxh_423pixels">246.75dp</dimen>
    <dimen name="xxh_424pixels">247.33dp</dimen>
    <dimen name="xxh_425pixels">247.92dp</dimen>
    <dimen name="xxh_426pixels">248.5dp</dimen>
    <dimen name="xxh_427pixels">249.08dp</dimen>
    <dimen name="xxh_428pixels">249.67dp</dimen>
    <dimen name="xxh_429pixels">250.25dp</dimen>
    <dimen name="xxh_430pixels">250.83dp</dimen>
    <dimen name="xxh_431pixels">251.42dp</dimen>
    <dimen name="xxh_432pixels">252dp</dimen>
    <dimen name="xxh_433pixels">252.58dp</dimen>
    <dimen name="xxh_434pixels">253.17dp</dimen>
    <dimen name="xxh_435pixels">253.75dp</dimen>
    <dimen name="xxh_436pixels">254.33dp</dimen>
    <dimen name="xxh_437pixels">254.92dp</dimen>
    <dimen name="xxh_438pixels">255.5dp</dimen>
    <dimen name="xxh_439pixels">256.08dp</dimen>
    <dimen name="xxh_440pixels">256.67dp</dimen>
    <dimen name="xxh_441pixels">257.25dp</dimen>
    <dimen name="xxh_442pixels">257.83dp</dimen>
    <dimen name="xxh_443pixels">258.42dp</dimen>
    <dimen name="xxh_444pixels">259dp</dimen>
    <dimen name="xxh_445pixels">259.58dp</dimen>
    <dimen name="xxh_446pixels">260.17dp</dimen>
    <dimen name="xxh_447pixels">260.75dp</dimen>
    <dimen name="xxh_448pixels">261.33dp</dimen>
    <dimen name="xxh_449pixels">261.92dp</dimen>
    <dimen name="xxh_450pixels">262.5dp</dimen>
    <dimen name="xxh_451pixels">263.08dp</dimen>
    <dimen name="xxh_452pixels">263.67dp</dimen>
    <dimen name="xxh_453pixels">264.25dp</dimen>
    <dimen name="xxh_454pixels">264.83dp</dimen>
    <dimen name="xxh_455pixels">265.42dp</dimen>
    <dimen name="xxh_456pixels">266dp</dimen>
    <dimen name="xxh_457pixels">266.58dp</dimen>
    <dimen name="xxh_458pixels">267.17dp</dimen>
    <dimen name="xxh_459pixels">267.75dp</dimen>
    <dimen name="xxh_460pixels">268.33dp</dimen>
    <dimen name="xxh_461pixels">268.92dp</dimen>
    <dimen name="xxh_462pixels">269.5dp</dimen>
    <dimen name="xxh_463pixels">270.08dp</dimen>
    <dimen name="xxh_464pixels">270.67dp</dimen>
    <dimen name="xxh_465pixels">271.25dp</dimen>
    <dimen name="xxh_466pixels">271.83dp</dimen>
    <dimen name="xxh_467pixels">272.42dp</dimen>
    <dimen name="xxh_468pixels">273dp</dimen>
    <dimen name="xxh_469pixels">273.58dp</dimen>
    <dimen name="xxh_470pixels">274.17dp</dimen>
    <dimen name="xxh_471pixels">274.75dp</dimen>
    <dimen name="xxh_472pixels">275.33dp</dimen>
    <dimen name="xxh_473pixels">275.92dp</dimen>
    <dimen name="xxh_474pixels">276.5dp</dimen>
    <dimen name="xxh_475pixels">277.08dp</dimen>
    <dimen name="xxh_476pixels">277.67dp</dimen>
    <dimen name="xxh_477pixels">278.25dp</dimen>
    <dimen name="xxh_478pixels">278.83dp</dimen>
    <dimen name="xxh_479pixels">279.42dp</dimen>
    <dimen name="xxh_480pixels">280dp</dimen>
    <dimen name="xxh_481pixels">280.58dp</dimen>
    <dimen name="xxh_482pixels">281.17dp</dimen>
    <dimen name="xxh_483pixels">281.75dp</dimen>
    <dimen name="xxh_484pixels">282.33dp</dimen>
    <dimen name="xxh_485pixels">282.92dp</dimen>
    <dimen name="xxh_486pixels">283.5dp</dimen>
    <dimen name="xxh_487pixels">284.08dp</dimen>
    <dimen name="xxh_488pixels">284.67dp</dimen>
    <dimen name="xxh_489pixels">285.25dp</dimen>
    <dimen name="xxh_490pixels">285.83dp</dimen>
    <dimen name="xxh_491pixels">286.42dp</dimen>
    <dimen name="xxh_492pixels">287dp</dimen>
    <dimen name="xxh_493pixels">287.58dp</dimen>
    <dimen name="xxh_494pixels">288.17dp</dimen>
    <dimen name="xxh_495pixels">288.75dp</dimen>
    <dimen name="xxh_496pixels">289.33dp</dimen>
    <dimen name="xxh_497pixels">289.92dp</dimen>
    <dimen name="xxh_498pixels">290.5dp</dimen>
    <dimen name="xxh_499pixels">291.08dp</dimen>
    <dimen name="xxh_500pixels">291.67dp</dimen>
    <dimen name="xxh_501pixels">292.25dp</dimen>
    <dimen name="xxh_502pixels">292.83dp</dimen>
    <dimen name="xxh_503pixels">293.42dp</dimen>
    <dimen name="xxh_504pixels">294dp</dimen>
    <dimen name="xxh_505pixels">294.58dp</dimen>
    <dimen name="xxh_506pixels">295.17dp</dimen>
    <dimen name="xxh_507pixels">295.75dp</dimen>
    <dimen name="xxh_508pixels">296.33dp</dimen>
    <dimen name="xxh_509pixels">296.92dp</dimen>
    <dimen name="xxh_510pixels">297.5dp</dimen>
    <dimen name="xxh_511pixels">298.08dp</dimen>
    <dimen name="xxh_512pixels">298.67dp</dimen>
    <dimen name="xxh_513pixels">299.25dp</dimen>
    <dimen name="xxh_514pixels">299.83dp</dimen>
    <dimen name="xxh_515pixels">300.42dp</dimen>
    <dimen name="xxh_516pixels">301dp</dimen>
    <dimen name="xxh_517pixels">301.58dp</dimen>
    <dimen name="xxh_518pixels">302.17dp</dimen>
    <dimen name="xxh_519pixels">302.75dp</dimen>
    <dimen name="xxh_520pixels">303.33dp</dimen>
    <dimen name="xxh_521pixels">303.92dp</dimen>
    <dimen name="xxh_522pixels">304.5dp</dimen>
    <dimen name="xxh_523pixels">305.08dp</dimen>
    <dimen name="xxh_524pixels">305.67dp</dimen>
    <dimen name="xxh_525pixels">306.25dp</dimen>
    <dimen name="xxh_526pixels">306.83dp</dimen>
    <dimen name="xxh_527pixels">307.42dp</dimen>
    <dimen name="xxh_528pixels">308dp</dimen>
    <dimen name="xxh_529pixels">308.58dp</dimen>
    <dimen name="xxh_530pixels">309.17dp</dimen>
    <dimen name="xxh_531pixels">309.75dp</dimen>
    <dimen name="xxh_532pixels">310.33dp</dimen>
    <dimen name="xxh_533pixels">310.92dp</dimen>
    <dimen name="xxh_534pixels">311.5dp</dimen>
    <dimen name="xxh_535pixels">312.08dp</dimen>
    <dimen name="xxh_536pixels">312.67dp</dimen>
    <dimen name="xxh_537pixels">313.25dp</dimen>
    <dimen name="xxh_538pixels">313.83dp</dimen>
    <dimen name="xxh_539pixels">314.42dp</dimen>
    <dimen name="xxh_540pixels">315dp</dimen>
    <dimen name="xxh_541pixels">315.58dp</dimen>
    <dimen name="xxh_542pixels">316.17dp</dimen>
    <dimen name="xxh_543pixels">316.75dp</dimen>
    <dimen name="xxh_544pixels">317.33dp</dimen>
    <dimen name="xxh_545pixels">317.92dp</dimen>
    <dimen name="xxh_546pixels">318.5dp</dimen>
    <dimen name="xxh_547pixels">319.08dp</dimen>
    <dimen name="xxh_548pixels">319.67dp</dimen>
    <dimen name="xxh_549pixels">320.25dp</dimen>
    <dimen name="xxh_550pixels">320.83dp</dimen>
    <dimen name="xxh_551pixels">321.42dp</dimen>
    <dimen name="xxh_552pixels">322dp</dimen>
    <dimen name="xxh_553pixels">322.58dp</dimen>
    <dimen name="xxh_554pixels">323.17dp</dimen>
    <dimen name="xxh_555pixels">323.75dp</dimen>
    <dimen name="xxh_556pixels">324.33dp</dimen>
    <dimen name="xxh_557pixels">324.92dp</dimen>
    <dimen name="xxh_558pixels">325.5dp</dimen>
    <dimen name="xxh_559pixels">326.08dp</dimen>
    <dimen name="xxh_560pixels">326.67dp</dimen>
    <dimen name="xxh_561pixels">327.25dp</dimen>
    <dimen name="xxh_562pixels">327.83dp</dimen>
    <dimen name="xxh_563pixels">328.42dp</dimen>
    <dimen name="xxh_564pixels">329dp</dimen>
    <dimen name="xxh_565pixels">329.58dp</dimen>
    <dimen name="xxh_566pixels">330.17dp</dimen>
    <dimen name="xxh_567pixels">330.75dp</dimen>
    <dimen name="xxh_568pixels">331.33dp</dimen>
    <dimen name="xxh_569pixels">331.92dp</dimen>
    <dimen name="xxh_570pixels">332.5dp</dimen>
    <dimen name="xxh_571pixels">333.08dp</dimen>
    <dimen name="xxh_572pixels">333.67dp</dimen>
    <dimen name="xxh_573pixels">334.25dp</dimen>
    <dimen name="xxh_574pixels">334.83dp</dimen>
    <dimen name="xxh_575pixels">335.42dp</dimen>
    <dimen name="xxh_576pixels">336dp</dimen>
    <dimen name="xxh_577pixels">336.58dp</dimen>
    <dimen name="xxh_578pixels">337.17dp</dimen>
    <dimen name="xxh_579pixels">337.75dp</dimen>
    <dimen name="xxh_580pixels">338.33dp</dimen>
    <dimen name="xxh_581pixels">338.92dp</dimen>
    <dimen name="xxh_582pixels">339.5dp</dimen>
    <dimen name="xxh_583pixels">340.08dp</dimen>
    <dimen name="xxh_584pixels">340.67dp</dimen>
    <dimen name="xxh_585pixels">341.25dp</dimen>
    <dimen name="xxh_586pixels">341.83dp</dimen>
    <dimen name="xxh_587pixels">342.42dp</dimen>
    <dimen name="xxh_588pixels">343dp</dimen>
    <dimen name="xxh_589pixels">343.58dp</dimen>
    <dimen name="xxh_590pixels">344.17dp</dimen>
    <dimen name="xxh_591pixels">344.75dp</dimen>
    <dimen name="xxh_592pixels">345.33dp</dimen>
    <dimen name="xxh_593pixels">345.92dp</dimen>
    <dimen name="xxh_594pixels">346.5dp</dimen>
    <dimen name="xxh_595pixels">347.08dp</dimen>
    <dimen name="xxh_596pixels">347.67dp</dimen>
    <dimen name="xxh_597pixels">348.25dp</dimen>
    <dimen name="xxh_598pixels">348.83dp</dimen>
    <dimen name="xxh_599pixels">349.42dp</dimen>
    <dimen name="xxh_600pixels">350dp</dimen>
    <dimen name="xxh_601pixels">350.58dp</dimen>
    <dimen name="xxh_602pixels">351.17dp</dimen>
    <dimen name="xxh_603pixels">351.75dp</dimen>
    <dimen name="xxh_604pixels">352.33dp</dimen>
    <dimen name="xxh_605pixels">352.92dp</dimen>
    <dimen name="xxh_606pixels">353.5dp</dimen>
    <dimen name="xxh_607pixels">354.08dp</dimen>
    <dimen name="xxh_608pixels">354.67dp</dimen>
    <dimen name="xxh_609pixels">355.25dp</dimen>
    <dimen name="xxh_610pixels">355.83dp</dimen>
    <dimen name="xxh_611pixels">356.42dp</dimen>
    <dimen name="xxh_612pixels">357dp</dimen>
    <dimen name="xxh_613pixels">357.58dp</dimen>
    <dimen name="xxh_614pixels">358.17dp</dimen>
    <dimen name="xxh_615pixels">358.75dp</dimen>
    <dimen name="xxh_616pixels">359.33dp</dimen>
    <dimen name="xxh_617pixels">359.92dp</dimen>
    <dimen name="xxh_618pixels">360.5dp</dimen>
    <dimen name="xxh_619pixels">361.08dp</dimen>
    <dimen name="xxh_620pixels">361.67dp</dimen>
    <dimen name="xxh_621pixels">362.25dp</dimen>
    <dimen name="xxh_622pixels">362.83dp</dimen>
    <dimen name="xxh_623pixels">363.42dp</dimen>
    <dimen name="xxh_624pixels">364dp</dimen>
    <dimen name="xxh_625pixels">364.58dp</dimen>
    <dimen name="xxh_626pixels">365.17dp</dimen>
    <dimen name="xxh_627pixels">365.75dp</dimen>
    <dimen name="xxh_628pixels">366.33dp</dimen>
    <dimen name="xxh_629pixels">366.92dp</dimen>
    <dimen name="xxh_630pixels">367.5dp</dimen>
    <dimen name="xxh_631pixels">368.08dp</dimen>
    <dimen name="xxh_632pixels">368.67dp</dimen>
    <dimen name="xxh_633pixels">369.25dp</dimen>
    <dimen name="xxh_634pixels">369.83dp</dimen>
    <dimen name="xxh_635pixels">370.42dp</dimen>
    <dimen name="xxh_636pixels">371dp</dimen>
    <dimen name="xxh_637pixels">371.58dp</dimen>
    <dimen name="xxh_638pixels">372.17dp</dimen>
    <dimen name="xxh_639pixels">372.75dp</dimen>
    <dimen name="xxh_640pixels">373.33dp</dimen>
    <dimen name="xxh_641pixels">373.92dp</dimen>
    <dimen name="xxh_642pixels">374.5dp</dimen>
    <dimen name="xxh_643pixels">375.08dp</dimen>
    <dimen name="xxh_644pixels">375.67dp</dimen>
    <dimen name="xxh_645pixels">376.25dp</dimen>
    <dimen name="xxh_646pixels">376.83dp</dimen>
    <dimen name="xxh_647pixels">377.42dp</dimen>
    <dimen name="xxh_648pixels">378dp</dimen>
    <dimen name="xxh_649pixels">378.58dp</dimen>
    <dimen name="xxh_650pixels">379.17dp</dimen>
    <dimen name="xxh_651pixels">379.75dp</dimen>
    <dimen name="xxh_652pixels">380.33dp</dimen>
    <dimen name="xxh_653pixels">380.92dp</dimen>
    <dimen name="xxh_654pixels">381.5dp</dimen>
    <dimen name="xxh_655pixels">382.08dp</dimen>
    <dimen name="xxh_656pixels">382.67dp</dimen>
    <dimen name="xxh_657pixels">383.25dp</dimen>
    <dimen name="xxh_658pixels">383.83dp</dimen>
    <dimen name="xxh_659pixels">384.42dp</dimen>
    <dimen name="xxh_660pixels">385dp</dimen>
    <dimen name="xxh_661pixels">385.58dp</dimen>
    <dimen name="xxh_662pixels">386.17dp</dimen>
    <dimen name="xxh_663pixels">386.75dp</dimen>
    <dimen name="xxh_664pixels">387.33dp</dimen>
    <dimen name="xxh_665pixels">387.92dp</dimen>
    <dimen name="xxh_666pixels">388.5dp</dimen>
    <dimen name="xxh_667pixels">389.08dp</dimen>
    <dimen name="xxh_668pixels">389.67dp</dimen>
    <dimen name="xxh_669pixels">390.25dp</dimen>
    <dimen name="xxh_670pixels">390.83dp</dimen>
    <dimen name="xxh_671pixels">391.42dp</dimen>
    <dimen name="xxh_672pixels">392dp</dimen>
    <dimen name="xxh_673pixels">392.58dp</dimen>
    <dimen name="xxh_674pixels">393.17dp</dimen>
    <dimen name="xxh_675pixels">393.75dp</dimen>
    <dimen name="xxh_676pixels">394.33dp</dimen>
    <dimen name="xxh_677pixels">394.92dp</dimen>
    <dimen name="xxh_678pixels">395.5dp</dimen>
    <dimen name="xxh_679pixels">396.08dp</dimen>
    <dimen name="xxh_680pixels">396.67dp</dimen>
    <dimen name="xxh_681pixels">397.25dp</dimen>
    <dimen name="xxh_682pixels">397.83dp</dimen>
    <dimen name="xxh_683pixels">398.42dp</dimen>
    <dimen name="xxh_684pixels">399dp</dimen>
    <dimen name="xxh_685pixels">399.58dp</dimen>
    <dimen name="xxh_686pixels">400.17dp</dimen>
    <dimen name="xxh_687pixels">400.75dp</dimen>
    <dimen name="xxh_688pixels">401.33dp</dimen>
    <dimen name="xxh_689pixels">401.92dp</dimen>
    <dimen name="xxh_690pixels">402.5dp</dimen>
    <dimen name="xxh_691pixels">403.08dp</dimen>
    <dimen name="xxh_692pixels">403.67dp</dimen>
    <dimen name="xxh_693pixels">404.25dp</dimen>
    <dimen name="xxh_694pixels">404.83dp</dimen>
    <dimen name="xxh_695pixels">405.42dp</dimen>
    <dimen name="xxh_696pixels">406dp</dimen>
    <dimen name="xxh_697pixels">406.58dp</dimen>
    <dimen name="xxh_698pixels">407.17dp</dimen>
    <dimen name="xxh_699pixels">407.75dp</dimen>
    <dimen name="xxh_700pixels">408.33dp</dimen>
    <dimen name="xxh_701pixels">408.92dp</dimen>
    <dimen name="xxh_702pixels">409.5dp</dimen>
    <dimen name="xxh_703pixels">410.08dp</dimen>
    <dimen name="xxh_704pixels">410.67dp</dimen>
    <dimen name="xxh_705pixels">411.25dp</dimen>
    <dimen name="xxh_706pixels">411.83dp</dimen>
    <dimen name="xxh_707pixels">412.42dp</dimen>
    <dimen name="xxh_708pixels">413dp</dimen>
    <dimen name="xxh_709pixels">413.58dp</dimen>
    <dimen name="xxh_710pixels">414.17dp</dimen>
    <dimen name="xxh_711pixels">414.75dp</dimen>
    <dimen name="xxh_712pixels">415.33dp</dimen>
    <dimen name="xxh_713pixels">415.92dp</dimen>
    <dimen name="xxh_714pixels">416.5dp</dimen>
    <dimen name="xxh_715pixels">417.08dp</dimen>
    <dimen name="xxh_716pixels">417.67dp</dimen>
    <dimen name="xxh_717pixels">418.25dp</dimen>
    <dimen name="xxh_718pixels">418.83dp</dimen>
    <dimen name="xxh_719pixels">419.42dp</dimen>
    <dimen name="xxh_720pixels">420dp</dimen>
    <dimen name="xxh_721pixels">420.58dp</dimen>
    <dimen name="xxh_722pixels">421.17dp</dimen>
    <dimen name="xxh_723pixels">421.75dp</dimen>
    <dimen name="xxh_724pixels">422.33dp</dimen>
    <dimen name="xxh_725pixels">422.92dp</dimen>
    <dimen name="xxh_726pixels">423.5dp</dimen>
    <dimen name="xxh_727pixels">424.08dp</dimen>
    <dimen name="xxh_728pixels">424.67dp</dimen>
    <dimen name="xxh_729pixels">425.25dp</dimen>
    <dimen name="xxh_730pixels">425.83dp</dimen>
    <dimen name="xxh_731pixels">426.42dp</dimen>
    <dimen name="xxh_732pixels">427dp</dimen>
    <dimen name="xxh_733pixels">427.58dp</dimen>
    <dimen name="xxh_734pixels">428.17dp</dimen>
    <dimen name="xxh_735pixels">428.75dp</dimen>
    <dimen name="xxh_736pixels">429.33dp</dimen>
    <dimen name="xxh_737pixels">429.92dp</dimen>
    <dimen name="xxh_738pixels">430.5dp</dimen>
    <dimen name="xxh_739pixels">431.08dp</dimen>
    <dimen name="xxh_740pixels">431.67dp</dimen>
    <dimen name="xxh_741pixels">432.25dp</dimen>
    <dimen name="xxh_742pixels">432.83dp</dimen>
    <dimen name="xxh_743pixels">433.42dp</dimen>
    <dimen name="xxh_744pixels">434dp</dimen>
    <dimen name="xxh_745pixels">434.58dp</dimen>
    <dimen name="xxh_746pixels">435.17dp</dimen>
    <dimen name="xxh_747pixels">435.75dp</dimen>
    <dimen name="xxh_748pixels">436.33dp</dimen>
    <dimen name="xxh_749pixels">436.92dp</dimen>
    <dimen name="xxh_750pixels">437.5dp</dimen>
    <dimen name="xxh_751pixels">438.08dp</dimen>
    <dimen name="xxh_752pixels">438.67dp</dimen>
    <dimen name="xxh_753pixels">439.25dp</dimen>
    <dimen name="xxh_754pixels">439.83dp</dimen>
    <dimen name="xxh_755pixels">440.42dp</dimen>
    <dimen name="xxh_756pixels">441dp</dimen>
    <dimen name="xxh_757pixels">441.58dp</dimen>
    <dimen name="xxh_758pixels">442.17dp</dimen>
    <dimen name="xxh_759pixels">442.75dp</dimen>
    <dimen name="xxh_760pixels">443.33dp</dimen>
    <dimen name="xxh_761pixels">443.92dp</dimen>
    <dimen name="xxh_762pixels">444.5dp</dimen>
    <dimen name="xxh_763pixels">445.08dp</dimen>
    <dimen name="xxh_764pixels">445.67dp</dimen>
    <dimen name="xxh_765pixels">446.25dp</dimen>
    <dimen name="xxh_766pixels">446.83dp</dimen>
    <dimen name="xxh_767pixels">447.42dp</dimen>
    <dimen name="xxh_768pixels">448dp</dimen>
    <dimen name="xxh_769pixels">448.58dp</dimen>
    <dimen name="xxh_770pixels">449.17dp</dimen>
    <dimen name="xxh_771pixels">449.75dp</dimen>
    <dimen name="xxh_772pixels">450.33dp</dimen>
    <dimen name="xxh_773pixels">450.92dp</dimen>
    <dimen name="xxh_774pixels">451.5dp</dimen>
    <dimen name="xxh_775pixels">452.08dp</dimen>
    <dimen name="xxh_776pixels">452.67dp</dimen>
    <dimen name="xxh_777pixels">453.25dp</dimen>
    <dimen name="xxh_778pixels">453.83dp</dimen>
    <dimen name="xxh_779pixels">454.42dp</dimen>
    <dimen name="xxh_780pixels">455dp</dimen>
    <dimen name="xxh_781pixels">455.58dp</dimen>
    <dimen name="xxh_782pixels">456.17dp</dimen>
    <dimen name="xxh_783pixels">456.75dp</dimen>
    <dimen name="xxh_784pixels">457.33dp</dimen>
    <dimen name="xxh_785pixels">457.92dp</dimen>
    <dimen name="xxh_786pixels">458.5dp</dimen>
    <dimen name="xxh_787pixels">459.08dp</dimen>
    <dimen name="xxh_788pixels">459.67dp</dimen>
    <dimen name="xxh_789pixels">460.25dp</dimen>
    <dimen name="xxh_790pixels">460.83dp</dimen>
    <dimen name="xxh_791pixels">461.42dp</dimen>
    <dimen name="xxh_792pixels">462dp</dimen>
    <dimen name="xxh_793pixels">462.58dp</dimen>
    <dimen name="xxh_794pixels">463.17dp</dimen>
    <dimen name="xxh_795pixels">463.75dp</dimen>
    <dimen name="xxh_796pixels">464.33dp</dimen>
    <dimen name="xxh_797pixels">464.92dp</dimen>
    <dimen name="xxh_798pixels">465.5dp</dimen>
    <dimen name="xxh_799pixels">466.08dp</dimen>
    <dimen name="xxh_800pixels">466.67dp</dimen>
    <dimen name="xxh_801pixels">467.25dp</dimen>
    <dimen name="xxh_802pixels">467.83dp</dimen>
    <dimen name="xxh_803pixels">468.42dp</dimen>
    <dimen name="xxh_804pixels">469dp</dimen>
    <dimen name="xxh_805pixels">469.58dp</dimen>
    <dimen name="xxh_806pixels">470.17dp</dimen>
    <dimen name="xxh_807pixels">470.75dp</dimen>
    <dimen name="xxh_808pixels">471.33dp</dimen>
    <dimen name="xxh_809pixels">471.92dp</dimen>
    <dimen name="xxh_810pixels">472.5dp</dimen>
    <dimen name="xxh_811pixels">473.08dp</dimen>
    <dimen name="xxh_812pixels">473.67dp</dimen>
    <dimen name="xxh_813pixels">474.25dp</dimen>
    <dimen name="xxh_814pixels">474.83dp</dimen>
    <dimen name="xxh_815pixels">475.42dp</dimen>
    <dimen name="xxh_816pixels">476dp</dimen>
    <dimen name="xxh_817pixels">476.58dp</dimen>
    <dimen name="xxh_818pixels">477.17dp</dimen>
    <dimen name="xxh_819pixels">477.75dp</dimen>
    <dimen name="xxh_820pixels">478.33dp</dimen>
    <dimen name="xxh_821pixels">478.92dp</dimen>
    <dimen name="xxh_822pixels">479.5dp</dimen>
    <dimen name="xxh_823pixels">480.08dp</dimen>
    <dimen name="xxh_824pixels">480.67dp</dimen>
    <dimen name="xxh_825pixels">481.25dp</dimen>
    <dimen name="xxh_826pixels">481.83dp</dimen>
    <dimen name="xxh_827pixels">482.42dp</dimen>
    <dimen name="xxh_828pixels">483dp</dimen>
    <dimen name="xxh_829pixels">483.58dp</dimen>
    <dimen name="xxh_830pixels">484.17dp</dimen>
    <dimen name="xxh_831pixels">484.75dp</dimen>
    <dimen name="xxh_832pixels">485.33dp</dimen>
    <dimen name="xxh_833pixels">485.92dp</dimen>
    <dimen name="xxh_834pixels">486.5dp</dimen>
    <dimen name="xxh_835pixels">487.08dp</dimen>
    <dimen name="xxh_836pixels">487.67dp</dimen>
    <dimen name="xxh_837pixels">488.25dp</dimen>
    <dimen name="xxh_838pixels">488.83dp</dimen>
    <dimen name="xxh_839pixels">489.42dp</dimen>
    <dimen name="xxh_840pixels">490dp</dimen>
    <dimen name="xxh_841pixels">490.58dp</dimen>
    <dimen name="xxh_842pixels">491.17dp</dimen>
    <dimen name="xxh_843pixels">491.75dp</dimen>
    <dimen name="xxh_844pixels">492.33dp</dimen>
    <dimen name="xxh_845pixels">492.92dp</dimen>
    <dimen name="xxh_846pixels">493.5dp</dimen>
    <dimen name="xxh_847pixels">494.08dp</dimen>
    <dimen name="xxh_848pixels">494.67dp</dimen>
    <dimen name="xxh_849pixels">495.25dp</dimen>
    <dimen name="xxh_850pixels">495.83dp</dimen>
    <dimen name="xxh_851pixels">496.42dp</dimen>
    <dimen name="xxh_852pixels">497dp</dimen>
    <dimen name="xxh_853pixels">497.58dp</dimen>
    <dimen name="xxh_854pixels">498.17dp</dimen>
    <dimen name="xxh_855pixels">498.75dp</dimen>
    <dimen name="xxh_856pixels">499.33dp</dimen>
    <dimen name="xxh_857pixels">499.92dp</dimen>
    <dimen name="xxh_858pixels">500.5dp</dimen>
    <dimen name="xxh_859pixels">501.08dp</dimen>
    <dimen name="xxh_860pixels">501.67dp</dimen>
    <dimen name="xxh_861pixels">502.25dp</dimen>
    <dimen name="xxh_862pixels">502.83dp</dimen>
    <dimen name="xxh_863pixels">503.42dp</dimen>
    <dimen name="xxh_864pixels">504dp</dimen>
    <dimen name="xxh_865pixels">504.58dp</dimen>
    <dimen name="xxh_866pixels">505.17dp</dimen>
    <dimen name="xxh_867pixels">505.75dp</dimen>
    <dimen name="xxh_868pixels">506.33dp</dimen>
    <dimen name="xxh_869pixels">506.92dp</dimen>
    <dimen name="xxh_870pixels">507.5dp</dimen>
    <dimen name="xxh_871pixels">508.08dp</dimen>
    <dimen name="xxh_872pixels">508.67dp</dimen>
    <dimen name="xxh_873pixels">509.25dp</dimen>
    <dimen name="xxh_874pixels">509.83dp</dimen>
    <dimen name="xxh_875pixels">510.42dp</dimen>
    <dimen name="xxh_876pixels">511dp</dimen>
    <dimen name="xxh_877pixels">511.58dp</dimen>
    <dimen name="xxh_878pixels">512.17dp</dimen>
    <dimen name="xxh_879pixels">512.75dp</dimen>
    <dimen name="xxh_880pixels">513.33dp</dimen>
    <dimen name="xxh_881pixels">513.92dp</dimen>
    <dimen name="xxh_882pixels">514.5dp</dimen>
    <dimen name="xxh_883pixels">515.08dp</dimen>
    <dimen name="xxh_884pixels">515.67dp</dimen>
    <dimen name="xxh_885pixels">516.25dp</dimen>
    <dimen name="xxh_886pixels">516.83dp</dimen>
    <dimen name="xxh_887pixels">517.42dp</dimen>
    <dimen name="xxh_888pixels">518dp</dimen>
    <dimen name="xxh_889pixels">518.58dp</dimen>
    <dimen name="xxh_890pixels">519.17dp</dimen>
    <dimen name="xxh_891pixels">519.75dp</dimen>
    <dimen name="xxh_892pixels">520.33dp</dimen>
    <dimen name="xxh_893pixels">520.92dp</dimen>
    <dimen name="xxh_894pixels">521.5dp</dimen>
    <dimen name="xxh_895pixels">522.08dp</dimen>
    <dimen name="xxh_896pixels">522.67dp</dimen>
    <dimen name="xxh_897pixels">523.25dp</dimen>
    <dimen name="xxh_898pixels">523.83dp</dimen>
    <dimen name="xxh_899pixels">524.42dp</dimen>
    <dimen name="xxh_900pixels">525dp</dimen>
    <dimen name="xxh_901pixels">525.58dp</dimen>
    <dimen name="xxh_902pixels">526.17dp</dimen>
    <dimen name="xxh_903pixels">526.75dp</dimen>
    <dimen name="xxh_904pixels">527.33dp</dimen>
    <dimen name="xxh_905pixels">527.92dp</dimen>
    <dimen name="xxh_906pixels">528.5dp</dimen>
    <dimen name="xxh_907pixels">529.08dp</dimen>
    <dimen name="xxh_908pixels">529.67dp</dimen>
    <dimen name="xxh_909pixels">530.25dp</dimen>
    <dimen name="xxh_910pixels">530.83dp</dimen>
    <dimen name="xxh_911pixels">531.42dp</dimen>
    <dimen name="xxh_912pixels">532dp</dimen>
    <dimen name="xxh_913pixels">532.58dp</dimen>
    <dimen name="xxh_914pixels">533.17dp</dimen>
    <dimen name="xxh_915pixels">533.75dp</dimen>
    <dimen name="xxh_916pixels">534.33dp</dimen>
    <dimen name="xxh_917pixels">534.92dp</dimen>
    <dimen name="xxh_918pixels">535.5dp</dimen>
    <dimen name="xxh_919pixels">536.08dp</dimen>
    <dimen name="xxh_920pixels">536.67dp</dimen>
    <dimen name="xxh_921pixels">537.25dp</dimen>
    <dimen name="xxh_922pixels">537.83dp</dimen>
    <dimen name="xxh_923pixels">538.42dp</dimen>
    <dimen name="xxh_924pixels">539dp</dimen>
    <dimen name="xxh_925pixels">539.58dp</dimen>
    <dimen name="xxh_926pixels">540.17dp</dimen>
    <dimen name="xxh_927pixels">540.75dp</dimen>
    <dimen name="xxh_928pixels">541.33dp</dimen>
    <dimen name="xxh_929pixels">541.92dp</dimen>
    <dimen name="xxh_930pixels">542.5dp</dimen>
    <dimen name="xxh_931pixels">543.08dp</dimen>
    <dimen name="xxh_932pixels">543.67dp</dimen>
    <dimen name="xxh_933pixels">544.25dp</dimen>
    <dimen name="xxh_934pixels">544.83dp</dimen>
    <dimen name="xxh_935pixels">545.42dp</dimen>
    <dimen name="xxh_936pixels">546dp</dimen>
    <dimen name="xxh_937pixels">546.58dp</dimen>
    <dimen name="xxh_938pixels">547.17dp</dimen>
    <dimen name="xxh_939pixels">547.75dp</dimen>
    <dimen name="xxh_940pixels">548.33dp</dimen>
    <dimen name="xxh_941pixels">548.92dp</dimen>
    <dimen name="xxh_942pixels">549.5dp</dimen>
    <dimen name="xxh_943pixels">550.08dp</dimen>
    <dimen name="xxh_944pixels">550.67dp</dimen>
    <dimen name="xxh_945pixels">551.25dp</dimen>
    <dimen name="xxh_946pixels">551.83dp</dimen>
    <dimen name="xxh_947pixels">552.42dp</dimen>
    <dimen name="xxh_948pixels">553dp</dimen>
    <dimen name="xxh_949pixels">553.58dp</dimen>
    <dimen name="xxh_950pixels">554.17dp</dimen>
    <dimen name="xxh_951pixels">554.75dp</dimen>
    <dimen name="xxh_952pixels">555.33dp</dimen>
    <dimen name="xxh_953pixels">555.92dp</dimen>
    <dimen name="xxh_954pixels">556.5dp</dimen>
    <dimen name="xxh_955pixels">557.08dp</dimen>
    <dimen name="xxh_956pixels">557.67dp</dimen>
    <dimen name="xxh_957pixels">558.25dp</dimen>
    <dimen name="xxh_958pixels">558.83dp</dimen>
    <dimen name="xxh_959pixels">559.42dp</dimen>
    <dimen name="xxh_960pixels">560dp</dimen>
    <dimen name="xxh_961pixels">560.58dp</dimen>
    <dimen name="xxh_962pixels">561.17dp</dimen>
    <dimen name="xxh_963pixels">561.75dp</dimen>
    <dimen name="xxh_964pixels">562.33dp</dimen>
    <dimen name="xxh_965pixels">562.92dp</dimen>
    <dimen name="xxh_966pixels">563.5dp</dimen>
    <dimen name="xxh_967pixels">564.08dp</dimen>
    <dimen name="xxh_968pixels">564.67dp</dimen>
    <dimen name="xxh_969pixels">565.25dp</dimen>
    <dimen name="xxh_970pixels">565.83dp</dimen>
    <dimen name="xxh_971pixels">566.42dp</dimen>
    <dimen name="xxh_972pixels">567dp</dimen>
    <dimen name="xxh_973pixels">567.58dp</dimen>
    <dimen name="xxh_974pixels">568.17dp</dimen>
    <dimen name="xxh_975pixels">568.75dp</dimen>
    <dimen name="xxh_976pixels">569.33dp</dimen>
    <dimen name="xxh_977pixels">569.92dp</dimen>
    <dimen name="xxh_978pixels">570.5dp</dimen>
    <dimen name="xxh_979pixels">571.08dp</dimen>
    <dimen name="xxh_980pixels">571.67dp</dimen>
    <dimen name="xxh_981pixels">572.25dp</dimen>
    <dimen name="xxh_982pixels">572.83dp</dimen>
    <dimen name="xxh_983pixels">573.42dp</dimen>
    <dimen name="xxh_984pixels">574dp</dimen>
    <dimen name="xxh_985pixels">574.58dp</dimen>
    <dimen name="xxh_986pixels">575.17dp</dimen>
    <dimen name="xxh_987pixels">575.75dp</dimen>
    <dimen name="xxh_988pixels">576.33dp</dimen>
    <dimen name="xxh_989pixels">576.92dp</dimen>
    <dimen name="xxh_990pixels">577.5dp</dimen>
    <dimen name="xxh_991pixels">578.08dp</dimen>
    <dimen name="xxh_992pixels">578.67dp</dimen>
    <dimen name="xxh_993pixels">579.25dp</dimen>
    <dimen name="xxh_994pixels">579.83dp</dimen>
    <dimen name="xxh_995pixels">580.42dp</dimen>
    <dimen name="xxh_996pixels">581dp</dimen>
    <dimen name="xxh_997pixels">581.58dp</dimen>
    <dimen name="xxh_998pixels">582.17dp</dimen>
    <dimen name="xxh_999pixels">582.75dp</dimen>
    <dimen name="xxh_1000pixels">583.33dp</dimen>
    <dimen name="xxh_1001pixels">583.92dp</dimen>
    <dimen name="xxh_1002pixels">584.5dp</dimen>
    <dimen name="xxh_1003pixels">585.08dp</dimen>
    <dimen name="xxh_1004pixels">585.67dp</dimen>
    <dimen name="xxh_1005pixels">586.25dp</dimen>
    <dimen name="xxh_1006pixels">586.83dp</dimen>
    <dimen name="xxh_1007pixels">587.42dp</dimen>
    <dimen name="xxh_1008pixels">588dp</dimen>
    <dimen name="xxh_1009pixels">588.58dp</dimen>
    <dimen name="xxh_1010pixels">589.17dp</dimen>
    <dimen name="xxh_1011pixels">589.75dp</dimen>
    <dimen name="xxh_1012pixels">590.33dp</dimen>
    <dimen name="xxh_1013pixels">590.92dp</dimen>
    <dimen name="xxh_1014pixels">591.5dp</dimen>
    <dimen name="xxh_1015pixels">592.08dp</dimen>
    <dimen name="xxh_1016pixels">592.67dp</dimen>
    <dimen name="xxh_1017pixels">593.25dp</dimen>
    <dimen name="xxh_1018pixels">593.83dp</dimen>
    <dimen name="xxh_1019pixels">594.42dp</dimen>
    <dimen name="xxh_1020pixels">595dp</dimen>
    <dimen name="xxh_1021pixels">595.58dp</dimen>
    <dimen name="xxh_1022pixels">596.17dp</dimen>
    <dimen name="xxh_1023pixels">596.75dp</dimen>
    <dimen name="xxh_1024pixels">597.33dp</dimen>
    <dimen name="xxh_1025pixels">597.92dp</dimen>
    <dimen name="xxh_1026pixels">598.5dp</dimen>
    <dimen name="xxh_1027pixels">599.08dp</dimen>
    <dimen name="xxh_1028pixels">599.67dp</dimen>
    <dimen name="xxh_1029pixels">600.25dp</dimen>
    <dimen name="xxh_1030pixels">600.83dp</dimen>
    <dimen name="xxh_1031pixels">601.42dp</dimen>
    <dimen name="xxh_1032pixels">602dp</dimen>
    <dimen name="xxh_1033pixels">602.58dp</dimen>
    <dimen name="xxh_1034pixels">603.17dp</dimen>
    <dimen name="xxh_1035pixels">603.75dp</dimen>
    <dimen name="xxh_1036pixels">604.33dp</dimen>
    <dimen name="xxh_1037pixels">604.92dp</dimen>
    <dimen name="xxh_1038pixels">605.5dp</dimen>
    <dimen name="xxh_1039pixels">606.08dp</dimen>
    <dimen name="xxh_1040pixels">606.67dp</dimen>
    <dimen name="xxh_1041pixels">607.25dp</dimen>
    <dimen name="xxh_1042pixels">607.83dp</dimen>
    <dimen name="xxh_1043pixels">608.42dp</dimen>
    <dimen name="xxh_1044pixels">609dp</dimen>
    <dimen name="xxh_1045pixels">609.58dp</dimen>
    <dimen name="xxh_1046pixels">610.17dp</dimen>
    <dimen name="xxh_1047pixels">610.75dp</dimen>
    <dimen name="xxh_1048pixels">611.33dp</dimen>
    <dimen name="xxh_1049pixels">611.92dp</dimen>
    <dimen name="xxh_1050pixels">612.5dp</dimen>
    <dimen name="xxh_1051pixels">613.08dp</dimen>
    <dimen name="xxh_1052pixels">613.67dp</dimen>
    <dimen name="xxh_1053pixels">614.25dp</dimen>
    <dimen name="xxh_1054pixels">614.83dp</dimen>
    <dimen name="xxh_1055pixels">615.42dp</dimen>
    <dimen name="xxh_1056pixels">616dp</dimen>
    <dimen name="xxh_1057pixels">616.58dp</dimen>
    <dimen name="xxh_1058pixels">617.17dp</dimen>
    <dimen name="xxh_1059pixels">617.75dp</dimen>
    <dimen name="xxh_1060pixels">618.33dp</dimen>
    <dimen name="xxh_1061pixels">618.92dp</dimen>
    <dimen name="xxh_1062pixels">619.5dp</dimen>
    <dimen name="xxh_1063pixels">620.08dp</dimen>
    <dimen name="xxh_1064pixels">620.67dp</dimen>
    <dimen name="xxh_1065pixels">621.25dp</dimen>
    <dimen name="xxh_1066pixels">621.83dp</dimen>
    <dimen name="xxh_1067pixels">622.42dp</dimen>
    <dimen name="xxh_1068pixels">623dp</dimen>
    <dimen name="xxh_1069pixels">623.58dp</dimen>
    <dimen name="xxh_1070pixels">624.17dp</dimen>
    <dimen name="xxh_1071pixels">624.75dp</dimen>
    <dimen name="xxh_1072pixels">625.33dp</dimen>
    <dimen name="xxh_1073pixels">625.92dp</dimen>
    <dimen name="xxh_1074pixels">626.5dp</dimen>
    <dimen name="xxh_1075pixels">627.08dp</dimen>
    <dimen name="xxh_1076pixels">627.67dp</dimen>
    <dimen name="xxh_1077pixels">628.25dp</dimen>
    <dimen name="xxh_1078pixels">628.83dp</dimen>
    <dimen name="xxh_1079pixels">629.42dp</dimen>
    <dimen name="xxh_1080pixels">630dp</dimen>
    <dimen name="xxh_1081pixels">630.58dp</dimen>
    <dimen name="xxh_1082pixels">631.17dp</dimen>
    <dimen name="xxh_1083pixels">631.75dp</dimen>
    <dimen name="xxh_1084pixels">632.33dp</dimen>
    <dimen name="xxh_1085pixels">632.92dp</dimen>
    <dimen name="xxh_1086pixels">633.5dp</dimen>
    <dimen name="xxh_1087pixels">634.08dp</dimen>
    <dimen name="xxh_1088pixels">634.67dp</dimen>
    <dimen name="xxh_1089pixels">635.25dp</dimen>
    <dimen name="xxh_1090pixels">635.83dp</dimen>
    <dimen name="xxh_1091pixels">636.42dp</dimen>
    <dimen name="xxh_1092pixels">637dp</dimen>
    <dimen name="xxh_1093pixels">637.58dp</dimen>
    <dimen name="xxh_1094pixels">638.17dp</dimen>
    <dimen name="xxh_1095pixels">638.75dp</dimen>
    <dimen name="xxh_1096pixels">639.33dp</dimen>
    <dimen name="xxh_1097pixels">639.92dp</dimen>
    <dimen name="xxh_1098pixels">640.5dp</dimen>
    <dimen name="xxh_1099pixels">641.08dp</dimen>
    <dimen name="xxh_1100pixels">641.67dp</dimen>
    <dimen name="xxh_1101pixels">642.25dp</dimen>
    <dimen name="xxh_1102pixels">642.83dp</dimen>
    <dimen name="xxh_1103pixels">643.42dp</dimen>
    <dimen name="xxh_1104pixels">644dp</dimen>
    <dimen name="xxh_1105pixels">644.58dp</dimen>
    <dimen name="xxh_1106pixels">645.17dp</dimen>
    <dimen name="xxh_1107pixels">645.75dp</dimen>
    <dimen name="xxh_1108pixels">646.33dp</dimen>
    <dimen name="xxh_1109pixels">646.92dp</dimen>
    <dimen name="xxh_1110pixels">647.5dp</dimen>
    <dimen name="xxh_1111pixels">648.08dp</dimen>
    <dimen name="xxh_1112pixels">648.67dp</dimen>
    <dimen name="xxh_1113pixels">649.25dp</dimen>
    <dimen name="xxh_1114pixels">649.83dp</dimen>
    <dimen name="xxh_1115pixels">650.42dp</dimen>
    <dimen name="xxh_1116pixels">651dp</dimen>
    <dimen name="xxh_1117pixels">651.58dp</dimen>
    <dimen name="xxh_1118pixels">652.17dp</dimen>
    <dimen name="xxh_1119pixels">652.75dp</dimen>
    <dimen name="xxh_1120pixels">653.33dp</dimen>
    <dimen name="xxh_1121pixels">653.92dp</dimen>
    <dimen name="xxh_1122pixels">654.5dp</dimen>
    <dimen name="xxh_1123pixels">655.08dp</dimen>
    <dimen name="xxh_1124pixels">655.67dp</dimen>
    <dimen name="xxh_1125pixels">656.25dp</dimen>
    <dimen name="xxh_1126pixels">656.83dp</dimen>
    <dimen name="xxh_1127pixels">657.42dp</dimen>
    <dimen name="xxh_1128pixels">658dp</dimen>
    <dimen name="xxh_1129pixels">658.58dp</dimen>
    <dimen name="xxh_1130pixels">659.17dp</dimen>
    <dimen name="xxh_1131pixels">659.75dp</dimen>
    <dimen name="xxh_1132pixels">660.33dp</dimen>
    <dimen name="xxh_1133pixels">660.92dp</dimen>
    <dimen name="xxh_1134pixels">661.5dp</dimen>
    <dimen name="xxh_1135pixels">662.08dp</dimen>
    <dimen name="xxh_1136pixels">662.67dp</dimen>
    <dimen name="xxh_1137pixels">663.25dp</dimen>
    <dimen name="xxh_1138pixels">663.83dp</dimen>
    <dimen name="xxh_1139pixels">664.42dp</dimen>
    <dimen name="xxh_1140pixels">665dp</dimen>
    <dimen name="xxh_1141pixels">665.58dp</dimen>
    <dimen name="xxh_1142pixels">666.17dp</dimen>
    <dimen name="xxh_1143pixels">666.75dp</dimen>
    <dimen name="xxh_1144pixels">667.33dp</dimen>
    <dimen name="xxh_1145pixels">667.92dp</dimen>
    <dimen name="xxh_1146pixels">668.5dp</dimen>
    <dimen name="xxh_1147pixels">669.08dp</dimen>
    <dimen name="xxh_1148pixels">669.67dp</dimen>
    <dimen name="xxh_1149pixels">670.25dp</dimen>
    <dimen name="xxh_1150pixels">670.83dp</dimen>
    <dimen name="xxh_1151pixels">671.42dp</dimen>
    <dimen name="xxh_1152pixels">672dp</dimen>
    <dimen name="xxh_1153pixels">672.58dp</dimen>
    <dimen name="xxh_1154pixels">673.17dp</dimen>
    <dimen name="xxh_1155pixels">673.75dp</dimen>
    <dimen name="xxh_1156pixels">674.33dp</dimen>
    <dimen name="xxh_1157pixels">674.92dp</dimen>
    <dimen name="xxh_1158pixels">675.5dp</dimen>
    <dimen name="xxh_1159pixels">676.08dp</dimen>
    <dimen name="xxh_1160pixels">676.67dp</dimen>
    <dimen name="xxh_1161pixels">677.25dp</dimen>
    <dimen name="xxh_1162pixels">677.83dp</dimen>
    <dimen name="xxh_1163pixels">678.42dp</dimen>
    <dimen name="xxh_1164pixels">679dp</dimen>
    <dimen name="xxh_1165pixels">679.58dp</dimen>
    <dimen name="xxh_1166pixels">680.17dp</dimen>
    <dimen name="xxh_1167pixels">680.75dp</dimen>
    <dimen name="xxh_1168pixels">681.33dp</dimen>
    <dimen name="xxh_1169pixels">681.92dp</dimen>
    <dimen name="xxh_1170pixels">682.5dp</dimen>
    <dimen name="xxh_1171pixels">683.08dp</dimen>
    <dimen name="xxh_1172pixels">683.67dp</dimen>
    <dimen name="xxh_1173pixels">684.25dp</dimen>
    <dimen name="xxh_1174pixels">684.83dp</dimen>
    <dimen name="xxh_1175pixels">685.42dp</dimen>
    <dimen name="xxh_1176pixels">686dp</dimen>
    <dimen name="xxh_1177pixels">686.58dp</dimen>
    <dimen name="xxh_1178pixels">687.17dp</dimen>
    <dimen name="xxh_1179pixels">687.75dp</dimen>
    <dimen name="xxh_1180pixels">688.33dp</dimen>
    <dimen name="xxh_1181pixels">688.92dp</dimen>
    <dimen name="xxh_1182pixels">689.5dp</dimen>
    <dimen name="xxh_1183pixels">690.08dp</dimen>
    <dimen name="xxh_1184pixels">690.67dp</dimen>
    <dimen name="xxh_1185pixels">691.25dp</dimen>
    <dimen name="xxh_1186pixels">691.83dp</dimen>
    <dimen name="xxh_1187pixels">692.42dp</dimen>
    <dimen name="xxh_1188pixels">693dp</dimen>
    <dimen name="xxh_1189pixels">693.58dp</dimen>
    <dimen name="xxh_1190pixels">694.17dp</dimen>
    <dimen name="xxh_1191pixels">694.75dp</dimen>
    <dimen name="xxh_1192pixels">695.33dp</dimen>
    <dimen name="xxh_1193pixels">695.92dp</dimen>
    <dimen name="xxh_1194pixels">696.5dp</dimen>
    <dimen name="xxh_1195pixels">697.08dp</dimen>
    <dimen name="xxh_1196pixels">697.67dp</dimen>
    <dimen name="xxh_1197pixels">698.25dp</dimen>
    <dimen name="xxh_1198pixels">698.83dp</dimen>
    <dimen name="xxh_1199pixels">699.42dp</dimen>
    <dimen name="xxh_1200pixels">700dp</dimen>
    <dimen name="xxh_1201pixels">700.58dp</dimen>
    <dimen name="xxh_1202pixels">701.17dp</dimen>
    <dimen name="xxh_1203pixels">701.75dp</dimen>
    <dimen name="xxh_1204pixels">702.33dp</dimen>
    <dimen name="xxh_1205pixels">702.92dp</dimen>
    <dimen name="xxh_1206pixels">703.5dp</dimen>
    <dimen name="xxh_1207pixels">704.08dp</dimen>
    <dimen name="xxh_1208pixels">704.67dp</dimen>
    <dimen name="xxh_1209pixels">705.25dp</dimen>
    <dimen name="xxh_1210pixels">705.83dp</dimen>
    <dimen name="xxh_1211pixels">706.42dp</dimen>
    <dimen name="xxh_1212pixels">707dp</dimen>
    <dimen name="xxh_1213pixels">707.58dp</dimen>
    <dimen name="xxh_1214pixels">708.17dp</dimen>
    <dimen name="xxh_1215pixels">708.75dp</dimen>
    <dimen name="xxh_1216pixels">709.33dp</dimen>
    <dimen name="xxh_1217pixels">709.92dp</dimen>
    <dimen name="xxh_1218pixels">710.5dp</dimen>
    <dimen name="xxh_1219pixels">711.08dp</dimen>
    <dimen name="xxh_1220pixels">711.67dp</dimen>
    <dimen name="xxh_1221pixels">712.25dp</dimen>
    <dimen name="xxh_1222pixels">712.83dp</dimen>
    <dimen name="xxh_1223pixels">713.42dp</dimen>
    <dimen name="xxh_1224pixels">714dp</dimen>
    <dimen name="xxh_1225pixels">714.58dp</dimen>
    <dimen name="xxh_1226pixels">715.17dp</dimen>
    <dimen name="xxh_1227pixels">715.75dp</dimen>
    <dimen name="xxh_1228pixels">716.33dp</dimen>
    <dimen name="xxh_1229pixels">716.92dp</dimen>
    <dimen name="xxh_1230pixels">717.5dp</dimen>
    <dimen name="xxh_1231pixels">718.08dp</dimen>
    <dimen name="xxh_1232pixels">718.67dp</dimen>
    <dimen name="xxh_1233pixels">719.25dp</dimen>
    <dimen name="xxh_1234pixels">719.83dp</dimen>
    <dimen name="xxh_1235pixels">720.42dp</dimen>
    <dimen name="xxh_1236pixels">721dp</dimen>
    <dimen name="xxh_1237pixels">721.58dp</dimen>
    <dimen name="xxh_1238pixels">722.17dp</dimen>
    <dimen name="xxh_1239pixels">722.75dp</dimen>
    <dimen name="xxh_1240pixels">723.33dp</dimen>
    <dimen name="xxh_1241pixels">723.92dp</dimen>
    <dimen name="xxh_1242pixels">724.5dp</dimen>
    <dimen name="xxh_1243pixels">725.08dp</dimen>
    <dimen name="xxh_1244pixels">725.67dp</dimen>
    <dimen name="xxh_1245pixels">726.25dp</dimen>
    <dimen name="xxh_1246pixels">726.83dp</dimen>
    <dimen name="xxh_1247pixels">727.42dp</dimen>
    <dimen name="xxh_1248pixels">728dp</dimen>
    <dimen name="xxh_1249pixels">728.58dp</dimen>
    <dimen name="xxh_1250pixels">729.17dp</dimen>
    <dimen name="xxh_1251pixels">729.75dp</dimen>
    <dimen name="xxh_1252pixels">730.33dp</dimen>
    <dimen name="xxh_1253pixels">730.92dp</dimen>
    <dimen name="xxh_1254pixels">731.5dp</dimen>
    <dimen name="xxh_1255pixels">732.08dp</dimen>
    <dimen name="xxh_1256pixels">732.67dp</dimen>
    <dimen name="xxh_1257pixels">733.25dp</dimen>
    <dimen name="xxh_1258pixels">733.83dp</dimen>
    <dimen name="xxh_1259pixels">734.42dp</dimen>
    <dimen name="xxh_1260pixels">735dp</dimen>
    <dimen name="xxh_1261pixels">735.58dp</dimen>
    <dimen name="xxh_1262pixels">736.17dp</dimen>
    <dimen name="xxh_1263pixels">736.75dp</dimen>
    <dimen name="xxh_1264pixels">737.33dp</dimen>
    <dimen name="xxh_1265pixels">737.92dp</dimen>
    <dimen name="xxh_1266pixels">738.5dp</dimen>
    <dimen name="xxh_1267pixels">739.08dp</dimen>
    <dimen name="xxh_1268pixels">739.67dp</dimen>
    <dimen name="xxh_1269pixels">740.25dp</dimen>
    <dimen name="xxh_1270pixels">740.83dp</dimen>
    <dimen name="xxh_1271pixels">741.42dp</dimen>
    <dimen name="xxh_1272pixels">742dp</dimen>
    <dimen name="xxh_1273pixels">742.58dp</dimen>
    <dimen name="xxh_1274pixels">743.17dp</dimen>
    <dimen name="xxh_1275pixels">743.75dp</dimen>
    <dimen name="xxh_1276pixels">744.33dp</dimen>
    <dimen name="xxh_1277pixels">744.92dp</dimen>
    <dimen name="xxh_1278pixels">745.5dp</dimen>
    <dimen name="xxh_1279pixels">746.08dp</dimen>
    <dimen name="xxh_1280pixels">746.67dp</dimen>
    <dimen name="xxh_1281pixels">747.25dp</dimen>
    <dimen name="xxh_1282pixels">747.83dp</dimen>
    <dimen name="xxh_1283pixels">748.42dp</dimen>
    <dimen name="xxh_1284pixels">749dp</dimen>
    <dimen name="xxh_1285pixels">749.58dp</dimen>
    <dimen name="xxh_1286pixels">750.17dp</dimen>
    <dimen name="xxh_1287pixels">750.75dp</dimen>
    <dimen name="xxh_1288pixels">751.33dp</dimen>
    <dimen name="xxh_1289pixels">751.92dp</dimen>
    <dimen name="xxh_1290pixels">752.5dp</dimen>
    <dimen name="xxh_1291pixels">753.08dp</dimen>
    <dimen name="xxh_1292pixels">753.67dp</dimen>
    <dimen name="xxh_1293pixels">754.25dp</dimen>
    <dimen name="xxh_1294pixels">754.83dp</dimen>
    <dimen name="xxh_1295pixels">755.42dp</dimen>
    <dimen name="xxh_1296pixels">756dp</dimen>
    <dimen name="xxh_1297pixels">756.58dp</dimen>
    <dimen name="xxh_1298pixels">757.17dp</dimen>
    <dimen name="xxh_1299pixels">757.75dp</dimen>
    <dimen name="xxh_1300pixels">758.33dp</dimen>
    <dimen name="xxh_1301pixels">758.92dp</dimen>
    <dimen name="xxh_1302pixels">759.5dp</dimen>
    <dimen name="xxh_1303pixels">760.08dp</dimen>
    <dimen name="xxh_1304pixels">760.67dp</dimen>
    <dimen name="xxh_1305pixels">761.25dp</dimen>
    <dimen name="xxh_1306pixels">761.83dp</dimen>
    <dimen name="xxh_1307pixels">762.42dp</dimen>
    <dimen name="xxh_1308pixels">763dp</dimen>
    <dimen name="xxh_1309pixels">763.58dp</dimen>
    <dimen name="xxh_1310pixels">764.17dp</dimen>
    <dimen name="xxh_1311pixels">764.75dp</dimen>
    <dimen name="xxh_1312pixels">765.33dp</dimen>
    <dimen name="xxh_1313pixels">765.92dp</dimen>
    <dimen name="xxh_1314pixels">766.5dp</dimen>
    <dimen name="xxh_1315pixels">767.08dp</dimen>
    <dimen name="xxh_1316pixels">767.67dp</dimen>
    <dimen name="xxh_1317pixels">768.25dp</dimen>
    <dimen name="xxh_1318pixels">768.83dp</dimen>
    <dimen name="xxh_1319pixels">769.42dp</dimen>
    <dimen name="xxh_1320pixels">770dp</dimen>
    <dimen name="xxh_1321pixels">770.58dp</dimen>
    <dimen name="xxh_1322pixels">771.17dp</dimen>
    <dimen name="xxh_1323pixels">771.75dp</dimen>
    <dimen name="xxh_1324pixels">772.33dp</dimen>
    <dimen name="xxh_1325pixels">772.92dp</dimen>
    <dimen name="xxh_1326pixels">773.5dp</dimen>
    <dimen name="xxh_1327pixels">774.08dp</dimen>
    <dimen name="xxh_1328pixels">774.67dp</dimen>
    <dimen name="xxh_1329pixels">775.25dp</dimen>
    <dimen name="xxh_1330pixels">775.83dp</dimen>
    <dimen name="xxh_1331pixels">776.42dp</dimen>
    <dimen name="xxh_1332pixels">777dp</dimen>
    <dimen name="xxh_1333pixels">777.58dp</dimen>
    <dimen name="xxh_1334pixels">778.17dp</dimen>
    <dimen name="xxh_1335pixels">778.75dp</dimen>
    <dimen name="xxh_1336pixels">779.33dp</dimen>
    <dimen name="xxh_1337pixels">779.92dp</dimen>
    <dimen name="xxh_1338pixels">780.5dp</dimen>
    <dimen name="xxh_1339pixels">781.08dp</dimen>
    <dimen name="xxh_1340pixels">781.67dp</dimen>
    <dimen name="xxh_1341pixels">782.25dp</dimen>
    <dimen name="xxh_1342pixels">782.83dp</dimen>
    <dimen name="xxh_1343pixels">783.42dp</dimen>
    <dimen name="xxh_1344pixels">784dp</dimen>
    <dimen name="xxh_1345pixels">784.58dp</dimen>
    <dimen name="xxh_1346pixels">785.17dp</dimen>
    <dimen name="xxh_1347pixels">785.75dp</dimen>
    <dimen name="xxh_1348pixels">786.33dp</dimen>
    <dimen name="xxh_1349pixels">786.92dp</dimen>
    <dimen name="xxh_1350pixels">787.5dp</dimen>
    <dimen name="xxh_1351pixels">788.08dp</dimen>
    <dimen name="xxh_1352pixels">788.67dp</dimen>
    <dimen name="xxh_1353pixels">789.25dp</dimen>
    <dimen name="xxh_1354pixels">789.83dp</dimen>
    <dimen name="xxh_1355pixels">790.42dp</dimen>
    <dimen name="xxh_1356pixels">791dp</dimen>
    <dimen name="xxh_1357pixels">791.58dp</dimen>
    <dimen name="xxh_1358pixels">792.17dp</dimen>
    <dimen name="xxh_1359pixels">792.75dp</dimen>
    <dimen name="xxh_1360pixels">793.33dp</dimen>
    <dimen name="xxh_1361pixels">793.92dp</dimen>
    <dimen name="xxh_1362pixels">794.5dp</dimen>
    <dimen name="xxh_1363pixels">795.08dp</dimen>
    <dimen name="xxh_1364pixels">795.67dp</dimen>
    <dimen name="xxh_1365pixels">796.25dp</dimen>
    <dimen name="xxh_1366pixels">796.83dp</dimen>
    <dimen name="xxh_1367pixels">797.42dp</dimen>
    <dimen name="xxh_1368pixels">798dp</dimen>
    <dimen name="xxh_1369pixels">798.58dp</dimen>
    <dimen name="xxh_1370pixels">799.17dp</dimen>
    <dimen name="xxh_1371pixels">799.75dp</dimen>
    <dimen name="xxh_1372pixels">800.33dp</dimen>
    <dimen name="xxh_1373pixels">800.92dp</dimen>
    <dimen name="xxh_1374pixels">801.5dp</dimen>
    <dimen name="xxh_1375pixels">802.08dp</dimen>
    <dimen name="xxh_1376pixels">802.67dp</dimen>
    <dimen name="xxh_1377pixels">803.25dp</dimen>
    <dimen name="xxh_1378pixels">803.83dp</dimen>
    <dimen name="xxh_1379pixels">804.42dp</dimen>
    <dimen name="xxh_1380pixels">805dp</dimen>
    <dimen name="xxh_1381pixels">805.58dp</dimen>
    <dimen name="xxh_1382pixels">806.17dp</dimen>
    <dimen name="xxh_1383pixels">806.75dp</dimen>
    <dimen name="xxh_1384pixels">807.33dp</dimen>
    <dimen name="xxh_1385pixels">807.92dp</dimen>
    <dimen name="xxh_1386pixels">808.5dp</dimen>
    <dimen name="xxh_1387pixels">809.08dp</dimen>
    <dimen name="xxh_1388pixels">809.67dp</dimen>
    <dimen name="xxh_1389pixels">810.25dp</dimen>
    <dimen name="xxh_1390pixels">810.83dp</dimen>
    <dimen name="xxh_1391pixels">811.42dp</dimen>
    <dimen name="xxh_1392pixels">812dp</dimen>
    <dimen name="xxh_1393pixels">812.58dp</dimen>
    <dimen name="xxh_1394pixels">813.17dp</dimen>
    <dimen name="xxh_1395pixels">813.75dp</dimen>
    <dimen name="xxh_1396pixels">814.33dp</dimen>
    <dimen name="xxh_1397pixels">814.92dp</dimen>
    <dimen name="xxh_1398pixels">815.5dp</dimen>
    <dimen name="xxh_1399pixels">816.08dp</dimen>
    <dimen name="xxh_1400pixels">816.67dp</dimen>
    <dimen name="xxh_1401pixels">817.25dp</dimen>
    <dimen name="xxh_1402pixels">817.83dp</dimen>
    <dimen name="xxh_1403pixels">818.42dp</dimen>
    <dimen name="xxh_1404pixels">819dp</dimen>
    <dimen name="xxh_1405pixels">819.58dp</dimen>
    <dimen name="xxh_1406pixels">820.17dp</dimen>
    <dimen name="xxh_1407pixels">820.75dp</dimen>
    <dimen name="xxh_1408pixels">821.33dp</dimen>
    <dimen name="xxh_1409pixels">821.92dp</dimen>
    <dimen name="xxh_1410pixels">822.5dp</dimen>
    <dimen name="xxh_1411pixels">823.08dp</dimen>
    <dimen name="xxh_1412pixels">823.67dp</dimen>
    <dimen name="xxh_1413pixels">824.25dp</dimen>
    <dimen name="xxh_1414pixels">824.83dp</dimen>
    <dimen name="xxh_1415pixels">825.42dp</dimen>
    <dimen name="xxh_1416pixels">826dp</dimen>
    <dimen name="xxh_1417pixels">826.58dp</dimen>
    <dimen name="xxh_1418pixels">827.17dp</dimen>
    <dimen name="xxh_1419pixels">827.75dp</dimen>
    <dimen name="xxh_1420pixels">828.33dp</dimen>
    <dimen name="xxh_1421pixels">828.92dp</dimen>
    <dimen name="xxh_1422pixels">829.5dp</dimen>
    <dimen name="xxh_1423pixels">830.08dp</dimen>
    <dimen name="xxh_1424pixels">830.67dp</dimen>
    <dimen name="xxh_1425pixels">831.25dp</dimen>
    <dimen name="xxh_1426pixels">831.83dp</dimen>
    <dimen name="xxh_1427pixels">832.42dp</dimen>
    <dimen name="xxh_1428pixels">833dp</dimen>
    <dimen name="xxh_1429pixels">833.58dp</dimen>
    <dimen name="xxh_1430pixels">834.17dp</dimen>
    <dimen name="xxh_1431pixels">834.75dp</dimen>
    <dimen name="xxh_1432pixels">835.33dp</dimen>
    <dimen name="xxh_1433pixels">835.92dp</dimen>
    <dimen name="xxh_1434pixels">836.5dp</dimen>
    <dimen name="xxh_1435pixels">837.08dp</dimen>
    <dimen name="xxh_1436pixels">837.67dp</dimen>
    <dimen name="xxh_1437pixels">838.25dp</dimen>
    <dimen name="xxh_1438pixels">838.83dp</dimen>
    <dimen name="xxh_1439pixels">839.42dp</dimen>
    <dimen name="xxh_1440pixels">840dp</dimen>
    <dimen name="xxh_1441pixels">840.58dp</dimen>
    <dimen name="xxh_1442pixels">841.17dp</dimen>
    <dimen name="xxh_1443pixels">841.75dp</dimen>
    <dimen name="xxh_1444pixels">842.33dp</dimen>
    <dimen name="xxh_1445pixels">842.92dp</dimen>
    <dimen name="xxh_1446pixels">843.5dp</dimen>
    <dimen name="xxh_1447pixels">844.08dp</dimen>
    <dimen name="xxh_1448pixels">844.67dp</dimen>
    <dimen name="xxh_1449pixels">845.25dp</dimen>
    <dimen name="xxh_1450pixels">845.83dp</dimen>
    <dimen name="xxh_1451pixels">846.42dp</dimen>
    <dimen name="xxh_1452pixels">847dp</dimen>
    <dimen name="xxh_1453pixels">847.58dp</dimen>
    <dimen name="xxh_1454pixels">848.17dp</dimen>
    <dimen name="xxh_1455pixels">848.75dp</dimen>
    <dimen name="xxh_1456pixels">849.33dp</dimen>
    <dimen name="xxh_1457pixels">849.92dp</dimen>
    <dimen name="xxh_1458pixels">850.5dp</dimen>
    <dimen name="xxh_1459pixels">851.08dp</dimen>
    <dimen name="xxh_1460pixels">851.67dp</dimen>
    <dimen name="xxh_1461pixels">852.25dp</dimen>
    <dimen name="xxh_1462pixels">852.83dp</dimen>
    <dimen name="xxh_1463pixels">853.42dp</dimen>
    <dimen name="xxh_1464pixels">854dp</dimen>
    <dimen name="xxh_1465pixels">854.58dp</dimen>
    <dimen name="xxh_1466pixels">855.17dp</dimen>
    <dimen name="xxh_1467pixels">855.75dp</dimen>
    <dimen name="xxh_1468pixels">856.33dp</dimen>
    <dimen name="xxh_1469pixels">856.92dp</dimen>
    <dimen name="xxh_1470pixels">857.5dp</dimen>
    <dimen name="xxh_1471pixels">858.08dp</dimen>
    <dimen name="xxh_1472pixels">858.67dp</dimen>
    <dimen name="xxh_1473pixels">859.25dp</dimen>
    <dimen name="xxh_1474pixels">859.83dp</dimen>
    <dimen name="xxh_1475pixels">860.42dp</dimen>
    <dimen name="xxh_1476pixels">861dp</dimen>
    <dimen name="xxh_1477pixels">861.58dp</dimen>
    <dimen name="xxh_1478pixels">862.17dp</dimen>
    <dimen name="xxh_1479pixels">862.75dp</dimen>
    <dimen name="xxh_1480pixels">863.33dp</dimen>
    <dimen name="xxh_1481pixels">863.92dp</dimen>
    <dimen name="xxh_1482pixels">864.5dp</dimen>
    <dimen name="xxh_1483pixels">865.08dp</dimen>
    <dimen name="xxh_1484pixels">865.67dp</dimen>
    <dimen name="xxh_1485pixels">866.25dp</dimen>
    <dimen name="xxh_1486pixels">866.83dp</dimen>
    <dimen name="xxh_1487pixels">867.42dp</dimen>
    <dimen name="xxh_1488pixels">868dp</dimen>
    <dimen name="xxh_1489pixels">868.58dp</dimen>
    <dimen name="xxh_1490pixels">869.17dp</dimen>
    <dimen name="xxh_1491pixels">869.75dp</dimen>
    <dimen name="xxh_1492pixels">870.33dp</dimen>
    <dimen name="xxh_1493pixels">870.92dp</dimen>
    <dimen name="xxh_1494pixels">871.5dp</dimen>
    <dimen name="xxh_1495pixels">872.08dp</dimen>
    <dimen name="xxh_1496pixels">872.67dp</dimen>
    <dimen name="xxh_1497pixels">873.25dp</dimen>
    <dimen name="xxh_1498pixels">873.83dp</dimen>
    <dimen name="xxh_1499pixels">874.42dp</dimen>
    <dimen name="xxh_1500pixels">875dp</dimen>
    <dimen name="xxh_1501pixels">875.58dp</dimen>
    <dimen name="xxh_1502pixels">876.17dp</dimen>
    <dimen name="xxh_1503pixels">876.75dp</dimen>
    <dimen name="xxh_1504pixels">877.33dp</dimen>
    <dimen name="xxh_1505pixels">877.92dp</dimen>
    <dimen name="xxh_1506pixels">878.5dp</dimen>
    <dimen name="xxh_1507pixels">879.08dp</dimen>
    <dimen name="xxh_1508pixels">879.67dp</dimen>
    <dimen name="xxh_1509pixels">880.25dp</dimen>
    <dimen name="xxh_1510pixels">880.83dp</dimen>
    <dimen name="xxh_1511pixels">881.42dp</dimen>
    <dimen name="xxh_1512pixels">882dp</dimen>
    <dimen name="xxh_1513pixels">882.58dp</dimen>
    <dimen name="xxh_1514pixels">883.17dp</dimen>
    <dimen name="xxh_1515pixels">883.75dp</dimen>
    <dimen name="xxh_1516pixels">884.33dp</dimen>
    <dimen name="xxh_1517pixels">884.92dp</dimen>
    <dimen name="xxh_1518pixels">885.5dp</dimen>
    <dimen name="xxh_1519pixels">886.08dp</dimen>
    <dimen name="xxh_1520pixels">886.67dp</dimen>
    <dimen name="xxh_1521pixels">887.25dp</dimen>
    <dimen name="xxh_1522pixels">887.83dp</dimen>
    <dimen name="xxh_1523pixels">888.42dp</dimen>
    <dimen name="xxh_1524pixels">889dp</dimen>
    <dimen name="xxh_1525pixels">889.58dp</dimen>
    <dimen name="xxh_1526pixels">890.17dp</dimen>
    <dimen name="xxh_1527pixels">890.75dp</dimen>
    <dimen name="xxh_1528pixels">891.33dp</dimen>
    <dimen name="xxh_1529pixels">891.92dp</dimen>
    <dimen name="xxh_1530pixels">892.5dp</dimen>
    <dimen name="xxh_1531pixels">893.08dp</dimen>
    <dimen name="xxh_1532pixels">893.67dp</dimen>
    <dimen name="xxh_1533pixels">894.25dp</dimen>
    <dimen name="xxh_1534pixels">894.83dp</dimen>
    <dimen name="xxh_1535pixels">895.42dp</dimen>
    <dimen name="xxh_1536pixels">896dp</dimen>
    <dimen name="xxh_1537pixels">896.58dp</dimen>
    <dimen name="xxh_1538pixels">897.17dp</dimen>
    <dimen name="xxh_1539pixels">897.75dp</dimen>
    <dimen name="xxh_1540pixels">898.33dp</dimen>
    <dimen name="xxh_1541pixels">898.92dp</dimen>
    <dimen name="xxh_1542pixels">899.5dp</dimen>
    <dimen name="xxh_1543pixels">900.08dp</dimen>
    <dimen name="xxh_1544pixels">900.67dp</dimen>
    <dimen name="xxh_1545pixels">901.25dp</dimen>
    <dimen name="xxh_1546pixels">901.83dp</dimen>
    <dimen name="xxh_1547pixels">902.42dp</dimen>
    <dimen name="xxh_1548pixels">903dp</dimen>
    <dimen name="xxh_1549pixels">903.58dp</dimen>
    <dimen name="xxh_1550pixels">904.17dp</dimen>
    <dimen name="xxh_1551pixels">904.75dp</dimen>
    <dimen name="xxh_1552pixels">905.33dp</dimen>
    <dimen name="xxh_1553pixels">905.92dp</dimen>
    <dimen name="xxh_1554pixels">906.5dp</dimen>
    <dimen name="xxh_1555pixels">907.08dp</dimen>
    <dimen name="xxh_1556pixels">907.67dp</dimen>
    <dimen name="xxh_1557pixels">908.25dp</dimen>
    <dimen name="xxh_1558pixels">908.83dp</dimen>
    <dimen name="xxh_1559pixels">909.42dp</dimen>
    <dimen name="xxh_1560pixels">910dp</dimen>
    <dimen name="xxh_1561pixels">910.58dp</dimen>
    <dimen name="xxh_1562pixels">911.17dp</dimen>
    <dimen name="xxh_1563pixels">911.75dp</dimen>
    <dimen name="xxh_1564pixels">912.33dp</dimen>
    <dimen name="xxh_1565pixels">912.92dp</dimen>
    <dimen name="xxh_1566pixels">913.5dp</dimen>
    <dimen name="xxh_1567pixels">914.08dp</dimen>
    <dimen name="xxh_1568pixels">914.67dp</dimen>
    <dimen name="xxh_1569pixels">915.25dp</dimen>
    <dimen name="xxh_1570pixels">915.83dp</dimen>
    <dimen name="xxh_1571pixels">916.42dp</dimen>
    <dimen name="xxh_1572pixels">917dp</dimen>
    <dimen name="xxh_1573pixels">917.58dp</dimen>
    <dimen name="xxh_1574pixels">918.17dp</dimen>
    <dimen name="xxh_1575pixels">918.75dp</dimen>
    <dimen name="xxh_1576pixels">919.33dp</dimen>
    <dimen name="xxh_1577pixels">919.92dp</dimen>
    <dimen name="xxh_1578pixels">920.5dp</dimen>
    <dimen name="xxh_1579pixels">921.08dp</dimen>
    <dimen name="xxh_1580pixels">921.67dp</dimen>
    <dimen name="xxh_1581pixels">922.25dp</dimen>
    <dimen name="xxh_1582pixels">922.83dp</dimen>
    <dimen name="xxh_1583pixels">923.42dp</dimen>
    <dimen name="xxh_1584pixels">924dp</dimen>
    <dimen name="xxh_1585pixels">924.58dp</dimen>
    <dimen name="xxh_1586pixels">925.17dp</dimen>
    <dimen name="xxh_1587pixels">925.75dp</dimen>
    <dimen name="xxh_1588pixels">926.33dp</dimen>
    <dimen name="xxh_1589pixels">926.92dp</dimen>
    <dimen name="xxh_1590pixels">927.5dp</dimen>
    <dimen name="xxh_1591pixels">928.08dp</dimen>
    <dimen name="xxh_1592pixels">928.67dp</dimen>
    <dimen name="xxh_1593pixels">929.25dp</dimen>
    <dimen name="xxh_1594pixels">929.83dp</dimen>
    <dimen name="xxh_1595pixels">930.42dp</dimen>
    <dimen name="xxh_1596pixels">931dp</dimen>
    <dimen name="xxh_1597pixels">931.58dp</dimen>
    <dimen name="xxh_1598pixels">932.17dp</dimen>
    <dimen name="xxh_1599pixels">932.75dp</dimen>
    <dimen name="xxh_1600pixels">933.33dp</dimen>
    <dimen name="xxh_1601pixels">933.92dp</dimen>
    <dimen name="xxh_1602pixels">934.5dp</dimen>
    <dimen name="xxh_1603pixels">935.08dp</dimen>
    <dimen name="xxh_1604pixels">935.67dp</dimen>
    <dimen name="xxh_1605pixels">936.25dp</dimen>
    <dimen name="xxh_1606pixels">936.83dp</dimen>
    <dimen name="xxh_1607pixels">937.42dp</dimen>
    <dimen name="xxh_1608pixels">938dp</dimen>
    <dimen name="xxh_1609pixels">938.58dp</dimen>
    <dimen name="xxh_1610pixels">939.17dp</dimen>
    <dimen name="xxh_1611pixels">939.75dp</dimen>
    <dimen name="xxh_1612pixels">940.33dp</dimen>
    <dimen name="xxh_1613pixels">940.92dp</dimen>
    <dimen name="xxh_1614pixels">941.5dp</dimen>
    <dimen name="xxh_1615pixels">942.08dp</dimen>
    <dimen name="xxh_1616pixels">942.67dp</dimen>
    <dimen name="xxh_1617pixels">943.25dp</dimen>
    <dimen name="xxh_1618pixels">943.83dp</dimen>
    <dimen name="xxh_1619pixels">944.42dp</dimen>
    <dimen name="xxh_1620pixels">945dp</dimen>
    <dimen name="xxh_1621pixels">945.58dp</dimen>
    <dimen name="xxh_1622pixels">946.17dp</dimen>
    <dimen name="xxh_1623pixels">946.75dp</dimen>
    <dimen name="xxh_1624pixels">947.33dp</dimen>
    <dimen name="xxh_1625pixels">947.92dp</dimen>
    <dimen name="xxh_1626pixels">948.5dp</dimen>
    <dimen name="xxh_1627pixels">949.08dp</dimen>
    <dimen name="xxh_1628pixels">949.67dp</dimen>
    <dimen name="xxh_1629pixels">950.25dp</dimen>
    <dimen name="xxh_1630pixels">950.83dp</dimen>
    <dimen name="xxh_1631pixels">951.42dp</dimen>
    <dimen name="xxh_1632pixels">952dp</dimen>
    <dimen name="xxh_1633pixels">952.58dp</dimen>
    <dimen name="xxh_1634pixels">953.17dp</dimen>
    <dimen name="xxh_1635pixels">953.75dp</dimen>
    <dimen name="xxh_1636pixels">954.33dp</dimen>
    <dimen name="xxh_1637pixels">954.92dp</dimen>
    <dimen name="xxh_1638pixels">955.5dp</dimen>
    <dimen name="xxh_1639pixels">956.08dp</dimen>
    <dimen name="xxh_1640pixels">956.67dp</dimen>
    <dimen name="xxh_1641pixels">957.25dp</dimen>
    <dimen name="xxh_1642pixels">957.83dp</dimen>
    <dimen name="xxh_1643pixels">958.42dp</dimen>
    <dimen name="xxh_1644pixels">959dp</dimen>
    <dimen name="xxh_1645pixels">959.58dp</dimen>
    <dimen name="xxh_1646pixels">960.17dp</dimen>
    <dimen name="xxh_1647pixels">960.75dp</dimen>
    <dimen name="xxh_1648pixels">961.33dp</dimen>
    <dimen name="xxh_1649pixels">961.92dp</dimen>
    <dimen name="xxh_1650pixels">962.5dp</dimen>
    <dimen name="xxh_1651pixels">963.08dp</dimen>
    <dimen name="xxh_1652pixels">963.67dp</dimen>
    <dimen name="xxh_1653pixels">964.25dp</dimen>
    <dimen name="xxh_1654pixels">964.83dp</dimen>
    <dimen name="xxh_1655pixels">965.42dp</dimen>
    <dimen name="xxh_1656pixels">966dp</dimen>
    <dimen name="xxh_1657pixels">966.58dp</dimen>
    <dimen name="xxh_1658pixels">967.17dp</dimen>
    <dimen name="xxh_1659pixels">967.75dp</dimen>
    <dimen name="xxh_1660pixels">968.33dp</dimen>
    <dimen name="xxh_1661pixels">968.92dp</dimen>
    <dimen name="xxh_1662pixels">969.5dp</dimen>
    <dimen name="xxh_1663pixels">970.08dp</dimen>
    <dimen name="xxh_1664pixels">970.67dp</dimen>
    <dimen name="xxh_1665pixels">971.25dp</dimen>
    <dimen name="xxh_1666pixels">971.83dp</dimen>
    <dimen name="xxh_1667pixels">972.42dp</dimen>
    <dimen name="xxh_1668pixels">973dp</dimen>
    <dimen name="xxh_1669pixels">973.58dp</dimen>
    <dimen name="xxh_1670pixels">974.17dp</dimen>
    <dimen name="xxh_1671pixels">974.75dp</dimen>
    <dimen name="xxh_1672pixels">975.33dp</dimen>
    <dimen name="xxh_1673pixels">975.92dp</dimen>
    <dimen name="xxh_1674pixels">976.5dp</dimen>
    <dimen name="xxh_1675pixels">977.08dp</dimen>
    <dimen name="xxh_1676pixels">977.67dp</dimen>
    <dimen name="xxh_1677pixels">978.25dp</dimen>
    <dimen name="xxh_1678pixels">978.83dp</dimen>
    <dimen name="xxh_1679pixels">979.42dp</dimen>
    <dimen name="xxh_1680pixels">980dp</dimen>
    <dimen name="xxh_1681pixels">980.58dp</dimen>
    <dimen name="xxh_1682pixels">981.17dp</dimen>
    <dimen name="xxh_1683pixels">981.75dp</dimen>
    <dimen name="xxh_1684pixels">982.33dp</dimen>
    <dimen name="xxh_1685pixels">982.92dp</dimen>
    <dimen name="xxh_1686pixels">983.5dp</dimen>
    <dimen name="xxh_1687pixels">984.08dp</dimen>
    <dimen name="xxh_1688pixels">984.67dp</dimen>
    <dimen name="xxh_1689pixels">985.25dp</dimen>
    <dimen name="xxh_1690pixels">985.83dp</dimen>
    <dimen name="xxh_1691pixels">986.42dp</dimen>
    <dimen name="xxh_1692pixels">987dp</dimen>
    <dimen name="xxh_1693pixels">987.58dp</dimen>
    <dimen name="xxh_1694pixels">988.17dp</dimen>
    <dimen name="xxh_1695pixels">988.75dp</dimen>
    <dimen name="xxh_1696pixels">989.33dp</dimen>
    <dimen name="xxh_1697pixels">989.92dp</dimen>
    <dimen name="xxh_1698pixels">990.5dp</dimen>
    <dimen name="xxh_1699pixels">991.08dp</dimen>
    <dimen name="xxh_1700pixels">991.67dp</dimen>
    <dimen name="xxh_1701pixels">992.25dp</dimen>
    <dimen name="xxh_1702pixels">992.83dp</dimen>
    <dimen name="xxh_1703pixels">993.42dp</dimen>
    <dimen name="xxh_1704pixels">994dp</dimen>
    <dimen name="xxh_1705pixels">994.58dp</dimen>
    <dimen name="xxh_1706pixels">995.17dp</dimen>
    <dimen name="xxh_1707pixels">995.75dp</dimen>
    <dimen name="xxh_1708pixels">996.33dp</dimen>
    <dimen name="xxh_1709pixels">996.92dp</dimen>
    <dimen name="xxh_1710pixels">997.5dp</dimen>
    <dimen name="xxh_1711pixels">998.08dp</dimen>
    <dimen name="xxh_1712pixels">998.67dp</dimen>
    <dimen name="xxh_1713pixels">999.25dp</dimen>
    <dimen name="xxh_1714pixels">999.83dp</dimen>
    <dimen name="xxh_1715pixels">1000.42dp</dimen>
    <dimen name="xxh_1716pixels">1001dp</dimen>
    <dimen name="xxh_1717pixels">1001.58dp</dimen>
    <dimen name="xxh_1718pixels">1002.17dp</dimen>
    <dimen name="xxh_1719pixels">1002.75dp</dimen>
    <dimen name="xxh_1720pixels">1003.33dp</dimen>
    <dimen name="xxh_1721pixels">1003.92dp</dimen>
    <dimen name="xxh_1722pixels">1004.5dp</dimen>
    <dimen name="xxh_1723pixels">1005.08dp</dimen>
    <dimen name="xxh_1724pixels">1005.67dp</dimen>
    <dimen name="xxh_1725pixels">1006.25dp</dimen>
    <dimen name="xxh_1726pixels">1006.83dp</dimen>
    <dimen name="xxh_1727pixels">1007.42dp</dimen>
    <dimen name="xxh_1728pixels">1008dp</dimen>
    <dimen name="xxh_1729pixels">1008.58dp</dimen>
    <dimen name="xxh_1730pixels">1009.17dp</dimen>
    <dimen name="xxh_1731pixels">1009.75dp</dimen>
    <dimen name="xxh_1732pixels">1010.33dp</dimen>
    <dimen name="xxh_1733pixels">1010.92dp</dimen>
    <dimen name="xxh_1734pixels">1011.5dp</dimen>
    <dimen name="xxh_1735pixels">1012.08dp</dimen>
    <dimen name="xxh_1736pixels">1012.67dp</dimen>
    <dimen name="xxh_1737pixels">1013.25dp</dimen>
    <dimen name="xxh_1738pixels">1013.83dp</dimen>
    <dimen name="xxh_1739pixels">1014.42dp</dimen>
    <dimen name="xxh_1740pixels">1015dp</dimen>
    <dimen name="xxh_1741pixels">1015.58dp</dimen>
    <dimen name="xxh_1742pixels">1016.17dp</dimen>
    <dimen name="xxh_1743pixels">1016.75dp</dimen>
    <dimen name="xxh_1744pixels">1017.33dp</dimen>
    <dimen name="xxh_1745pixels">1017.92dp</dimen>
    <dimen name="xxh_1746pixels">1018.5dp</dimen>
    <dimen name="xxh_1747pixels">1019.08dp</dimen>
    <dimen name="xxh_1748pixels">1019.67dp</dimen>
    <dimen name="xxh_1749pixels">1020.25dp</dimen>
    <dimen name="xxh_1750pixels">1020.83dp</dimen>
    <dimen name="xxh_1751pixels">1021.42dp</dimen>
    <dimen name="xxh_1752pixels">1022dp</dimen>
    <dimen name="xxh_1753pixels">1022.58dp</dimen>
    <dimen name="xxh_1754pixels">1023.17dp</dimen>
    <dimen name="xxh_1755pixels">1023.75dp</dimen>
    <dimen name="xxh_1756pixels">1024.33dp</dimen>
    <dimen name="xxh_1757pixels">1024.92dp</dimen>
    <dimen name="xxh_1758pixels">1025.5dp</dimen>
    <dimen name="xxh_1759pixels">1026.08dp</dimen>
    <dimen name="xxh_1760pixels">1026.67dp</dimen>
    <dimen name="xxh_1761pixels">1027.25dp</dimen>
    <dimen name="xxh_1762pixels">1027.83dp</dimen>
    <dimen name="xxh_1763pixels">1028.42dp</dimen>
    <dimen name="xxh_1764pixels">1029dp</dimen>
    <dimen name="xxh_1765pixels">1029.58dp</dimen>
    <dimen name="xxh_1766pixels">1030.17dp</dimen>
    <dimen name="xxh_1767pixels">1030.75dp</dimen>
    <dimen name="xxh_1768pixels">1031.33dp</dimen>
    <dimen name="xxh_1769pixels">1031.92dp</dimen>
    <dimen name="xxh_1770pixels">1032.5dp</dimen>
    <dimen name="xxh_1771pixels">1033.08dp</dimen>
    <dimen name="xxh_1772pixels">1033.67dp</dimen>
    <dimen name="xxh_1773pixels">1034.25dp</dimen>
    <dimen name="xxh_1774pixels">1034.83dp</dimen>
    <dimen name="xxh_1775pixels">1035.42dp</dimen>
    <dimen name="xxh_1776pixels">1036dp</dimen>
    <dimen name="xxh_1777pixels">1036.58dp</dimen>
    <dimen name="xxh_1778pixels">1037.17dp</dimen>
    <dimen name="xxh_1779pixels">1037.75dp</dimen>
    <dimen name="xxh_1780pixels">1038.33dp</dimen>
    <dimen name="xxh_1781pixels">1038.92dp</dimen>
    <dimen name="xxh_1782pixels">1039.5dp</dimen>
    <dimen name="xxh_1783pixels">1040.08dp</dimen>
    <dimen name="xxh_1784pixels">1040.67dp</dimen>
    <dimen name="xxh_1785pixels">1041.25dp</dimen>
    <dimen name="xxh_1786pixels">1041.83dp</dimen>
    <dimen name="xxh_1787pixels">1042.42dp</dimen>
    <dimen name="xxh_1788pixels">1043dp</dimen>
    <dimen name="xxh_1789pixels">1043.58dp</dimen>
    <dimen name="xxh_1790pixels">1044.17dp</dimen>
    <dimen name="xxh_1791pixels">1044.75dp</dimen>
    <dimen name="xxh_1792pixels">1045.33dp</dimen>
    <dimen name="xxh_1793pixels">1045.92dp</dimen>
    <dimen name="xxh_1794pixels">1046.5dp</dimen>
    <dimen name="xxh_1795pixels">1047.08dp</dimen>
    <dimen name="xxh_1796pixels">1047.67dp</dimen>
    <dimen name="xxh_1797pixels">1048.25dp</dimen>
    <dimen name="xxh_1798pixels">1048.83dp</dimen>
    <dimen name="xxh_1799pixels">1049.42dp</dimen>
    <dimen name="xxh_1800pixels">1050dp</dimen>
    <dimen name="xxh_1801pixels">1050.58dp</dimen>
    <dimen name="xxh_1802pixels">1051.17dp</dimen>
    <dimen name="xxh_1803pixels">1051.75dp</dimen>
    <dimen name="xxh_1804pixels">1052.33dp</dimen>
    <dimen name="xxh_1805pixels">1052.92dp</dimen>
    <dimen name="xxh_1806pixels">1053.5dp</dimen>
    <dimen name="xxh_1807pixels">1054.08dp</dimen>
    <dimen name="xxh_1808pixels">1054.67dp</dimen>
    <dimen name="xxh_1809pixels">1055.25dp</dimen>
    <dimen name="xxh_1810pixels">1055.83dp</dimen>
    <dimen name="xxh_1811pixels">1056.42dp</dimen>
    <dimen name="xxh_1812pixels">1057dp</dimen>
    <dimen name="xxh_1813pixels">1057.58dp</dimen>
    <dimen name="xxh_1814pixels">1058.17dp</dimen>
    <dimen name="xxh_1815pixels">1058.75dp</dimen>
    <dimen name="xxh_1816pixels">1059.33dp</dimen>
    <dimen name="xxh_1817pixels">1059.92dp</dimen>
    <dimen name="xxh_1818pixels">1060.5dp</dimen>
    <dimen name="xxh_1819pixels">1061.08dp</dimen>
    <dimen name="xxh_1820pixels">1061.67dp</dimen>
    <dimen name="xxh_1821pixels">1062.25dp</dimen>
    <dimen name="xxh_1822pixels">1062.83dp</dimen>
    <dimen name="xxh_1823pixels">1063.42dp</dimen>
    <dimen name="xxh_1824pixels">1064dp</dimen>
    <dimen name="xxh_1825pixels">1064.58dp</dimen>
    <dimen name="xxh_1826pixels">1065.17dp</dimen>
    <dimen name="xxh_1827pixels">1065.75dp</dimen>
    <dimen name="xxh_1828pixels">1066.33dp</dimen>
    <dimen name="xxh_1829pixels">1066.92dp</dimen>
    <dimen name="xxh_1830pixels">1067.5dp</dimen>
    <dimen name="xxh_1831pixels">1068.08dp</dimen>
    <dimen name="xxh_1832pixels">1068.67dp</dimen>
    <dimen name="xxh_1833pixels">1069.25dp</dimen>
    <dimen name="xxh_1834pixels">1069.83dp</dimen>
    <dimen name="xxh_1835pixels">1070.42dp</dimen>
    <dimen name="xxh_1836pixels">1071dp</dimen>
    <dimen name="xxh_1837pixels">1071.58dp</dimen>
    <dimen name="xxh_1838pixels">1072.17dp</dimen>
    <dimen name="xxh_1839pixels">1072.75dp</dimen>
    <dimen name="xxh_1840pixels">1073.33dp</dimen>
    <dimen name="xxh_1841pixels">1073.92dp</dimen>
    <dimen name="xxh_1842pixels">1074.5dp</dimen>
    <dimen name="xxh_1843pixels">1075.08dp</dimen>
    <dimen name="xxh_1844pixels">1075.67dp</dimen>
    <dimen name="xxh_1845pixels">1076.25dp</dimen>
    <dimen name="xxh_1846pixels">1076.83dp</dimen>
    <dimen name="xxh_1847pixels">1077.42dp</dimen>
    <dimen name="xxh_1848pixels">1078dp</dimen>
    <dimen name="xxh_1849pixels">1078.58dp</dimen>
    <dimen name="xxh_1850pixels">1079.17dp</dimen>
    <dimen name="xxh_1851pixels">1079.75dp</dimen>
    <dimen name="xxh_1852pixels">1080.33dp</dimen>
    <dimen name="xxh_1853pixels">1080.92dp</dimen>
    <dimen name="xxh_1854pixels">1081.5dp</dimen>
    <dimen name="xxh_1855pixels">1082.08dp</dimen>
    <dimen name="xxh_1856pixels">1082.67dp</dimen>
    <dimen name="xxh_1857pixels">1083.25dp</dimen>
    <dimen name="xxh_1858pixels">1083.83dp</dimen>
    <dimen name="xxh_1859pixels">1084.42dp</dimen>
    <dimen name="xxh_1860pixels">1085dp</dimen>
    <dimen name="xxh_1861pixels">1085.58dp</dimen>
    <dimen name="xxh_1862pixels">1086.17dp</dimen>
    <dimen name="xxh_1863pixels">1086.75dp</dimen>
    <dimen name="xxh_1864pixels">1087.33dp</dimen>
    <dimen name="xxh_1865pixels">1087.92dp</dimen>
    <dimen name="xxh_1866pixels">1088.5dp</dimen>
    <dimen name="xxh_1867pixels">1089.08dp</dimen>
    <dimen name="xxh_1868pixels">1089.67dp</dimen>
    <dimen name="xxh_1869pixels">1090.25dp</dimen>
    <dimen name="xxh_1870pixels">1090.83dp</dimen>
    <dimen name="xxh_1871pixels">1091.42dp</dimen>
    <dimen name="xxh_1872pixels">1092dp</dimen>
    <dimen name="xxh_1873pixels">1092.58dp</dimen>
    <dimen name="xxh_1874pixels">1093.17dp</dimen>
    <dimen name="xxh_1875pixels">1093.75dp</dimen>
    <dimen name="xxh_1876pixels">1094.33dp</dimen>
    <dimen name="xxh_1877pixels">1094.92dp</dimen>
    <dimen name="xxh_1878pixels">1095.5dp</dimen>
    <dimen name="xxh_1879pixels">1096.08dp</dimen>
    <dimen name="xxh_1880pixels">1096.67dp</dimen>
    <dimen name="xxh_1881pixels">1097.25dp</dimen>
    <dimen name="xxh_1882pixels">1097.83dp</dimen>
    <dimen name="xxh_1883pixels">1098.42dp</dimen>
    <dimen name="xxh_1884pixels">1099dp</dimen>
    <dimen name="xxh_1885pixels">1099.58dp</dimen>
    <dimen name="xxh_1886pixels">1100.17dp</dimen>
    <dimen name="xxh_1887pixels">1100.75dp</dimen>
    <dimen name="xxh_1888pixels">1101.33dp</dimen>
    <dimen name="xxh_1889pixels">1101.92dp</dimen>
    <dimen name="xxh_1890pixels">1102.5dp</dimen>
    <dimen name="xxh_1891pixels">1103.08dp</dimen>
    <dimen name="xxh_1892pixels">1103.67dp</dimen>
    <dimen name="xxh_1893pixels">1104.25dp</dimen>
    <dimen name="xxh_1894pixels">1104.83dp</dimen>
    <dimen name="xxh_1895pixels">1105.42dp</dimen>
    <dimen name="xxh_1896pixels">1106dp</dimen>
    <dimen name="xxh_1897pixels">1106.58dp</dimen>
    <dimen name="xxh_1898pixels">1107.17dp</dimen>
    <dimen name="xxh_1899pixels">1107.75dp</dimen>
    <dimen name="xxh_1900pixels">1108.33dp</dimen>
    <dimen name="xxh_1901pixels">1108.92dp</dimen>
    <dimen name="xxh_1902pixels">1109.5dp</dimen>
    <dimen name="xxh_1903pixels">1110.08dp</dimen>
    <dimen name="xxh_1904pixels">1110.67dp</dimen>
    <dimen name="xxh_1905pixels">1111.25dp</dimen>
    <dimen name="xxh_1906pixels">1111.83dp</dimen>
    <dimen name="xxh_1907pixels">1112.42dp</dimen>
    <dimen name="xxh_1908pixels">1113dp</dimen>
    <dimen name="xxh_1909pixels">1113.58dp</dimen>
    <dimen name="xxh_1910pixels">1114.17dp</dimen>
    <dimen name="xxh_1911pixels">1114.75dp</dimen>
    <dimen name="xxh_1912pixels">1115.33dp</dimen>
    <dimen name="xxh_1913pixels">1115.92dp</dimen>
    <dimen name="xxh_1914pixels">1116.5dp</dimen>
    <dimen name="xxh_1915pixels">1117.08dp</dimen>
    <dimen name="xxh_1916pixels">1117.67dp</dimen>
    <dimen name="xxh_1917pixels">1118.25dp</dimen>
    <dimen name="xxh_1918pixels">1118.83dp</dimen>
    <dimen name="xxh_1919pixels">1119.42dp</dimen>
    <dimen name="xxh_1920pixels">1120dp</dimen>
    <dimen name="xxh_1921pixels">1120.58dp</dimen>
    <dimen name="xxh_1922pixels">1121.17dp</dimen>
    <dimen name="xxh_1923pixels">1121.75dp</dimen>
    <dimen name="xxh_1924pixels">1122.33dp</dimen>
    <dimen name="xxh_1925pixels">1122.92dp</dimen>
    <dimen name="xxh_1926pixels">1123.5dp</dimen>
    <dimen name="xxh_1927pixels">1124.08dp</dimen>
    <dimen name="xxh_1928pixels">1124.67dp</dimen>
    <dimen name="xxh_1929pixels">1125.25dp</dimen>
    <dimen name="xxh_1930pixels">1125.83dp</dimen>
    <dimen name="xxh_1931pixels">1126.42dp</dimen>
    <dimen name="xxh_1932pixels">1127dp</dimen>
    <dimen name="xxh_1933pixels">1127.58dp</dimen>
    <dimen name="xxh_1934pixels">1128.17dp</dimen>
    <dimen name="xxh_1935pixels">1128.75dp</dimen>
    <dimen name="xxh_1936pixels">1129.33dp</dimen>
    <dimen name="xxh_1937pixels">1129.92dp</dimen>
    <dimen name="xxh_1938pixels">1130.5dp</dimen>
    <dimen name="xxh_1939pixels">1131.08dp</dimen>
    <dimen name="xxh_1940pixels">1131.67dp</dimen>
    <dimen name="xxh_1941pixels">1132.25dp</dimen>
    <dimen name="xxh_1942pixels">1132.83dp</dimen>
    <dimen name="xxh_1943pixels">1133.42dp</dimen>
    <dimen name="xxh_1944pixels">1134dp</dimen>
    <dimen name="xxh_1945pixels">1134.58dp</dimen>
    <dimen name="xxh_1946pixels">1135.17dp</dimen>
    <dimen name="xxh_1947pixels">1135.75dp</dimen>
    <dimen name="xxh_1948pixels">1136.33dp</dimen>
    <dimen name="xxh_1949pixels">1136.92dp</dimen>
    <dimen name="xxh_1950pixels">1137.5dp</dimen>
    <dimen name="xxh_1951pixels">1138.08dp</dimen>
    <dimen name="xxh_1952pixels">1138.67dp</dimen>
    <dimen name="xxh_1953pixels">1139.25dp</dimen>
    <dimen name="xxh_1954pixels">1139.83dp</dimen>
    <dimen name="xxh_1955pixels">1140.42dp</dimen>
    <dimen name="xxh_1956pixels">1141dp</dimen>
    <dimen name="xxh_1957pixels">1141.58dp</dimen>
    <dimen name="xxh_1958pixels">1142.17dp</dimen>
    <dimen name="xxh_1959pixels">1142.75dp</dimen>
    <dimen name="xxh_1960pixels">1143.33dp</dimen>
    <dimen name="xxh_1961pixels">1143.92dp</dimen>
    <dimen name="xxh_1962pixels">1144.5dp</dimen>
    <dimen name="xxh_1963pixels">1145.08dp</dimen>
    <dimen name="xxh_1964pixels">1145.67dp</dimen>
    <dimen name="xxh_1965pixels">1146.25dp</dimen>
    <dimen name="xxh_1966pixels">1146.83dp</dimen>
    <dimen name="xxh_1967pixels">1147.42dp</dimen>
    <dimen name="xxh_1968pixels">1148dp</dimen>
    <dimen name="xxh_1969pixels">1148.58dp</dimen>
    <dimen name="xxh_1970pixels">1149.17dp</dimen>
    <dimen name="xxh_1971pixels">1149.75dp</dimen>
    <dimen name="xxh_1972pixels">1150.33dp</dimen>
    <dimen name="xxh_1973pixels">1150.92dp</dimen>
    <dimen name="xxh_1974pixels">1151.5dp</dimen>
    <dimen name="xxh_1975pixels">1152.08dp</dimen>
    <dimen name="xxh_1976pixels">1152.67dp</dimen>
    <dimen name="xxh_1977pixels">1153.25dp</dimen>
    <dimen name="xxh_1978pixels">1153.83dp</dimen>
    <dimen name="xxh_1979pixels">1154.42dp</dimen>
    <dimen name="xxh_1980pixels">1155dp</dimen>
    <dimen name="xxh_1981pixels">1155.58dp</dimen>
    <dimen name="xxh_1982pixels">1156.17dp</dimen>
    <dimen name="xxh_1983pixels">1156.75dp</dimen>
    <dimen name="xxh_1984pixels">1157.33dp</dimen>
    <dimen name="xxh_1985pixels">1157.92dp</dimen>
    <dimen name="xxh_1986pixels">1158.5dp</dimen>
    <dimen name="xxh_1987pixels">1159.08dp</dimen>
    <dimen name="xxh_1988pixels">1159.67dp</dimen>
    <dimen name="xxh_1989pixels">1160.25dp</dimen>
    <dimen name="xxh_1990pixels">1160.83dp</dimen>
    <dimen name="xxh_1991pixels">1161.42dp</dimen>
    <dimen name="xxh_1992pixels">1162dp</dimen>
    <dimen name="xxh_1993pixels">1162.58dp</dimen>
    <dimen name="xxh_1994pixels">1163.17dp</dimen>
    <dimen name="xxh_1995pixels">1163.75dp</dimen>
    <dimen name="xxh_1996pixels">1164.33dp</dimen>
    <dimen name="xxh_1997pixels">1164.92dp</dimen>
    <dimen name="xxh_1998pixels">1165.5dp</dimen>
    <dimen name="xxh_1999pixels">1166.08dp</dimen>
    <dimen name="xxh_2000pixels">1166.67dp</dimen>

</resources>