<?xml version="1.0" encoding="utf-8"?>
<resources>

    <dimen name="xxh_m130pixels">-227.5dp</dimen>
    <dimen name="xxh_m48pixels">-84dp</dimen>
    <dimen name="xxh_m42pixels">-73.5dp</dimen>
    <dimen name="xxh_m30pixels">-52.5dp</dimen>
    <dimen name="xxh_m26pixels">-45.5dp</dimen>
    <dimen name="xxh_m25pixels">-43.75dp</dimen>
    <dimen name="xxh_m24pixels">-42dp</dimen>
    <dimen name="xxh_m23pixels">-40.25dp</dimen>
    <dimen name="xxh_m21pixels">-36.75dp</dimen>
    <dimen name="xxh_m20pixels">-35dp</dimen>
    <dimen name="xxh_m18pixels">-31.5dp</dimen>
    <dimen name="xxh_m16pixels">-28dp</dimen>
    <dimen name="xxh_m14pixels">-24.5dp</dimen>
    <dimen name="xxh_m10pixels">-17.5dp</dimen>
    <dimen name="xxh_m8pixels">-14dp</dimen>
    <dimen name="xxh_m5pixels">-8.75dp</dimen>
    <dimen name="xxh_m1pixels">-1.75dp</dimen>

    <dimen name="xxh_1pixels">1.75dp</dimen>
    <dimen name="xxh_2pixels">3.5dp</dimen>
    <dimen name="xxh_3pixels">5.25dp</dimen>
    <dimen name="xxh_4pixels">7dp</dimen>
    <dimen name="xxh_5pixels">8.75dp</dimen>
    <dimen name="xxh_6pixels">10.5dp</dimen>
    <dimen name="xxh_7pixels">12.25dp</dimen>
    <dimen name="xxh_8pixels">14dp</dimen>
    <dimen name="xxh_9pixels">15.75dp</dimen>
    <dimen name="xxh_10pixels">17.5dp</dimen>
    <dimen name="xxh_11pixels">19.25dp</dimen>
    <dimen name="xxh_12pixels">21dp</dimen>
    <dimen name="xxh_13pixels">22.75dp</dimen>
    <dimen name="xxh_14pixels">24.5dp</dimen>
    <dimen name="xxh_15pixels">26.25dp</dimen>
    <dimen name="xxh_16pixels">28dp</dimen>
    <dimen name="xxh_17pixels">29.75dp</dimen>
    <dimen name="xxh_18pixels">31.5dp</dimen>
    <dimen name="xxh_19pixels">33.25dp</dimen>
    <dimen name="xxh_20pixels">35dp</dimen>
    <dimen name="xxh_21pixels">36.75dp</dimen>
    <dimen name="xxh_22pixels">38.5dp</dimen>
    <dimen name="xxh_23pixels">40.25dp</dimen>
    <dimen name="xxh_24pixels">42dp</dimen>
    <dimen name="xxh_25pixels">43.75dp</dimen>
    <dimen name="xxh_26pixels">45.5dp</dimen>
    <dimen name="xxh_27pixels">47.25dp</dimen>
    <dimen name="xxh_28pixels">49dp</dimen>
    <dimen name="xxh_29pixels">50.75dp</dimen>
    <dimen name="xxh_30pixels">52.5dp</dimen>
    <dimen name="xxh_31pixels">54.25dp</dimen>
    <dimen name="xxh_32pixels">56dp</dimen>
    <dimen name="xxh_33pixels">57.75dp</dimen>
    <dimen name="xxh_34pixels">59.5dp</dimen>
    <dimen name="xxh_35pixels">61.25dp</dimen>
    <dimen name="xxh_36pixels">63dp</dimen>
    <dimen name="xxh_37pixels">64.75dp</dimen>
    <dimen name="xxh_38pixels">66.5dp</dimen>
    <dimen name="xxh_39pixels">68.25dp</dimen>
    <dimen name="xxh_40pixels">70dp</dimen>
    <dimen name="xxh_41pixels">71.75dp</dimen>
    <dimen name="xxh_42pixels">73.5dp</dimen>
    <dimen name="xxh_43pixels">75.25dp</dimen>
    <dimen name="xxh_44pixels">77dp</dimen>
    <dimen name="xxh_45pixels">78.75dp</dimen>
    <dimen name="xxh_46pixels">80.5dp</dimen>
    <dimen name="xxh_47pixels">82.25dp</dimen>
    <dimen name="xxh_48pixels">84dp</dimen>
    <dimen name="xxh_49pixels">85.75dp</dimen>
    <dimen name="xxh_50pixels">87.5dp</dimen>
    <dimen name="xxh_51pixels">89.25dp</dimen>
    <dimen name="xxh_52pixels">91dp</dimen>
    <dimen name="xxh_53pixels">92.75dp</dimen>
    <dimen name="xxh_54pixels">94.5dp</dimen>
    <dimen name="xxh_55pixels">96.25dp</dimen>
    <dimen name="xxh_56pixels">98dp</dimen>
    <dimen name="xxh_57pixels">99.75dp</dimen>
    <dimen name="xxh_58pixels">101.5dp</dimen>
    <dimen name="xxh_59pixels">103.25dp</dimen>
    <dimen name="xxh_60pixels">105dp</dimen>
    <dimen name="xxh_61pixels">106.75dp</dimen>
    <dimen name="xxh_62pixels">108.5dp</dimen>
    <dimen name="xxh_63pixels">110.25dp</dimen>
    <dimen name="xxh_64pixels">112dp</dimen>
    <dimen name="xxh_65pixels">113.75dp</dimen>
    <dimen name="xxh_66pixels">115.5dp</dimen>
    <dimen name="xxh_67pixels">117.25dp</dimen>
    <dimen name="xxh_68pixels">119dp</dimen>
    <dimen name="xxh_69pixels">120.75dp</dimen>
    <dimen name="xxh_70pixels">122.5dp</dimen>
    <dimen name="xxh_71pixels">124.25dp</dimen>
    <dimen name="xxh_72pixels">126dp</dimen>
    <dimen name="xxh_73pixels">127.75dp</dimen>
    <dimen name="xxh_74pixels">129.5dp</dimen>
    <dimen name="xxh_75pixels">131.25dp</dimen>
    <dimen name="xxh_76pixels">133dp</dimen>
    <dimen name="xxh_77pixels">134.75dp</dimen>
    <dimen name="xxh_78pixels">136.5dp</dimen>
    <dimen name="xxh_79pixels">138.25dp</dimen>
    <dimen name="xxh_80pixels">140dp</dimen>
    <dimen name="xxh_81pixels">141.75dp</dimen>
    <dimen name="xxh_82pixels">143.5dp</dimen>
    <dimen name="xxh_83pixels">145.25dp</dimen>
    <dimen name="xxh_84pixels">147dp</dimen>
    <dimen name="xxh_85pixels">148.75dp</dimen>
    <dimen name="xxh_86pixels">150.5dp</dimen>
    <dimen name="xxh_87pixels">152.25dp</dimen>
    <dimen name="xxh_88pixels">154dp</dimen>
    <dimen name="xxh_89pixels">155.75dp</dimen>
    <dimen name="xxh_90pixels">157.5dp</dimen>
    <dimen name="xxh_91pixels">159.25dp</dimen>
    <dimen name="xxh_92pixels">161dp</dimen>
    <dimen name="xxh_93pixels">162.75dp</dimen>
    <dimen name="xxh_94pixels">164.5dp</dimen>
    <dimen name="xxh_95pixels">166.25dp</dimen>
    <dimen name="xxh_96pixels">168dp</dimen>
    <dimen name="xxh_97pixels">169.75dp</dimen>
    <dimen name="xxh_98pixels">171.5dp</dimen>
    <dimen name="xxh_99pixels">173.25dp</dimen>
    <dimen name="xxh_100pixels">175dp</dimen>
    <dimen name="xxh_101pixels">176.75dp</dimen>
    <dimen name="xxh_102pixels">178.5dp</dimen>
    <dimen name="xxh_103pixels">180.25dp</dimen>
    <dimen name="xxh_104pixels">182dp</dimen>
    <dimen name="xxh_105pixels">183.75dp</dimen>
    <dimen name="xxh_106pixels">185.5dp</dimen>
    <dimen name="xxh_107pixels">187.25dp</dimen>
    <dimen name="xxh_108pixels">189dp</dimen>
    <dimen name="xxh_109pixels">190.75dp</dimen>
    <dimen name="xxh_110pixels">192.5dp</dimen>
    <dimen name="xxh_111pixels">194.25dp</dimen>
    <dimen name="xxh_112pixels">196dp</dimen>
    <dimen name="xxh_113pixels">197.75dp</dimen>
    <dimen name="xxh_114pixels">199.5dp</dimen>
    <dimen name="xxh_115pixels">201.25dp</dimen>
    <dimen name="xxh_116pixels">203dp</dimen>
    <dimen name="xxh_117pixels">204.75dp</dimen>
    <dimen name="xxh_118pixels">206.5dp</dimen>
    <dimen name="xxh_119pixels">208.25dp</dimen>
    <dimen name="xxh_120pixels">210dp</dimen>
    <dimen name="xxh_121pixels">211.75dp</dimen>
    <dimen name="xxh_122pixels">213.5dp</dimen>
    <dimen name="xxh_123pixels">215.25dp</dimen>
    <dimen name="xxh_124pixels">217dp</dimen>
    <dimen name="xxh_125pixels">218.75dp</dimen>
    <dimen name="xxh_126pixels">220.5dp</dimen>
    <dimen name="xxh_127pixels">222.25dp</dimen>
    <dimen name="xxh_128pixels">224dp</dimen>
    <dimen name="xxh_129pixels">225.75dp</dimen>
    <dimen name="xxh_130pixels">227.5dp</dimen>
    <dimen name="xxh_131pixels">229.25dp</dimen>
    <dimen name="xxh_132pixels">231dp</dimen>
    <dimen name="xxh_133pixels">232.75dp</dimen>
    <dimen name="xxh_134pixels">234.5dp</dimen>
    <dimen name="xxh_135pixels">236.25dp</dimen>
    <dimen name="xxh_136pixels">238dp</dimen>
    <dimen name="xxh_137pixels">239.75dp</dimen>
    <dimen name="xxh_138pixels">241.5dp</dimen>
    <dimen name="xxh_139pixels">243.25dp</dimen>
    <dimen name="xxh_140pixels">245dp</dimen>
    <dimen name="xxh_141pixels">246.75dp</dimen>
    <dimen name="xxh_142pixels">248.5dp</dimen>
    <dimen name="xxh_143pixels">250.25dp</dimen>
    <dimen name="xxh_144pixels">252dp</dimen>
    <dimen name="xxh_145pixels">253.75dp</dimen>
    <dimen name="xxh_146pixels">255.5dp</dimen>
    <dimen name="xxh_147pixels">257.25dp</dimen>
    <dimen name="xxh_148pixels">259dp</dimen>
    <dimen name="xxh_149pixels">260.75dp</dimen>
    <dimen name="xxh_150pixels">262.5dp</dimen>
    <dimen name="xxh_151pixels">264.25dp</dimen>
    <dimen name="xxh_152pixels">266dp</dimen>
    <dimen name="xxh_153pixels">267.75dp</dimen>
    <dimen name="xxh_154pixels">269.5dp</dimen>
    <dimen name="xxh_155pixels">271.25dp</dimen>
    <dimen name="xxh_156pixels">273dp</dimen>
    <dimen name="xxh_157pixels">274.75dp</dimen>
    <dimen name="xxh_158pixels">276.5dp</dimen>
    <dimen name="xxh_159pixels">278.25dp</dimen>
    <dimen name="xxh_160pixels">280dp</dimen>
    <dimen name="xxh_161pixels">281.75dp</dimen>
    <dimen name="xxh_162pixels">283.5dp</dimen>
    <dimen name="xxh_163pixels">285.25dp</dimen>
    <dimen name="xxh_164pixels">287dp</dimen>
    <dimen name="xxh_165pixels">288.75dp</dimen>
    <dimen name="xxh_166pixels">290.5dp</dimen>
    <dimen name="xxh_167pixels">292.25dp</dimen>
    <dimen name="xxh_168pixels">294dp</dimen>
    <dimen name="xxh_169pixels">295.75dp</dimen>
    <dimen name="xxh_170pixels">297.5dp</dimen>
    <dimen name="xxh_171pixels">299.25dp</dimen>
    <dimen name="xxh_172pixels">301dp</dimen>
    <dimen name="xxh_173pixels">302.75dp</dimen>
    <dimen name="xxh_174pixels">304.5dp</dimen>
    <dimen name="xxh_175pixels">306.25dp</dimen>
    <dimen name="xxh_176pixels">308dp</dimen>
    <dimen name="xxh_177pixels">309.75dp</dimen>
    <dimen name="xxh_178pixels">311.5dp</dimen>
    <dimen name="xxh_179pixels">313.25dp</dimen>
    <dimen name="xxh_180pixels">315dp</dimen>
    <dimen name="xxh_181pixels">316.75dp</dimen>
    <dimen name="xxh_182pixels">318.5dp</dimen>
    <dimen name="xxh_183pixels">320.25dp</dimen>
    <dimen name="xxh_184pixels">322dp</dimen>
    <dimen name="xxh_185pixels">323.75dp</dimen>
    <dimen name="xxh_186pixels">325.5dp</dimen>
    <dimen name="xxh_187pixels">327.25dp</dimen>
    <dimen name="xxh_188pixels">329dp</dimen>
    <dimen name="xxh_189pixels">330.75dp</dimen>
    <dimen name="xxh_190pixels">332.5dp</dimen>
    <dimen name="xxh_191pixels">334.25dp</dimen>
    <dimen name="xxh_192pixels">336dp</dimen>
    <dimen name="xxh_193pixels">337.75dp</dimen>
    <dimen name="xxh_194pixels">339.5dp</dimen>
    <dimen name="xxh_195pixels">341.25dp</dimen>
    <dimen name="xxh_196pixels">343dp</dimen>
    <dimen name="xxh_197pixels">344.75dp</dimen>
    <dimen name="xxh_198pixels">346.5dp</dimen>
    <dimen name="xxh_199pixels">348.25dp</dimen>
    <dimen name="xxh_200pixels">350dp</dimen>
    <dimen name="xxh_201pixels">351.75dp</dimen>
    <dimen name="xxh_202pixels">353.5dp</dimen>
    <dimen name="xxh_203pixels">355.25dp</dimen>
    <dimen name="xxh_204pixels">357dp</dimen>
    <dimen name="xxh_205pixels">358.75dp</dimen>
    <dimen name="xxh_206pixels">360.5dp</dimen>
    <dimen name="xxh_207pixels">362.25dp</dimen>
    <dimen name="xxh_208pixels">364dp</dimen>
    <dimen name="xxh_209pixels">365.75dp</dimen>
    <dimen name="xxh_210pixels">367.5dp</dimen>
    <dimen name="xxh_211pixels">369.25dp</dimen>
    <dimen name="xxh_212pixels">371dp</dimen>
    <dimen name="xxh_213pixels">372.75dp</dimen>
    <dimen name="xxh_214pixels">374.5dp</dimen>
    <dimen name="xxh_215pixels">376.25dp</dimen>
    <dimen name="xxh_216pixels">378dp</dimen>
    <dimen name="xxh_217pixels">379.75dp</dimen>
    <dimen name="xxh_218pixels">381.5dp</dimen>
    <dimen name="xxh_219pixels">383.25dp</dimen>
    <dimen name="xxh_220pixels">385dp</dimen>
    <dimen name="xxh_221pixels">386.75dp</dimen>
    <dimen name="xxh_222pixels">388.5dp</dimen>
    <dimen name="xxh_223pixels">390.25dp</dimen>
    <dimen name="xxh_224pixels">392dp</dimen>
    <dimen name="xxh_225pixels">393.75dp</dimen>
    <dimen name="xxh_226pixels">395.5dp</dimen>
    <dimen name="xxh_227pixels">397.25dp</dimen>
    <dimen name="xxh_228pixels">399dp</dimen>
    <dimen name="xxh_229pixels">400.75dp</dimen>
    <dimen name="xxh_230pixels">402.5dp</dimen>
    <dimen name="xxh_231pixels">404.25dp</dimen>
    <dimen name="xxh_232pixels">406dp</dimen>
    <dimen name="xxh_233pixels">407.75dp</dimen>
    <dimen name="xxh_234pixels">409.5dp</dimen>
    <dimen name="xxh_235pixels">411.25dp</dimen>
    <dimen name="xxh_236pixels">413dp</dimen>
    <dimen name="xxh_237pixels">414.75dp</dimen>
    <dimen name="xxh_238pixels">416.5dp</dimen>
    <dimen name="xxh_239pixels">418.25dp</dimen>
    <dimen name="xxh_240pixels">420dp</dimen>
    <dimen name="xxh_241pixels">421.75dp</dimen>
    <dimen name="xxh_242pixels">423.5dp</dimen>
    <dimen name="xxh_243pixels">425.25dp</dimen>
    <dimen name="xxh_244pixels">427dp</dimen>
    <dimen name="xxh_245pixels">428.75dp</dimen>
    <dimen name="xxh_246pixels">430.5dp</dimen>
    <dimen name="xxh_247pixels">432.25dp</dimen>
    <dimen name="xxh_248pixels">434dp</dimen>
    <dimen name="xxh_249pixels">435.75dp</dimen>
    <dimen name="xxh_250pixels">437.5dp</dimen>
    <dimen name="xxh_251pixels">439.25dp</dimen>
    <dimen name="xxh_252pixels">441dp</dimen>
    <dimen name="xxh_253pixels">442.75dp</dimen>
    <dimen name="xxh_254pixels">444.5dp</dimen>
    <dimen name="xxh_255pixels">446.25dp</dimen>
    <dimen name="xxh_256pixels">448dp</dimen>
    <dimen name="xxh_257pixels">449.75dp</dimen>
    <dimen name="xxh_258pixels">451.5dp</dimen>
    <dimen name="xxh_259pixels">453.25dp</dimen>
    <dimen name="xxh_260pixels">455dp</dimen>
    <dimen name="xxh_261pixels">456.75dp</dimen>
    <dimen name="xxh_262pixels">458.5dp</dimen>
    <dimen name="xxh_263pixels">460.25dp</dimen>
    <dimen name="xxh_264pixels">462dp</dimen>
    <dimen name="xxh_265pixels">463.75dp</dimen>
    <dimen name="xxh_266pixels">465.5dp</dimen>
    <dimen name="xxh_267pixels">467.25dp</dimen>
    <dimen name="xxh_268pixels">469dp</dimen>
    <dimen name="xxh_269pixels">470.75dp</dimen>
    <dimen name="xxh_270pixels">472.5dp</dimen>
    <dimen name="xxh_271pixels">474.25dp</dimen>
    <dimen name="xxh_272pixels">476dp</dimen>
    <dimen name="xxh_273pixels">477.75dp</dimen>
    <dimen name="xxh_274pixels">479.5dp</dimen>
    <dimen name="xxh_275pixels">481.25dp</dimen>
    <dimen name="xxh_276pixels">483dp</dimen>
    <dimen name="xxh_277pixels">484.75dp</dimen>
    <dimen name="xxh_278pixels">486.5dp</dimen>
    <dimen name="xxh_279pixels">488.25dp</dimen>
    <dimen name="xxh_280pixels">490dp</dimen>
    <dimen name="xxh_281pixels">491.75dp</dimen>
    <dimen name="xxh_282pixels">493.5dp</dimen>
    <dimen name="xxh_283pixels">495.25dp</dimen>
    <dimen name="xxh_284pixels">497dp</dimen>
    <dimen name="xxh_285pixels">498.75dp</dimen>
    <dimen name="xxh_286pixels">500.5dp</dimen>
    <dimen name="xxh_287pixels">502.25dp</dimen>
    <dimen name="xxh_288pixels">504dp</dimen>
    <dimen name="xxh_289pixels">505.75dp</dimen>
    <dimen name="xxh_290pixels">507.5dp</dimen>
    <dimen name="xxh_291pixels">509.25dp</dimen>
    <dimen name="xxh_292pixels">511dp</dimen>
    <dimen name="xxh_293pixels">512.75dp</dimen>
    <dimen name="xxh_294pixels">514.5dp</dimen>
    <dimen name="xxh_295pixels">516.25dp</dimen>
    <dimen name="xxh_296pixels">518dp</dimen>
    <dimen name="xxh_297pixels">519.75dp</dimen>
    <dimen name="xxh_298pixels">521.5dp</dimen>
    <dimen name="xxh_299pixels">523.25dp</dimen>
    <dimen name="xxh_300pixels">525dp</dimen>
    <dimen name="xxh_301pixels">526.75dp</dimen>
    <dimen name="xxh_302pixels">528.5dp</dimen>
    <dimen name="xxh_303pixels">530.25dp</dimen>
    <dimen name="xxh_304pixels">532dp</dimen>
    <dimen name="xxh_305pixels">533.75dp</dimen>
    <dimen name="xxh_306pixels">535.5dp</dimen>
    <dimen name="xxh_307pixels">537.25dp</dimen>
    <dimen name="xxh_308pixels">539dp</dimen>
    <dimen name="xxh_309pixels">540.75dp</dimen>
    <dimen name="xxh_310pixels">542.5dp</dimen>
    <dimen name="xxh_311pixels">544.25dp</dimen>
    <dimen name="xxh_312pixels">546dp</dimen>
    <dimen name="xxh_313pixels">547.75dp</dimen>
    <dimen name="xxh_314pixels">549.5dp</dimen>
    <dimen name="xxh_315pixels">551.25dp</dimen>
    <dimen name="xxh_316pixels">553dp</dimen>
    <dimen name="xxh_317pixels">554.75dp</dimen>
    <dimen name="xxh_318pixels">556.5dp</dimen>
    <dimen name="xxh_319pixels">558.25dp</dimen>
    <dimen name="xxh_320pixels">560dp</dimen>
    <dimen name="xxh_321pixels">561.75dp</dimen>
    <dimen name="xxh_322pixels">563.5dp</dimen>
    <dimen name="xxh_323pixels">565.25dp</dimen>
    <dimen name="xxh_324pixels">567dp</dimen>
    <dimen name="xxh_325pixels">568.75dp</dimen>
    <dimen name="xxh_326pixels">570.5dp</dimen>
    <dimen name="xxh_327pixels">572.25dp</dimen>
    <dimen name="xxh_328pixels">574dp</dimen>
    <dimen name="xxh_329pixels">575.75dp</dimen>
    <dimen name="xxh_330pixels">577.5dp</dimen>
    <dimen name="xxh_331pixels">579.25dp</dimen>
    <dimen name="xxh_332pixels">581dp</dimen>
    <dimen name="xxh_333pixels">582.75dp</dimen>
    <dimen name="xxh_334pixels">584.5dp</dimen>
    <dimen name="xxh_335pixels">586.25dp</dimen>
    <dimen name="xxh_336pixels">588dp</dimen>
    <dimen name="xxh_337pixels">589.75dp</dimen>
    <dimen name="xxh_338pixels">591.5dp</dimen>
    <dimen name="xxh_339pixels">593.25dp</dimen>
    <dimen name="xxh_340pixels">595dp</dimen>
    <dimen name="xxh_341pixels">596.75dp</dimen>
    <dimen name="xxh_342pixels">598.5dp</dimen>
    <dimen name="xxh_343pixels">600.25dp</dimen>
    <dimen name="xxh_344pixels">602dp</dimen>
    <dimen name="xxh_345pixels">603.75dp</dimen>
    <dimen name="xxh_346pixels">605.5dp</dimen>
    <dimen name="xxh_347pixels">607.25dp</dimen>
    <dimen name="xxh_348pixels">609dp</dimen>
    <dimen name="xxh_349pixels">610.75dp</dimen>
    <dimen name="xxh_350pixels">612.5dp</dimen>
    <dimen name="xxh_351pixels">614.25dp</dimen>
    <dimen name="xxh_352pixels">616dp</dimen>
    <dimen name="xxh_353pixels">617.75dp</dimen>
    <dimen name="xxh_354pixels">619.5dp</dimen>
    <dimen name="xxh_355pixels">621.25dp</dimen>
    <dimen name="xxh_356pixels">623dp</dimen>
    <dimen name="xxh_357pixels">624.75dp</dimen>
    <dimen name="xxh_358pixels">626.5dp</dimen>
    <dimen name="xxh_359pixels">628.25dp</dimen>
    <dimen name="xxh_360pixels">630dp</dimen>
    <dimen name="xxh_361pixels">631.75dp</dimen>
    <dimen name="xxh_362pixels">633.5dp</dimen>
    <dimen name="xxh_363pixels">635.25dp</dimen>
    <dimen name="xxh_364pixels">637dp</dimen>
    <dimen name="xxh_365pixels">638.75dp</dimen>
    <dimen name="xxh_366pixels">640.5dp</dimen>
    <dimen name="xxh_367pixels">642.25dp</dimen>
    <dimen name="xxh_368pixels">644dp</dimen>
    <dimen name="xxh_369pixels">645.75dp</dimen>
    <dimen name="xxh_370pixels">647.5dp</dimen>
    <dimen name="xxh_371pixels">649.25dp</dimen>
    <dimen name="xxh_372pixels">651dp</dimen>
    <dimen name="xxh_373pixels">652.75dp</dimen>
    <dimen name="xxh_374pixels">654.5dp</dimen>
    <dimen name="xxh_375pixels">656.25dp</dimen>
    <dimen name="xxh_376pixels">658dp</dimen>
    <dimen name="xxh_377pixels">659.75dp</dimen>
    <dimen name="xxh_378pixels">661.5dp</dimen>
    <dimen name="xxh_379pixels">663.25dp</dimen>
    <dimen name="xxh_380pixels">665dp</dimen>
    <dimen name="xxh_381pixels">666.75dp</dimen>
    <dimen name="xxh_382pixels">668.5dp</dimen>
    <dimen name="xxh_383pixels">670.25dp</dimen>
    <dimen name="xxh_384pixels">672dp</dimen>
    <dimen name="xxh_385pixels">673.75dp</dimen>
    <dimen name="xxh_386pixels">675.5dp</dimen>
    <dimen name="xxh_387pixels">677.25dp</dimen>
    <dimen name="xxh_388pixels">679dp</dimen>
    <dimen name="xxh_389pixels">680.75dp</dimen>
    <dimen name="xxh_390pixels">682.5dp</dimen>
    <dimen name="xxh_391pixels">684.25dp</dimen>
    <dimen name="xxh_392pixels">686dp</dimen>
    <dimen name="xxh_393pixels">687.75dp</dimen>
    <dimen name="xxh_394pixels">689.5dp</dimen>
    <dimen name="xxh_395pixels">691.25dp</dimen>
    <dimen name="xxh_396pixels">693dp</dimen>
    <dimen name="xxh_397pixels">694.75dp</dimen>
    <dimen name="xxh_398pixels">696.5dp</dimen>
    <dimen name="xxh_399pixels">698.25dp</dimen>
    <dimen name="xxh_400pixels">700dp</dimen>
    <dimen name="xxh_401pixels">701.75dp</dimen>
    <dimen name="xxh_402pixels">703.5dp</dimen>
    <dimen name="xxh_403pixels">705.25dp</dimen>
    <dimen name="xxh_404pixels">707dp</dimen>
    <dimen name="xxh_405pixels">708.75dp</dimen>
    <dimen name="xxh_406pixels">710.5dp</dimen>
    <dimen name="xxh_407pixels">712.25dp</dimen>
    <dimen name="xxh_408pixels">714dp</dimen>
    <dimen name="xxh_409pixels">715.75dp</dimen>
    <dimen name="xxh_410pixels">717.5dp</dimen>
    <dimen name="xxh_411pixels">719.25dp</dimen>
    <dimen name="xxh_412pixels">721dp</dimen>
    <dimen name="xxh_413pixels">722.75dp</dimen>
    <dimen name="xxh_414pixels">724.5dp</dimen>
    <dimen name="xxh_415pixels">726.25dp</dimen>
    <dimen name="xxh_416pixels">728dp</dimen>
    <dimen name="xxh_417pixels">729.75dp</dimen>
    <dimen name="xxh_418pixels">731.5dp</dimen>
    <dimen name="xxh_419pixels">733.25dp</dimen>
    <dimen name="xxh_420pixels">735dp</dimen>
    <dimen name="xxh_421pixels">736.75dp</dimen>
    <dimen name="xxh_422pixels">738.5dp</dimen>
    <dimen name="xxh_423pixels">740.25dp</dimen>
    <dimen name="xxh_424pixels">742dp</dimen>
    <dimen name="xxh_425pixels">743.75dp</dimen>
    <dimen name="xxh_426pixels">745.5dp</dimen>
    <dimen name="xxh_427pixels">747.25dp</dimen>
    <dimen name="xxh_428pixels">749dp</dimen>
    <dimen name="xxh_429pixels">750.75dp</dimen>
    <dimen name="xxh_430pixels">752.5dp</dimen>
    <dimen name="xxh_431pixels">754.25dp</dimen>
    <dimen name="xxh_432pixels">756dp</dimen>
    <dimen name="xxh_433pixels">757.75dp</dimen>
    <dimen name="xxh_434pixels">759.5dp</dimen>
    <dimen name="xxh_435pixels">761.25dp</dimen>
    <dimen name="xxh_436pixels">763dp</dimen>
    <dimen name="xxh_437pixels">764.75dp</dimen>
    <dimen name="xxh_438pixels">766.5dp</dimen>
    <dimen name="xxh_439pixels">768.25dp</dimen>
    <dimen name="xxh_440pixels">770dp</dimen>
    <dimen name="xxh_441pixels">771.75dp</dimen>
    <dimen name="xxh_442pixels">773.5dp</dimen>
    <dimen name="xxh_443pixels">775.25dp</dimen>
    <dimen name="xxh_444pixels">777dp</dimen>
    <dimen name="xxh_445pixels">778.75dp</dimen>
    <dimen name="xxh_446pixels">780.5dp</dimen>
    <dimen name="xxh_447pixels">782.25dp</dimen>
    <dimen name="xxh_448pixels">784dp</dimen>
    <dimen name="xxh_449pixels">785.75dp</dimen>
    <dimen name="xxh_450pixels">787.5dp</dimen>
    <dimen name="xxh_451pixels">789.25dp</dimen>
    <dimen name="xxh_452pixels">791dp</dimen>
    <dimen name="xxh_453pixels">792.75dp</dimen>
    <dimen name="xxh_454pixels">794.5dp</dimen>
    <dimen name="xxh_455pixels">796.25dp</dimen>
    <dimen name="xxh_456pixels">798dp</dimen>
    <dimen name="xxh_457pixels">799.75dp</dimen>
    <dimen name="xxh_458pixels">801.5dp</dimen>
    <dimen name="xxh_459pixels">803.25dp</dimen>
    <dimen name="xxh_460pixels">805dp</dimen>
    <dimen name="xxh_461pixels">806.75dp</dimen>
    <dimen name="xxh_462pixels">808.5dp</dimen>
    <dimen name="xxh_463pixels">810.25dp</dimen>
    <dimen name="xxh_464pixels">812dp</dimen>
    <dimen name="xxh_465pixels">813.75dp</dimen>
    <dimen name="xxh_466pixels">815.5dp</dimen>
    <dimen name="xxh_467pixels">817.25dp</dimen>
    <dimen name="xxh_468pixels">819dp</dimen>
    <dimen name="xxh_469pixels">820.75dp</dimen>
    <dimen name="xxh_470pixels">822.5dp</dimen>
    <dimen name="xxh_471pixels">824.25dp</dimen>
    <dimen name="xxh_472pixels">826dp</dimen>
    <dimen name="xxh_473pixels">827.75dp</dimen>
    <dimen name="xxh_474pixels">829.5dp</dimen>
    <dimen name="xxh_475pixels">831.25dp</dimen>
    <dimen name="xxh_476pixels">833dp</dimen>
    <dimen name="xxh_477pixels">834.75dp</dimen>
    <dimen name="xxh_478pixels">836.5dp</dimen>
    <dimen name="xxh_479pixels">838.25dp</dimen>
    <dimen name="xxh_480pixels">840dp</dimen>
    <dimen name="xxh_481pixels">841.75dp</dimen>
    <dimen name="xxh_482pixels">843.5dp</dimen>
    <dimen name="xxh_483pixels">845.25dp</dimen>
    <dimen name="xxh_484pixels">847dp</dimen>
    <dimen name="xxh_485pixels">848.75dp</dimen>
    <dimen name="xxh_486pixels">850.5dp</dimen>
    <dimen name="xxh_487pixels">852.25dp</dimen>
    <dimen name="xxh_488pixels">854dp</dimen>
    <dimen name="xxh_489pixels">855.75dp</dimen>
    <dimen name="xxh_490pixels">857.5dp</dimen>
    <dimen name="xxh_491pixels">859.25dp</dimen>
    <dimen name="xxh_492pixels">861dp</dimen>
    <dimen name="xxh_493pixels">862.75dp</dimen>
    <dimen name="xxh_494pixels">864.5dp</dimen>
    <dimen name="xxh_495pixels">866.25dp</dimen>
    <dimen name="xxh_496pixels">868dp</dimen>
    <dimen name="xxh_497pixels">869.75dp</dimen>
    <dimen name="xxh_498pixels">871.5dp</dimen>
    <dimen name="xxh_499pixels">873.25dp</dimen>
    <dimen name="xxh_500pixels">875dp</dimen>
    <dimen name="xxh_501pixels">876.75dp</dimen>
    <dimen name="xxh_502pixels">878.5dp</dimen>
    <dimen name="xxh_503pixels">880.25dp</dimen>
    <dimen name="xxh_504pixels">882dp</dimen>
    <dimen name="xxh_505pixels">883.75dp</dimen>
    <dimen name="xxh_506pixels">885.5dp</dimen>
    <dimen name="xxh_507pixels">887.25dp</dimen>
    <dimen name="xxh_508pixels">889dp</dimen>
    <dimen name="xxh_509pixels">890.75dp</dimen>
    <dimen name="xxh_510pixels">892.5dp</dimen>
    <dimen name="xxh_511pixels">894.25dp</dimen>
    <dimen name="xxh_512pixels">896dp</dimen>
    <dimen name="xxh_513pixels">897.75dp</dimen>
    <dimen name="xxh_514pixels">899.5dp</dimen>
    <dimen name="xxh_515pixels">901.25dp</dimen>
    <dimen name="xxh_516pixels">903dp</dimen>
    <dimen name="xxh_517pixels">904.75dp</dimen>
    <dimen name="xxh_518pixels">906.5dp</dimen>
    <dimen name="xxh_519pixels">908.25dp</dimen>
    <dimen name="xxh_520pixels">910dp</dimen>
    <dimen name="xxh_521pixels">911.75dp</dimen>
    <dimen name="xxh_522pixels">913.5dp</dimen>
    <dimen name="xxh_523pixels">915.25dp</dimen>
    <dimen name="xxh_524pixels">917dp</dimen>
    <dimen name="xxh_525pixels">918.75dp</dimen>
    <dimen name="xxh_526pixels">920.5dp</dimen>
    <dimen name="xxh_527pixels">922.25dp</dimen>
    <dimen name="xxh_528pixels">924dp</dimen>
    <dimen name="xxh_529pixels">925.75dp</dimen>
    <dimen name="xxh_530pixels">927.5dp</dimen>
    <dimen name="xxh_531pixels">929.25dp</dimen>
    <dimen name="xxh_532pixels">931dp</dimen>
    <dimen name="xxh_533pixels">932.75dp</dimen>
    <dimen name="xxh_534pixels">934.5dp</dimen>
    <dimen name="xxh_535pixels">936.25dp</dimen>
    <dimen name="xxh_536pixels">938dp</dimen>
    <dimen name="xxh_537pixels">939.75dp</dimen>
    <dimen name="xxh_538pixels">941.5dp</dimen>
    <dimen name="xxh_539pixels">943.25dp</dimen>
    <dimen name="xxh_540pixels">945dp</dimen>
    <dimen name="xxh_541pixels">946.75dp</dimen>
    <dimen name="xxh_542pixels">948.5dp</dimen>
    <dimen name="xxh_543pixels">950.25dp</dimen>
    <dimen name="xxh_544pixels">952dp</dimen>
    <dimen name="xxh_545pixels">953.75dp</dimen>
    <dimen name="xxh_546pixels">955.5dp</dimen>
    <dimen name="xxh_547pixels">957.25dp</dimen>
    <dimen name="xxh_548pixels">959dp</dimen>
    <dimen name="xxh_549pixels">960.75dp</dimen>
    <dimen name="xxh_550pixels">962.5dp</dimen>
    <dimen name="xxh_551pixels">964.25dp</dimen>
    <dimen name="xxh_552pixels">966dp</dimen>
    <dimen name="xxh_553pixels">967.75dp</dimen>
    <dimen name="xxh_554pixels">969.5dp</dimen>
    <dimen name="xxh_555pixels">971.25dp</dimen>
    <dimen name="xxh_556pixels">973dp</dimen>
    <dimen name="xxh_557pixels">974.75dp</dimen>
    <dimen name="xxh_558pixels">976.5dp</dimen>
    <dimen name="xxh_559pixels">978.25dp</dimen>
    <dimen name="xxh_560pixels">980dp</dimen>
    <dimen name="xxh_561pixels">981.75dp</dimen>
    <dimen name="xxh_562pixels">983.5dp</dimen>
    <dimen name="xxh_563pixels">985.25dp</dimen>
    <dimen name="xxh_564pixels">987dp</dimen>
    <dimen name="xxh_565pixels">988.75dp</dimen>
    <dimen name="xxh_566pixels">990.5dp</dimen>
    <dimen name="xxh_567pixels">992.25dp</dimen>
    <dimen name="xxh_568pixels">994dp</dimen>
    <dimen name="xxh_569pixels">995.75dp</dimen>
    <dimen name="xxh_570pixels">997.5dp</dimen>
    <dimen name="xxh_571pixels">999.25dp</dimen>
    <dimen name="xxh_572pixels">1001dp</dimen>
    <dimen name="xxh_573pixels">1002.75dp</dimen>
    <dimen name="xxh_574pixels">1004.5dp</dimen>
    <dimen name="xxh_575pixels">1006.25dp</dimen>
    <dimen name="xxh_576pixels">1008dp</dimen>
    <dimen name="xxh_577pixels">1009.75dp</dimen>
    <dimen name="xxh_578pixels">1011.5dp</dimen>
    <dimen name="xxh_579pixels">1013.25dp</dimen>
    <dimen name="xxh_580pixels">1015dp</dimen>
    <dimen name="xxh_581pixels">1016.75dp</dimen>
    <dimen name="xxh_582pixels">1018.5dp</dimen>
    <dimen name="xxh_583pixels">1020.25dp</dimen>
    <dimen name="xxh_584pixels">1022dp</dimen>
    <dimen name="xxh_585pixels">1023.75dp</dimen>
    <dimen name="xxh_586pixels">1025.5dp</dimen>
    <dimen name="xxh_587pixels">1027.25dp</dimen>
    <dimen name="xxh_588pixels">1029dp</dimen>
    <dimen name="xxh_589pixels">1030.75dp</dimen>
    <dimen name="xxh_590pixels">1032.5dp</dimen>
    <dimen name="xxh_591pixels">1034.25dp</dimen>
    <dimen name="xxh_592pixels">1036dp</dimen>
    <dimen name="xxh_593pixels">1037.75dp</dimen>
    <dimen name="xxh_594pixels">1039.5dp</dimen>
    <dimen name="xxh_595pixels">1041.25dp</dimen>
    <dimen name="xxh_596pixels">1043dp</dimen>
    <dimen name="xxh_597pixels">1044.75dp</dimen>
    <dimen name="xxh_598pixels">1046.5dp</dimen>
    <dimen name="xxh_599pixels">1048.25dp</dimen>
    <dimen name="xxh_600pixels">1050dp</dimen>
    <dimen name="xxh_601pixels">1051.75dp</dimen>
    <dimen name="xxh_602pixels">1053.5dp</dimen>
    <dimen name="xxh_603pixels">1055.25dp</dimen>
    <dimen name="xxh_604pixels">1057dp</dimen>
    <dimen name="xxh_605pixels">1058.75dp</dimen>
    <dimen name="xxh_606pixels">1060.5dp</dimen>
    <dimen name="xxh_607pixels">1062.25dp</dimen>
    <dimen name="xxh_608pixels">1064dp</dimen>
    <dimen name="xxh_609pixels">1065.75dp</dimen>
    <dimen name="xxh_610pixels">1067.5dp</dimen>
    <dimen name="xxh_611pixels">1069.25dp</dimen>
    <dimen name="xxh_612pixels">1071dp</dimen>
    <dimen name="xxh_613pixels">1072.75dp</dimen>
    <dimen name="xxh_614pixels">1074.5dp</dimen>
    <dimen name="xxh_615pixels">1076.25dp</dimen>
    <dimen name="xxh_616pixels">1078dp</dimen>
    <dimen name="xxh_617pixels">1079.75dp</dimen>
    <dimen name="xxh_618pixels">1081.5dp</dimen>
    <dimen name="xxh_619pixels">1083.25dp</dimen>
    <dimen name="xxh_620pixels">1085dp</dimen>
    <dimen name="xxh_621pixels">1086.75dp</dimen>
    <dimen name="xxh_622pixels">1088.5dp</dimen>
    <dimen name="xxh_623pixels">1090.25dp</dimen>
    <dimen name="xxh_624pixels">1092dp</dimen>
    <dimen name="xxh_625pixels">1093.75dp</dimen>
    <dimen name="xxh_626pixels">1095.5dp</dimen>
    <dimen name="xxh_627pixels">1097.25dp</dimen>
    <dimen name="xxh_628pixels">1099dp</dimen>
    <dimen name="xxh_629pixels">1100.75dp</dimen>
    <dimen name="xxh_630pixels">1102.5dp</dimen>
    <dimen name="xxh_631pixels">1104.25dp</dimen>
    <dimen name="xxh_632pixels">1106dp</dimen>
    <dimen name="xxh_633pixels">1107.75dp</dimen>
    <dimen name="xxh_634pixels">1109.5dp</dimen>
    <dimen name="xxh_635pixels">1111.25dp</dimen>
    <dimen name="xxh_636pixels">1113dp</dimen>
    <dimen name="xxh_637pixels">1114.75dp</dimen>
    <dimen name="xxh_638pixels">1116.5dp</dimen>
    <dimen name="xxh_639pixels">1118.25dp</dimen>
    <dimen name="xxh_640pixels">1120dp</dimen>
    <dimen name="xxh_641pixels">1121.75dp</dimen>
    <dimen name="xxh_642pixels">1123.5dp</dimen>
    <dimen name="xxh_643pixels">1125.25dp</dimen>
    <dimen name="xxh_644pixels">1127dp</dimen>
    <dimen name="xxh_645pixels">1128.75dp</dimen>
    <dimen name="xxh_646pixels">1130.5dp</dimen>
    <dimen name="xxh_647pixels">1132.25dp</dimen>
    <dimen name="xxh_648pixels">1134dp</dimen>
    <dimen name="xxh_649pixels">1135.75dp</dimen>
    <dimen name="xxh_650pixels">1137.5dp</dimen>
    <dimen name="xxh_651pixels">1139.25dp</dimen>
    <dimen name="xxh_652pixels">1141dp</dimen>
    <dimen name="xxh_653pixels">1142.75dp</dimen>
    <dimen name="xxh_654pixels">1144.5dp</dimen>
    <dimen name="xxh_655pixels">1146.25dp</dimen>
    <dimen name="xxh_656pixels">1148dp</dimen>
    <dimen name="xxh_657pixels">1149.75dp</dimen>
    <dimen name="xxh_658pixels">1151.5dp</dimen>
    <dimen name="xxh_659pixels">1153.25dp</dimen>
    <dimen name="xxh_660pixels">1155dp</dimen>
    <dimen name="xxh_661pixels">1156.75dp</dimen>
    <dimen name="xxh_662pixels">1158.5dp</dimen>
    <dimen name="xxh_663pixels">1160.25dp</dimen>
    <dimen name="xxh_664pixels">1162dp</dimen>
    <dimen name="xxh_665pixels">1163.75dp</dimen>
    <dimen name="xxh_666pixels">1165.5dp</dimen>
    <dimen name="xxh_667pixels">1167.25dp</dimen>
    <dimen name="xxh_668pixels">1169dp</dimen>
    <dimen name="xxh_669pixels">1170.75dp</dimen>
    <dimen name="xxh_670pixels">1172.5dp</dimen>
    <dimen name="xxh_671pixels">1174.25dp</dimen>
    <dimen name="xxh_672pixels">1176dp</dimen>
    <dimen name="xxh_673pixels">1177.75dp</dimen>
    <dimen name="xxh_674pixels">1179.5dp</dimen>
    <dimen name="xxh_675pixels">1181.25dp</dimen>
    <dimen name="xxh_676pixels">1183dp</dimen>
    <dimen name="xxh_677pixels">1184.75dp</dimen>
    <dimen name="xxh_678pixels">1186.5dp</dimen>
    <dimen name="xxh_679pixels">1188.25dp</dimen>
    <dimen name="xxh_680pixels">1190dp</dimen>
    <dimen name="xxh_681pixels">1191.75dp</dimen>
    <dimen name="xxh_682pixels">1193.5dp</dimen>
    <dimen name="xxh_683pixels">1195.25dp</dimen>
    <dimen name="xxh_684pixels">1197dp</dimen>
    <dimen name="xxh_685pixels">1198.75dp</dimen>
    <dimen name="xxh_686pixels">1200.5dp</dimen>
    <dimen name="xxh_687pixels">1202.25dp</dimen>
    <dimen name="xxh_688pixels">1204dp</dimen>
    <dimen name="xxh_689pixels">1205.75dp</dimen>
    <dimen name="xxh_690pixels">1207.5dp</dimen>
    <dimen name="xxh_691pixels">1209.25dp</dimen>
    <dimen name="xxh_692pixels">1211dp</dimen>
    <dimen name="xxh_693pixels">1212.75dp</dimen>
    <dimen name="xxh_694pixels">1214.5dp</dimen>
    <dimen name="xxh_695pixels">1216.25dp</dimen>
    <dimen name="xxh_696pixels">1218dp</dimen>
    <dimen name="xxh_697pixels">1219.75dp</dimen>
    <dimen name="xxh_698pixels">1221.5dp</dimen>
    <dimen name="xxh_699pixels">1223.25dp</dimen>
    <dimen name="xxh_700pixels">1225dp</dimen>
    <dimen name="xxh_701pixels">1226.75dp</dimen>
    <dimen name="xxh_702pixels">1228.5dp</dimen>
    <dimen name="xxh_703pixels">1230.25dp</dimen>
    <dimen name="xxh_704pixels">1232dp</dimen>
    <dimen name="xxh_705pixels">1233.75dp</dimen>
    <dimen name="xxh_706pixels">1235.5dp</dimen>
    <dimen name="xxh_707pixels">1237.25dp</dimen>
    <dimen name="xxh_708pixels">1239dp</dimen>
    <dimen name="xxh_709pixels">1240.75dp</dimen>
    <dimen name="xxh_710pixels">1242.5dp</dimen>
    <dimen name="xxh_711pixels">1244.25dp</dimen>
    <dimen name="xxh_712pixels">1246dp</dimen>
    <dimen name="xxh_713pixels">1247.75dp</dimen>
    <dimen name="xxh_714pixels">1249.5dp</dimen>
    <dimen name="xxh_715pixels">1251.25dp</dimen>
    <dimen name="xxh_716pixels">1253dp</dimen>
    <dimen name="xxh_717pixels">1254.75dp</dimen>
    <dimen name="xxh_718pixels">1256.5dp</dimen>
    <dimen name="xxh_719pixels">1258.25dp</dimen>
    <dimen name="xxh_720pixels">1260dp</dimen>
    <dimen name="xxh_721pixels">1261.75dp</dimen>
    <dimen name="xxh_722pixels">1263.5dp</dimen>
    <dimen name="xxh_723pixels">1265.25dp</dimen>
    <dimen name="xxh_724pixels">1267dp</dimen>
    <dimen name="xxh_725pixels">1268.75dp</dimen>
    <dimen name="xxh_726pixels">1270.5dp</dimen>
    <dimen name="xxh_727pixels">1272.25dp</dimen>
    <dimen name="xxh_728pixels">1274dp</dimen>
    <dimen name="xxh_729pixels">1275.75dp</dimen>
    <dimen name="xxh_730pixels">1277.5dp</dimen>
    <dimen name="xxh_731pixels">1279.25dp</dimen>
    <dimen name="xxh_732pixels">1281dp</dimen>
    <dimen name="xxh_733pixels">1282.75dp</dimen>
    <dimen name="xxh_734pixels">1284.5dp</dimen>
    <dimen name="xxh_735pixels">1286.25dp</dimen>
    <dimen name="xxh_736pixels">1288dp</dimen>
    <dimen name="xxh_737pixels">1289.75dp</dimen>
    <dimen name="xxh_738pixels">1291.5dp</dimen>
    <dimen name="xxh_739pixels">1293.25dp</dimen>
    <dimen name="xxh_740pixels">1295dp</dimen>
    <dimen name="xxh_741pixels">1296.75dp</dimen>
    <dimen name="xxh_742pixels">1298.5dp</dimen>
    <dimen name="xxh_743pixels">1300.25dp</dimen>
    <dimen name="xxh_744pixels">1302dp</dimen>
    <dimen name="xxh_745pixels">1303.75dp</dimen>
    <dimen name="xxh_746pixels">1305.5dp</dimen>
    <dimen name="xxh_747pixels">1307.25dp</dimen>
    <dimen name="xxh_748pixels">1309dp</dimen>
    <dimen name="xxh_749pixels">1310.75dp</dimen>
    <dimen name="xxh_750pixels">1312.5dp</dimen>
    <dimen name="xxh_751pixels">1314.25dp</dimen>
    <dimen name="xxh_752pixels">1316dp</dimen>
    <dimen name="xxh_753pixels">1317.75dp</dimen>
    <dimen name="xxh_754pixels">1319.5dp</dimen>
    <dimen name="xxh_755pixels">1321.25dp</dimen>
    <dimen name="xxh_756pixels">1323dp</dimen>
    <dimen name="xxh_757pixels">1324.75dp</dimen>
    <dimen name="xxh_758pixels">1326.5dp</dimen>
    <dimen name="xxh_759pixels">1328.25dp</dimen>
    <dimen name="xxh_760pixels">1330dp</dimen>
    <dimen name="xxh_761pixels">1331.75dp</dimen>
    <dimen name="xxh_762pixels">1333.5dp</dimen>
    <dimen name="xxh_763pixels">1335.25dp</dimen>
    <dimen name="xxh_764pixels">1337dp</dimen>
    <dimen name="xxh_765pixels">1338.75dp</dimen>
    <dimen name="xxh_766pixels">1340.5dp</dimen>
    <dimen name="xxh_767pixels">1342.25dp</dimen>
    <dimen name="xxh_768pixels">1344dp</dimen>
    <dimen name="xxh_769pixels">1345.75dp</dimen>
    <dimen name="xxh_770pixels">1347.5dp</dimen>
    <dimen name="xxh_771pixels">1349.25dp</dimen>
    <dimen name="xxh_772pixels">1351dp</dimen>
    <dimen name="xxh_773pixels">1352.75dp</dimen>
    <dimen name="xxh_774pixels">1354.5dp</dimen>
    <dimen name="xxh_775pixels">1356.25dp</dimen>
    <dimen name="xxh_776pixels">1358dp</dimen>
    <dimen name="xxh_777pixels">1359.75dp</dimen>
    <dimen name="xxh_778pixels">1361.5dp</dimen>
    <dimen name="xxh_779pixels">1363.25dp</dimen>
    <dimen name="xxh_780pixels">1365dp</dimen>
    <dimen name="xxh_781pixels">1366.75dp</dimen>
    <dimen name="xxh_782pixels">1368.5dp</dimen>
    <dimen name="xxh_783pixels">1370.25dp</dimen>
    <dimen name="xxh_784pixels">1372dp</dimen>
    <dimen name="xxh_785pixels">1373.75dp</dimen>
    <dimen name="xxh_786pixels">1375.5dp</dimen>
    <dimen name="xxh_787pixels">1377.25dp</dimen>
    <dimen name="xxh_788pixels">1379dp</dimen>
    <dimen name="xxh_789pixels">1380.75dp</dimen>
    <dimen name="xxh_790pixels">1382.5dp</dimen>
    <dimen name="xxh_791pixels">1384.25dp</dimen>
    <dimen name="xxh_792pixels">1386dp</dimen>
    <dimen name="xxh_793pixels">1387.75dp</dimen>
    <dimen name="xxh_794pixels">1389.5dp</dimen>
    <dimen name="xxh_795pixels">1391.25dp</dimen>
    <dimen name="xxh_796pixels">1393dp</dimen>
    <dimen name="xxh_797pixels">1394.75dp</dimen>
    <dimen name="xxh_798pixels">1396.5dp</dimen>
    <dimen name="xxh_799pixels">1398.25dp</dimen>
    <dimen name="xxh_800pixels">1400dp</dimen>
    <dimen name="xxh_801pixels">1401.75dp</dimen>
    <dimen name="xxh_802pixels">1403.5dp</dimen>
    <dimen name="xxh_803pixels">1405.25dp</dimen>
    <dimen name="xxh_804pixels">1407dp</dimen>
    <dimen name="xxh_805pixels">1408.75dp</dimen>
    <dimen name="xxh_806pixels">1410.5dp</dimen>
    <dimen name="xxh_807pixels">1412.25dp</dimen>
    <dimen name="xxh_808pixels">1414dp</dimen>
    <dimen name="xxh_809pixels">1415.75dp</dimen>
    <dimen name="xxh_810pixels">1417.5dp</dimen>
    <dimen name="xxh_811pixels">1419.25dp</dimen>
    <dimen name="xxh_812pixels">1421dp</dimen>
    <dimen name="xxh_813pixels">1422.75dp</dimen>
    <dimen name="xxh_814pixels">1424.5dp</dimen>
    <dimen name="xxh_815pixels">1426.25dp</dimen>
    <dimen name="xxh_816pixels">1428dp</dimen>
    <dimen name="xxh_817pixels">1429.75dp</dimen>
    <dimen name="xxh_818pixels">1431.5dp</dimen>
    <dimen name="xxh_819pixels">1433.25dp</dimen>
    <dimen name="xxh_820pixels">1435dp</dimen>
    <dimen name="xxh_821pixels">1436.75dp</dimen>
    <dimen name="xxh_822pixels">1438.5dp</dimen>
    <dimen name="xxh_823pixels">1440.25dp</dimen>
    <dimen name="xxh_824pixels">1442dp</dimen>
    <dimen name="xxh_825pixels">1443.75dp</dimen>
    <dimen name="xxh_826pixels">1445.5dp</dimen>
    <dimen name="xxh_827pixels">1447.25dp</dimen>
    <dimen name="xxh_828pixels">1449dp</dimen>
    <dimen name="xxh_829pixels">1450.75dp</dimen>
    <dimen name="xxh_830pixels">1452.5dp</dimen>
    <dimen name="xxh_831pixels">1454.25dp</dimen>
    <dimen name="xxh_832pixels">1456dp</dimen>
    <dimen name="xxh_833pixels">1457.75dp</dimen>
    <dimen name="xxh_834pixels">1459.5dp</dimen>
    <dimen name="xxh_835pixels">1461.25dp</dimen>
    <dimen name="xxh_836pixels">1463dp</dimen>
    <dimen name="xxh_837pixels">1464.75dp</dimen>
    <dimen name="xxh_838pixels">1466.5dp</dimen>
    <dimen name="xxh_839pixels">1468.25dp</dimen>
    <dimen name="xxh_840pixels">1470dp</dimen>
    <dimen name="xxh_841pixels">1471.75dp</dimen>
    <dimen name="xxh_842pixels">1473.5dp</dimen>
    <dimen name="xxh_843pixels">1475.25dp</dimen>
    <dimen name="xxh_844pixels">1477dp</dimen>
    <dimen name="xxh_845pixels">1478.75dp</dimen>
    <dimen name="xxh_846pixels">1480.5dp</dimen>
    <dimen name="xxh_847pixels">1482.25dp</dimen>
    <dimen name="xxh_848pixels">1484dp</dimen>
    <dimen name="xxh_849pixels">1485.75dp</dimen>
    <dimen name="xxh_850pixels">1487.5dp</dimen>
    <dimen name="xxh_851pixels">1489.25dp</dimen>
    <dimen name="xxh_852pixels">1491dp</dimen>
    <dimen name="xxh_853pixels">1492.75dp</dimen>
    <dimen name="xxh_854pixels">1494.5dp</dimen>
    <dimen name="xxh_855pixels">1496.25dp</dimen>
    <dimen name="xxh_856pixels">1498dp</dimen>
    <dimen name="xxh_857pixels">1499.75dp</dimen>
    <dimen name="xxh_858pixels">1501.5dp</dimen>
    <dimen name="xxh_859pixels">1503.25dp</dimen>
    <dimen name="xxh_860pixels">1505dp</dimen>
    <dimen name="xxh_861pixels">1506.75dp</dimen>
    <dimen name="xxh_862pixels">1508.5dp</dimen>
    <dimen name="xxh_863pixels">1510.25dp</dimen>
    <dimen name="xxh_864pixels">1512dp</dimen>
    <dimen name="xxh_865pixels">1513.75dp</dimen>
    <dimen name="xxh_866pixels">1515.5dp</dimen>
    <dimen name="xxh_867pixels">1517.25dp</dimen>
    <dimen name="xxh_868pixels">1519dp</dimen>
    <dimen name="xxh_869pixels">1520.75dp</dimen>
    <dimen name="xxh_870pixels">1522.5dp</dimen>
    <dimen name="xxh_871pixels">1524.25dp</dimen>
    <dimen name="xxh_872pixels">1526dp</dimen>
    <dimen name="xxh_873pixels">1527.75dp</dimen>
    <dimen name="xxh_874pixels">1529.5dp</dimen>
    <dimen name="xxh_875pixels">1531.25dp</dimen>
    <dimen name="xxh_876pixels">1533dp</dimen>
    <dimen name="xxh_877pixels">1534.75dp</dimen>
    <dimen name="xxh_878pixels">1536.5dp</dimen>
    <dimen name="xxh_879pixels">1538.25dp</dimen>
    <dimen name="xxh_880pixels">1540dp</dimen>
    <dimen name="xxh_881pixels">1541.75dp</dimen>
    <dimen name="xxh_882pixels">1543.5dp</dimen>
    <dimen name="xxh_883pixels">1545.25dp</dimen>
    <dimen name="xxh_884pixels">1547dp</dimen>
    <dimen name="xxh_885pixels">1548.75dp</dimen>
    <dimen name="xxh_886pixels">1550.5dp</dimen>
    <dimen name="xxh_887pixels">1552.25dp</dimen>
    <dimen name="xxh_888pixels">1554dp</dimen>
    <dimen name="xxh_889pixels">1555.75dp</dimen>
    <dimen name="xxh_890pixels">1557.5dp</dimen>
    <dimen name="xxh_891pixels">1559.25dp</dimen>
    <dimen name="xxh_892pixels">1561dp</dimen>
    <dimen name="xxh_893pixels">1562.75dp</dimen>
    <dimen name="xxh_894pixels">1564.5dp</dimen>
    <dimen name="xxh_895pixels">1566.25dp</dimen>
    <dimen name="xxh_896pixels">1568dp</dimen>
    <dimen name="xxh_897pixels">1569.75dp</dimen>
    <dimen name="xxh_898pixels">1571.5dp</dimen>
    <dimen name="xxh_899pixels">1573.25dp</dimen>
    <dimen name="xxh_900pixels">1575dp</dimen>
    <dimen name="xxh_901pixels">1576.75dp</dimen>
    <dimen name="xxh_902pixels">1578.5dp</dimen>
    <dimen name="xxh_903pixels">1580.25dp</dimen>
    <dimen name="xxh_904pixels">1582dp</dimen>
    <dimen name="xxh_905pixels">1583.75dp</dimen>
    <dimen name="xxh_906pixels">1585.5dp</dimen>
    <dimen name="xxh_907pixels">1587.25dp</dimen>
    <dimen name="xxh_908pixels">1589dp</dimen>
    <dimen name="xxh_909pixels">1590.75dp</dimen>
    <dimen name="xxh_910pixels">1592.5dp</dimen>
    <dimen name="xxh_911pixels">1594.25dp</dimen>
    <dimen name="xxh_912pixels">1596dp</dimen>
    <dimen name="xxh_913pixels">1597.75dp</dimen>
    <dimen name="xxh_914pixels">1599.5dp</dimen>
    <dimen name="xxh_915pixels">1601.25dp</dimen>
    <dimen name="xxh_916pixels">1603dp</dimen>
    <dimen name="xxh_917pixels">1604.75dp</dimen>
    <dimen name="xxh_918pixels">1606.5dp</dimen>
    <dimen name="xxh_919pixels">1608.25dp</dimen>
    <dimen name="xxh_920pixels">1610dp</dimen>
    <dimen name="xxh_921pixels">1611.75dp</dimen>
    <dimen name="xxh_922pixels">1613.5dp</dimen>
    <dimen name="xxh_923pixels">1615.25dp</dimen>
    <dimen name="xxh_924pixels">1617dp</dimen>
    <dimen name="xxh_925pixels">1618.75dp</dimen>
    <dimen name="xxh_926pixels">1620.5dp</dimen>
    <dimen name="xxh_927pixels">1622.25dp</dimen>
    <dimen name="xxh_928pixels">1624dp</dimen>
    <dimen name="xxh_929pixels">1625.75dp</dimen>
    <dimen name="xxh_930pixels">1627.5dp</dimen>
    <dimen name="xxh_931pixels">1629.25dp</dimen>
    <dimen name="xxh_932pixels">1631dp</dimen>
    <dimen name="xxh_933pixels">1632.75dp</dimen>
    <dimen name="xxh_934pixels">1634.5dp</dimen>
    <dimen name="xxh_935pixels">1636.25dp</dimen>
    <dimen name="xxh_936pixels">1638dp</dimen>
    <dimen name="xxh_937pixels">1639.75dp</dimen>
    <dimen name="xxh_938pixels">1641.5dp</dimen>
    <dimen name="xxh_939pixels">1643.25dp</dimen>
    <dimen name="xxh_940pixels">1645dp</dimen>
    <dimen name="xxh_941pixels">1646.75dp</dimen>
    <dimen name="xxh_942pixels">1648.5dp</dimen>
    <dimen name="xxh_943pixels">1650.25dp</dimen>
    <dimen name="xxh_944pixels">1652dp</dimen>
    <dimen name="xxh_945pixels">1653.75dp</dimen>
    <dimen name="xxh_946pixels">1655.5dp</dimen>
    <dimen name="xxh_947pixels">1657.25dp</dimen>
    <dimen name="xxh_948pixels">1659dp</dimen>
    <dimen name="xxh_949pixels">1660.75dp</dimen>
    <dimen name="xxh_950pixels">1662.5dp</dimen>
    <dimen name="xxh_951pixels">1664.25dp</dimen>
    <dimen name="xxh_952pixels">1666dp</dimen>
    <dimen name="xxh_953pixels">1667.75dp</dimen>
    <dimen name="xxh_954pixels">1669.5dp</dimen>
    <dimen name="xxh_955pixels">1671.25dp</dimen>
    <dimen name="xxh_956pixels">1673dp</dimen>
    <dimen name="xxh_957pixels">1674.75dp</dimen>
    <dimen name="xxh_958pixels">1676.5dp</dimen>
    <dimen name="xxh_959pixels">1678.25dp</dimen>
    <dimen name="xxh_960pixels">1680dp</dimen>
    <dimen name="xxh_961pixels">1681.75dp</dimen>
    <dimen name="xxh_962pixels">1683.5dp</dimen>
    <dimen name="xxh_963pixels">1685.25dp</dimen>
    <dimen name="xxh_964pixels">1687dp</dimen>
    <dimen name="xxh_965pixels">1688.75dp</dimen>
    <dimen name="xxh_966pixels">1690.5dp</dimen>
    <dimen name="xxh_967pixels">1692.25dp</dimen>
    <dimen name="xxh_968pixels">1694dp</dimen>
    <dimen name="xxh_969pixels">1695.75dp</dimen>
    <dimen name="xxh_970pixels">1697.5dp</dimen>
    <dimen name="xxh_971pixels">1699.25dp</dimen>
    <dimen name="xxh_972pixels">1701dp</dimen>
    <dimen name="xxh_973pixels">1702.75dp</dimen>
    <dimen name="xxh_974pixels">1704.5dp</dimen>
    <dimen name="xxh_975pixels">1706.25dp</dimen>
    <dimen name="xxh_976pixels">1708dp</dimen>
    <dimen name="xxh_977pixels">1709.75dp</dimen>
    <dimen name="xxh_978pixels">1711.5dp</dimen>
    <dimen name="xxh_979pixels">1713.25dp</dimen>
    <dimen name="xxh_980pixels">1715dp</dimen>
    <dimen name="xxh_981pixels">1716.75dp</dimen>
    <dimen name="xxh_982pixels">1718.5dp</dimen>
    <dimen name="xxh_983pixels">1720.25dp</dimen>
    <dimen name="xxh_984pixels">1722dp</dimen>
    <dimen name="xxh_985pixels">1723.75dp</dimen>
    <dimen name="xxh_986pixels">1725.5dp</dimen>
    <dimen name="xxh_987pixels">1727.25dp</dimen>
    <dimen name="xxh_988pixels">1729dp</dimen>
    <dimen name="xxh_989pixels">1730.75dp</dimen>
    <dimen name="xxh_990pixels">1732.5dp</dimen>
    <dimen name="xxh_991pixels">1734.25dp</dimen>
    <dimen name="xxh_992pixels">1736dp</dimen>
    <dimen name="xxh_993pixels">1737.75dp</dimen>
    <dimen name="xxh_994pixels">1739.5dp</dimen>
    <dimen name="xxh_995pixels">1741.25dp</dimen>
    <dimen name="xxh_996pixels">1743dp</dimen>
    <dimen name="xxh_997pixels">1744.75dp</dimen>
    <dimen name="xxh_998pixels">1746.5dp</dimen>
    <dimen name="xxh_999pixels">1748.25dp</dimen>
    <dimen name="xxh_1000pixels">1750dp</dimen>
    <dimen name="xxh_1001pixels">1751.75dp</dimen>
    <dimen name="xxh_1002pixels">1753.5dp</dimen>
    <dimen name="xxh_1003pixels">1755.25dp</dimen>
    <dimen name="xxh_1004pixels">1757dp</dimen>
    <dimen name="xxh_1005pixels">1758.75dp</dimen>
    <dimen name="xxh_1006pixels">1760.5dp</dimen>
    <dimen name="xxh_1007pixels">1762.25dp</dimen>
    <dimen name="xxh_1008pixels">1764dp</dimen>
    <dimen name="xxh_1009pixels">1765.75dp</dimen>
    <dimen name="xxh_1010pixels">1767.5dp</dimen>
    <dimen name="xxh_1011pixels">1769.25dp</dimen>
    <dimen name="xxh_1012pixels">1771dp</dimen>
    <dimen name="xxh_1013pixels">1772.75dp</dimen>
    <dimen name="xxh_1014pixels">1774.5dp</dimen>
    <dimen name="xxh_1015pixels">1776.25dp</dimen>
    <dimen name="xxh_1016pixels">1778dp</dimen>
    <dimen name="xxh_1017pixels">1779.75dp</dimen>
    <dimen name="xxh_1018pixels">1781.5dp</dimen>
    <dimen name="xxh_1019pixels">1783.25dp</dimen>
    <dimen name="xxh_1020pixels">1785dp</dimen>
    <dimen name="xxh_1021pixels">1786.75dp</dimen>
    <dimen name="xxh_1022pixels">1788.5dp</dimen>
    <dimen name="xxh_1023pixels">1790.25dp</dimen>
    <dimen name="xxh_1024pixels">1792dp</dimen>
    <dimen name="xxh_1025pixels">1793.75dp</dimen>
    <dimen name="xxh_1026pixels">1795.5dp</dimen>
    <dimen name="xxh_1027pixels">1797.25dp</dimen>
    <dimen name="xxh_1028pixels">1799dp</dimen>
    <dimen name="xxh_1029pixels">1800.75dp</dimen>
    <dimen name="xxh_1030pixels">1802.5dp</dimen>
    <dimen name="xxh_1031pixels">1804.25dp</dimen>
    <dimen name="xxh_1032pixels">1806dp</dimen>
    <dimen name="xxh_1033pixels">1807.75dp</dimen>
    <dimen name="xxh_1034pixels">1809.5dp</dimen>
    <dimen name="xxh_1035pixels">1811.25dp</dimen>
    <dimen name="xxh_1036pixels">1813dp</dimen>
    <dimen name="xxh_1037pixels">1814.75dp</dimen>
    <dimen name="xxh_1038pixels">1816.5dp</dimen>
    <dimen name="xxh_1039pixels">1818.25dp</dimen>
    <dimen name="xxh_1040pixels">1820dp</dimen>
    <dimen name="xxh_1041pixels">1821.75dp</dimen>
    <dimen name="xxh_1042pixels">1823.5dp</dimen>
    <dimen name="xxh_1043pixels">1825.25dp</dimen>
    <dimen name="xxh_1044pixels">1827dp</dimen>
    <dimen name="xxh_1045pixels">1828.75dp</dimen>
    <dimen name="xxh_1046pixels">1830.5dp</dimen>
    <dimen name="xxh_1047pixels">1832.25dp</dimen>
    <dimen name="xxh_1048pixels">1834dp</dimen>
    <dimen name="xxh_1049pixels">1835.75dp</dimen>
    <dimen name="xxh_1050pixels">1837.5dp</dimen>
    <dimen name="xxh_1051pixels">1839.25dp</dimen>
    <dimen name="xxh_1052pixels">1841dp</dimen>
    <dimen name="xxh_1053pixels">1842.75dp</dimen>
    <dimen name="xxh_1054pixels">1844.5dp</dimen>
    <dimen name="xxh_1055pixels">1846.25dp</dimen>
    <dimen name="xxh_1056pixels">1848dp</dimen>
    <dimen name="xxh_1057pixels">1849.75dp</dimen>
    <dimen name="xxh_1058pixels">1851.5dp</dimen>
    <dimen name="xxh_1059pixels">1853.25dp</dimen>
    <dimen name="xxh_1060pixels">1855dp</dimen>
    <dimen name="xxh_1061pixels">1856.75dp</dimen>
    <dimen name="xxh_1062pixels">1858.5dp</dimen>
    <dimen name="xxh_1063pixels">1860.25dp</dimen>
    <dimen name="xxh_1064pixels">1862dp</dimen>
    <dimen name="xxh_1065pixels">1863.75dp</dimen>
    <dimen name="xxh_1066pixels">1865.5dp</dimen>
    <dimen name="xxh_1067pixels">1867.25dp</dimen>
    <dimen name="xxh_1068pixels">1869dp</dimen>
    <dimen name="xxh_1069pixels">1870.75dp</dimen>
    <dimen name="xxh_1070pixels">1872.5dp</dimen>
    <dimen name="xxh_1071pixels">1874.25dp</dimen>
    <dimen name="xxh_1072pixels">1876dp</dimen>
    <dimen name="xxh_1073pixels">1877.75dp</dimen>
    <dimen name="xxh_1074pixels">1879.5dp</dimen>
    <dimen name="xxh_1075pixels">1881.25dp</dimen>
    <dimen name="xxh_1076pixels">1883dp</dimen>
    <dimen name="xxh_1077pixels">1884.75dp</dimen>
    <dimen name="xxh_1078pixels">1886.5dp</dimen>
    <dimen name="xxh_1079pixels">1888.25dp</dimen>
    <dimen name="xxh_1080pixels">1890dp</dimen>
    <dimen name="xxh_1081pixels">1891.75dp</dimen>
    <dimen name="xxh_1082pixels">1893.5dp</dimen>
    <dimen name="xxh_1083pixels">1895.25dp</dimen>
    <dimen name="xxh_1084pixels">1897dp</dimen>
    <dimen name="xxh_1085pixels">1898.75dp</dimen>
    <dimen name="xxh_1086pixels">1900.5dp</dimen>
    <dimen name="xxh_1087pixels">1902.25dp</dimen>
    <dimen name="xxh_1088pixels">1904dp</dimen>
    <dimen name="xxh_1089pixels">1905.75dp</dimen>
    <dimen name="xxh_1090pixels">1907.5dp</dimen>
    <dimen name="xxh_1091pixels">1909.25dp</dimen>
    <dimen name="xxh_1092pixels">1911dp</dimen>
    <dimen name="xxh_1093pixels">1912.75dp</dimen>
    <dimen name="xxh_1094pixels">1914.5dp</dimen>
    <dimen name="xxh_1095pixels">1916.25dp</dimen>
    <dimen name="xxh_1096pixels">1918dp</dimen>
    <dimen name="xxh_1097pixels">1919.75dp</dimen>
    <dimen name="xxh_1098pixels">1921.5dp</dimen>
    <dimen name="xxh_1099pixels">1923.25dp</dimen>
    <dimen name="xxh_1100pixels">1925dp</dimen>
    <dimen name="xxh_1101pixels">1926.75dp</dimen>
    <dimen name="xxh_1102pixels">1928.5dp</dimen>
    <dimen name="xxh_1103pixels">1930.25dp</dimen>
    <dimen name="xxh_1104pixels">1932dp</dimen>
    <dimen name="xxh_1105pixels">1933.75dp</dimen>
    <dimen name="xxh_1106pixels">1935.5dp</dimen>
    <dimen name="xxh_1107pixels">1937.25dp</dimen>
    <dimen name="xxh_1108pixels">1939dp</dimen>
    <dimen name="xxh_1109pixels">1940.75dp</dimen>
    <dimen name="xxh_1110pixels">1942.5dp</dimen>
    <dimen name="xxh_1111pixels">1944.25dp</dimen>
    <dimen name="xxh_1112pixels">1946dp</dimen>
    <dimen name="xxh_1113pixels">1947.75dp</dimen>
    <dimen name="xxh_1114pixels">1949.5dp</dimen>
    <dimen name="xxh_1115pixels">1951.25dp</dimen>
    <dimen name="xxh_1116pixels">1953dp</dimen>
    <dimen name="xxh_1117pixels">1954.75dp</dimen>
    <dimen name="xxh_1118pixels">1956.5dp</dimen>
    <dimen name="xxh_1119pixels">1958.25dp</dimen>
    <dimen name="xxh_1120pixels">1960dp</dimen>
    <dimen name="xxh_1121pixels">1961.75dp</dimen>
    <dimen name="xxh_1122pixels">1963.5dp</dimen>
    <dimen name="xxh_1123pixels">1965.25dp</dimen>
    <dimen name="xxh_1124pixels">1967dp</dimen>
    <dimen name="xxh_1125pixels">1968.75dp</dimen>
    <dimen name="xxh_1126pixels">1970.5dp</dimen>
    <dimen name="xxh_1127pixels">1972.25dp</dimen>
    <dimen name="xxh_1128pixels">1974dp</dimen>
    <dimen name="xxh_1129pixels">1975.75dp</dimen>
    <dimen name="xxh_1130pixels">1977.5dp</dimen>
    <dimen name="xxh_1131pixels">1979.25dp</dimen>
    <dimen name="xxh_1132pixels">1981dp</dimen>
    <dimen name="xxh_1133pixels">1982.75dp</dimen>
    <dimen name="xxh_1134pixels">1984.5dp</dimen>
    <dimen name="xxh_1135pixels">1986.25dp</dimen>
    <dimen name="xxh_1136pixels">1988dp</dimen>
    <dimen name="xxh_1137pixels">1989.75dp</dimen>
    <dimen name="xxh_1138pixels">1991.5dp</dimen>
    <dimen name="xxh_1139pixels">1993.25dp</dimen>
    <dimen name="xxh_1140pixels">1995dp</dimen>
    <dimen name="xxh_1141pixels">1996.75dp</dimen>
    <dimen name="xxh_1142pixels">1998.5dp</dimen>
    <dimen name="xxh_1143pixels">2000.25dp</dimen>
    <dimen name="xxh_1144pixels">2002dp</dimen>
    <dimen name="xxh_1145pixels">2003.75dp</dimen>
    <dimen name="xxh_1146pixels">2005.5dp</dimen>
    <dimen name="xxh_1147pixels">2007.25dp</dimen>
    <dimen name="xxh_1148pixels">2009dp</dimen>
    <dimen name="xxh_1149pixels">2010.75dp</dimen>
    <dimen name="xxh_1150pixels">2012.5dp</dimen>
    <dimen name="xxh_1151pixels">2014.25dp</dimen>
    <dimen name="xxh_1152pixels">2016dp</dimen>
    <dimen name="xxh_1153pixels">2017.75dp</dimen>
    <dimen name="xxh_1154pixels">2019.5dp</dimen>
    <dimen name="xxh_1155pixels">2021.25dp</dimen>
    <dimen name="xxh_1156pixels">2023dp</dimen>
    <dimen name="xxh_1157pixels">2024.75dp</dimen>
    <dimen name="xxh_1158pixels">2026.5dp</dimen>
    <dimen name="xxh_1159pixels">2028.25dp</dimen>
    <dimen name="xxh_1160pixels">2030dp</dimen>
    <dimen name="xxh_1161pixels">2031.75dp</dimen>
    <dimen name="xxh_1162pixels">2033.5dp</dimen>
    <dimen name="xxh_1163pixels">2035.25dp</dimen>
    <dimen name="xxh_1164pixels">2037dp</dimen>
    <dimen name="xxh_1165pixels">2038.75dp</dimen>
    <dimen name="xxh_1166pixels">2040.5dp</dimen>
    <dimen name="xxh_1167pixels">2042.25dp</dimen>
    <dimen name="xxh_1168pixels">2044dp</dimen>
    <dimen name="xxh_1169pixels">2045.75dp</dimen>
    <dimen name="xxh_1170pixels">2047.5dp</dimen>
    <dimen name="xxh_1171pixels">2049.25dp</dimen>
    <dimen name="xxh_1172pixels">2051dp</dimen>
    <dimen name="xxh_1173pixels">2052.75dp</dimen>
    <dimen name="xxh_1174pixels">2054.5dp</dimen>
    <dimen name="xxh_1175pixels">2056.25dp</dimen>
    <dimen name="xxh_1176pixels">2058dp</dimen>
    <dimen name="xxh_1177pixels">2059.75dp</dimen>
    <dimen name="xxh_1178pixels">2061.5dp</dimen>
    <dimen name="xxh_1179pixels">2063.25dp</dimen>
    <dimen name="xxh_1180pixels">2065dp</dimen>
    <dimen name="xxh_1181pixels">2066.75dp</dimen>
    <dimen name="xxh_1182pixels">2068.5dp</dimen>
    <dimen name="xxh_1183pixels">2070.25dp</dimen>
    <dimen name="xxh_1184pixels">2072dp</dimen>
    <dimen name="xxh_1185pixels">2073.75dp</dimen>
    <dimen name="xxh_1186pixels">2075.5dp</dimen>
    <dimen name="xxh_1187pixels">2077.25dp</dimen>
    <dimen name="xxh_1188pixels">2079dp</dimen>
    <dimen name="xxh_1189pixels">2080.75dp</dimen>
    <dimen name="xxh_1190pixels">2082.5dp</dimen>
    <dimen name="xxh_1191pixels">2084.25dp</dimen>
    <dimen name="xxh_1192pixels">2086dp</dimen>
    <dimen name="xxh_1193pixels">2087.75dp</dimen>
    <dimen name="xxh_1194pixels">2089.5dp</dimen>
    <dimen name="xxh_1195pixels">2091.25dp</dimen>
    <dimen name="xxh_1196pixels">2093dp</dimen>
    <dimen name="xxh_1197pixels">2094.75dp</dimen>
    <dimen name="xxh_1198pixels">2096.5dp</dimen>
    <dimen name="xxh_1199pixels">2098.25dp</dimen>
    <dimen name="xxh_1200pixels">2100dp</dimen>
    <dimen name="xxh_1201pixels">2101.75dp</dimen>
    <dimen name="xxh_1202pixels">2103.5dp</dimen>
    <dimen name="xxh_1203pixels">2105.25dp</dimen>
    <dimen name="xxh_1204pixels">2107dp</dimen>
    <dimen name="xxh_1205pixels">2108.75dp</dimen>
    <dimen name="xxh_1206pixels">2110.5dp</dimen>
    <dimen name="xxh_1207pixels">2112.25dp</dimen>
    <dimen name="xxh_1208pixels">2114dp</dimen>
    <dimen name="xxh_1209pixels">2115.75dp</dimen>
    <dimen name="xxh_1210pixels">2117.5dp</dimen>
    <dimen name="xxh_1211pixels">2119.25dp</dimen>
    <dimen name="xxh_1212pixels">2121dp</dimen>
    <dimen name="xxh_1213pixels">2122.75dp</dimen>
    <dimen name="xxh_1214pixels">2124.5dp</dimen>
    <dimen name="xxh_1215pixels">2126.25dp</dimen>
    <dimen name="xxh_1216pixels">2128dp</dimen>
    <dimen name="xxh_1217pixels">2129.75dp</dimen>
    <dimen name="xxh_1218pixels">2131.5dp</dimen>
    <dimen name="xxh_1219pixels">2133.25dp</dimen>
    <dimen name="xxh_1220pixels">2135dp</dimen>
    <dimen name="xxh_1221pixels">2136.75dp</dimen>
    <dimen name="xxh_1222pixels">2138.5dp</dimen>
    <dimen name="xxh_1223pixels">2140.25dp</dimen>
    <dimen name="xxh_1224pixels">2142dp</dimen>
    <dimen name="xxh_1225pixels">2143.75dp</dimen>
    <dimen name="xxh_1226pixels">2145.5dp</dimen>
    <dimen name="xxh_1227pixels">2147.25dp</dimen>
    <dimen name="xxh_1228pixels">2149dp</dimen>
    <dimen name="xxh_1229pixels">2150.75dp</dimen>
    <dimen name="xxh_1230pixels">2152.5dp</dimen>
    <dimen name="xxh_1231pixels">2154.25dp</dimen>
    <dimen name="xxh_1232pixels">2156dp</dimen>
    <dimen name="xxh_1233pixels">2157.75dp</dimen>
    <dimen name="xxh_1234pixels">2159.5dp</dimen>
    <dimen name="xxh_1235pixels">2161.25dp</dimen>
    <dimen name="xxh_1236pixels">2163dp</dimen>
    <dimen name="xxh_1237pixels">2164.75dp</dimen>
    <dimen name="xxh_1238pixels">2166.5dp</dimen>
    <dimen name="xxh_1239pixels">2168.25dp</dimen>
    <dimen name="xxh_1240pixels">2170dp</dimen>
    <dimen name="xxh_1241pixels">2171.75dp</dimen>
    <dimen name="xxh_1242pixels">2173.5dp</dimen>
    <dimen name="xxh_1243pixels">2175.25dp</dimen>
    <dimen name="xxh_1244pixels">2177dp</dimen>
    <dimen name="xxh_1245pixels">2178.75dp</dimen>
    <dimen name="xxh_1246pixels">2180.5dp</dimen>
    <dimen name="xxh_1247pixels">2182.25dp</dimen>
    <dimen name="xxh_1248pixels">2184dp</dimen>
    <dimen name="xxh_1249pixels">2185.75dp</dimen>
    <dimen name="xxh_1250pixels">2187.5dp</dimen>
    <dimen name="xxh_1251pixels">2189.25dp</dimen>
    <dimen name="xxh_1252pixels">2191dp</dimen>
    <dimen name="xxh_1253pixels">2192.75dp</dimen>
    <dimen name="xxh_1254pixels">2194.5dp</dimen>
    <dimen name="xxh_1255pixels">2196.25dp</dimen>
    <dimen name="xxh_1256pixels">2198dp</dimen>
    <dimen name="xxh_1257pixels">2199.75dp</dimen>
    <dimen name="xxh_1258pixels">2201.5dp</dimen>
    <dimen name="xxh_1259pixels">2203.25dp</dimen>
    <dimen name="xxh_1260pixels">2205dp</dimen>
    <dimen name="xxh_1261pixels">2206.75dp</dimen>
    <dimen name="xxh_1262pixels">2208.5dp</dimen>
    <dimen name="xxh_1263pixels">2210.25dp</dimen>
    <dimen name="xxh_1264pixels">2212dp</dimen>
    <dimen name="xxh_1265pixels">2213.75dp</dimen>
    <dimen name="xxh_1266pixels">2215.5dp</dimen>
    <dimen name="xxh_1267pixels">2217.25dp</dimen>
    <dimen name="xxh_1268pixels">2219dp</dimen>
    <dimen name="xxh_1269pixels">2220.75dp</dimen>
    <dimen name="xxh_1270pixels">2222.5dp</dimen>
    <dimen name="xxh_1271pixels">2224.25dp</dimen>
    <dimen name="xxh_1272pixels">2226dp</dimen>
    <dimen name="xxh_1273pixels">2227.75dp</dimen>
    <dimen name="xxh_1274pixels">2229.5dp</dimen>
    <dimen name="xxh_1275pixels">2231.25dp</dimen>
    <dimen name="xxh_1276pixels">2233dp</dimen>
    <dimen name="xxh_1277pixels">2234.75dp</dimen>
    <dimen name="xxh_1278pixels">2236.5dp</dimen>
    <dimen name="xxh_1279pixels">2238.25dp</dimen>
    <dimen name="xxh_1280pixels">2240dp</dimen>
    <dimen name="xxh_1281pixels">2241.75dp</dimen>
    <dimen name="xxh_1282pixels">2243.5dp</dimen>
    <dimen name="xxh_1283pixels">2245.25dp</dimen>
    <dimen name="xxh_1284pixels">2247dp</dimen>
    <dimen name="xxh_1285pixels">2248.75dp</dimen>
    <dimen name="xxh_1286pixels">2250.5dp</dimen>
    <dimen name="xxh_1287pixels">2252.25dp</dimen>
    <dimen name="xxh_1288pixels">2254dp</dimen>
    <dimen name="xxh_1289pixels">2255.75dp</dimen>
    <dimen name="xxh_1290pixels">2257.5dp</dimen>
    <dimen name="xxh_1291pixels">2259.25dp</dimen>
    <dimen name="xxh_1292pixels">2261dp</dimen>
    <dimen name="xxh_1293pixels">2262.75dp</dimen>
    <dimen name="xxh_1294pixels">2264.5dp</dimen>
    <dimen name="xxh_1295pixels">2266.25dp</dimen>
    <dimen name="xxh_1296pixels">2268dp</dimen>
    <dimen name="xxh_1297pixels">2269.75dp</dimen>
    <dimen name="xxh_1298pixels">2271.5dp</dimen>
    <dimen name="xxh_1299pixels">2273.25dp</dimen>
    <dimen name="xxh_1300pixels">2275dp</dimen>
    <dimen name="xxh_1301pixels">2276.75dp</dimen>
    <dimen name="xxh_1302pixels">2278.5dp</dimen>
    <dimen name="xxh_1303pixels">2280.25dp</dimen>
    <dimen name="xxh_1304pixels">2282dp</dimen>
    <dimen name="xxh_1305pixels">2283.75dp</dimen>
    <dimen name="xxh_1306pixels">2285.5dp</dimen>
    <dimen name="xxh_1307pixels">2287.25dp</dimen>
    <dimen name="xxh_1308pixels">2289dp</dimen>
    <dimen name="xxh_1309pixels">2290.75dp</dimen>
    <dimen name="xxh_1310pixels">2292.5dp</dimen>
    <dimen name="xxh_1311pixels">2294.25dp</dimen>
    <dimen name="xxh_1312pixels">2296dp</dimen>
    <dimen name="xxh_1313pixels">2297.75dp</dimen>
    <dimen name="xxh_1314pixels">2299.5dp</dimen>
    <dimen name="xxh_1315pixels">2301.25dp</dimen>
    <dimen name="xxh_1316pixels">2303dp</dimen>
    <dimen name="xxh_1317pixels">2304.75dp</dimen>
    <dimen name="xxh_1318pixels">2306.5dp</dimen>
    <dimen name="xxh_1319pixels">2308.25dp</dimen>
    <dimen name="xxh_1320pixels">2310dp</dimen>
    <dimen name="xxh_1321pixels">2311.75dp</dimen>
    <dimen name="xxh_1322pixels">2313.5dp</dimen>
    <dimen name="xxh_1323pixels">2315.25dp</dimen>
    <dimen name="xxh_1324pixels">2317dp</dimen>
    <dimen name="xxh_1325pixels">2318.75dp</dimen>
    <dimen name="xxh_1326pixels">2320.5dp</dimen>
    <dimen name="xxh_1327pixels">2322.25dp</dimen>
    <dimen name="xxh_1328pixels">2324dp</dimen>
    <dimen name="xxh_1329pixels">2325.75dp</dimen>
    <dimen name="xxh_1330pixels">2327.5dp</dimen>
    <dimen name="xxh_1331pixels">2329.25dp</dimen>
    <dimen name="xxh_1332pixels">2331dp</dimen>
    <dimen name="xxh_1333pixels">2332.75dp</dimen>
    <dimen name="xxh_1334pixels">2334.5dp</dimen>
    <dimen name="xxh_1335pixels">2336.25dp</dimen>
    <dimen name="xxh_1336pixels">2338dp</dimen>
    <dimen name="xxh_1337pixels">2339.75dp</dimen>
    <dimen name="xxh_1338pixels">2341.5dp</dimen>
    <dimen name="xxh_1339pixels">2343.25dp</dimen>
    <dimen name="xxh_1340pixels">2345dp</dimen>
    <dimen name="xxh_1341pixels">2346.75dp</dimen>
    <dimen name="xxh_1342pixels">2348.5dp</dimen>
    <dimen name="xxh_1343pixels">2350.25dp</dimen>
    <dimen name="xxh_1344pixels">2352dp</dimen>
    <dimen name="xxh_1345pixels">2353.75dp</dimen>
    <dimen name="xxh_1346pixels">2355.5dp</dimen>
    <dimen name="xxh_1347pixels">2357.25dp</dimen>
    <dimen name="xxh_1348pixels">2359dp</dimen>
    <dimen name="xxh_1349pixels">2360.75dp</dimen>
    <dimen name="xxh_1350pixels">2362.5dp</dimen>
    <dimen name="xxh_1351pixels">2364.25dp</dimen>
    <dimen name="xxh_1352pixels">2366dp</dimen>
    <dimen name="xxh_1353pixels">2367.75dp</dimen>
    <dimen name="xxh_1354pixels">2369.5dp</dimen>
    <dimen name="xxh_1355pixels">2371.25dp</dimen>
    <dimen name="xxh_1356pixels">2373dp</dimen>
    <dimen name="xxh_1357pixels">2374.75dp</dimen>
    <dimen name="xxh_1358pixels">2376.5dp</dimen>
    <dimen name="xxh_1359pixels">2378.25dp</dimen>
    <dimen name="xxh_1360pixels">2380dp</dimen>
    <dimen name="xxh_1361pixels">2381.75dp</dimen>
    <dimen name="xxh_1362pixels">2383.5dp</dimen>
    <dimen name="xxh_1363pixels">2385.25dp</dimen>
    <dimen name="xxh_1364pixels">2387dp</dimen>
    <dimen name="xxh_1365pixels">2388.75dp</dimen>
    <dimen name="xxh_1366pixels">2390.5dp</dimen>
    <dimen name="xxh_1367pixels">2392.25dp</dimen>
    <dimen name="xxh_1368pixels">2394dp</dimen>
    <dimen name="xxh_1369pixels">2395.75dp</dimen>
    <dimen name="xxh_1370pixels">2397.5dp</dimen>
    <dimen name="xxh_1371pixels">2399.25dp</dimen>
    <dimen name="xxh_1372pixels">2401dp</dimen>
    <dimen name="xxh_1373pixels">2402.75dp</dimen>
    <dimen name="xxh_1374pixels">2404.5dp</dimen>
    <dimen name="xxh_1375pixels">2406.25dp</dimen>
    <dimen name="xxh_1376pixels">2408dp</dimen>
    <dimen name="xxh_1377pixels">2409.75dp</dimen>
    <dimen name="xxh_1378pixels">2411.5dp</dimen>
    <dimen name="xxh_1379pixels">2413.25dp</dimen>
    <dimen name="xxh_1380pixels">2415dp</dimen>
    <dimen name="xxh_1381pixels">2416.75dp</dimen>
    <dimen name="xxh_1382pixels">2418.5dp</dimen>
    <dimen name="xxh_1383pixels">2420.25dp</dimen>
    <dimen name="xxh_1384pixels">2422dp</dimen>
    <dimen name="xxh_1385pixels">2423.75dp</dimen>
    <dimen name="xxh_1386pixels">2425.5dp</dimen>
    <dimen name="xxh_1387pixels">2427.25dp</dimen>
    <dimen name="xxh_1388pixels">2429dp</dimen>
    <dimen name="xxh_1389pixels">2430.75dp</dimen>
    <dimen name="xxh_1390pixels">2432.5dp</dimen>
    <dimen name="xxh_1391pixels">2434.25dp</dimen>
    <dimen name="xxh_1392pixels">2436dp</dimen>
    <dimen name="xxh_1393pixels">2437.75dp</dimen>
    <dimen name="xxh_1394pixels">2439.5dp</dimen>
    <dimen name="xxh_1395pixels">2441.25dp</dimen>
    <dimen name="xxh_1396pixels">2443dp</dimen>
    <dimen name="xxh_1397pixels">2444.75dp</dimen>
    <dimen name="xxh_1398pixels">2446.5dp</dimen>
    <dimen name="xxh_1399pixels">2448.25dp</dimen>
    <dimen name="xxh_1400pixels">2450dp</dimen>
    <dimen name="xxh_1401pixels">2451.75dp</dimen>
    <dimen name="xxh_1402pixels">2453.5dp</dimen>
    <dimen name="xxh_1403pixels">2455.25dp</dimen>
    <dimen name="xxh_1404pixels">2457dp</dimen>
    <dimen name="xxh_1405pixels">2458.75dp</dimen>
    <dimen name="xxh_1406pixels">2460.5dp</dimen>
    <dimen name="xxh_1407pixels">2462.25dp</dimen>
    <dimen name="xxh_1408pixels">2464dp</dimen>
    <dimen name="xxh_1409pixels">2465.75dp</dimen>
    <dimen name="xxh_1410pixels">2467.5dp</dimen>
    <dimen name="xxh_1411pixels">2469.25dp</dimen>
    <dimen name="xxh_1412pixels">2471dp</dimen>
    <dimen name="xxh_1413pixels">2472.75dp</dimen>
    <dimen name="xxh_1414pixels">2474.5dp</dimen>
    <dimen name="xxh_1415pixels">2476.25dp</dimen>
    <dimen name="xxh_1416pixels">2478dp</dimen>
    <dimen name="xxh_1417pixels">2479.75dp</dimen>
    <dimen name="xxh_1418pixels">2481.5dp</dimen>
    <dimen name="xxh_1419pixels">2483.25dp</dimen>
    <dimen name="xxh_1420pixels">2485dp</dimen>
    <dimen name="xxh_1421pixels">2486.75dp</dimen>
    <dimen name="xxh_1422pixels">2488.5dp</dimen>
    <dimen name="xxh_1423pixels">2490.25dp</dimen>
    <dimen name="xxh_1424pixels">2492dp</dimen>
    <dimen name="xxh_1425pixels">2493.75dp</dimen>
    <dimen name="xxh_1426pixels">2495.5dp</dimen>
    <dimen name="xxh_1427pixels">2497.25dp</dimen>
    <dimen name="xxh_1428pixels">2499dp</dimen>
    <dimen name="xxh_1429pixels">2500.75dp</dimen>
    <dimen name="xxh_1430pixels">2502.5dp</dimen>
    <dimen name="xxh_1431pixels">2504.25dp</dimen>
    <dimen name="xxh_1432pixels">2506dp</dimen>
    <dimen name="xxh_1433pixels">2507.75dp</dimen>
    <dimen name="xxh_1434pixels">2509.5dp</dimen>
    <dimen name="xxh_1435pixels">2511.25dp</dimen>
    <dimen name="xxh_1436pixels">2513dp</dimen>
    <dimen name="xxh_1437pixels">2514.75dp</dimen>
    <dimen name="xxh_1438pixels">2516.5dp</dimen>
    <dimen name="xxh_1439pixels">2518.25dp</dimen>
    <dimen name="xxh_1440pixels">2520dp</dimen>
    <dimen name="xxh_1441pixels">2521.75dp</dimen>
    <dimen name="xxh_1442pixels">2523.5dp</dimen>
    <dimen name="xxh_1443pixels">2525.25dp</dimen>
    <dimen name="xxh_1444pixels">2527dp</dimen>
    <dimen name="xxh_1445pixels">2528.75dp</dimen>
    <dimen name="xxh_1446pixels">2530.5dp</dimen>
    <dimen name="xxh_1447pixels">2532.25dp</dimen>
    <dimen name="xxh_1448pixels">2534dp</dimen>
    <dimen name="xxh_1449pixels">2535.75dp</dimen>
    <dimen name="xxh_1450pixels">2537.5dp</dimen>
    <dimen name="xxh_1451pixels">2539.25dp</dimen>
    <dimen name="xxh_1452pixels">2541dp</dimen>
    <dimen name="xxh_1453pixels">2542.75dp</dimen>
    <dimen name="xxh_1454pixels">2544.5dp</dimen>
    <dimen name="xxh_1455pixels">2546.25dp</dimen>
    <dimen name="xxh_1456pixels">2548dp</dimen>
    <dimen name="xxh_1457pixels">2549.75dp</dimen>
    <dimen name="xxh_1458pixels">2551.5dp</dimen>
    <dimen name="xxh_1459pixels">2553.25dp</dimen>
    <dimen name="xxh_1460pixels">2555dp</dimen>
    <dimen name="xxh_1461pixels">2556.75dp</dimen>
    <dimen name="xxh_1462pixels">2558.5dp</dimen>
    <dimen name="xxh_1463pixels">2560.25dp</dimen>
    <dimen name="xxh_1464pixels">2562dp</dimen>
    <dimen name="xxh_1465pixels">2563.75dp</dimen>
    <dimen name="xxh_1466pixels">2565.5dp</dimen>
    <dimen name="xxh_1467pixels">2567.25dp</dimen>
    <dimen name="xxh_1468pixels">2569dp</dimen>
    <dimen name="xxh_1469pixels">2570.75dp</dimen>
    <dimen name="xxh_1470pixels">2572.5dp</dimen>
    <dimen name="xxh_1471pixels">2574.25dp</dimen>
    <dimen name="xxh_1472pixels">2576dp</dimen>
    <dimen name="xxh_1473pixels">2577.75dp</dimen>
    <dimen name="xxh_1474pixels">2579.5dp</dimen>
    <dimen name="xxh_1475pixels">2581.25dp</dimen>
    <dimen name="xxh_1476pixels">2583dp</dimen>
    <dimen name="xxh_1477pixels">2584.75dp</dimen>
    <dimen name="xxh_1478pixels">2586.5dp</dimen>
    <dimen name="xxh_1479pixels">2588.25dp</dimen>
    <dimen name="xxh_1480pixels">2590dp</dimen>
    <dimen name="xxh_1481pixels">2591.75dp</dimen>
    <dimen name="xxh_1482pixels">2593.5dp</dimen>
    <dimen name="xxh_1483pixels">2595.25dp</dimen>
    <dimen name="xxh_1484pixels">2597dp</dimen>
    <dimen name="xxh_1485pixels">2598.75dp</dimen>
    <dimen name="xxh_1486pixels">2600.5dp</dimen>
    <dimen name="xxh_1487pixels">2602.25dp</dimen>
    <dimen name="xxh_1488pixels">2604dp</dimen>
    <dimen name="xxh_1489pixels">2605.75dp</dimen>
    <dimen name="xxh_1490pixels">2607.5dp</dimen>
    <dimen name="xxh_1491pixels">2609.25dp</dimen>
    <dimen name="xxh_1492pixels">2611dp</dimen>
    <dimen name="xxh_1493pixels">2612.75dp</dimen>
    <dimen name="xxh_1494pixels">2614.5dp</dimen>
    <dimen name="xxh_1495pixels">2616.25dp</dimen>
    <dimen name="xxh_1496pixels">2618dp</dimen>
    <dimen name="xxh_1497pixels">2619.75dp</dimen>
    <dimen name="xxh_1498pixels">2621.5dp</dimen>
    <dimen name="xxh_1499pixels">2623.25dp</dimen>
    <dimen name="xxh_1500pixels">2625dp</dimen>
    <dimen name="xxh_1501pixels">2626.75dp</dimen>
    <dimen name="xxh_1502pixels">2628.5dp</dimen>
    <dimen name="xxh_1503pixels">2630.25dp</dimen>
    <dimen name="xxh_1504pixels">2632dp</dimen>
    <dimen name="xxh_1505pixels">2633.75dp</dimen>
    <dimen name="xxh_1506pixels">2635.5dp</dimen>
    <dimen name="xxh_1507pixels">2637.25dp</dimen>
    <dimen name="xxh_1508pixels">2639dp</dimen>
    <dimen name="xxh_1509pixels">2640.75dp</dimen>
    <dimen name="xxh_1510pixels">2642.5dp</dimen>
    <dimen name="xxh_1511pixels">2644.25dp</dimen>
    <dimen name="xxh_1512pixels">2646dp</dimen>
    <dimen name="xxh_1513pixels">2647.75dp</dimen>
    <dimen name="xxh_1514pixels">2649.5dp</dimen>
    <dimen name="xxh_1515pixels">2651.25dp</dimen>
    <dimen name="xxh_1516pixels">2653dp</dimen>
    <dimen name="xxh_1517pixels">2654.75dp</dimen>
    <dimen name="xxh_1518pixels">2656.5dp</dimen>
    <dimen name="xxh_1519pixels">2658.25dp</dimen>
    <dimen name="xxh_1520pixels">2660dp</dimen>
    <dimen name="xxh_1521pixels">2661.75dp</dimen>
    <dimen name="xxh_1522pixels">2663.5dp</dimen>
    <dimen name="xxh_1523pixels">2665.25dp</dimen>
    <dimen name="xxh_1524pixels">2667dp</dimen>
    <dimen name="xxh_1525pixels">2668.75dp</dimen>
    <dimen name="xxh_1526pixels">2670.5dp</dimen>
    <dimen name="xxh_1527pixels">2672.25dp</dimen>
    <dimen name="xxh_1528pixels">2674dp</dimen>
    <dimen name="xxh_1529pixels">2675.75dp</dimen>
    <dimen name="xxh_1530pixels">2677.5dp</dimen>
    <dimen name="xxh_1531pixels">2679.25dp</dimen>
    <dimen name="xxh_1532pixels">2681dp</dimen>
    <dimen name="xxh_1533pixels">2682.75dp</dimen>
    <dimen name="xxh_1534pixels">2684.5dp</dimen>
    <dimen name="xxh_1535pixels">2686.25dp</dimen>
    <dimen name="xxh_1536pixels">2688dp</dimen>
    <dimen name="xxh_1537pixels">2689.75dp</dimen>
    <dimen name="xxh_1538pixels">2691.5dp</dimen>
    <dimen name="xxh_1539pixels">2693.25dp</dimen>
    <dimen name="xxh_1540pixels">2695dp</dimen>
    <dimen name="xxh_1541pixels">2696.75dp</dimen>
    <dimen name="xxh_1542pixels">2698.5dp</dimen>
    <dimen name="xxh_1543pixels">2700.25dp</dimen>
    <dimen name="xxh_1544pixels">2702dp</dimen>
    <dimen name="xxh_1545pixels">2703.75dp</dimen>
    <dimen name="xxh_1546pixels">2705.5dp</dimen>
    <dimen name="xxh_1547pixels">2707.25dp</dimen>
    <dimen name="xxh_1548pixels">2709dp</dimen>
    <dimen name="xxh_1549pixels">2710.75dp</dimen>
    <dimen name="xxh_1550pixels">2712.5dp</dimen>
    <dimen name="xxh_1551pixels">2714.25dp</dimen>
    <dimen name="xxh_1552pixels">2716dp</dimen>
    <dimen name="xxh_1553pixels">2717.75dp</dimen>
    <dimen name="xxh_1554pixels">2719.5dp</dimen>
    <dimen name="xxh_1555pixels">2721.25dp</dimen>
    <dimen name="xxh_1556pixels">2723dp</dimen>
    <dimen name="xxh_1557pixels">2724.75dp</dimen>
    <dimen name="xxh_1558pixels">2726.5dp</dimen>
    <dimen name="xxh_1559pixels">2728.25dp</dimen>
    <dimen name="xxh_1560pixels">2730dp</dimen>
    <dimen name="xxh_1561pixels">2731.75dp</dimen>
    <dimen name="xxh_1562pixels">2733.5dp</dimen>
    <dimen name="xxh_1563pixels">2735.25dp</dimen>
    <dimen name="xxh_1564pixels">2737dp</dimen>
    <dimen name="xxh_1565pixels">2738.75dp</dimen>
    <dimen name="xxh_1566pixels">2740.5dp</dimen>
    <dimen name="xxh_1567pixels">2742.25dp</dimen>
    <dimen name="xxh_1568pixels">2744dp</dimen>
    <dimen name="xxh_1569pixels">2745.75dp</dimen>
    <dimen name="xxh_1570pixels">2747.5dp</dimen>
    <dimen name="xxh_1571pixels">2749.25dp</dimen>
    <dimen name="xxh_1572pixels">2751dp</dimen>
    <dimen name="xxh_1573pixels">2752.75dp</dimen>
    <dimen name="xxh_1574pixels">2754.5dp</dimen>
    <dimen name="xxh_1575pixels">2756.25dp</dimen>
    <dimen name="xxh_1576pixels">2758dp</dimen>
    <dimen name="xxh_1577pixels">2759.75dp</dimen>
    <dimen name="xxh_1578pixels">2761.5dp</dimen>
    <dimen name="xxh_1579pixels">2763.25dp</dimen>
    <dimen name="xxh_1580pixels">2765dp</dimen>
    <dimen name="xxh_1581pixels">2766.75dp</dimen>
    <dimen name="xxh_1582pixels">2768.5dp</dimen>
    <dimen name="xxh_1583pixels">2770.25dp</dimen>
    <dimen name="xxh_1584pixels">2772dp</dimen>
    <dimen name="xxh_1585pixels">2773.75dp</dimen>
    <dimen name="xxh_1586pixels">2775.5dp</dimen>
    <dimen name="xxh_1587pixels">2777.25dp</dimen>
    <dimen name="xxh_1588pixels">2779dp</dimen>
    <dimen name="xxh_1589pixels">2780.75dp</dimen>
    <dimen name="xxh_1590pixels">2782.5dp</dimen>
    <dimen name="xxh_1591pixels">2784.25dp</dimen>
    <dimen name="xxh_1592pixels">2786dp</dimen>
    <dimen name="xxh_1593pixels">2787.75dp</dimen>
    <dimen name="xxh_1594pixels">2789.5dp</dimen>
    <dimen name="xxh_1595pixels">2791.25dp</dimen>
    <dimen name="xxh_1596pixels">2793dp</dimen>
    <dimen name="xxh_1597pixels">2794.75dp</dimen>
    <dimen name="xxh_1598pixels">2796.5dp</dimen>
    <dimen name="xxh_1599pixels">2798.25dp</dimen>
    <dimen name="xxh_1600pixels">2800dp</dimen>
    <dimen name="xxh_1601pixels">2801.75dp</dimen>
    <dimen name="xxh_1602pixels">2803.5dp</dimen>
    <dimen name="xxh_1603pixels">2805.25dp</dimen>
    <dimen name="xxh_1604pixels">2807dp</dimen>
    <dimen name="xxh_1605pixels">2808.75dp</dimen>
    <dimen name="xxh_1606pixels">2810.5dp</dimen>
    <dimen name="xxh_1607pixels">2812.25dp</dimen>
    <dimen name="xxh_1608pixels">2814dp</dimen>
    <dimen name="xxh_1609pixels">2815.75dp</dimen>
    <dimen name="xxh_1610pixels">2817.5dp</dimen>
    <dimen name="xxh_1611pixels">2819.25dp</dimen>
    <dimen name="xxh_1612pixels">2821dp</dimen>
    <dimen name="xxh_1613pixels">2822.75dp</dimen>
    <dimen name="xxh_1614pixels">2824.5dp</dimen>
    <dimen name="xxh_1615pixels">2826.25dp</dimen>
    <dimen name="xxh_1616pixels">2828dp</dimen>
    <dimen name="xxh_1617pixels">2829.75dp</dimen>
    <dimen name="xxh_1618pixels">2831.5dp</dimen>
    <dimen name="xxh_1619pixels">2833.25dp</dimen>
    <dimen name="xxh_1620pixels">2835dp</dimen>
    <dimen name="xxh_1621pixels">2836.75dp</dimen>
    <dimen name="xxh_1622pixels">2838.5dp</dimen>
    <dimen name="xxh_1623pixels">2840.25dp</dimen>
    <dimen name="xxh_1624pixels">2842dp</dimen>
    <dimen name="xxh_1625pixels">2843.75dp</dimen>
    <dimen name="xxh_1626pixels">2845.5dp</dimen>
    <dimen name="xxh_1627pixels">2847.25dp</dimen>
    <dimen name="xxh_1628pixels">2849dp</dimen>
    <dimen name="xxh_1629pixels">2850.75dp</dimen>
    <dimen name="xxh_1630pixels">2852.5dp</dimen>
    <dimen name="xxh_1631pixels">2854.25dp</dimen>
    <dimen name="xxh_1632pixels">2856dp</dimen>
    <dimen name="xxh_1633pixels">2857.75dp</dimen>
    <dimen name="xxh_1634pixels">2859.5dp</dimen>
    <dimen name="xxh_1635pixels">2861.25dp</dimen>
    <dimen name="xxh_1636pixels">2863dp</dimen>
    <dimen name="xxh_1637pixels">2864.75dp</dimen>
    <dimen name="xxh_1638pixels">2866.5dp</dimen>
    <dimen name="xxh_1639pixels">2868.25dp</dimen>
    <dimen name="xxh_1640pixels">2870dp</dimen>
    <dimen name="xxh_1641pixels">2871.75dp</dimen>
    <dimen name="xxh_1642pixels">2873.5dp</dimen>
    <dimen name="xxh_1643pixels">2875.25dp</dimen>
    <dimen name="xxh_1644pixels">2877dp</dimen>
    <dimen name="xxh_1645pixels">2878.75dp</dimen>
    <dimen name="xxh_1646pixels">2880.5dp</dimen>
    <dimen name="xxh_1647pixels">2882.25dp</dimen>
    <dimen name="xxh_1648pixels">2884dp</dimen>
    <dimen name="xxh_1649pixels">2885.75dp</dimen>
    <dimen name="xxh_1650pixels">2887.5dp</dimen>
    <dimen name="xxh_1651pixels">2889.25dp</dimen>
    <dimen name="xxh_1652pixels">2891dp</dimen>
    <dimen name="xxh_1653pixels">2892.75dp</dimen>
    <dimen name="xxh_1654pixels">2894.5dp</dimen>
    <dimen name="xxh_1655pixels">2896.25dp</dimen>
    <dimen name="xxh_1656pixels">2898dp</dimen>
    <dimen name="xxh_1657pixels">2899.75dp</dimen>
    <dimen name="xxh_1658pixels">2901.5dp</dimen>
    <dimen name="xxh_1659pixels">2903.25dp</dimen>
    <dimen name="xxh_1660pixels">2905dp</dimen>
    <dimen name="xxh_1661pixels">2906.75dp</dimen>
    <dimen name="xxh_1662pixels">2908.5dp</dimen>
    <dimen name="xxh_1663pixels">2910.25dp</dimen>
    <dimen name="xxh_1664pixels">2912dp</dimen>
    <dimen name="xxh_1665pixels">2913.75dp</dimen>
    <dimen name="xxh_1666pixels">2915.5dp</dimen>
    <dimen name="xxh_1667pixels">2917.25dp</dimen>
    <dimen name="xxh_1668pixels">2919dp</dimen>
    <dimen name="xxh_1669pixels">2920.75dp</dimen>
    <dimen name="xxh_1670pixels">2922.5dp</dimen>
    <dimen name="xxh_1671pixels">2924.25dp</dimen>
    <dimen name="xxh_1672pixels">2926dp</dimen>
    <dimen name="xxh_1673pixels">2927.75dp</dimen>
    <dimen name="xxh_1674pixels">2929.5dp</dimen>
    <dimen name="xxh_1675pixels">2931.25dp</dimen>
    <dimen name="xxh_1676pixels">2933dp</dimen>
    <dimen name="xxh_1677pixels">2934.75dp</dimen>
    <dimen name="xxh_1678pixels">2936.5dp</dimen>
    <dimen name="xxh_1679pixels">2938.25dp</dimen>
    <dimen name="xxh_1680pixels">2940dp</dimen>
    <dimen name="xxh_1681pixels">2941.75dp</dimen>
    <dimen name="xxh_1682pixels">2943.5dp</dimen>
    <dimen name="xxh_1683pixels">2945.25dp</dimen>
    <dimen name="xxh_1684pixels">2947dp</dimen>
    <dimen name="xxh_1685pixels">2948.75dp</dimen>
    <dimen name="xxh_1686pixels">2950.5dp</dimen>
    <dimen name="xxh_1687pixels">2952.25dp</dimen>
    <dimen name="xxh_1688pixels">2954dp</dimen>
    <dimen name="xxh_1689pixels">2955.75dp</dimen>
    <dimen name="xxh_1690pixels">2957.5dp</dimen>
    <dimen name="xxh_1691pixels">2959.25dp</dimen>
    <dimen name="xxh_1692pixels">2961dp</dimen>
    <dimen name="xxh_1693pixels">2962.75dp</dimen>
    <dimen name="xxh_1694pixels">2964.5dp</dimen>
    <dimen name="xxh_1695pixels">2966.25dp</dimen>
    <dimen name="xxh_1696pixels">2968dp</dimen>
    <dimen name="xxh_1697pixels">2969.75dp</dimen>
    <dimen name="xxh_1698pixels">2971.5dp</dimen>
    <dimen name="xxh_1699pixels">2973.25dp</dimen>
    <dimen name="xxh_1700pixels">2975dp</dimen>
    <dimen name="xxh_1701pixels">2976.75dp</dimen>
    <dimen name="xxh_1702pixels">2978.5dp</dimen>
    <dimen name="xxh_1703pixels">2980.25dp</dimen>
    <dimen name="xxh_1704pixels">2982dp</dimen>
    <dimen name="xxh_1705pixels">2983.75dp</dimen>
    <dimen name="xxh_1706pixels">2985.5dp</dimen>
    <dimen name="xxh_1707pixels">2987.25dp</dimen>
    <dimen name="xxh_1708pixels">2989dp</dimen>
    <dimen name="xxh_1709pixels">2990.75dp</dimen>
    <dimen name="xxh_1710pixels">2992.5dp</dimen>
    <dimen name="xxh_1711pixels">2994.25dp</dimen>
    <dimen name="xxh_1712pixels">2996dp</dimen>
    <dimen name="xxh_1713pixels">2997.75dp</dimen>
    <dimen name="xxh_1714pixels">2999.5dp</dimen>
    <dimen name="xxh_1715pixels">3001.25dp</dimen>
    <dimen name="xxh_1716pixels">3003dp</dimen>
    <dimen name="xxh_1717pixels">3004.75dp</dimen>
    <dimen name="xxh_1718pixels">3006.5dp</dimen>
    <dimen name="xxh_1719pixels">3008.25dp</dimen>
    <dimen name="xxh_1720pixels">3010dp</dimen>
    <dimen name="xxh_1721pixels">3011.75dp</dimen>
    <dimen name="xxh_1722pixels">3013.5dp</dimen>
    <dimen name="xxh_1723pixels">3015.25dp</dimen>
    <dimen name="xxh_1724pixels">3017dp</dimen>
    <dimen name="xxh_1725pixels">3018.75dp</dimen>
    <dimen name="xxh_1726pixels">3020.5dp</dimen>
    <dimen name="xxh_1727pixels">3022.25dp</dimen>
    <dimen name="xxh_1728pixels">3024dp</dimen>
    <dimen name="xxh_1729pixels">3025.75dp</dimen>
    <dimen name="xxh_1730pixels">3027.5dp</dimen>
    <dimen name="xxh_1731pixels">3029.25dp</dimen>
    <dimen name="xxh_1732pixels">3031dp</dimen>
    <dimen name="xxh_1733pixels">3032.75dp</dimen>
    <dimen name="xxh_1734pixels">3034.5dp</dimen>
    <dimen name="xxh_1735pixels">3036.25dp</dimen>
    <dimen name="xxh_1736pixels">3038dp</dimen>
    <dimen name="xxh_1737pixels">3039.75dp</dimen>
    <dimen name="xxh_1738pixels">3041.5dp</dimen>
    <dimen name="xxh_1739pixels">3043.25dp</dimen>
    <dimen name="xxh_1740pixels">3045dp</dimen>
    <dimen name="xxh_1741pixels">3046.75dp</dimen>
    <dimen name="xxh_1742pixels">3048.5dp</dimen>
    <dimen name="xxh_1743pixels">3050.25dp</dimen>
    <dimen name="xxh_1744pixels">3052dp</dimen>
    <dimen name="xxh_1745pixels">3053.75dp</dimen>
    <dimen name="xxh_1746pixels">3055.5dp</dimen>
    <dimen name="xxh_1747pixels">3057.25dp</dimen>
    <dimen name="xxh_1748pixels">3059dp</dimen>
    <dimen name="xxh_1749pixels">3060.75dp</dimen>
    <dimen name="xxh_1750pixels">3062.5dp</dimen>
    <dimen name="xxh_1751pixels">3064.25dp</dimen>
    <dimen name="xxh_1752pixels">3066dp</dimen>
    <dimen name="xxh_1753pixels">3067.75dp</dimen>
    <dimen name="xxh_1754pixels">3069.5dp</dimen>
    <dimen name="xxh_1755pixels">3071.25dp</dimen>
    <dimen name="xxh_1756pixels">3073dp</dimen>
    <dimen name="xxh_1757pixels">3074.75dp</dimen>
    <dimen name="xxh_1758pixels">3076.5dp</dimen>
    <dimen name="xxh_1759pixels">3078.25dp</dimen>
    <dimen name="xxh_1760pixels">3080dp</dimen>
    <dimen name="xxh_1761pixels">3081.75dp</dimen>
    <dimen name="xxh_1762pixels">3083.5dp</dimen>
    <dimen name="xxh_1763pixels">3085.25dp</dimen>
    <dimen name="xxh_1764pixels">3087dp</dimen>
    <dimen name="xxh_1765pixels">3088.75dp</dimen>
    <dimen name="xxh_1766pixels">3090.5dp</dimen>
    <dimen name="xxh_1767pixels">3092.25dp</dimen>
    <dimen name="xxh_1768pixels">3094dp</dimen>
    <dimen name="xxh_1769pixels">3095.75dp</dimen>
    <dimen name="xxh_1770pixels">3097.5dp</dimen>
    <dimen name="xxh_1771pixels">3099.25dp</dimen>
    <dimen name="xxh_1772pixels">3101dp</dimen>
    <dimen name="xxh_1773pixels">3102.75dp</dimen>
    <dimen name="xxh_1774pixels">3104.5dp</dimen>
    <dimen name="xxh_1775pixels">3106.25dp</dimen>
    <dimen name="xxh_1776pixels">3108dp</dimen>
    <dimen name="xxh_1777pixels">3109.75dp</dimen>
    <dimen name="xxh_1778pixels">3111.5dp</dimen>
    <dimen name="xxh_1779pixels">3113.25dp</dimen>
    <dimen name="xxh_1780pixels">3115dp</dimen>
    <dimen name="xxh_1781pixels">3116.75dp</dimen>
    <dimen name="xxh_1782pixels">3118.5dp</dimen>
    <dimen name="xxh_1783pixels">3120.25dp</dimen>
    <dimen name="xxh_1784pixels">3122dp</dimen>
    <dimen name="xxh_1785pixels">3123.75dp</dimen>
    <dimen name="xxh_1786pixels">3125.5dp</dimen>
    <dimen name="xxh_1787pixels">3127.25dp</dimen>
    <dimen name="xxh_1788pixels">3129dp</dimen>
    <dimen name="xxh_1789pixels">3130.75dp</dimen>
    <dimen name="xxh_1790pixels">3132.5dp</dimen>
    <dimen name="xxh_1791pixels">3134.25dp</dimen>
    <dimen name="xxh_1792pixels">3136dp</dimen>
    <dimen name="xxh_1793pixels">3137.75dp</dimen>
    <dimen name="xxh_1794pixels">3139.5dp</dimen>
    <dimen name="xxh_1795pixels">3141.25dp</dimen>
    <dimen name="xxh_1796pixels">3143dp</dimen>
    <dimen name="xxh_1797pixels">3144.75dp</dimen>
    <dimen name="xxh_1798pixels">3146.5dp</dimen>
    <dimen name="xxh_1799pixels">3148.25dp</dimen>
    <dimen name="xxh_1800pixels">3150dp</dimen>
    <dimen name="xxh_1801pixels">3151.75dp</dimen>
    <dimen name="xxh_1802pixels">3153.5dp</dimen>
    <dimen name="xxh_1803pixels">3155.25dp</dimen>
    <dimen name="xxh_1804pixels">3157dp</dimen>
    <dimen name="xxh_1805pixels">3158.75dp</dimen>
    <dimen name="xxh_1806pixels">3160.5dp</dimen>
    <dimen name="xxh_1807pixels">3162.25dp</dimen>
    <dimen name="xxh_1808pixels">3164dp</dimen>
    <dimen name="xxh_1809pixels">3165.75dp</dimen>
    <dimen name="xxh_1810pixels">3167.5dp</dimen>
    <dimen name="xxh_1811pixels">3169.25dp</dimen>
    <dimen name="xxh_1812pixels">3171dp</dimen>
    <dimen name="xxh_1813pixels">3172.75dp</dimen>
    <dimen name="xxh_1814pixels">3174.5dp</dimen>
    <dimen name="xxh_1815pixels">3176.25dp</dimen>
    <dimen name="xxh_1816pixels">3178dp</dimen>
    <dimen name="xxh_1817pixels">3179.75dp</dimen>
    <dimen name="xxh_1818pixels">3181.5dp</dimen>
    <dimen name="xxh_1819pixels">3183.25dp</dimen>
    <dimen name="xxh_1820pixels">3185dp</dimen>
    <dimen name="xxh_1821pixels">3186.75dp</dimen>
    <dimen name="xxh_1822pixels">3188.5dp</dimen>
    <dimen name="xxh_1823pixels">3190.25dp</dimen>
    <dimen name="xxh_1824pixels">3192dp</dimen>
    <dimen name="xxh_1825pixels">3193.75dp</dimen>
    <dimen name="xxh_1826pixels">3195.5dp</dimen>
    <dimen name="xxh_1827pixels">3197.25dp</dimen>
    <dimen name="xxh_1828pixels">3199dp</dimen>
    <dimen name="xxh_1829pixels">3200.75dp</dimen>
    <dimen name="xxh_1830pixels">3202.5dp</dimen>
    <dimen name="xxh_1831pixels">3204.25dp</dimen>
    <dimen name="xxh_1832pixels">3206dp</dimen>
    <dimen name="xxh_1833pixels">3207.75dp</dimen>
    <dimen name="xxh_1834pixels">3209.5dp</dimen>
    <dimen name="xxh_1835pixels">3211.25dp</dimen>
    <dimen name="xxh_1836pixels">3213dp</dimen>
    <dimen name="xxh_1837pixels">3214.75dp</dimen>
    <dimen name="xxh_1838pixels">3216.5dp</dimen>
    <dimen name="xxh_1839pixels">3218.25dp</dimen>
    <dimen name="xxh_1840pixels">3220dp</dimen>
    <dimen name="xxh_1841pixels">3221.75dp</dimen>
    <dimen name="xxh_1842pixels">3223.5dp</dimen>
    <dimen name="xxh_1843pixels">3225.25dp</dimen>
    <dimen name="xxh_1844pixels">3227dp</dimen>
    <dimen name="xxh_1845pixels">3228.75dp</dimen>
    <dimen name="xxh_1846pixels">3230.5dp</dimen>
    <dimen name="xxh_1847pixels">3232.25dp</dimen>
    <dimen name="xxh_1848pixels">3234dp</dimen>
    <dimen name="xxh_1849pixels">3235.75dp</dimen>
    <dimen name="xxh_1850pixels">3237.5dp</dimen>
    <dimen name="xxh_1851pixels">3239.25dp</dimen>
    <dimen name="xxh_1852pixels">3241dp</dimen>
    <dimen name="xxh_1853pixels">3242.75dp</dimen>
    <dimen name="xxh_1854pixels">3244.5dp</dimen>
    <dimen name="xxh_1855pixels">3246.25dp</dimen>
    <dimen name="xxh_1856pixels">3248dp</dimen>
    <dimen name="xxh_1857pixels">3249.75dp</dimen>
    <dimen name="xxh_1858pixels">3251.5dp</dimen>
    <dimen name="xxh_1859pixels">3253.25dp</dimen>
    <dimen name="xxh_1860pixels">3255dp</dimen>
    <dimen name="xxh_1861pixels">3256.75dp</dimen>
    <dimen name="xxh_1862pixels">3258.5dp</dimen>
    <dimen name="xxh_1863pixels">3260.25dp</dimen>
    <dimen name="xxh_1864pixels">3262dp</dimen>
    <dimen name="xxh_1865pixels">3263.75dp</dimen>
    <dimen name="xxh_1866pixels">3265.5dp</dimen>
    <dimen name="xxh_1867pixels">3267.25dp</dimen>
    <dimen name="xxh_1868pixels">3269dp</dimen>
    <dimen name="xxh_1869pixels">3270.75dp</dimen>
    <dimen name="xxh_1870pixels">3272.5dp</dimen>
    <dimen name="xxh_1871pixels">3274.25dp</dimen>
    <dimen name="xxh_1872pixels">3276dp</dimen>
    <dimen name="xxh_1873pixels">3277.75dp</dimen>
    <dimen name="xxh_1874pixels">3279.5dp</dimen>
    <dimen name="xxh_1875pixels">3281.25dp</dimen>
    <dimen name="xxh_1876pixels">3283dp</dimen>
    <dimen name="xxh_1877pixels">3284.75dp</dimen>
    <dimen name="xxh_1878pixels">3286.5dp</dimen>
    <dimen name="xxh_1879pixels">3288.25dp</dimen>
    <dimen name="xxh_1880pixels">3290dp</dimen>
    <dimen name="xxh_1881pixels">3291.75dp</dimen>
    <dimen name="xxh_1882pixels">3293.5dp</dimen>
    <dimen name="xxh_1883pixels">3295.25dp</dimen>
    <dimen name="xxh_1884pixels">3297dp</dimen>
    <dimen name="xxh_1885pixels">3298.75dp</dimen>
    <dimen name="xxh_1886pixels">3300.5dp</dimen>
    <dimen name="xxh_1887pixels">3302.25dp</dimen>
    <dimen name="xxh_1888pixels">3304dp</dimen>
    <dimen name="xxh_1889pixels">3305.75dp</dimen>
    <dimen name="xxh_1890pixels">3307.5dp</dimen>
    <dimen name="xxh_1891pixels">3309.25dp</dimen>
    <dimen name="xxh_1892pixels">3311dp</dimen>
    <dimen name="xxh_1893pixels">3312.75dp</dimen>
    <dimen name="xxh_1894pixels">3314.5dp</dimen>
    <dimen name="xxh_1895pixels">3316.25dp</dimen>
    <dimen name="xxh_1896pixels">3318dp</dimen>
    <dimen name="xxh_1897pixels">3319.75dp</dimen>
    <dimen name="xxh_1898pixels">3321.5dp</dimen>
    <dimen name="xxh_1899pixels">3323.25dp</dimen>
    <dimen name="xxh_1900pixels">3325dp</dimen>
    <dimen name="xxh_1901pixels">3326.75dp</dimen>
    <dimen name="xxh_1902pixels">3328.5dp</dimen>
    <dimen name="xxh_1903pixels">3330.25dp</dimen>
    <dimen name="xxh_1904pixels">3332dp</dimen>
    <dimen name="xxh_1905pixels">3333.75dp</dimen>
    <dimen name="xxh_1906pixels">3335.5dp</dimen>
    <dimen name="xxh_1907pixels">3337.25dp</dimen>
    <dimen name="xxh_1908pixels">3339dp</dimen>
    <dimen name="xxh_1909pixels">3340.75dp</dimen>
    <dimen name="xxh_1910pixels">3342.5dp</dimen>
    <dimen name="xxh_1911pixels">3344.25dp</dimen>
    <dimen name="xxh_1912pixels">3346dp</dimen>
    <dimen name="xxh_1913pixels">3347.75dp</dimen>
    <dimen name="xxh_1914pixels">3349.5dp</dimen>
    <dimen name="xxh_1915pixels">3351.25dp</dimen>
    <dimen name="xxh_1916pixels">3353dp</dimen>
    <dimen name="xxh_1917pixels">3354.75dp</dimen>
    <dimen name="xxh_1918pixels">3356.5dp</dimen>
    <dimen name="xxh_1919pixels">3358.25dp</dimen>
    <dimen name="xxh_1920pixels">3360dp</dimen>
    <dimen name="xxh_1921pixels">3361.75dp</dimen>
    <dimen name="xxh_1922pixels">3363.5dp</dimen>
    <dimen name="xxh_1923pixels">3365.25dp</dimen>
    <dimen name="xxh_1924pixels">3367dp</dimen>
    <dimen name="xxh_1925pixels">3368.75dp</dimen>
    <dimen name="xxh_1926pixels">3370.5dp</dimen>
    <dimen name="xxh_1927pixels">3372.25dp</dimen>
    <dimen name="xxh_1928pixels">3374dp</dimen>
    <dimen name="xxh_1929pixels">3375.75dp</dimen>
    <dimen name="xxh_1930pixels">3377.5dp</dimen>
    <dimen name="xxh_1931pixels">3379.25dp</dimen>
    <dimen name="xxh_1932pixels">3381dp</dimen>
    <dimen name="xxh_1933pixels">3382.75dp</dimen>
    <dimen name="xxh_1934pixels">3384.5dp</dimen>
    <dimen name="xxh_1935pixels">3386.25dp</dimen>
    <dimen name="xxh_1936pixels">3388dp</dimen>
    <dimen name="xxh_1937pixels">3389.75dp</dimen>
    <dimen name="xxh_1938pixels">3391.5dp</dimen>
    <dimen name="xxh_1939pixels">3393.25dp</dimen>
    <dimen name="xxh_1940pixels">3395dp</dimen>
    <dimen name="xxh_1941pixels">3396.75dp</dimen>
    <dimen name="xxh_1942pixels">3398.5dp</dimen>
    <dimen name="xxh_1943pixels">3400.25dp</dimen>
    <dimen name="xxh_1944pixels">3402dp</dimen>
    <dimen name="xxh_1945pixels">3403.75dp</dimen>
    <dimen name="xxh_1946pixels">3405.5dp</dimen>
    <dimen name="xxh_1947pixels">3407.25dp</dimen>
    <dimen name="xxh_1948pixels">3409dp</dimen>
    <dimen name="xxh_1949pixels">3410.75dp</dimen>
    <dimen name="xxh_1950pixels">3412.5dp</dimen>
    <dimen name="xxh_1951pixels">3414.25dp</dimen>
    <dimen name="xxh_1952pixels">3416dp</dimen>
    <dimen name="xxh_1953pixels">3417.75dp</dimen>
    <dimen name="xxh_1954pixels">3419.5dp</dimen>
    <dimen name="xxh_1955pixels">3421.25dp</dimen>
    <dimen name="xxh_1956pixels">3423dp</dimen>
    <dimen name="xxh_1957pixels">3424.75dp</dimen>
    <dimen name="xxh_1958pixels">3426.5dp</dimen>
    <dimen name="xxh_1959pixels">3428.25dp</dimen>
    <dimen name="xxh_1960pixels">3430dp</dimen>
    <dimen name="xxh_1961pixels">3431.75dp</dimen>
    <dimen name="xxh_1962pixels">3433.5dp</dimen>
    <dimen name="xxh_1963pixels">3435.25dp</dimen>
    <dimen name="xxh_1964pixels">3437dp</dimen>
    <dimen name="xxh_1965pixels">3438.75dp</dimen>
    <dimen name="xxh_1966pixels">3440.5dp</dimen>
    <dimen name="xxh_1967pixels">3442.25dp</dimen>
    <dimen name="xxh_1968pixels">3444dp</dimen>
    <dimen name="xxh_1969pixels">3445.75dp</dimen>
    <dimen name="xxh_1970pixels">3447.5dp</dimen>
    <dimen name="xxh_1971pixels">3449.25dp</dimen>
    <dimen name="xxh_1972pixels">3451dp</dimen>
    <dimen name="xxh_1973pixels">3452.75dp</dimen>
    <dimen name="xxh_1974pixels">3454.5dp</dimen>
    <dimen name="xxh_1975pixels">3456.25dp</dimen>
    <dimen name="xxh_1976pixels">3458dp</dimen>
    <dimen name="xxh_1977pixels">3459.75dp</dimen>
    <dimen name="xxh_1978pixels">3461.5dp</dimen>
    <dimen name="xxh_1979pixels">3463.25dp</dimen>
    <dimen name="xxh_1980pixels">3465dp</dimen>
    <dimen name="xxh_1981pixels">3466.75dp</dimen>
    <dimen name="xxh_1982pixels">3468.5dp</dimen>
    <dimen name="xxh_1983pixels">3470.25dp</dimen>
    <dimen name="xxh_1984pixels">3472dp</dimen>
    <dimen name="xxh_1985pixels">3473.75dp</dimen>
    <dimen name="xxh_1986pixels">3475.5dp</dimen>
    <dimen name="xxh_1987pixels">3477.25dp</dimen>
    <dimen name="xxh_1988pixels">3479dp</dimen>
    <dimen name="xxh_1989pixels">3480.75dp</dimen>
    <dimen name="xxh_1990pixels">3482.5dp</dimen>
    <dimen name="xxh_1991pixels">3484.25dp</dimen>
    <dimen name="xxh_1992pixels">3486dp</dimen>
    <dimen name="xxh_1993pixels">3487.75dp</dimen>
    <dimen name="xxh_1994pixels">3489.5dp</dimen>
    <dimen name="xxh_1995pixels">3491.25dp</dimen>
    <dimen name="xxh_1996pixels">3493dp</dimen>
    <dimen name="xxh_1997pixels">3494.75dp</dimen>
    <dimen name="xxh_1998pixels">3496.5dp</dimen>
    <dimen name="xxh_1999pixels">3498.25dp</dimen>
    <dimen name="xxh_2000pixels">3500dp</dimen>

</resources>