<?xml version="1.0" encoding="utf-8"?>
<resources>

    <dimen name="xxh_m130pixels">-97.5dp</dimen>
    <dimen name="xxh_m48pixels">-36dp</dimen>
    <dimen name="xxh_m42pixels">-31.5dp</dimen>
    <dimen name="xxh_m30pixels">-22.5dp</dimen>
    <dimen name="xxh_m26pixels">-19.5dp</dimen>
    <dimen name="xxh_m25pixels">-18.75dp</dimen>
    <dimen name="xxh_m24pixels">-18dp</dimen>
    <dimen name="xxh_m23pixels">-17.25dp</dimen>
    <dimen name="xxh_m21pixels">-15.75dp</dimen>
    <dimen name="xxh_m20pixels">-15dp</dimen>
    <dimen name="xxh_m18pixels">-13.5dp</dimen>
    <dimen name="xxh_m16pixels">-12dp</dimen>
    <dimen name="xxh_m14pixels">-10.5dp</dimen>
    <dimen name="xxh_m10pixels">-7.5dp</dimen>
    <dimen name="xxh_m8pixels">-6dp</dimen>
    <dimen name="xxh_m5pixels">-3.75dp</dimen>
    <dimen name="xxh_m1pixels">-0.75dp</dimen>

    <dimen name="xxh_1pixels">0.75dp</dimen>
    <dimen name="xxh_2pixels">1.5dp</dimen>
    <dimen name="xxh_3pixels">2.25dp</dimen>
    <dimen name="xxh_4pixels">3dp</dimen>
    <dimen name="xxh_5pixels">3.75dp</dimen>
    <dimen name="xxh_6pixels">4.5dp</dimen>
    <dimen name="xxh_7pixels">5.25dp</dimen>
    <dimen name="xxh_8pixels">6dp</dimen>
    <dimen name="xxh_9pixels">6.75dp</dimen>
    <dimen name="xxh_10pixels">7.5dp</dimen>
    <dimen name="xxh_11pixels">8.25dp</dimen>
    <dimen name="xxh_12pixels">9dp</dimen>
    <dimen name="xxh_13pixels">9.75dp</dimen>
    <dimen name="xxh_14pixels">10.5dp</dimen>
    <dimen name="xxh_15pixels">11.25dp</dimen>
    <dimen name="xxh_16pixels">12dp</dimen>
    <dimen name="xxh_17pixels">12.75dp</dimen>
    <dimen name="xxh_18pixels">13.5dp</dimen>
    <dimen name="xxh_19pixels">14.25dp</dimen>
    <dimen name="xxh_20pixels">15dp</dimen>
    <dimen name="xxh_21pixels">15.75dp</dimen>
    <dimen name="xxh_22pixels">16.5dp</dimen>
    <dimen name="xxh_23pixels">17.25dp</dimen>
    <dimen name="xxh_24pixels">18dp</dimen>
    <dimen name="xxh_25pixels">18.75dp</dimen>
    <dimen name="xxh_26pixels">19.5dp</dimen>
    <dimen name="xxh_27pixels">20.25dp</dimen>
    <dimen name="xxh_28pixels">21dp</dimen>
    <dimen name="xxh_29pixels">21.75dp</dimen>
    <dimen name="xxh_30pixels">22.5dp</dimen>
    <dimen name="xxh_31pixels">23.25dp</dimen>
    <dimen name="xxh_32pixels">24dp</dimen>
    <dimen name="xxh_33pixels">24.75dp</dimen>
    <dimen name="xxh_34pixels">25.5dp</dimen>
    <dimen name="xxh_35pixels">26.25dp</dimen>
    <dimen name="xxh_36pixels">27dp</dimen>
    <dimen name="xxh_37pixels">27.75dp</dimen>
    <dimen name="xxh_38pixels">28.5dp</dimen>
    <dimen name="xxh_39pixels">29.25dp</dimen>
    <dimen name="xxh_40pixels">30dp</dimen>
    <dimen name="xxh_41pixels">30.75dp</dimen>
    <dimen name="xxh_42pixels">31.5dp</dimen>
    <dimen name="xxh_43pixels">32.25dp</dimen>
    <dimen name="xxh_44pixels">33dp</dimen>
    <dimen name="xxh_45pixels">33.75dp</dimen>
    <dimen name="xxh_46pixels">34.5dp</dimen>
    <dimen name="xxh_47pixels">35.25dp</dimen>
    <dimen name="xxh_48pixels">36dp</dimen>
    <dimen name="xxh_49pixels">36.75dp</dimen>
    <dimen name="xxh_50pixels">37.5dp</dimen>
    <dimen name="xxh_51pixels">38.25dp</dimen>
    <dimen name="xxh_52pixels">39dp</dimen>
    <dimen name="xxh_53pixels">39.75dp</dimen>
    <dimen name="xxh_54pixels">40.5dp</dimen>
    <dimen name="xxh_55pixels">41.25dp</dimen>
    <dimen name="xxh_56pixels">42dp</dimen>
    <dimen name="xxh_57pixels">42.75dp</dimen>
    <dimen name="xxh_58pixels">43.5dp</dimen>
    <dimen name="xxh_59pixels">44.25dp</dimen>
    <dimen name="xxh_60pixels">45dp</dimen>
    <dimen name="xxh_61pixels">45.75dp</dimen>
    <dimen name="xxh_62pixels">46.5dp</dimen>
    <dimen name="xxh_63pixels">47.25dp</dimen>
    <dimen name="xxh_64pixels">48dp</dimen>
    <dimen name="xxh_65pixels">48.75dp</dimen>
    <dimen name="xxh_66pixels">49.5dp</dimen>
    <dimen name="xxh_67pixels">50.25dp</dimen>
    <dimen name="xxh_68pixels">51dp</dimen>
    <dimen name="xxh_69pixels">51.75dp</dimen>
    <dimen name="xxh_70pixels">52.5dp</dimen>
    <dimen name="xxh_71pixels">53.25dp</dimen>
    <dimen name="xxh_72pixels">54dp</dimen>
    <dimen name="xxh_73pixels">54.75dp</dimen>
    <dimen name="xxh_74pixels">55.5dp</dimen>
    <dimen name="xxh_75pixels">56.25dp</dimen>
    <dimen name="xxh_76pixels">57dp</dimen>
    <dimen name="xxh_77pixels">57.75dp</dimen>
    <dimen name="xxh_78pixels">58.5dp</dimen>
    <dimen name="xxh_79pixels">59.25dp</dimen>
    <dimen name="xxh_80pixels">60dp</dimen>
    <dimen name="xxh_81pixels">60.75dp</dimen>
    <dimen name="xxh_82pixels">61.5dp</dimen>
    <dimen name="xxh_83pixels">62.25dp</dimen>
    <dimen name="xxh_84pixels">63dp</dimen>
    <dimen name="xxh_85pixels">63.75dp</dimen>
    <dimen name="xxh_86pixels">64.5dp</dimen>
    <dimen name="xxh_87pixels">65.25dp</dimen>
    <dimen name="xxh_88pixels">66dp</dimen>
    <dimen name="xxh_89pixels">66.75dp</dimen>
    <dimen name="xxh_90pixels">67.5dp</dimen>
    <dimen name="xxh_91pixels">68.25dp</dimen>
    <dimen name="xxh_92pixels">69dp</dimen>
    <dimen name="xxh_93pixels">69.75dp</dimen>
    <dimen name="xxh_94pixels">70.5dp</dimen>
    <dimen name="xxh_95pixels">71.25dp</dimen>
    <dimen name="xxh_96pixels">72dp</dimen>
    <dimen name="xxh_97pixels">72.75dp</dimen>
    <dimen name="xxh_98pixels">73.5dp</dimen>
    <dimen name="xxh_99pixels">74.25dp</dimen>
    <dimen name="xxh_100pixels">75dp</dimen>
    <dimen name="xxh_101pixels">75.75dp</dimen>
    <dimen name="xxh_102pixels">76.5dp</dimen>
    <dimen name="xxh_103pixels">77.25dp</dimen>
    <dimen name="xxh_104pixels">78dp</dimen>
    <dimen name="xxh_105pixels">78.75dp</dimen>
    <dimen name="xxh_106pixels">79.5dp</dimen>
    <dimen name="xxh_107pixels">80.25dp</dimen>
    <dimen name="xxh_108pixels">81dp</dimen>
    <dimen name="xxh_109pixels">81.75dp</dimen>
    <dimen name="xxh_110pixels">82.5dp</dimen>
    <dimen name="xxh_111pixels">83.25dp</dimen>
    <dimen name="xxh_112pixels">84dp</dimen>
    <dimen name="xxh_113pixels">84.75dp</dimen>
    <dimen name="xxh_114pixels">85.5dp</dimen>
    <dimen name="xxh_115pixels">86.25dp</dimen>
    <dimen name="xxh_116pixels">87dp</dimen>
    <dimen name="xxh_117pixels">87.75dp</dimen>
    <dimen name="xxh_118pixels">88.5dp</dimen>
    <dimen name="xxh_119pixels">89.25dp</dimen>
    <dimen name="xxh_120pixels">90dp</dimen>
    <dimen name="xxh_121pixels">90.75dp</dimen>
    <dimen name="xxh_122pixels">91.5dp</dimen>
    <dimen name="xxh_123pixels">92.25dp</dimen>
    <dimen name="xxh_124pixels">93dp</dimen>
    <dimen name="xxh_125pixels">93.75dp</dimen>
    <dimen name="xxh_126pixels">94.5dp</dimen>
    <dimen name="xxh_127pixels">95.25dp</dimen>
    <dimen name="xxh_128pixels">96dp</dimen>
    <dimen name="xxh_129pixels">96.75dp</dimen>
    <dimen name="xxh_130pixels">97.5dp</dimen>
    <dimen name="xxh_131pixels">98.25dp</dimen>
    <dimen name="xxh_132pixels">99dp</dimen>
    <dimen name="xxh_133pixels">99.75dp</dimen>
    <dimen name="xxh_134pixels">100.5dp</dimen>
    <dimen name="xxh_135pixels">101.25dp</dimen>
    <dimen name="xxh_136pixels">102dp</dimen>
    <dimen name="xxh_137pixels">102.75dp</dimen>
    <dimen name="xxh_138pixels">103.5dp</dimen>
    <dimen name="xxh_139pixels">104.25dp</dimen>
    <dimen name="xxh_140pixels">105dp</dimen>
    <dimen name="xxh_141pixels">105.75dp</dimen>
    <dimen name="xxh_142pixels">106.5dp</dimen>
    <dimen name="xxh_143pixels">107.25dp</dimen>
    <dimen name="xxh_144pixels">108dp</dimen>
    <dimen name="xxh_145pixels">108.75dp</dimen>
    <dimen name="xxh_146pixels">109.5dp</dimen>
    <dimen name="xxh_147pixels">110.25dp</dimen>
    <dimen name="xxh_148pixels">111dp</dimen>
    <dimen name="xxh_149pixels">111.75dp</dimen>
    <dimen name="xxh_150pixels">112.5dp</dimen>
    <dimen name="xxh_151pixels">113.25dp</dimen>
    <dimen name="xxh_152pixels">114dp</dimen>
    <dimen name="xxh_153pixels">114.75dp</dimen>
    <dimen name="xxh_154pixels">115.5dp</dimen>
    <dimen name="xxh_155pixels">116.25dp</dimen>
    <dimen name="xxh_156pixels">117dp</dimen>
    <dimen name="xxh_157pixels">117.75dp</dimen>
    <dimen name="xxh_158pixels">118.5dp</dimen>
    <dimen name="xxh_159pixels">119.25dp</dimen>
    <dimen name="xxh_160pixels">120dp</dimen>
    <dimen name="xxh_161pixels">120.75dp</dimen>
    <dimen name="xxh_162pixels">121.5dp</dimen>
    <dimen name="xxh_163pixels">122.25dp</dimen>
    <dimen name="xxh_164pixels">123dp</dimen>
    <dimen name="xxh_165pixels">123.75dp</dimen>
    <dimen name="xxh_166pixels">124.5dp</dimen>
    <dimen name="xxh_167pixels">125.25dp</dimen>
    <dimen name="xxh_168pixels">126dp</dimen>
    <dimen name="xxh_169pixels">126.75dp</dimen>
    <dimen name="xxh_170pixels">127.5dp</dimen>
    <dimen name="xxh_171pixels">128.25dp</dimen>
    <dimen name="xxh_172pixels">129dp</dimen>
    <dimen name="xxh_173pixels">129.75dp</dimen>
    <dimen name="xxh_174pixels">130.5dp</dimen>
    <dimen name="xxh_175pixels">131.25dp</dimen>
    <dimen name="xxh_176pixels">132dp</dimen>
    <dimen name="xxh_177pixels">132.75dp</dimen>
    <dimen name="xxh_178pixels">133.5dp</dimen>
    <dimen name="xxh_179pixels">134.25dp</dimen>
    <dimen name="xxh_180pixels">135dp</dimen>
    <dimen name="xxh_181pixels">135.75dp</dimen>
    <dimen name="xxh_182pixels">136.5dp</dimen>
    <dimen name="xxh_183pixels">137.25dp</dimen>
    <dimen name="xxh_184pixels">138dp</dimen>
    <dimen name="xxh_185pixels">138.75dp</dimen>
    <dimen name="xxh_186pixels">139.5dp</dimen>
    <dimen name="xxh_187pixels">140.25dp</dimen>
    <dimen name="xxh_188pixels">141dp</dimen>
    <dimen name="xxh_189pixels">141.75dp</dimen>
    <dimen name="xxh_190pixels">142.5dp</dimen>
    <dimen name="xxh_191pixels">143.25dp</dimen>
    <dimen name="xxh_192pixels">144dp</dimen>
    <dimen name="xxh_193pixels">144.75dp</dimen>
    <dimen name="xxh_194pixels">145.5dp</dimen>
    <dimen name="xxh_195pixels">146.25dp</dimen>
    <dimen name="xxh_196pixels">147dp</dimen>
    <dimen name="xxh_197pixels">147.75dp</dimen>
    <dimen name="xxh_198pixels">148.5dp</dimen>
    <dimen name="xxh_199pixels">149.25dp</dimen>
    <dimen name="xxh_200pixels">150dp</dimen>
    <dimen name="xxh_201pixels">150.75dp</dimen>
    <dimen name="xxh_202pixels">151.5dp</dimen>
    <dimen name="xxh_203pixels">152.25dp</dimen>
    <dimen name="xxh_204pixels">153dp</dimen>
    <dimen name="xxh_205pixels">153.75dp</dimen>
    <dimen name="xxh_206pixels">154.5dp</dimen>
    <dimen name="xxh_207pixels">155.25dp</dimen>
    <dimen name="xxh_208pixels">156dp</dimen>
    <dimen name="xxh_209pixels">156.75dp</dimen>
    <dimen name="xxh_210pixels">157.5dp</dimen>
    <dimen name="xxh_211pixels">158.25dp</dimen>
    <dimen name="xxh_212pixels">159dp</dimen>
    <dimen name="xxh_213pixels">159.75dp</dimen>
    <dimen name="xxh_214pixels">160.5dp</dimen>
    <dimen name="xxh_215pixels">161.25dp</dimen>
    <dimen name="xxh_216pixels">162dp</dimen>
    <dimen name="xxh_217pixels">162.75dp</dimen>
    <dimen name="xxh_218pixels">163.5dp</dimen>
    <dimen name="xxh_219pixels">164.25dp</dimen>
    <dimen name="xxh_220pixels">165dp</dimen>
    <dimen name="xxh_221pixels">165.75dp</dimen>
    <dimen name="xxh_222pixels">166.5dp</dimen>
    <dimen name="xxh_223pixels">167.25dp</dimen>
    <dimen name="xxh_224pixels">168dp</dimen>
    <dimen name="xxh_225pixels">168.75dp</dimen>
    <dimen name="xxh_226pixels">169.5dp</dimen>
    <dimen name="xxh_227pixels">170.25dp</dimen>
    <dimen name="xxh_228pixels">171dp</dimen>
    <dimen name="xxh_229pixels">171.75dp</dimen>
    <dimen name="xxh_230pixels">172.5dp</dimen>
    <dimen name="xxh_231pixels">173.25dp</dimen>
    <dimen name="xxh_232pixels">174dp</dimen>
    <dimen name="xxh_233pixels">174.75dp</dimen>
    <dimen name="xxh_234pixels">175.5dp</dimen>
    <dimen name="xxh_235pixels">176.25dp</dimen>
    <dimen name="xxh_236pixels">177dp</dimen>
    <dimen name="xxh_237pixels">177.75dp</dimen>
    <dimen name="xxh_238pixels">178.5dp</dimen>
    <dimen name="xxh_239pixels">179.25dp</dimen>
    <dimen name="xxh_240pixels">180dp</dimen>
    <dimen name="xxh_241pixels">180.75dp</dimen>
    <dimen name="xxh_242pixels">181.5dp</dimen>
    <dimen name="xxh_243pixels">182.25dp</dimen>
    <dimen name="xxh_244pixels">183dp</dimen>
    <dimen name="xxh_245pixels">183.75dp</dimen>
    <dimen name="xxh_246pixels">184.5dp</dimen>
    <dimen name="xxh_247pixels">185.25dp</dimen>
    <dimen name="xxh_248pixels">186dp</dimen>
    <dimen name="xxh_249pixels">186.75dp</dimen>
    <dimen name="xxh_250pixels">187.5dp</dimen>
    <dimen name="xxh_251pixels">188.25dp</dimen>
    <dimen name="xxh_252pixels">189dp</dimen>
    <dimen name="xxh_253pixels">189.75dp</dimen>
    <dimen name="xxh_254pixels">190.5dp</dimen>
    <dimen name="xxh_255pixels">191.25dp</dimen>
    <dimen name="xxh_256pixels">192dp</dimen>
    <dimen name="xxh_257pixels">192.75dp</dimen>
    <dimen name="xxh_258pixels">193.5dp</dimen>
    <dimen name="xxh_259pixels">194.25dp</dimen>
    <dimen name="xxh_260pixels">195dp</dimen>
    <dimen name="xxh_261pixels">195.75dp</dimen>
    <dimen name="xxh_262pixels">196.5dp</dimen>
    <dimen name="xxh_263pixels">197.25dp</dimen>
    <dimen name="xxh_264pixels">198dp</dimen>
    <dimen name="xxh_265pixels">198.75dp</dimen>
    <dimen name="xxh_266pixels">199.5dp</dimen>
    <dimen name="xxh_267pixels">200.25dp</dimen>
    <dimen name="xxh_268pixels">201dp</dimen>
    <dimen name="xxh_269pixels">201.75dp</dimen>
    <dimen name="xxh_270pixels">202.5dp</dimen>
    <dimen name="xxh_271pixels">203.25dp</dimen>
    <dimen name="xxh_272pixels">204dp</dimen>
    <dimen name="xxh_273pixels">204.75dp</dimen>
    <dimen name="xxh_274pixels">205.5dp</dimen>
    <dimen name="xxh_275pixels">206.25dp</dimen>
    <dimen name="xxh_276pixels">207dp</dimen>
    <dimen name="xxh_277pixels">207.75dp</dimen>
    <dimen name="xxh_278pixels">208.5dp</dimen>
    <dimen name="xxh_279pixels">209.25dp</dimen>
    <dimen name="xxh_280pixels">210dp</dimen>
    <dimen name="xxh_281pixels">210.75dp</dimen>
    <dimen name="xxh_282pixels">211.5dp</dimen>
    <dimen name="xxh_283pixels">212.25dp</dimen>
    <dimen name="xxh_284pixels">213dp</dimen>
    <dimen name="xxh_285pixels">213.75dp</dimen>
    <dimen name="xxh_286pixels">214.5dp</dimen>
    <dimen name="xxh_287pixels">215.25dp</dimen>
    <dimen name="xxh_288pixels">216dp</dimen>
    <dimen name="xxh_289pixels">216.75dp</dimen>
    <dimen name="xxh_290pixels">217.5dp</dimen>
    <dimen name="xxh_291pixels">218.25dp</dimen>
    <dimen name="xxh_292pixels">219dp</dimen>
    <dimen name="xxh_293pixels">219.75dp</dimen>
    <dimen name="xxh_294pixels">220.5dp</dimen>
    <dimen name="xxh_295pixels">221.25dp</dimen>
    <dimen name="xxh_296pixels">222dp</dimen>
    <dimen name="xxh_297pixels">222.75dp</dimen>
    <dimen name="xxh_298pixels">223.5dp</dimen>
    <dimen name="xxh_299pixels">224.25dp</dimen>
    <dimen name="xxh_300pixels">225dp</dimen>
    <dimen name="xxh_301pixels">225.75dp</dimen>
    <dimen name="xxh_302pixels">226.5dp</dimen>
    <dimen name="xxh_303pixels">227.25dp</dimen>
    <dimen name="xxh_304pixels">228dp</dimen>
    <dimen name="xxh_305pixels">228.75dp</dimen>
    <dimen name="xxh_306pixels">229.5dp</dimen>
    <dimen name="xxh_307pixels">230.25dp</dimen>
    <dimen name="xxh_308pixels">231dp</dimen>
    <dimen name="xxh_309pixels">231.75dp</dimen>
    <dimen name="xxh_310pixels">232.5dp</dimen>
    <dimen name="xxh_311pixels">233.25dp</dimen>
    <dimen name="xxh_312pixels">234dp</dimen>
    <dimen name="xxh_313pixels">234.75dp</dimen>
    <dimen name="xxh_314pixels">235.5dp</dimen>
    <dimen name="xxh_315pixels">236.25dp</dimen>
    <dimen name="xxh_316pixels">237dp</dimen>
    <dimen name="xxh_317pixels">237.75dp</dimen>
    <dimen name="xxh_318pixels">238.5dp</dimen>
    <dimen name="xxh_319pixels">239.25dp</dimen>
    <dimen name="xxh_320pixels">240dp</dimen>
    <dimen name="xxh_321pixels">240.75dp</dimen>
    <dimen name="xxh_322pixels">241.5dp</dimen>
    <dimen name="xxh_323pixels">242.25dp</dimen>
    <dimen name="xxh_324pixels">243dp</dimen>
    <dimen name="xxh_325pixels">243.75dp</dimen>
    <dimen name="xxh_326pixels">244.5dp</dimen>
    <dimen name="xxh_327pixels">245.25dp</dimen>
    <dimen name="xxh_328pixels">246dp</dimen>
    <dimen name="xxh_329pixels">246.75dp</dimen>
    <dimen name="xxh_330pixels">247.5dp</dimen>
    <dimen name="xxh_331pixels">248.25dp</dimen>
    <dimen name="xxh_332pixels">249dp</dimen>
    <dimen name="xxh_333pixels">249.75dp</dimen>
    <dimen name="xxh_334pixels">250.5dp</dimen>
    <dimen name="xxh_335pixels">251.25dp</dimen>
    <dimen name="xxh_336pixels">252dp</dimen>
    <dimen name="xxh_337pixels">252.75dp</dimen>
    <dimen name="xxh_338pixels">253.5dp</dimen>
    <dimen name="xxh_339pixels">254.25dp</dimen>
    <dimen name="xxh_340pixels">255dp</dimen>
    <dimen name="xxh_341pixels">255.75dp</dimen>
    <dimen name="xxh_342pixels">256.5dp</dimen>
    <dimen name="xxh_343pixels">257.25dp</dimen>
    <dimen name="xxh_344pixels">258dp</dimen>
    <dimen name="xxh_345pixels">258.75dp</dimen>
    <dimen name="xxh_346pixels">259.5dp</dimen>
    <dimen name="xxh_347pixels">260.25dp</dimen>
    <dimen name="xxh_348pixels">261dp</dimen>
    <dimen name="xxh_349pixels">261.75dp</dimen>
    <dimen name="xxh_350pixels">262.5dp</dimen>
    <dimen name="xxh_351pixels">263.25dp</dimen>
    <dimen name="xxh_352pixels">264dp</dimen>
    <dimen name="xxh_353pixels">264.75dp</dimen>
    <dimen name="xxh_354pixels">265.5dp</dimen>
    <dimen name="xxh_355pixels">266.25dp</dimen>
    <dimen name="xxh_356pixels">267dp</dimen>
    <dimen name="xxh_357pixels">267.75dp</dimen>
    <dimen name="xxh_358pixels">268.5dp</dimen>
    <dimen name="xxh_359pixels">269.25dp</dimen>
    <dimen name="xxh_360pixels">270dp</dimen>
    <dimen name="xxh_361pixels">270.75dp</dimen>
    <dimen name="xxh_362pixels">271.5dp</dimen>
    <dimen name="xxh_363pixels">272.25dp</dimen>
    <dimen name="xxh_364pixels">273dp</dimen>
    <dimen name="xxh_365pixels">273.75dp</dimen>
    <dimen name="xxh_366pixels">274.5dp</dimen>
    <dimen name="xxh_367pixels">275.25dp</dimen>
    <dimen name="xxh_368pixels">276dp</dimen>
    <dimen name="xxh_369pixels">276.75dp</dimen>
    <dimen name="xxh_370pixels">277.5dp</dimen>
    <dimen name="xxh_371pixels">278.25dp</dimen>
    <dimen name="xxh_372pixels">279dp</dimen>
    <dimen name="xxh_373pixels">279.75dp</dimen>
    <dimen name="xxh_374pixels">280.5dp</dimen>
    <dimen name="xxh_375pixels">281.25dp</dimen>
    <dimen name="xxh_376pixels">282dp</dimen>
    <dimen name="xxh_377pixels">282.75dp</dimen>
    <dimen name="xxh_378pixels">283.5dp</dimen>
    <dimen name="xxh_379pixels">284.25dp</dimen>
    <dimen name="xxh_380pixels">285dp</dimen>
    <dimen name="xxh_381pixels">285.75dp</dimen>
    <dimen name="xxh_382pixels">286.5dp</dimen>
    <dimen name="xxh_383pixels">287.25dp</dimen>
    <dimen name="xxh_384pixels">288dp</dimen>
    <dimen name="xxh_385pixels">288.75dp</dimen>
    <dimen name="xxh_386pixels">289.5dp</dimen>
    <dimen name="xxh_387pixels">290.25dp</dimen>
    <dimen name="xxh_388pixels">291dp</dimen>
    <dimen name="xxh_389pixels">291.75dp</dimen>
    <dimen name="xxh_390pixels">292.5dp</dimen>
    <dimen name="xxh_391pixels">293.25dp</dimen>
    <dimen name="xxh_392pixels">294dp</dimen>
    <dimen name="xxh_393pixels">294.75dp</dimen>
    <dimen name="xxh_394pixels">295.5dp</dimen>
    <dimen name="xxh_395pixels">296.25dp</dimen>
    <dimen name="xxh_396pixels">297dp</dimen>
    <dimen name="xxh_397pixels">297.75dp</dimen>
    <dimen name="xxh_398pixels">298.5dp</dimen>
    <dimen name="xxh_399pixels">299.25dp</dimen>
    <dimen name="xxh_400pixels">300dp</dimen>
    <dimen name="xxh_401pixels">300.75dp</dimen>
    <dimen name="xxh_402pixels">301.5dp</dimen>
    <dimen name="xxh_403pixels">302.25dp</dimen>
    <dimen name="xxh_404pixels">303dp</dimen>
    <dimen name="xxh_405pixels">303.75dp</dimen>
    <dimen name="xxh_406pixels">304.5dp</dimen>
    <dimen name="xxh_407pixels">305.25dp</dimen>
    <dimen name="xxh_408pixels">306dp</dimen>
    <dimen name="xxh_409pixels">306.75dp</dimen>
    <dimen name="xxh_410pixels">307.5dp</dimen>
    <dimen name="xxh_411pixels">308.25dp</dimen>
    <dimen name="xxh_412pixels">309dp</dimen>
    <dimen name="xxh_413pixels">309.75dp</dimen>
    <dimen name="xxh_414pixels">310.5dp</dimen>
    <dimen name="xxh_415pixels">311.25dp</dimen>
    <dimen name="xxh_416pixels">312dp</dimen>
    <dimen name="xxh_417pixels">312.75dp</dimen>
    <dimen name="xxh_418pixels">313.5dp</dimen>
    <dimen name="xxh_419pixels">314.25dp</dimen>
    <dimen name="xxh_420pixels">315dp</dimen>
    <dimen name="xxh_421pixels">315.75dp</dimen>
    <dimen name="xxh_422pixels">316.5dp</dimen>
    <dimen name="xxh_423pixels">317.25dp</dimen>
    <dimen name="xxh_424pixels">318dp</dimen>
    <dimen name="xxh_425pixels">318.75dp</dimen>
    <dimen name="xxh_426pixels">319.5dp</dimen>
    <dimen name="xxh_427pixels">320.25dp</dimen>
    <dimen name="xxh_428pixels">321dp</dimen>
    <dimen name="xxh_429pixels">321.75dp</dimen>
    <dimen name="xxh_430pixels">322.5dp</dimen>
    <dimen name="xxh_431pixels">323.25dp</dimen>
    <dimen name="xxh_432pixels">324dp</dimen>
    <dimen name="xxh_433pixels">324.75dp</dimen>
    <dimen name="xxh_434pixels">325.5dp</dimen>
    <dimen name="xxh_435pixels">326.25dp</dimen>
    <dimen name="xxh_436pixels">327dp</dimen>
    <dimen name="xxh_437pixels">327.75dp</dimen>
    <dimen name="xxh_438pixels">328.5dp</dimen>
    <dimen name="xxh_439pixels">329.25dp</dimen>
    <dimen name="xxh_440pixels">330dp</dimen>
    <dimen name="xxh_441pixels">330.75dp</dimen>
    <dimen name="xxh_442pixels">331.5dp</dimen>
    <dimen name="xxh_443pixels">332.25dp</dimen>
    <dimen name="xxh_444pixels">333dp</dimen>
    <dimen name="xxh_445pixels">333.75dp</dimen>
    <dimen name="xxh_446pixels">334.5dp</dimen>
    <dimen name="xxh_447pixels">335.25dp</dimen>
    <dimen name="xxh_448pixels">336dp</dimen>
    <dimen name="xxh_449pixels">336.75dp</dimen>
    <dimen name="xxh_450pixels">337.5dp</dimen>
    <dimen name="xxh_451pixels">338.25dp</dimen>
    <dimen name="xxh_452pixels">339dp</dimen>
    <dimen name="xxh_453pixels">339.75dp</dimen>
    <dimen name="xxh_454pixels">340.5dp</dimen>
    <dimen name="xxh_455pixels">341.25dp</dimen>
    <dimen name="xxh_456pixels">342dp</dimen>
    <dimen name="xxh_457pixels">342.75dp</dimen>
    <dimen name="xxh_458pixels">343.5dp</dimen>
    <dimen name="xxh_459pixels">344.25dp</dimen>
    <dimen name="xxh_460pixels">345dp</dimen>
    <dimen name="xxh_461pixels">345.75dp</dimen>
    <dimen name="xxh_462pixels">346.5dp</dimen>
    <dimen name="xxh_463pixels">347.25dp</dimen>
    <dimen name="xxh_464pixels">348dp</dimen>
    <dimen name="xxh_465pixels">348.75dp</dimen>
    <dimen name="xxh_466pixels">349.5dp</dimen>
    <dimen name="xxh_467pixels">350.25dp</dimen>
    <dimen name="xxh_468pixels">351dp</dimen>
    <dimen name="xxh_469pixels">351.75dp</dimen>
    <dimen name="xxh_470pixels">352.5dp</dimen>
    <dimen name="xxh_471pixels">353.25dp</dimen>
    <dimen name="xxh_472pixels">354dp</dimen>
    <dimen name="xxh_473pixels">354.75dp</dimen>
    <dimen name="xxh_474pixels">355.5dp</dimen>
    <dimen name="xxh_475pixels">356.25dp</dimen>
    <dimen name="xxh_476pixels">357dp</dimen>
    <dimen name="xxh_477pixels">357.75dp</dimen>
    <dimen name="xxh_478pixels">358.5dp</dimen>
    <dimen name="xxh_479pixels">359.25dp</dimen>
    <dimen name="xxh_480pixels">360dp</dimen>
    <dimen name="xxh_481pixels">360.75dp</dimen>
    <dimen name="xxh_482pixels">361.5dp</dimen>
    <dimen name="xxh_483pixels">362.25dp</dimen>
    <dimen name="xxh_484pixels">363dp</dimen>
    <dimen name="xxh_485pixels">363.75dp</dimen>
    <dimen name="xxh_486pixels">364.5dp</dimen>
    <dimen name="xxh_487pixels">365.25dp</dimen>
    <dimen name="xxh_488pixels">366dp</dimen>
    <dimen name="xxh_489pixels">366.75dp</dimen>
    <dimen name="xxh_490pixels">367.5dp</dimen>
    <dimen name="xxh_491pixels">368.25dp</dimen>
    <dimen name="xxh_492pixels">369dp</dimen>
    <dimen name="xxh_493pixels">369.75dp</dimen>
    <dimen name="xxh_494pixels">370.5dp</dimen>
    <dimen name="xxh_495pixels">371.25dp</dimen>
    <dimen name="xxh_496pixels">372dp</dimen>
    <dimen name="xxh_497pixels">372.75dp</dimen>
    <dimen name="xxh_498pixels">373.5dp</dimen>
    <dimen name="xxh_499pixels">374.25dp</dimen>
    <dimen name="xxh_500pixels">375dp</dimen>
    <dimen name="xxh_501pixels">375.75dp</dimen>
    <dimen name="xxh_502pixels">376.5dp</dimen>
    <dimen name="xxh_503pixels">377.25dp</dimen>
    <dimen name="xxh_504pixels">378dp</dimen>
    <dimen name="xxh_505pixels">378.75dp</dimen>
    <dimen name="xxh_506pixels">379.5dp</dimen>
    <dimen name="xxh_507pixels">380.25dp</dimen>
    <dimen name="xxh_508pixels">381dp</dimen>
    <dimen name="xxh_509pixels">381.75dp</dimen>
    <dimen name="xxh_510pixels">382.5dp</dimen>
    <dimen name="xxh_511pixels">383.25dp</dimen>
    <dimen name="xxh_512pixels">384dp</dimen>
    <dimen name="xxh_513pixels">384.75dp</dimen>
    <dimen name="xxh_514pixels">385.5dp</dimen>
    <dimen name="xxh_515pixels">386.25dp</dimen>
    <dimen name="xxh_516pixels">387dp</dimen>
    <dimen name="xxh_517pixels">387.75dp</dimen>
    <dimen name="xxh_518pixels">388.5dp</dimen>
    <dimen name="xxh_519pixels">389.25dp</dimen>
    <dimen name="xxh_520pixels">390dp</dimen>
    <dimen name="xxh_521pixels">390.75dp</dimen>
    <dimen name="xxh_522pixels">391.5dp</dimen>
    <dimen name="xxh_523pixels">392.25dp</dimen>
    <dimen name="xxh_524pixels">393dp</dimen>
    <dimen name="xxh_525pixels">393.75dp</dimen>
    <dimen name="xxh_526pixels">394.5dp</dimen>
    <dimen name="xxh_527pixels">395.25dp</dimen>
    <dimen name="xxh_528pixels">396dp</dimen>
    <dimen name="xxh_529pixels">396.75dp</dimen>
    <dimen name="xxh_530pixels">397.5dp</dimen>
    <dimen name="xxh_531pixels">398.25dp</dimen>
    <dimen name="xxh_532pixels">399dp</dimen>
    <dimen name="xxh_533pixels">399.75dp</dimen>
    <dimen name="xxh_534pixels">400.5dp</dimen>
    <dimen name="xxh_535pixels">401.25dp</dimen>
    <dimen name="xxh_536pixels">402dp</dimen>
    <dimen name="xxh_537pixels">402.75dp</dimen>
    <dimen name="xxh_538pixels">403.5dp</dimen>
    <dimen name="xxh_539pixels">404.25dp</dimen>
    <dimen name="xxh_540pixels">405dp</dimen>
    <dimen name="xxh_541pixels">405.75dp</dimen>
    <dimen name="xxh_542pixels">406.5dp</dimen>
    <dimen name="xxh_543pixels">407.25dp</dimen>
    <dimen name="xxh_544pixels">408dp</dimen>
    <dimen name="xxh_545pixels">408.75dp</dimen>
    <dimen name="xxh_546pixels">409.5dp</dimen>
    <dimen name="xxh_547pixels">410.25dp</dimen>
    <dimen name="xxh_548pixels">411dp</dimen>
    <dimen name="xxh_549pixels">411.75dp</dimen>
    <dimen name="xxh_550pixels">412.5dp</dimen>
    <dimen name="xxh_551pixels">413.25dp</dimen>
    <dimen name="xxh_552pixels">414dp</dimen>
    <dimen name="xxh_553pixels">414.75dp</dimen>
    <dimen name="xxh_554pixels">415.5dp</dimen>
    <dimen name="xxh_555pixels">416.25dp</dimen>
    <dimen name="xxh_556pixels">417dp</dimen>
    <dimen name="xxh_557pixels">417.75dp</dimen>
    <dimen name="xxh_558pixels">418.5dp</dimen>
    <dimen name="xxh_559pixels">419.25dp</dimen>
    <dimen name="xxh_560pixels">420dp</dimen>
    <dimen name="xxh_561pixels">420.75dp</dimen>
    <dimen name="xxh_562pixels">421.5dp</dimen>
    <dimen name="xxh_563pixels">422.25dp</dimen>
    <dimen name="xxh_564pixels">423dp</dimen>
    <dimen name="xxh_565pixels">423.75dp</dimen>
    <dimen name="xxh_566pixels">424.5dp</dimen>
    <dimen name="xxh_567pixels">425.25dp</dimen>
    <dimen name="xxh_568pixels">426dp</dimen>
    <dimen name="xxh_569pixels">426.75dp</dimen>
    <dimen name="xxh_570pixels">427.5dp</dimen>
    <dimen name="xxh_571pixels">428.25dp</dimen>
    <dimen name="xxh_572pixels">429dp</dimen>
    <dimen name="xxh_573pixels">429.75dp</dimen>
    <dimen name="xxh_574pixels">430.5dp</dimen>
    <dimen name="xxh_575pixels">431.25dp</dimen>
    <dimen name="xxh_576pixels">432dp</dimen>
    <dimen name="xxh_577pixels">432.75dp</dimen>
    <dimen name="xxh_578pixels">433.5dp</dimen>
    <dimen name="xxh_579pixels">434.25dp</dimen>
    <dimen name="xxh_580pixels">435dp</dimen>
    <dimen name="xxh_581pixels">435.75dp</dimen>
    <dimen name="xxh_582pixels">436.5dp</dimen>
    <dimen name="xxh_583pixels">437.25dp</dimen>
    <dimen name="xxh_584pixels">438dp</dimen>
    <dimen name="xxh_585pixels">438.75dp</dimen>
    <dimen name="xxh_586pixels">439.5dp</dimen>
    <dimen name="xxh_587pixels">440.25dp</dimen>
    <dimen name="xxh_588pixels">441dp</dimen>
    <dimen name="xxh_589pixels">441.75dp</dimen>
    <dimen name="xxh_590pixels">442.5dp</dimen>
    <dimen name="xxh_591pixels">443.25dp</dimen>
    <dimen name="xxh_592pixels">444dp</dimen>
    <dimen name="xxh_593pixels">444.75dp</dimen>
    <dimen name="xxh_594pixels">445.5dp</dimen>
    <dimen name="xxh_595pixels">446.25dp</dimen>
    <dimen name="xxh_596pixels">447dp</dimen>
    <dimen name="xxh_597pixels">447.75dp</dimen>
    <dimen name="xxh_598pixels">448.5dp</dimen>
    <dimen name="xxh_599pixels">449.25dp</dimen>
    <dimen name="xxh_600pixels">450dp</dimen>
    <dimen name="xxh_601pixels">450.75dp</dimen>
    <dimen name="xxh_602pixels">451.5dp</dimen>
    <dimen name="xxh_603pixels">452.25dp</dimen>
    <dimen name="xxh_604pixels">453dp</dimen>
    <dimen name="xxh_605pixels">453.75dp</dimen>
    <dimen name="xxh_606pixels">454.5dp</dimen>
    <dimen name="xxh_607pixels">455.25dp</dimen>
    <dimen name="xxh_608pixels">456dp</dimen>
    <dimen name="xxh_609pixels">456.75dp</dimen>
    <dimen name="xxh_610pixels">457.5dp</dimen>
    <dimen name="xxh_611pixels">458.25dp</dimen>
    <dimen name="xxh_612pixels">459dp</dimen>
    <dimen name="xxh_613pixels">459.75dp</dimen>
    <dimen name="xxh_614pixels">460.5dp</dimen>
    <dimen name="xxh_615pixels">461.25dp</dimen>
    <dimen name="xxh_616pixels">462dp</dimen>
    <dimen name="xxh_617pixels">462.75dp</dimen>
    <dimen name="xxh_618pixels">463.5dp</dimen>
    <dimen name="xxh_619pixels">464.25dp</dimen>
    <dimen name="xxh_620pixels">465dp</dimen>
    <dimen name="xxh_621pixels">465.75dp</dimen>
    <dimen name="xxh_622pixels">466.5dp</dimen>
    <dimen name="xxh_623pixels">467.25dp</dimen>
    <dimen name="xxh_624pixels">468dp</dimen>
    <dimen name="xxh_625pixels">468.75dp</dimen>
    <dimen name="xxh_626pixels">469.5dp</dimen>
    <dimen name="xxh_627pixels">470.25dp</dimen>
    <dimen name="xxh_628pixels">471dp</dimen>
    <dimen name="xxh_629pixels">471.75dp</dimen>
    <dimen name="xxh_630pixels">472.5dp</dimen>
    <dimen name="xxh_631pixels">473.25dp</dimen>
    <dimen name="xxh_632pixels">474dp</dimen>
    <dimen name="xxh_633pixels">474.75dp</dimen>
    <dimen name="xxh_634pixels">475.5dp</dimen>
    <dimen name="xxh_635pixels">476.25dp</dimen>
    <dimen name="xxh_636pixels">477dp</dimen>
    <dimen name="xxh_637pixels">477.75dp</dimen>
    <dimen name="xxh_638pixels">478.5dp</dimen>
    <dimen name="xxh_639pixels">479.25dp</dimen>
    <dimen name="xxh_640pixels">480dp</dimen>
    <dimen name="xxh_641pixels">480.75dp</dimen>
    <dimen name="xxh_642pixels">481.5dp</dimen>
    <dimen name="xxh_643pixels">482.25dp</dimen>
    <dimen name="xxh_644pixels">483dp</dimen>
    <dimen name="xxh_645pixels">483.75dp</dimen>
    <dimen name="xxh_646pixels">484.5dp</dimen>
    <dimen name="xxh_647pixels">485.25dp</dimen>
    <dimen name="xxh_648pixels">486dp</dimen>
    <dimen name="xxh_649pixels">486.75dp</dimen>
    <dimen name="xxh_650pixels">487.5dp</dimen>
    <dimen name="xxh_651pixels">488.25dp</dimen>
    <dimen name="xxh_652pixels">489dp</dimen>
    <dimen name="xxh_653pixels">489.75dp</dimen>
    <dimen name="xxh_654pixels">490.5dp</dimen>
    <dimen name="xxh_655pixels">491.25dp</dimen>
    <dimen name="xxh_656pixels">492dp</dimen>
    <dimen name="xxh_657pixels">492.75dp</dimen>
    <dimen name="xxh_658pixels">493.5dp</dimen>
    <dimen name="xxh_659pixels">494.25dp</dimen>
    <dimen name="xxh_660pixels">495dp</dimen>
    <dimen name="xxh_661pixels">495.75dp</dimen>
    <dimen name="xxh_662pixels">496.5dp</dimen>
    <dimen name="xxh_663pixels">497.25dp</dimen>
    <dimen name="xxh_664pixels">498dp</dimen>
    <dimen name="xxh_665pixels">498.75dp</dimen>
    <dimen name="xxh_666pixels">499.5dp</dimen>
    <dimen name="xxh_667pixels">500.25dp</dimen>
    <dimen name="xxh_668pixels">501dp</dimen>
    <dimen name="xxh_669pixels">501.75dp</dimen>
    <dimen name="xxh_670pixels">502.5dp</dimen>
    <dimen name="xxh_671pixels">503.25dp</dimen>
    <dimen name="xxh_672pixels">504dp</dimen>
    <dimen name="xxh_673pixels">504.75dp</dimen>
    <dimen name="xxh_674pixels">505.5dp</dimen>
    <dimen name="xxh_675pixels">506.25dp</dimen>
    <dimen name="xxh_676pixels">507dp</dimen>
    <dimen name="xxh_677pixels">507.75dp</dimen>
    <dimen name="xxh_678pixels">508.5dp</dimen>
    <dimen name="xxh_679pixels">509.25dp</dimen>
    <dimen name="xxh_680pixels">510dp</dimen>
    <dimen name="xxh_681pixels">510.75dp</dimen>
    <dimen name="xxh_682pixels">511.5dp</dimen>
    <dimen name="xxh_683pixels">512.25dp</dimen>
    <dimen name="xxh_684pixels">513dp</dimen>
    <dimen name="xxh_685pixels">513.75dp</dimen>
    <dimen name="xxh_686pixels">514.5dp</dimen>
    <dimen name="xxh_687pixels">515.25dp</dimen>
    <dimen name="xxh_688pixels">516dp</dimen>
    <dimen name="xxh_689pixels">516.75dp</dimen>
    <dimen name="xxh_690pixels">517.5dp</dimen>
    <dimen name="xxh_691pixels">518.25dp</dimen>
    <dimen name="xxh_692pixels">519dp</dimen>
    <dimen name="xxh_693pixels">519.75dp</dimen>
    <dimen name="xxh_694pixels">520.5dp</dimen>
    <dimen name="xxh_695pixels">521.25dp</dimen>
    <dimen name="xxh_696pixels">522dp</dimen>
    <dimen name="xxh_697pixels">522.75dp</dimen>
    <dimen name="xxh_698pixels">523.5dp</dimen>
    <dimen name="xxh_699pixels">524.25dp</dimen>
    <dimen name="xxh_700pixels">525dp</dimen>
    <dimen name="xxh_701pixels">525.75dp</dimen>
    <dimen name="xxh_702pixels">526.5dp</dimen>
    <dimen name="xxh_703pixels">527.25dp</dimen>
    <dimen name="xxh_704pixels">528dp</dimen>
    <dimen name="xxh_705pixels">528.75dp</dimen>
    <dimen name="xxh_706pixels">529.5dp</dimen>
    <dimen name="xxh_707pixels">530.25dp</dimen>
    <dimen name="xxh_708pixels">531dp</dimen>
    <dimen name="xxh_709pixels">531.75dp</dimen>
    <dimen name="xxh_710pixels">532.5dp</dimen>
    <dimen name="xxh_711pixels">533.25dp</dimen>
    <dimen name="xxh_712pixels">534dp</dimen>
    <dimen name="xxh_713pixels">534.75dp</dimen>
    <dimen name="xxh_714pixels">535.5dp</dimen>
    <dimen name="xxh_715pixels">536.25dp</dimen>
    <dimen name="xxh_716pixels">537dp</dimen>
    <dimen name="xxh_717pixels">537.75dp</dimen>
    <dimen name="xxh_718pixels">538.5dp</dimen>
    <dimen name="xxh_719pixels">539.25dp</dimen>
    <dimen name="xxh_720pixels">540dp</dimen>
    <dimen name="xxh_721pixels">540.75dp</dimen>
    <dimen name="xxh_722pixels">541.5dp</dimen>
    <dimen name="xxh_723pixels">542.25dp</dimen>
    <dimen name="xxh_724pixels">543dp</dimen>
    <dimen name="xxh_725pixels">543.75dp</dimen>
    <dimen name="xxh_726pixels">544.5dp</dimen>
    <dimen name="xxh_727pixels">545.25dp</dimen>
    <dimen name="xxh_728pixels">546dp</dimen>
    <dimen name="xxh_729pixels">546.75dp</dimen>
    <dimen name="xxh_730pixels">547.5dp</dimen>
    <dimen name="xxh_731pixels">548.25dp</dimen>
    <dimen name="xxh_732pixels">549dp</dimen>
    <dimen name="xxh_733pixels">549.75dp</dimen>
    <dimen name="xxh_734pixels">550.5dp</dimen>
    <dimen name="xxh_735pixels">551.25dp</dimen>
    <dimen name="xxh_736pixels">552dp</dimen>
    <dimen name="xxh_737pixels">552.75dp</dimen>
    <dimen name="xxh_738pixels">553.5dp</dimen>
    <dimen name="xxh_739pixels">554.25dp</dimen>
    <dimen name="xxh_740pixels">555dp</dimen>
    <dimen name="xxh_741pixels">555.75dp</dimen>
    <dimen name="xxh_742pixels">556.5dp</dimen>
    <dimen name="xxh_743pixels">557.25dp</dimen>
    <dimen name="xxh_744pixels">558dp</dimen>
    <dimen name="xxh_745pixels">558.75dp</dimen>
    <dimen name="xxh_746pixels">559.5dp</dimen>
    <dimen name="xxh_747pixels">560.25dp</dimen>
    <dimen name="xxh_748pixels">561dp</dimen>
    <dimen name="xxh_749pixels">561.75dp</dimen>
    <dimen name="xxh_750pixels">562.5dp</dimen>
    <dimen name="xxh_751pixels">563.25dp</dimen>
    <dimen name="xxh_752pixels">564dp</dimen>
    <dimen name="xxh_753pixels">564.75dp</dimen>
    <dimen name="xxh_754pixels">565.5dp</dimen>
    <dimen name="xxh_755pixels">566.25dp</dimen>
    <dimen name="xxh_756pixels">567dp</dimen>
    <dimen name="xxh_757pixels">567.75dp</dimen>
    <dimen name="xxh_758pixels">568.5dp</dimen>
    <dimen name="xxh_759pixels">569.25dp</dimen>
    <dimen name="xxh_760pixels">570dp</dimen>
    <dimen name="xxh_761pixels">570.75dp</dimen>
    <dimen name="xxh_762pixels">571.5dp</dimen>
    <dimen name="xxh_763pixels">572.25dp</dimen>
    <dimen name="xxh_764pixels">573dp</dimen>
    <dimen name="xxh_765pixels">573.75dp</dimen>
    <dimen name="xxh_766pixels">574.5dp</dimen>
    <dimen name="xxh_767pixels">575.25dp</dimen>
    <dimen name="xxh_768pixels">576dp</dimen>
    <dimen name="xxh_769pixels">576.75dp</dimen>
    <dimen name="xxh_770pixels">577.5dp</dimen>
    <dimen name="xxh_771pixels">578.25dp</dimen>
    <dimen name="xxh_772pixels">579dp</dimen>
    <dimen name="xxh_773pixels">579.75dp</dimen>
    <dimen name="xxh_774pixels">580.5dp</dimen>
    <dimen name="xxh_775pixels">581.25dp</dimen>
    <dimen name="xxh_776pixels">582dp</dimen>
    <dimen name="xxh_777pixels">582.75dp</dimen>
    <dimen name="xxh_778pixels">583.5dp</dimen>
    <dimen name="xxh_779pixels">584.25dp</dimen>
    <dimen name="xxh_780pixels">585dp</dimen>
    <dimen name="xxh_781pixels">585.75dp</dimen>
    <dimen name="xxh_782pixels">586.5dp</dimen>
    <dimen name="xxh_783pixels">587.25dp</dimen>
    <dimen name="xxh_784pixels">588dp</dimen>
    <dimen name="xxh_785pixels">588.75dp</dimen>
    <dimen name="xxh_786pixels">589.5dp</dimen>
    <dimen name="xxh_787pixels">590.25dp</dimen>
    <dimen name="xxh_788pixels">591dp</dimen>
    <dimen name="xxh_789pixels">591.75dp</dimen>
    <dimen name="xxh_790pixels">592.5dp</dimen>
    <dimen name="xxh_791pixels">593.25dp</dimen>
    <dimen name="xxh_792pixels">594dp</dimen>
    <dimen name="xxh_793pixels">594.75dp</dimen>
    <dimen name="xxh_794pixels">595.5dp</dimen>
    <dimen name="xxh_795pixels">596.25dp</dimen>
    <dimen name="xxh_796pixels">597dp</dimen>
    <dimen name="xxh_797pixels">597.75dp</dimen>
    <dimen name="xxh_798pixels">598.5dp</dimen>
    <dimen name="xxh_799pixels">599.25dp</dimen>
    <dimen name="xxh_800pixels">600dp</dimen>
    <dimen name="xxh_801pixels">600.75dp</dimen>
    <dimen name="xxh_802pixels">601.5dp</dimen>
    <dimen name="xxh_803pixels">602.25dp</dimen>
    <dimen name="xxh_804pixels">603dp</dimen>
    <dimen name="xxh_805pixels">603.75dp</dimen>
    <dimen name="xxh_806pixels">604.5dp</dimen>
    <dimen name="xxh_807pixels">605.25dp</dimen>
    <dimen name="xxh_808pixels">606dp</dimen>
    <dimen name="xxh_809pixels">606.75dp</dimen>
    <dimen name="xxh_810pixels">607.5dp</dimen>
    <dimen name="xxh_811pixels">608.25dp</dimen>
    <dimen name="xxh_812pixels">609dp</dimen>
    <dimen name="xxh_813pixels">609.75dp</dimen>
    <dimen name="xxh_814pixels">610.5dp</dimen>
    <dimen name="xxh_815pixels">611.25dp</dimen>
    <dimen name="xxh_816pixels">612dp</dimen>
    <dimen name="xxh_817pixels">612.75dp</dimen>
    <dimen name="xxh_818pixels">613.5dp</dimen>
    <dimen name="xxh_819pixels">614.25dp</dimen>
    <dimen name="xxh_820pixels">615dp</dimen>
    <dimen name="xxh_821pixels">615.75dp</dimen>
    <dimen name="xxh_822pixels">616.5dp</dimen>
    <dimen name="xxh_823pixels">617.25dp</dimen>
    <dimen name="xxh_824pixels">618dp</dimen>
    <dimen name="xxh_825pixels">618.75dp</dimen>
    <dimen name="xxh_826pixels">619.5dp</dimen>
    <dimen name="xxh_827pixels">620.25dp</dimen>
    <dimen name="xxh_828pixels">621dp</dimen>
    <dimen name="xxh_829pixels">621.75dp</dimen>
    <dimen name="xxh_830pixels">622.5dp</dimen>
    <dimen name="xxh_831pixels">623.25dp</dimen>
    <dimen name="xxh_832pixels">624dp</dimen>
    <dimen name="xxh_833pixels">624.75dp</dimen>
    <dimen name="xxh_834pixels">625.5dp</dimen>
    <dimen name="xxh_835pixels">626.25dp</dimen>
    <dimen name="xxh_836pixels">627dp</dimen>
    <dimen name="xxh_837pixels">627.75dp</dimen>
    <dimen name="xxh_838pixels">628.5dp</dimen>
    <dimen name="xxh_839pixels">629.25dp</dimen>
    <dimen name="xxh_840pixels">630dp</dimen>
    <dimen name="xxh_841pixels">630.75dp</dimen>
    <dimen name="xxh_842pixels">631.5dp</dimen>
    <dimen name="xxh_843pixels">632.25dp</dimen>
    <dimen name="xxh_844pixels">633dp</dimen>
    <dimen name="xxh_845pixels">633.75dp</dimen>
    <dimen name="xxh_846pixels">634.5dp</dimen>
    <dimen name="xxh_847pixels">635.25dp</dimen>
    <dimen name="xxh_848pixels">636dp</dimen>
    <dimen name="xxh_849pixels">636.75dp</dimen>
    <dimen name="xxh_850pixels">637.5dp</dimen>
    <dimen name="xxh_851pixels">638.25dp</dimen>
    <dimen name="xxh_852pixels">639dp</dimen>
    <dimen name="xxh_853pixels">639.75dp</dimen>
    <dimen name="xxh_854pixels">640.5dp</dimen>
    <dimen name="xxh_855pixels">641.25dp</dimen>
    <dimen name="xxh_856pixels">642dp</dimen>
    <dimen name="xxh_857pixels">642.75dp</dimen>
    <dimen name="xxh_858pixels">643.5dp</dimen>
    <dimen name="xxh_859pixels">644.25dp</dimen>
    <dimen name="xxh_860pixels">645dp</dimen>
    <dimen name="xxh_861pixels">645.75dp</dimen>
    <dimen name="xxh_862pixels">646.5dp</dimen>
    <dimen name="xxh_863pixels">647.25dp</dimen>
    <dimen name="xxh_864pixels">648dp</dimen>
    <dimen name="xxh_865pixels">648.75dp</dimen>
    <dimen name="xxh_866pixels">649.5dp</dimen>
    <dimen name="xxh_867pixels">650.25dp</dimen>
    <dimen name="xxh_868pixels">651dp</dimen>
    <dimen name="xxh_869pixels">651.75dp</dimen>
    <dimen name="xxh_870pixels">652.5dp</dimen>
    <dimen name="xxh_871pixels">653.25dp</dimen>
    <dimen name="xxh_872pixels">654dp</dimen>
    <dimen name="xxh_873pixels">654.75dp</dimen>
    <dimen name="xxh_874pixels">655.5dp</dimen>
    <dimen name="xxh_875pixels">656.25dp</dimen>
    <dimen name="xxh_876pixels">657dp</dimen>
    <dimen name="xxh_877pixels">657.75dp</dimen>
    <dimen name="xxh_878pixels">658.5dp</dimen>
    <dimen name="xxh_879pixels">659.25dp</dimen>
    <dimen name="xxh_880pixels">660dp</dimen>
    <dimen name="xxh_881pixels">660.75dp</dimen>
    <dimen name="xxh_882pixels">661.5dp</dimen>
    <dimen name="xxh_883pixels">662.25dp</dimen>
    <dimen name="xxh_884pixels">663dp</dimen>
    <dimen name="xxh_885pixels">663.75dp</dimen>
    <dimen name="xxh_886pixels">664.5dp</dimen>
    <dimen name="xxh_887pixels">665.25dp</dimen>
    <dimen name="xxh_888pixels">666dp</dimen>
    <dimen name="xxh_889pixels">666.75dp</dimen>
    <dimen name="xxh_890pixels">667.5dp</dimen>
    <dimen name="xxh_891pixels">668.25dp</dimen>
    <dimen name="xxh_892pixels">669dp</dimen>
    <dimen name="xxh_893pixels">669.75dp</dimen>
    <dimen name="xxh_894pixels">670.5dp</dimen>
    <dimen name="xxh_895pixels">671.25dp</dimen>
    <dimen name="xxh_896pixels">672dp</dimen>
    <dimen name="xxh_897pixels">672.75dp</dimen>
    <dimen name="xxh_898pixels">673.5dp</dimen>
    <dimen name="xxh_899pixels">674.25dp</dimen>
    <dimen name="xxh_900pixels">675dp</dimen>
    <dimen name="xxh_901pixels">675.75dp</dimen>
    <dimen name="xxh_902pixels">676.5dp</dimen>
    <dimen name="xxh_903pixels">677.25dp</dimen>
    <dimen name="xxh_904pixels">678dp</dimen>
    <dimen name="xxh_905pixels">678.75dp</dimen>
    <dimen name="xxh_906pixels">679.5dp</dimen>
    <dimen name="xxh_907pixels">680.25dp</dimen>
    <dimen name="xxh_908pixels">681dp</dimen>
    <dimen name="xxh_909pixels">681.75dp</dimen>
    <dimen name="xxh_910pixels">682.5dp</dimen>
    <dimen name="xxh_911pixels">683.25dp</dimen>
    <dimen name="xxh_912pixels">684dp</dimen>
    <dimen name="xxh_913pixels">684.75dp</dimen>
    <dimen name="xxh_914pixels">685.5dp</dimen>
    <dimen name="xxh_915pixels">686.25dp</dimen>
    <dimen name="xxh_916pixels">687dp</dimen>
    <dimen name="xxh_917pixels">687.75dp</dimen>
    <dimen name="xxh_918pixels">688.5dp</dimen>
    <dimen name="xxh_919pixels">689.25dp</dimen>
    <dimen name="xxh_920pixels">690dp</dimen>
    <dimen name="xxh_921pixels">690.75dp</dimen>
    <dimen name="xxh_922pixels">691.5dp</dimen>
    <dimen name="xxh_923pixels">692.25dp</dimen>
    <dimen name="xxh_924pixels">693dp</dimen>
    <dimen name="xxh_925pixels">693.75dp</dimen>
    <dimen name="xxh_926pixels">694.5dp</dimen>
    <dimen name="xxh_927pixels">695.25dp</dimen>
    <dimen name="xxh_928pixels">696dp</dimen>
    <dimen name="xxh_929pixels">696.75dp</dimen>
    <dimen name="xxh_930pixels">697.5dp</dimen>
    <dimen name="xxh_931pixels">698.25dp</dimen>
    <dimen name="xxh_932pixels">699dp</dimen>
    <dimen name="xxh_933pixels">699.75dp</dimen>
    <dimen name="xxh_934pixels">700.5dp</dimen>
    <dimen name="xxh_935pixels">701.25dp</dimen>
    <dimen name="xxh_936pixels">702dp</dimen>
    <dimen name="xxh_937pixels">702.75dp</dimen>
    <dimen name="xxh_938pixels">703.5dp</dimen>
    <dimen name="xxh_939pixels">704.25dp</dimen>
    <dimen name="xxh_940pixels">705dp</dimen>
    <dimen name="xxh_941pixels">705.75dp</dimen>
    <dimen name="xxh_942pixels">706.5dp</dimen>
    <dimen name="xxh_943pixels">707.25dp</dimen>
    <dimen name="xxh_944pixels">708dp</dimen>
    <dimen name="xxh_945pixels">708.75dp</dimen>
    <dimen name="xxh_946pixels">709.5dp</dimen>
    <dimen name="xxh_947pixels">710.25dp</dimen>
    <dimen name="xxh_948pixels">711dp</dimen>
    <dimen name="xxh_949pixels">711.75dp</dimen>
    <dimen name="xxh_950pixels">712.5dp</dimen>
    <dimen name="xxh_951pixels">713.25dp</dimen>
    <dimen name="xxh_952pixels">714dp</dimen>
    <dimen name="xxh_953pixels">714.75dp</dimen>
    <dimen name="xxh_954pixels">715.5dp</dimen>
    <dimen name="xxh_955pixels">716.25dp</dimen>
    <dimen name="xxh_956pixels">717dp</dimen>
    <dimen name="xxh_957pixels">717.75dp</dimen>
    <dimen name="xxh_958pixels">718.5dp</dimen>
    <dimen name="xxh_959pixels">719.25dp</dimen>
    <dimen name="xxh_960pixels">720dp</dimen>
    <dimen name="xxh_961pixels">720.75dp</dimen>
    <dimen name="xxh_962pixels">721.5dp</dimen>
    <dimen name="xxh_963pixels">722.25dp</dimen>
    <dimen name="xxh_964pixels">723dp</dimen>
    <dimen name="xxh_965pixels">723.75dp</dimen>
    <dimen name="xxh_966pixels">724.5dp</dimen>
    <dimen name="xxh_967pixels">725.25dp</dimen>
    <dimen name="xxh_968pixels">726dp</dimen>
    <dimen name="xxh_969pixels">726.75dp</dimen>
    <dimen name="xxh_970pixels">727.5dp</dimen>
    <dimen name="xxh_971pixels">728.25dp</dimen>
    <dimen name="xxh_972pixels">729dp</dimen>
    <dimen name="xxh_973pixels">729.75dp</dimen>
    <dimen name="xxh_974pixels">730.5dp</dimen>
    <dimen name="xxh_975pixels">731.25dp</dimen>
    <dimen name="xxh_976pixels">732dp</dimen>
    <dimen name="xxh_977pixels">732.75dp</dimen>
    <dimen name="xxh_978pixels">733.5dp</dimen>
    <dimen name="xxh_979pixels">734.25dp</dimen>
    <dimen name="xxh_980pixels">735dp</dimen>
    <dimen name="xxh_981pixels">735.75dp</dimen>
    <dimen name="xxh_982pixels">736.5dp</dimen>
    <dimen name="xxh_983pixels">737.25dp</dimen>
    <dimen name="xxh_984pixels">738dp</dimen>
    <dimen name="xxh_985pixels">738.75dp</dimen>
    <dimen name="xxh_986pixels">739.5dp</dimen>
    <dimen name="xxh_987pixels">740.25dp</dimen>
    <dimen name="xxh_988pixels">741dp</dimen>
    <dimen name="xxh_989pixels">741.75dp</dimen>
    <dimen name="xxh_990pixels">742.5dp</dimen>
    <dimen name="xxh_991pixels">743.25dp</dimen>
    <dimen name="xxh_992pixels">744dp</dimen>
    <dimen name="xxh_993pixels">744.75dp</dimen>
    <dimen name="xxh_994pixels">745.5dp</dimen>
    <dimen name="xxh_995pixels">746.25dp</dimen>
    <dimen name="xxh_996pixels">747dp</dimen>
    <dimen name="xxh_997pixels">747.75dp</dimen>
    <dimen name="xxh_998pixels">748.5dp</dimen>
    <dimen name="xxh_999pixels">749.25dp</dimen>
    <dimen name="xxh_1000pixels">750dp</dimen>
    <dimen name="xxh_1001pixels">750.75dp</dimen>
    <dimen name="xxh_1002pixels">751.5dp</dimen>
    <dimen name="xxh_1003pixels">752.25dp</dimen>
    <dimen name="xxh_1004pixels">753dp</dimen>
    <dimen name="xxh_1005pixels">753.75dp</dimen>
    <dimen name="xxh_1006pixels">754.5dp</dimen>
    <dimen name="xxh_1007pixels">755.25dp</dimen>
    <dimen name="xxh_1008pixels">756dp</dimen>
    <dimen name="xxh_1009pixels">756.75dp</dimen>
    <dimen name="xxh_1010pixels">757.5dp</dimen>
    <dimen name="xxh_1011pixels">758.25dp</dimen>
    <dimen name="xxh_1012pixels">759dp</dimen>
    <dimen name="xxh_1013pixels">759.75dp</dimen>
    <dimen name="xxh_1014pixels">760.5dp</dimen>
    <dimen name="xxh_1015pixels">761.25dp</dimen>
    <dimen name="xxh_1016pixels">762dp</dimen>
    <dimen name="xxh_1017pixels">762.75dp</dimen>
    <dimen name="xxh_1018pixels">763.5dp</dimen>
    <dimen name="xxh_1019pixels">764.25dp</dimen>
    <dimen name="xxh_1020pixels">765dp</dimen>
    <dimen name="xxh_1021pixels">765.75dp</dimen>
    <dimen name="xxh_1022pixels">766.5dp</dimen>
    <dimen name="xxh_1023pixels">767.25dp</dimen>
    <dimen name="xxh_1024pixels">768dp</dimen>
    <dimen name="xxh_1025pixels">768.75dp</dimen>
    <dimen name="xxh_1026pixels">769.5dp</dimen>
    <dimen name="xxh_1027pixels">770.25dp</dimen>
    <dimen name="xxh_1028pixels">771dp</dimen>
    <dimen name="xxh_1029pixels">771.75dp</dimen>
    <dimen name="xxh_1030pixels">772.5dp</dimen>
    <dimen name="xxh_1031pixels">773.25dp</dimen>
    <dimen name="xxh_1032pixels">774dp</dimen>
    <dimen name="xxh_1033pixels">774.75dp</dimen>
    <dimen name="xxh_1034pixels">775.5dp</dimen>
    <dimen name="xxh_1035pixels">776.25dp</dimen>
    <dimen name="xxh_1036pixels">777dp</dimen>
    <dimen name="xxh_1037pixels">777.75dp</dimen>
    <dimen name="xxh_1038pixels">778.5dp</dimen>
    <dimen name="xxh_1039pixels">779.25dp</dimen>
    <dimen name="xxh_1040pixels">780dp</dimen>
    <dimen name="xxh_1041pixels">780.75dp</dimen>
    <dimen name="xxh_1042pixels">781.5dp</dimen>
    <dimen name="xxh_1043pixels">782.25dp</dimen>
    <dimen name="xxh_1044pixels">783dp</dimen>
    <dimen name="xxh_1045pixels">783.75dp</dimen>
    <dimen name="xxh_1046pixels">784.5dp</dimen>
    <dimen name="xxh_1047pixels">785.25dp</dimen>
    <dimen name="xxh_1048pixels">786dp</dimen>
    <dimen name="xxh_1049pixels">786.75dp</dimen>
    <dimen name="xxh_1050pixels">787.5dp</dimen>
    <dimen name="xxh_1051pixels">788.25dp</dimen>
    <dimen name="xxh_1052pixels">789dp</dimen>
    <dimen name="xxh_1053pixels">789.75dp</dimen>
    <dimen name="xxh_1054pixels">790.5dp</dimen>
    <dimen name="xxh_1055pixels">791.25dp</dimen>
    <dimen name="xxh_1056pixels">792dp</dimen>
    <dimen name="xxh_1057pixels">792.75dp</dimen>
    <dimen name="xxh_1058pixels">793.5dp</dimen>
    <dimen name="xxh_1059pixels">794.25dp</dimen>
    <dimen name="xxh_1060pixels">795dp</dimen>
    <dimen name="xxh_1061pixels">795.75dp</dimen>
    <dimen name="xxh_1062pixels">796.5dp</dimen>
    <dimen name="xxh_1063pixels">797.25dp</dimen>
    <dimen name="xxh_1064pixels">798dp</dimen>
    <dimen name="xxh_1065pixels">798.75dp</dimen>
    <dimen name="xxh_1066pixels">799.5dp</dimen>
    <dimen name="xxh_1067pixels">800.25dp</dimen>
    <dimen name="xxh_1068pixels">801dp</dimen>
    <dimen name="xxh_1069pixels">801.75dp</dimen>
    <dimen name="xxh_1070pixels">802.5dp</dimen>
    <dimen name="xxh_1071pixels">803.25dp</dimen>
    <dimen name="xxh_1072pixels">804dp</dimen>
    <dimen name="xxh_1073pixels">804.75dp</dimen>
    <dimen name="xxh_1074pixels">805.5dp</dimen>
    <dimen name="xxh_1075pixels">806.25dp</dimen>
    <dimen name="xxh_1076pixels">807dp</dimen>
    <dimen name="xxh_1077pixels">807.75dp</dimen>
    <dimen name="xxh_1078pixels">808.5dp</dimen>
    <dimen name="xxh_1079pixels">809.25dp</dimen>
    <dimen name="xxh_1080pixels">810dp</dimen>
    <dimen name="xxh_1081pixels">810.75dp</dimen>
    <dimen name="xxh_1082pixels">811.5dp</dimen>
    <dimen name="xxh_1083pixels">812.25dp</dimen>
    <dimen name="xxh_1084pixels">813dp</dimen>
    <dimen name="xxh_1085pixels">813.75dp</dimen>
    <dimen name="xxh_1086pixels">814.5dp</dimen>
    <dimen name="xxh_1087pixels">815.25dp</dimen>
    <dimen name="xxh_1088pixels">816dp</dimen>
    <dimen name="xxh_1089pixels">816.75dp</dimen>
    <dimen name="xxh_1090pixels">817.5dp</dimen>
    <dimen name="xxh_1091pixels">818.25dp</dimen>
    <dimen name="xxh_1092pixels">819dp</dimen>
    <dimen name="xxh_1093pixels">819.75dp</dimen>
    <dimen name="xxh_1094pixels">820.5dp</dimen>
    <dimen name="xxh_1095pixels">821.25dp</dimen>
    <dimen name="xxh_1096pixels">822dp</dimen>
    <dimen name="xxh_1097pixels">822.75dp</dimen>
    <dimen name="xxh_1098pixels">823.5dp</dimen>
    <dimen name="xxh_1099pixels">824.25dp</dimen>
    <dimen name="xxh_1100pixels">825dp</dimen>
    <dimen name="xxh_1101pixels">825.75dp</dimen>
    <dimen name="xxh_1102pixels">826.5dp</dimen>
    <dimen name="xxh_1103pixels">827.25dp</dimen>
    <dimen name="xxh_1104pixels">828dp</dimen>
    <dimen name="xxh_1105pixels">828.75dp</dimen>
    <dimen name="xxh_1106pixels">829.5dp</dimen>
    <dimen name="xxh_1107pixels">830.25dp</dimen>
    <dimen name="xxh_1108pixels">831dp</dimen>
    <dimen name="xxh_1109pixels">831.75dp</dimen>
    <dimen name="xxh_1110pixels">832.5dp</dimen>
    <dimen name="xxh_1111pixels">833.25dp</dimen>
    <dimen name="xxh_1112pixels">834dp</dimen>
    <dimen name="xxh_1113pixels">834.75dp</dimen>
    <dimen name="xxh_1114pixels">835.5dp</dimen>
    <dimen name="xxh_1115pixels">836.25dp</dimen>
    <dimen name="xxh_1116pixels">837dp</dimen>
    <dimen name="xxh_1117pixels">837.75dp</dimen>
    <dimen name="xxh_1118pixels">838.5dp</dimen>
    <dimen name="xxh_1119pixels">839.25dp</dimen>
    <dimen name="xxh_1120pixels">840dp</dimen>
    <dimen name="xxh_1121pixels">840.75dp</dimen>
    <dimen name="xxh_1122pixels">841.5dp</dimen>
    <dimen name="xxh_1123pixels">842.25dp</dimen>
    <dimen name="xxh_1124pixels">843dp</dimen>
    <dimen name="xxh_1125pixels">843.75dp</dimen>
    <dimen name="xxh_1126pixels">844.5dp</dimen>
    <dimen name="xxh_1127pixels">845.25dp</dimen>
    <dimen name="xxh_1128pixels">846dp</dimen>
    <dimen name="xxh_1129pixels">846.75dp</dimen>
    <dimen name="xxh_1130pixels">847.5dp</dimen>
    <dimen name="xxh_1131pixels">848.25dp</dimen>
    <dimen name="xxh_1132pixels">849dp</dimen>
    <dimen name="xxh_1133pixels">849.75dp</dimen>
    <dimen name="xxh_1134pixels">850.5dp</dimen>
    <dimen name="xxh_1135pixels">851.25dp</dimen>
    <dimen name="xxh_1136pixels">852dp</dimen>
    <dimen name="xxh_1137pixels">852.75dp</dimen>
    <dimen name="xxh_1138pixels">853.5dp</dimen>
    <dimen name="xxh_1139pixels">854.25dp</dimen>
    <dimen name="xxh_1140pixels">855dp</dimen>
    <dimen name="xxh_1141pixels">855.75dp</dimen>
    <dimen name="xxh_1142pixels">856.5dp</dimen>
    <dimen name="xxh_1143pixels">857.25dp</dimen>
    <dimen name="xxh_1144pixels">858dp</dimen>
    <dimen name="xxh_1145pixels">858.75dp</dimen>
    <dimen name="xxh_1146pixels">859.5dp</dimen>
    <dimen name="xxh_1147pixels">860.25dp</dimen>
    <dimen name="xxh_1148pixels">861dp</dimen>
    <dimen name="xxh_1149pixels">861.75dp</dimen>
    <dimen name="xxh_1150pixels">862.5dp</dimen>
    <dimen name="xxh_1151pixels">863.25dp</dimen>
    <dimen name="xxh_1152pixels">864dp</dimen>
    <dimen name="xxh_1153pixels">864.75dp</dimen>
    <dimen name="xxh_1154pixels">865.5dp</dimen>
    <dimen name="xxh_1155pixels">866.25dp</dimen>
    <dimen name="xxh_1156pixels">867dp</dimen>
    <dimen name="xxh_1157pixels">867.75dp</dimen>
    <dimen name="xxh_1158pixels">868.5dp</dimen>
    <dimen name="xxh_1159pixels">869.25dp</dimen>
    <dimen name="xxh_1160pixels">870dp</dimen>
    <dimen name="xxh_1161pixels">870.75dp</dimen>
    <dimen name="xxh_1162pixels">871.5dp</dimen>
    <dimen name="xxh_1163pixels">872.25dp</dimen>
    <dimen name="xxh_1164pixels">873dp</dimen>
    <dimen name="xxh_1165pixels">873.75dp</dimen>
    <dimen name="xxh_1166pixels">874.5dp</dimen>
    <dimen name="xxh_1167pixels">875.25dp</dimen>
    <dimen name="xxh_1168pixels">876dp</dimen>
    <dimen name="xxh_1169pixels">876.75dp</dimen>
    <dimen name="xxh_1170pixels">877.5dp</dimen>
    <dimen name="xxh_1171pixels">878.25dp</dimen>
    <dimen name="xxh_1172pixels">879dp</dimen>
    <dimen name="xxh_1173pixels">879.75dp</dimen>
    <dimen name="xxh_1174pixels">880.5dp</dimen>
    <dimen name="xxh_1175pixels">881.25dp</dimen>
    <dimen name="xxh_1176pixels">882dp</dimen>
    <dimen name="xxh_1177pixels">882.75dp</dimen>
    <dimen name="xxh_1178pixels">883.5dp</dimen>
    <dimen name="xxh_1179pixels">884.25dp</dimen>
    <dimen name="xxh_1180pixels">885dp</dimen>
    <dimen name="xxh_1181pixels">885.75dp</dimen>
    <dimen name="xxh_1182pixels">886.5dp</dimen>
    <dimen name="xxh_1183pixels">887.25dp</dimen>
    <dimen name="xxh_1184pixels">888dp</dimen>
    <dimen name="xxh_1185pixels">888.75dp</dimen>
    <dimen name="xxh_1186pixels">889.5dp</dimen>
    <dimen name="xxh_1187pixels">890.25dp</dimen>
    <dimen name="xxh_1188pixels">891dp</dimen>
    <dimen name="xxh_1189pixels">891.75dp</dimen>
    <dimen name="xxh_1190pixels">892.5dp</dimen>
    <dimen name="xxh_1191pixels">893.25dp</dimen>
    <dimen name="xxh_1192pixels">894dp</dimen>
    <dimen name="xxh_1193pixels">894.75dp</dimen>
    <dimen name="xxh_1194pixels">895.5dp</dimen>
    <dimen name="xxh_1195pixels">896.25dp</dimen>
    <dimen name="xxh_1196pixels">897dp</dimen>
    <dimen name="xxh_1197pixels">897.75dp</dimen>
    <dimen name="xxh_1198pixels">898.5dp</dimen>
    <dimen name="xxh_1199pixels">899.25dp</dimen>
    <dimen name="xxh_1200pixels">900dp</dimen>
    <dimen name="xxh_1201pixels">900.75dp</dimen>
    <dimen name="xxh_1202pixels">901.5dp</dimen>
    <dimen name="xxh_1203pixels">902.25dp</dimen>
    <dimen name="xxh_1204pixels">903dp</dimen>
    <dimen name="xxh_1205pixels">903.75dp</dimen>
    <dimen name="xxh_1206pixels">904.5dp</dimen>
    <dimen name="xxh_1207pixels">905.25dp</dimen>
    <dimen name="xxh_1208pixels">906dp</dimen>
    <dimen name="xxh_1209pixels">906.75dp</dimen>
    <dimen name="xxh_1210pixels">907.5dp</dimen>
    <dimen name="xxh_1211pixels">908.25dp</dimen>
    <dimen name="xxh_1212pixels">909dp</dimen>
    <dimen name="xxh_1213pixels">909.75dp</dimen>
    <dimen name="xxh_1214pixels">910.5dp</dimen>
    <dimen name="xxh_1215pixels">911.25dp</dimen>
    <dimen name="xxh_1216pixels">912dp</dimen>
    <dimen name="xxh_1217pixels">912.75dp</dimen>
    <dimen name="xxh_1218pixels">913.5dp</dimen>
    <dimen name="xxh_1219pixels">914.25dp</dimen>
    <dimen name="xxh_1220pixels">915dp</dimen>
    <dimen name="xxh_1221pixels">915.75dp</dimen>
    <dimen name="xxh_1222pixels">916.5dp</dimen>
    <dimen name="xxh_1223pixels">917.25dp</dimen>
    <dimen name="xxh_1224pixels">918dp</dimen>
    <dimen name="xxh_1225pixels">918.75dp</dimen>
    <dimen name="xxh_1226pixels">919.5dp</dimen>
    <dimen name="xxh_1227pixels">920.25dp</dimen>
    <dimen name="xxh_1228pixels">921dp</dimen>
    <dimen name="xxh_1229pixels">921.75dp</dimen>
    <dimen name="xxh_1230pixels">922.5dp</dimen>
    <dimen name="xxh_1231pixels">923.25dp</dimen>
    <dimen name="xxh_1232pixels">924dp</dimen>
    <dimen name="xxh_1233pixels">924.75dp</dimen>
    <dimen name="xxh_1234pixels">925.5dp</dimen>
    <dimen name="xxh_1235pixels">926.25dp</dimen>
    <dimen name="xxh_1236pixels">927dp</dimen>
    <dimen name="xxh_1237pixels">927.75dp</dimen>
    <dimen name="xxh_1238pixels">928.5dp</dimen>
    <dimen name="xxh_1239pixels">929.25dp</dimen>
    <dimen name="xxh_1240pixels">930dp</dimen>
    <dimen name="xxh_1241pixels">930.75dp</dimen>
    <dimen name="xxh_1242pixels">931.5dp</dimen>
    <dimen name="xxh_1243pixels">932.25dp</dimen>
    <dimen name="xxh_1244pixels">933dp</dimen>
    <dimen name="xxh_1245pixels">933.75dp</dimen>
    <dimen name="xxh_1246pixels">934.5dp</dimen>
    <dimen name="xxh_1247pixels">935.25dp</dimen>
    <dimen name="xxh_1248pixels">936dp</dimen>
    <dimen name="xxh_1249pixels">936.75dp</dimen>
    <dimen name="xxh_1250pixels">937.5dp</dimen>
    <dimen name="xxh_1251pixels">938.25dp</dimen>
    <dimen name="xxh_1252pixels">939dp</dimen>
    <dimen name="xxh_1253pixels">939.75dp</dimen>
    <dimen name="xxh_1254pixels">940.5dp</dimen>
    <dimen name="xxh_1255pixels">941.25dp</dimen>
    <dimen name="xxh_1256pixels">942dp</dimen>
    <dimen name="xxh_1257pixels">942.75dp</dimen>
    <dimen name="xxh_1258pixels">943.5dp</dimen>
    <dimen name="xxh_1259pixels">944.25dp</dimen>
    <dimen name="xxh_1260pixels">945dp</dimen>
    <dimen name="xxh_1261pixels">945.75dp</dimen>
    <dimen name="xxh_1262pixels">946.5dp</dimen>
    <dimen name="xxh_1263pixels">947.25dp</dimen>
    <dimen name="xxh_1264pixels">948dp</dimen>
    <dimen name="xxh_1265pixels">948.75dp</dimen>
    <dimen name="xxh_1266pixels">949.5dp</dimen>
    <dimen name="xxh_1267pixels">950.25dp</dimen>
    <dimen name="xxh_1268pixels">951dp</dimen>
    <dimen name="xxh_1269pixels">951.75dp</dimen>
    <dimen name="xxh_1270pixels">952.5dp</dimen>
    <dimen name="xxh_1271pixels">953.25dp</dimen>
    <dimen name="xxh_1272pixels">954dp</dimen>
    <dimen name="xxh_1273pixels">954.75dp</dimen>
    <dimen name="xxh_1274pixels">955.5dp</dimen>
    <dimen name="xxh_1275pixels">956.25dp</dimen>
    <dimen name="xxh_1276pixels">957dp</dimen>
    <dimen name="xxh_1277pixels">957.75dp</dimen>
    <dimen name="xxh_1278pixels">958.5dp</dimen>
    <dimen name="xxh_1279pixels">959.25dp</dimen>
    <dimen name="xxh_1280pixels">960dp</dimen>
    <dimen name="xxh_1281pixels">960.75dp</dimen>
    <dimen name="xxh_1282pixels">961.5dp</dimen>
    <dimen name="xxh_1283pixels">962.25dp</dimen>
    <dimen name="xxh_1284pixels">963dp</dimen>
    <dimen name="xxh_1285pixels">963.75dp</dimen>
    <dimen name="xxh_1286pixels">964.5dp</dimen>
    <dimen name="xxh_1287pixels">965.25dp</dimen>
    <dimen name="xxh_1288pixels">966dp</dimen>
    <dimen name="xxh_1289pixels">966.75dp</dimen>
    <dimen name="xxh_1290pixels">967.5dp</dimen>
    <dimen name="xxh_1291pixels">968.25dp</dimen>
    <dimen name="xxh_1292pixels">969dp</dimen>
    <dimen name="xxh_1293pixels">969.75dp</dimen>
    <dimen name="xxh_1294pixels">970.5dp</dimen>
    <dimen name="xxh_1295pixels">971.25dp</dimen>
    <dimen name="xxh_1296pixels">972dp</dimen>
    <dimen name="xxh_1297pixels">972.75dp</dimen>
    <dimen name="xxh_1298pixels">973.5dp</dimen>
    <dimen name="xxh_1299pixels">974.25dp</dimen>
    <dimen name="xxh_1300pixels">975dp</dimen>
    <dimen name="xxh_1301pixels">975.75dp</dimen>
    <dimen name="xxh_1302pixels">976.5dp</dimen>
    <dimen name="xxh_1303pixels">977.25dp</dimen>
    <dimen name="xxh_1304pixels">978dp</dimen>
    <dimen name="xxh_1305pixels">978.75dp</dimen>
    <dimen name="xxh_1306pixels">979.5dp</dimen>
    <dimen name="xxh_1307pixels">980.25dp</dimen>
    <dimen name="xxh_1308pixels">981dp</dimen>
    <dimen name="xxh_1309pixels">981.75dp</dimen>
    <dimen name="xxh_1310pixels">982.5dp</dimen>
    <dimen name="xxh_1311pixels">983.25dp</dimen>
    <dimen name="xxh_1312pixels">984dp</dimen>
    <dimen name="xxh_1313pixels">984.75dp</dimen>
    <dimen name="xxh_1314pixels">985.5dp</dimen>
    <dimen name="xxh_1315pixels">986.25dp</dimen>
    <dimen name="xxh_1316pixels">987dp</dimen>
    <dimen name="xxh_1317pixels">987.75dp</dimen>
    <dimen name="xxh_1318pixels">988.5dp</dimen>
    <dimen name="xxh_1319pixels">989.25dp</dimen>
    <dimen name="xxh_1320pixels">990dp</dimen>
    <dimen name="xxh_1321pixels">990.75dp</dimen>
    <dimen name="xxh_1322pixels">991.5dp</dimen>
    <dimen name="xxh_1323pixels">992.25dp</dimen>
    <dimen name="xxh_1324pixels">993dp</dimen>
    <dimen name="xxh_1325pixels">993.75dp</dimen>
    <dimen name="xxh_1326pixels">994.5dp</dimen>
    <dimen name="xxh_1327pixels">995.25dp</dimen>
    <dimen name="xxh_1328pixels">996dp</dimen>
    <dimen name="xxh_1329pixels">996.75dp</dimen>
    <dimen name="xxh_1330pixels">997.5dp</dimen>
    <dimen name="xxh_1331pixels">998.25dp</dimen>
    <dimen name="xxh_1332pixels">999dp</dimen>
    <dimen name="xxh_1333pixels">999.75dp</dimen>
    <dimen name="xxh_1334pixels">1000.5dp</dimen>
    <dimen name="xxh_1335pixels">1001.25dp</dimen>
    <dimen name="xxh_1336pixels">1002dp</dimen>
    <dimen name="xxh_1337pixels">1002.75dp</dimen>
    <dimen name="xxh_1338pixels">1003.5dp</dimen>
    <dimen name="xxh_1339pixels">1004.25dp</dimen>
    <dimen name="xxh_1340pixels">1005dp</dimen>
    <dimen name="xxh_1341pixels">1005.75dp</dimen>
    <dimen name="xxh_1342pixels">1006.5dp</dimen>
    <dimen name="xxh_1343pixels">1007.25dp</dimen>
    <dimen name="xxh_1344pixels">1008dp</dimen>
    <dimen name="xxh_1345pixels">1008.75dp</dimen>
    <dimen name="xxh_1346pixels">1009.5dp</dimen>
    <dimen name="xxh_1347pixels">1010.25dp</dimen>
    <dimen name="xxh_1348pixels">1011dp</dimen>
    <dimen name="xxh_1349pixels">1011.75dp</dimen>
    <dimen name="xxh_1350pixels">1012.5dp</dimen>
    <dimen name="xxh_1351pixels">1013.25dp</dimen>
    <dimen name="xxh_1352pixels">1014dp</dimen>
    <dimen name="xxh_1353pixels">1014.75dp</dimen>
    <dimen name="xxh_1354pixels">1015.5dp</dimen>
    <dimen name="xxh_1355pixels">1016.25dp</dimen>
    <dimen name="xxh_1356pixels">1017dp</dimen>
    <dimen name="xxh_1357pixels">1017.75dp</dimen>
    <dimen name="xxh_1358pixels">1018.5dp</dimen>
    <dimen name="xxh_1359pixels">1019.25dp</dimen>
    <dimen name="xxh_1360pixels">1020dp</dimen>
    <dimen name="xxh_1361pixels">1020.75dp</dimen>
    <dimen name="xxh_1362pixels">1021.5dp</dimen>
    <dimen name="xxh_1363pixels">1022.25dp</dimen>
    <dimen name="xxh_1364pixels">1023dp</dimen>
    <dimen name="xxh_1365pixels">1023.75dp</dimen>
    <dimen name="xxh_1366pixels">1024.5dp</dimen>
    <dimen name="xxh_1367pixels">1025.25dp</dimen>
    <dimen name="xxh_1368pixels">1026dp</dimen>
    <dimen name="xxh_1369pixels">1026.75dp</dimen>
    <dimen name="xxh_1370pixels">1027.5dp</dimen>
    <dimen name="xxh_1371pixels">1028.25dp</dimen>
    <dimen name="xxh_1372pixels">1029dp</dimen>
    <dimen name="xxh_1373pixels">1029.75dp</dimen>
    <dimen name="xxh_1374pixels">1030.5dp</dimen>
    <dimen name="xxh_1375pixels">1031.25dp</dimen>
    <dimen name="xxh_1376pixels">1032dp</dimen>
    <dimen name="xxh_1377pixels">1032.75dp</dimen>
    <dimen name="xxh_1378pixels">1033.5dp</dimen>
    <dimen name="xxh_1379pixels">1034.25dp</dimen>
    <dimen name="xxh_1380pixels">1035dp</dimen>
    <dimen name="xxh_1381pixels">1035.75dp</dimen>
    <dimen name="xxh_1382pixels">1036.5dp</dimen>
    <dimen name="xxh_1383pixels">1037.25dp</dimen>
    <dimen name="xxh_1384pixels">1038dp</dimen>
    <dimen name="xxh_1385pixels">1038.75dp</dimen>
    <dimen name="xxh_1386pixels">1039.5dp</dimen>
    <dimen name="xxh_1387pixels">1040.25dp</dimen>
    <dimen name="xxh_1388pixels">1041dp</dimen>
    <dimen name="xxh_1389pixels">1041.75dp</dimen>
    <dimen name="xxh_1390pixels">1042.5dp</dimen>
    <dimen name="xxh_1391pixels">1043.25dp</dimen>
    <dimen name="xxh_1392pixels">1044dp</dimen>
    <dimen name="xxh_1393pixels">1044.75dp</dimen>
    <dimen name="xxh_1394pixels">1045.5dp</dimen>
    <dimen name="xxh_1395pixels">1046.25dp</dimen>
    <dimen name="xxh_1396pixels">1047dp</dimen>
    <dimen name="xxh_1397pixels">1047.75dp</dimen>
    <dimen name="xxh_1398pixels">1048.5dp</dimen>
    <dimen name="xxh_1399pixels">1049.25dp</dimen>
    <dimen name="xxh_1400pixels">1050dp</dimen>
    <dimen name="xxh_1401pixels">1050.75dp</dimen>
    <dimen name="xxh_1402pixels">1051.5dp</dimen>
    <dimen name="xxh_1403pixels">1052.25dp</dimen>
    <dimen name="xxh_1404pixels">1053dp</dimen>
    <dimen name="xxh_1405pixels">1053.75dp</dimen>
    <dimen name="xxh_1406pixels">1054.5dp</dimen>
    <dimen name="xxh_1407pixels">1055.25dp</dimen>
    <dimen name="xxh_1408pixels">1056dp</dimen>
    <dimen name="xxh_1409pixels">1056.75dp</dimen>
    <dimen name="xxh_1410pixels">1057.5dp</dimen>
    <dimen name="xxh_1411pixels">1058.25dp</dimen>
    <dimen name="xxh_1412pixels">1059dp</dimen>
    <dimen name="xxh_1413pixels">1059.75dp</dimen>
    <dimen name="xxh_1414pixels">1060.5dp</dimen>
    <dimen name="xxh_1415pixels">1061.25dp</dimen>
    <dimen name="xxh_1416pixels">1062dp</dimen>
    <dimen name="xxh_1417pixels">1062.75dp</dimen>
    <dimen name="xxh_1418pixels">1063.5dp</dimen>
    <dimen name="xxh_1419pixels">1064.25dp</dimen>
    <dimen name="xxh_1420pixels">1065dp</dimen>
    <dimen name="xxh_1421pixels">1065.75dp</dimen>
    <dimen name="xxh_1422pixels">1066.5dp</dimen>
    <dimen name="xxh_1423pixels">1067.25dp</dimen>
    <dimen name="xxh_1424pixels">1068dp</dimen>
    <dimen name="xxh_1425pixels">1068.75dp</dimen>
    <dimen name="xxh_1426pixels">1069.5dp</dimen>
    <dimen name="xxh_1427pixels">1070.25dp</dimen>
    <dimen name="xxh_1428pixels">1071dp</dimen>
    <dimen name="xxh_1429pixels">1071.75dp</dimen>
    <dimen name="xxh_1430pixels">1072.5dp</dimen>
    <dimen name="xxh_1431pixels">1073.25dp</dimen>
    <dimen name="xxh_1432pixels">1074dp</dimen>
    <dimen name="xxh_1433pixels">1074.75dp</dimen>
    <dimen name="xxh_1434pixels">1075.5dp</dimen>
    <dimen name="xxh_1435pixels">1076.25dp</dimen>
    <dimen name="xxh_1436pixels">1077dp</dimen>
    <dimen name="xxh_1437pixels">1077.75dp</dimen>
    <dimen name="xxh_1438pixels">1078.5dp</dimen>
    <dimen name="xxh_1439pixels">1079.25dp</dimen>
    <dimen name="xxh_1440pixels">1080dp</dimen>
    <dimen name="xxh_1441pixels">1080.75dp</dimen>
    <dimen name="xxh_1442pixels">1081.5dp</dimen>
    <dimen name="xxh_1443pixels">1082.25dp</dimen>
    <dimen name="xxh_1444pixels">1083dp</dimen>
    <dimen name="xxh_1445pixels">1083.75dp</dimen>
    <dimen name="xxh_1446pixels">1084.5dp</dimen>
    <dimen name="xxh_1447pixels">1085.25dp</dimen>
    <dimen name="xxh_1448pixels">1086dp</dimen>
    <dimen name="xxh_1449pixels">1086.75dp</dimen>
    <dimen name="xxh_1450pixels">1087.5dp</dimen>
    <dimen name="xxh_1451pixels">1088.25dp</dimen>
    <dimen name="xxh_1452pixels">1089dp</dimen>
    <dimen name="xxh_1453pixels">1089.75dp</dimen>
    <dimen name="xxh_1454pixels">1090.5dp</dimen>
    <dimen name="xxh_1455pixels">1091.25dp</dimen>
    <dimen name="xxh_1456pixels">1092dp</dimen>
    <dimen name="xxh_1457pixels">1092.75dp</dimen>
    <dimen name="xxh_1458pixels">1093.5dp</dimen>
    <dimen name="xxh_1459pixels">1094.25dp</dimen>
    <dimen name="xxh_1460pixels">1095dp</dimen>
    <dimen name="xxh_1461pixels">1095.75dp</dimen>
    <dimen name="xxh_1462pixels">1096.5dp</dimen>
    <dimen name="xxh_1463pixels">1097.25dp</dimen>
    <dimen name="xxh_1464pixels">1098dp</dimen>
    <dimen name="xxh_1465pixels">1098.75dp</dimen>
    <dimen name="xxh_1466pixels">1099.5dp</dimen>
    <dimen name="xxh_1467pixels">1100.25dp</dimen>
    <dimen name="xxh_1468pixels">1101dp</dimen>
    <dimen name="xxh_1469pixels">1101.75dp</dimen>
    <dimen name="xxh_1470pixels">1102.5dp</dimen>
    <dimen name="xxh_1471pixels">1103.25dp</dimen>
    <dimen name="xxh_1472pixels">1104dp</dimen>
    <dimen name="xxh_1473pixels">1104.75dp</dimen>
    <dimen name="xxh_1474pixels">1105.5dp</dimen>
    <dimen name="xxh_1475pixels">1106.25dp</dimen>
    <dimen name="xxh_1476pixels">1107dp</dimen>
    <dimen name="xxh_1477pixels">1107.75dp</dimen>
    <dimen name="xxh_1478pixels">1108.5dp</dimen>
    <dimen name="xxh_1479pixels">1109.25dp</dimen>
    <dimen name="xxh_1480pixels">1110dp</dimen>
    <dimen name="xxh_1481pixels">1110.75dp</dimen>
    <dimen name="xxh_1482pixels">1111.5dp</dimen>
    <dimen name="xxh_1483pixels">1112.25dp</dimen>
    <dimen name="xxh_1484pixels">1113dp</dimen>
    <dimen name="xxh_1485pixels">1113.75dp</dimen>
    <dimen name="xxh_1486pixels">1114.5dp</dimen>
    <dimen name="xxh_1487pixels">1115.25dp</dimen>
    <dimen name="xxh_1488pixels">1116dp</dimen>
    <dimen name="xxh_1489pixels">1116.75dp</dimen>
    <dimen name="xxh_1490pixels">1117.5dp</dimen>
    <dimen name="xxh_1491pixels">1118.25dp</dimen>
    <dimen name="xxh_1492pixels">1119dp</dimen>
    <dimen name="xxh_1493pixels">1119.75dp</dimen>
    <dimen name="xxh_1494pixels">1120.5dp</dimen>
    <dimen name="xxh_1495pixels">1121.25dp</dimen>
    <dimen name="xxh_1496pixels">1122dp</dimen>
    <dimen name="xxh_1497pixels">1122.75dp</dimen>
    <dimen name="xxh_1498pixels">1123.5dp</dimen>
    <dimen name="xxh_1499pixels">1124.25dp</dimen>
    <dimen name="xxh_1500pixels">1125dp</dimen>
    <dimen name="xxh_1501pixels">1125.75dp</dimen>
    <dimen name="xxh_1502pixels">1126.5dp</dimen>
    <dimen name="xxh_1503pixels">1127.25dp</dimen>
    <dimen name="xxh_1504pixels">1128dp</dimen>
    <dimen name="xxh_1505pixels">1128.75dp</dimen>
    <dimen name="xxh_1506pixels">1129.5dp</dimen>
    <dimen name="xxh_1507pixels">1130.25dp</dimen>
    <dimen name="xxh_1508pixels">1131dp</dimen>
    <dimen name="xxh_1509pixels">1131.75dp</dimen>
    <dimen name="xxh_1510pixels">1132.5dp</dimen>
    <dimen name="xxh_1511pixels">1133.25dp</dimen>
    <dimen name="xxh_1512pixels">1134dp</dimen>
    <dimen name="xxh_1513pixels">1134.75dp</dimen>
    <dimen name="xxh_1514pixels">1135.5dp</dimen>
    <dimen name="xxh_1515pixels">1136.25dp</dimen>
    <dimen name="xxh_1516pixels">1137dp</dimen>
    <dimen name="xxh_1517pixels">1137.75dp</dimen>
    <dimen name="xxh_1518pixels">1138.5dp</dimen>
    <dimen name="xxh_1519pixels">1139.25dp</dimen>
    <dimen name="xxh_1520pixels">1140dp</dimen>
    <dimen name="xxh_1521pixels">1140.75dp</dimen>
    <dimen name="xxh_1522pixels">1141.5dp</dimen>
    <dimen name="xxh_1523pixels">1142.25dp</dimen>
    <dimen name="xxh_1524pixels">1143dp</dimen>
    <dimen name="xxh_1525pixels">1143.75dp</dimen>
    <dimen name="xxh_1526pixels">1144.5dp</dimen>
    <dimen name="xxh_1527pixels">1145.25dp</dimen>
    <dimen name="xxh_1528pixels">1146dp</dimen>
    <dimen name="xxh_1529pixels">1146.75dp</dimen>
    <dimen name="xxh_1530pixels">1147.5dp</dimen>
    <dimen name="xxh_1531pixels">1148.25dp</dimen>
    <dimen name="xxh_1532pixels">1149dp</dimen>
    <dimen name="xxh_1533pixels">1149.75dp</dimen>
    <dimen name="xxh_1534pixels">1150.5dp</dimen>
    <dimen name="xxh_1535pixels">1151.25dp</dimen>
    <dimen name="xxh_1536pixels">1152dp</dimen>
    <dimen name="xxh_1537pixels">1152.75dp</dimen>
    <dimen name="xxh_1538pixels">1153.5dp</dimen>
    <dimen name="xxh_1539pixels">1154.25dp</dimen>
    <dimen name="xxh_1540pixels">1155dp</dimen>
    <dimen name="xxh_1541pixels">1155.75dp</dimen>
    <dimen name="xxh_1542pixels">1156.5dp</dimen>
    <dimen name="xxh_1543pixels">1157.25dp</dimen>
    <dimen name="xxh_1544pixels">1158dp</dimen>
    <dimen name="xxh_1545pixels">1158.75dp</dimen>
    <dimen name="xxh_1546pixels">1159.5dp</dimen>
    <dimen name="xxh_1547pixels">1160.25dp</dimen>
    <dimen name="xxh_1548pixels">1161dp</dimen>
    <dimen name="xxh_1549pixels">1161.75dp</dimen>
    <dimen name="xxh_1550pixels">1162.5dp</dimen>
    <dimen name="xxh_1551pixels">1163.25dp</dimen>
    <dimen name="xxh_1552pixels">1164dp</dimen>
    <dimen name="xxh_1553pixels">1164.75dp</dimen>
    <dimen name="xxh_1554pixels">1165.5dp</dimen>
    <dimen name="xxh_1555pixels">1166.25dp</dimen>
    <dimen name="xxh_1556pixels">1167dp</dimen>
    <dimen name="xxh_1557pixels">1167.75dp</dimen>
    <dimen name="xxh_1558pixels">1168.5dp</dimen>
    <dimen name="xxh_1559pixels">1169.25dp</dimen>
    <dimen name="xxh_1560pixels">1170dp</dimen>
    <dimen name="xxh_1561pixels">1170.75dp</dimen>
    <dimen name="xxh_1562pixels">1171.5dp</dimen>
    <dimen name="xxh_1563pixels">1172.25dp</dimen>
    <dimen name="xxh_1564pixels">1173dp</dimen>
    <dimen name="xxh_1565pixels">1173.75dp</dimen>
    <dimen name="xxh_1566pixels">1174.5dp</dimen>
    <dimen name="xxh_1567pixels">1175.25dp</dimen>
    <dimen name="xxh_1568pixels">1176dp</dimen>
    <dimen name="xxh_1569pixels">1176.75dp</dimen>
    <dimen name="xxh_1570pixels">1177.5dp</dimen>
    <dimen name="xxh_1571pixels">1178.25dp</dimen>
    <dimen name="xxh_1572pixels">1179dp</dimen>
    <dimen name="xxh_1573pixels">1179.75dp</dimen>
    <dimen name="xxh_1574pixels">1180.5dp</dimen>
    <dimen name="xxh_1575pixels">1181.25dp</dimen>
    <dimen name="xxh_1576pixels">1182dp</dimen>
    <dimen name="xxh_1577pixels">1182.75dp</dimen>
    <dimen name="xxh_1578pixels">1183.5dp</dimen>
    <dimen name="xxh_1579pixels">1184.25dp</dimen>
    <dimen name="xxh_1580pixels">1185dp</dimen>
    <dimen name="xxh_1581pixels">1185.75dp</dimen>
    <dimen name="xxh_1582pixels">1186.5dp</dimen>
    <dimen name="xxh_1583pixels">1187.25dp</dimen>
    <dimen name="xxh_1584pixels">1188dp</dimen>
    <dimen name="xxh_1585pixels">1188.75dp</dimen>
    <dimen name="xxh_1586pixels">1189.5dp</dimen>
    <dimen name="xxh_1587pixels">1190.25dp</dimen>
    <dimen name="xxh_1588pixels">1191dp</dimen>
    <dimen name="xxh_1589pixels">1191.75dp</dimen>
    <dimen name="xxh_1590pixels">1192.5dp</dimen>
    <dimen name="xxh_1591pixels">1193.25dp</dimen>
    <dimen name="xxh_1592pixels">1194dp</dimen>
    <dimen name="xxh_1593pixels">1194.75dp</dimen>
    <dimen name="xxh_1594pixels">1195.5dp</dimen>
    <dimen name="xxh_1595pixels">1196.25dp</dimen>
    <dimen name="xxh_1596pixels">1197dp</dimen>
    <dimen name="xxh_1597pixels">1197.75dp</dimen>
    <dimen name="xxh_1598pixels">1198.5dp</dimen>
    <dimen name="xxh_1599pixels">1199.25dp</dimen>
    <dimen name="xxh_1600pixels">1200dp</dimen>
    <dimen name="xxh_1601pixels">1200.75dp</dimen>
    <dimen name="xxh_1602pixels">1201.5dp</dimen>
    <dimen name="xxh_1603pixels">1202.25dp</dimen>
    <dimen name="xxh_1604pixels">1203dp</dimen>
    <dimen name="xxh_1605pixels">1203.75dp</dimen>
    <dimen name="xxh_1606pixels">1204.5dp</dimen>
    <dimen name="xxh_1607pixels">1205.25dp</dimen>
    <dimen name="xxh_1608pixels">1206dp</dimen>
    <dimen name="xxh_1609pixels">1206.75dp</dimen>
    <dimen name="xxh_1610pixels">1207.5dp</dimen>
    <dimen name="xxh_1611pixels">1208.25dp</dimen>
    <dimen name="xxh_1612pixels">1209dp</dimen>
    <dimen name="xxh_1613pixels">1209.75dp</dimen>
    <dimen name="xxh_1614pixels">1210.5dp</dimen>
    <dimen name="xxh_1615pixels">1211.25dp</dimen>
    <dimen name="xxh_1616pixels">1212dp</dimen>
    <dimen name="xxh_1617pixels">1212.75dp</dimen>
    <dimen name="xxh_1618pixels">1213.5dp</dimen>
    <dimen name="xxh_1619pixels">1214.25dp</dimen>
    <dimen name="xxh_1620pixels">1215dp</dimen>
    <dimen name="xxh_1621pixels">1215.75dp</dimen>
    <dimen name="xxh_1622pixels">1216.5dp</dimen>
    <dimen name="xxh_1623pixels">1217.25dp</dimen>
    <dimen name="xxh_1624pixels">1218dp</dimen>
    <dimen name="xxh_1625pixels">1218.75dp</dimen>
    <dimen name="xxh_1626pixels">1219.5dp</dimen>
    <dimen name="xxh_1627pixels">1220.25dp</dimen>
    <dimen name="xxh_1628pixels">1221dp</dimen>
    <dimen name="xxh_1629pixels">1221.75dp</dimen>
    <dimen name="xxh_1630pixels">1222.5dp</dimen>
    <dimen name="xxh_1631pixels">1223.25dp</dimen>
    <dimen name="xxh_1632pixels">1224dp</dimen>
    <dimen name="xxh_1633pixels">1224.75dp</dimen>
    <dimen name="xxh_1634pixels">1225.5dp</dimen>
    <dimen name="xxh_1635pixels">1226.25dp</dimen>
    <dimen name="xxh_1636pixels">1227dp</dimen>
    <dimen name="xxh_1637pixels">1227.75dp</dimen>
    <dimen name="xxh_1638pixels">1228.5dp</dimen>
    <dimen name="xxh_1639pixels">1229.25dp</dimen>
    <dimen name="xxh_1640pixels">1230dp</dimen>
    <dimen name="xxh_1641pixels">1230.75dp</dimen>
    <dimen name="xxh_1642pixels">1231.5dp</dimen>
    <dimen name="xxh_1643pixels">1232.25dp</dimen>
    <dimen name="xxh_1644pixels">1233dp</dimen>
    <dimen name="xxh_1645pixels">1233.75dp</dimen>
    <dimen name="xxh_1646pixels">1234.5dp</dimen>
    <dimen name="xxh_1647pixels">1235.25dp</dimen>
    <dimen name="xxh_1648pixels">1236dp</dimen>
    <dimen name="xxh_1649pixels">1236.75dp</dimen>
    <dimen name="xxh_1650pixels">1237.5dp</dimen>
    <dimen name="xxh_1651pixels">1238.25dp</dimen>
    <dimen name="xxh_1652pixels">1239dp</dimen>
    <dimen name="xxh_1653pixels">1239.75dp</dimen>
    <dimen name="xxh_1654pixels">1240.5dp</dimen>
    <dimen name="xxh_1655pixels">1241.25dp</dimen>
    <dimen name="xxh_1656pixels">1242dp</dimen>
    <dimen name="xxh_1657pixels">1242.75dp</dimen>
    <dimen name="xxh_1658pixels">1243.5dp</dimen>
    <dimen name="xxh_1659pixels">1244.25dp</dimen>
    <dimen name="xxh_1660pixels">1245dp</dimen>
    <dimen name="xxh_1661pixels">1245.75dp</dimen>
    <dimen name="xxh_1662pixels">1246.5dp</dimen>
    <dimen name="xxh_1663pixels">1247.25dp</dimen>
    <dimen name="xxh_1664pixels">1248dp</dimen>
    <dimen name="xxh_1665pixels">1248.75dp</dimen>
    <dimen name="xxh_1666pixels">1249.5dp</dimen>
    <dimen name="xxh_1667pixels">1250.25dp</dimen>
    <dimen name="xxh_1668pixels">1251dp</dimen>
    <dimen name="xxh_1669pixels">1251.75dp</dimen>
    <dimen name="xxh_1670pixels">1252.5dp</dimen>
    <dimen name="xxh_1671pixels">1253.25dp</dimen>
    <dimen name="xxh_1672pixels">1254dp</dimen>
    <dimen name="xxh_1673pixels">1254.75dp</dimen>
    <dimen name="xxh_1674pixels">1255.5dp</dimen>
    <dimen name="xxh_1675pixels">1256.25dp</dimen>
    <dimen name="xxh_1676pixels">1257dp</dimen>
    <dimen name="xxh_1677pixels">1257.75dp</dimen>
    <dimen name="xxh_1678pixels">1258.5dp</dimen>
    <dimen name="xxh_1679pixels">1259.25dp</dimen>
    <dimen name="xxh_1680pixels">1260dp</dimen>
    <dimen name="xxh_1681pixels">1260.75dp</dimen>
    <dimen name="xxh_1682pixels">1261.5dp</dimen>
    <dimen name="xxh_1683pixels">1262.25dp</dimen>
    <dimen name="xxh_1684pixels">1263dp</dimen>
    <dimen name="xxh_1685pixels">1263.75dp</dimen>
    <dimen name="xxh_1686pixels">1264.5dp</dimen>
    <dimen name="xxh_1687pixels">1265.25dp</dimen>
    <dimen name="xxh_1688pixels">1266dp</dimen>
    <dimen name="xxh_1689pixels">1266.75dp</dimen>
    <dimen name="xxh_1690pixels">1267.5dp</dimen>
    <dimen name="xxh_1691pixels">1268.25dp</dimen>
    <dimen name="xxh_1692pixels">1269dp</dimen>
    <dimen name="xxh_1693pixels">1269.75dp</dimen>
    <dimen name="xxh_1694pixels">1270.5dp</dimen>
    <dimen name="xxh_1695pixels">1271.25dp</dimen>
    <dimen name="xxh_1696pixels">1272dp</dimen>
    <dimen name="xxh_1697pixels">1272.75dp</dimen>
    <dimen name="xxh_1698pixels">1273.5dp</dimen>
    <dimen name="xxh_1699pixels">1274.25dp</dimen>
    <dimen name="xxh_1700pixels">1275dp</dimen>
    <dimen name="xxh_1701pixels">1275.75dp</dimen>
    <dimen name="xxh_1702pixels">1276.5dp</dimen>
    <dimen name="xxh_1703pixels">1277.25dp</dimen>
    <dimen name="xxh_1704pixels">1278dp</dimen>
    <dimen name="xxh_1705pixels">1278.75dp</dimen>
    <dimen name="xxh_1706pixels">1279.5dp</dimen>
    <dimen name="xxh_1707pixels">1280.25dp</dimen>
    <dimen name="xxh_1708pixels">1281dp</dimen>
    <dimen name="xxh_1709pixels">1281.75dp</dimen>
    <dimen name="xxh_1710pixels">1282.5dp</dimen>
    <dimen name="xxh_1711pixels">1283.25dp</dimen>
    <dimen name="xxh_1712pixels">1284dp</dimen>
    <dimen name="xxh_1713pixels">1284.75dp</dimen>
    <dimen name="xxh_1714pixels">1285.5dp</dimen>
    <dimen name="xxh_1715pixels">1286.25dp</dimen>
    <dimen name="xxh_1716pixels">1287dp</dimen>
    <dimen name="xxh_1717pixels">1287.75dp</dimen>
    <dimen name="xxh_1718pixels">1288.5dp</dimen>
    <dimen name="xxh_1719pixels">1289.25dp</dimen>
    <dimen name="xxh_1720pixels">1290dp</dimen>
    <dimen name="xxh_1721pixels">1290.75dp</dimen>
    <dimen name="xxh_1722pixels">1291.5dp</dimen>
    <dimen name="xxh_1723pixels">1292.25dp</dimen>
    <dimen name="xxh_1724pixels">1293dp</dimen>
    <dimen name="xxh_1725pixels">1293.75dp</dimen>
    <dimen name="xxh_1726pixels">1294.5dp</dimen>
    <dimen name="xxh_1727pixels">1295.25dp</dimen>
    <dimen name="xxh_1728pixels">1296dp</dimen>
    <dimen name="xxh_1729pixels">1296.75dp</dimen>
    <dimen name="xxh_1730pixels">1297.5dp</dimen>
    <dimen name="xxh_1731pixels">1298.25dp</dimen>
    <dimen name="xxh_1732pixels">1299dp</dimen>
    <dimen name="xxh_1733pixels">1299.75dp</dimen>
    <dimen name="xxh_1734pixels">1300.5dp</dimen>
    <dimen name="xxh_1735pixels">1301.25dp</dimen>
    <dimen name="xxh_1736pixels">1302dp</dimen>
    <dimen name="xxh_1737pixels">1302.75dp</dimen>
    <dimen name="xxh_1738pixels">1303.5dp</dimen>
    <dimen name="xxh_1739pixels">1304.25dp</dimen>
    <dimen name="xxh_1740pixels">1305dp</dimen>
    <dimen name="xxh_1741pixels">1305.75dp</dimen>
    <dimen name="xxh_1742pixels">1306.5dp</dimen>
    <dimen name="xxh_1743pixels">1307.25dp</dimen>
    <dimen name="xxh_1744pixels">1308dp</dimen>
    <dimen name="xxh_1745pixels">1308.75dp</dimen>
    <dimen name="xxh_1746pixels">1309.5dp</dimen>
    <dimen name="xxh_1747pixels">1310.25dp</dimen>
    <dimen name="xxh_1748pixels">1311dp</dimen>
    <dimen name="xxh_1749pixels">1311.75dp</dimen>
    <dimen name="xxh_1750pixels">1312.5dp</dimen>
    <dimen name="xxh_1751pixels">1313.25dp</dimen>
    <dimen name="xxh_1752pixels">1314dp</dimen>
    <dimen name="xxh_1753pixels">1314.75dp</dimen>
    <dimen name="xxh_1754pixels">1315.5dp</dimen>
    <dimen name="xxh_1755pixels">1316.25dp</dimen>
    <dimen name="xxh_1756pixels">1317dp</dimen>
    <dimen name="xxh_1757pixels">1317.75dp</dimen>
    <dimen name="xxh_1758pixels">1318.5dp</dimen>
    <dimen name="xxh_1759pixels">1319.25dp</dimen>
    <dimen name="xxh_1760pixels">1320dp</dimen>
    <dimen name="xxh_1761pixels">1320.75dp</dimen>
    <dimen name="xxh_1762pixels">1321.5dp</dimen>
    <dimen name="xxh_1763pixels">1322.25dp</dimen>
    <dimen name="xxh_1764pixels">1323dp</dimen>
    <dimen name="xxh_1765pixels">1323.75dp</dimen>
    <dimen name="xxh_1766pixels">1324.5dp</dimen>
    <dimen name="xxh_1767pixels">1325.25dp</dimen>
    <dimen name="xxh_1768pixels">1326dp</dimen>
    <dimen name="xxh_1769pixels">1326.75dp</dimen>
    <dimen name="xxh_1770pixels">1327.5dp</dimen>
    <dimen name="xxh_1771pixels">1328.25dp</dimen>
    <dimen name="xxh_1772pixels">1329dp</dimen>
    <dimen name="xxh_1773pixels">1329.75dp</dimen>
    <dimen name="xxh_1774pixels">1330.5dp</dimen>
    <dimen name="xxh_1775pixels">1331.25dp</dimen>
    <dimen name="xxh_1776pixels">1332dp</dimen>
    <dimen name="xxh_1777pixels">1332.75dp</dimen>
    <dimen name="xxh_1778pixels">1333.5dp</dimen>
    <dimen name="xxh_1779pixels">1334.25dp</dimen>
    <dimen name="xxh_1780pixels">1335dp</dimen>
    <dimen name="xxh_1781pixels">1335.75dp</dimen>
    <dimen name="xxh_1782pixels">1336.5dp</dimen>
    <dimen name="xxh_1783pixels">1337.25dp</dimen>
    <dimen name="xxh_1784pixels">1338dp</dimen>
    <dimen name="xxh_1785pixels">1338.75dp</dimen>
    <dimen name="xxh_1786pixels">1339.5dp</dimen>
    <dimen name="xxh_1787pixels">1340.25dp</dimen>
    <dimen name="xxh_1788pixels">1341dp</dimen>
    <dimen name="xxh_1789pixels">1341.75dp</dimen>
    <dimen name="xxh_1790pixels">1342.5dp</dimen>
    <dimen name="xxh_1791pixels">1343.25dp</dimen>
    <dimen name="xxh_1792pixels">1344dp</dimen>
    <dimen name="xxh_1793pixels">1344.75dp</dimen>
    <dimen name="xxh_1794pixels">1345.5dp</dimen>
    <dimen name="xxh_1795pixels">1346.25dp</dimen>
    <dimen name="xxh_1796pixels">1347dp</dimen>
    <dimen name="xxh_1797pixels">1347.75dp</dimen>
    <dimen name="xxh_1798pixels">1348.5dp</dimen>
    <dimen name="xxh_1799pixels">1349.25dp</dimen>
    <dimen name="xxh_1800pixels">1350dp</dimen>
    <dimen name="xxh_1801pixels">1350.75dp</dimen>
    <dimen name="xxh_1802pixels">1351.5dp</dimen>
    <dimen name="xxh_1803pixels">1352.25dp</dimen>
    <dimen name="xxh_1804pixels">1353dp</dimen>
    <dimen name="xxh_1805pixels">1353.75dp</dimen>
    <dimen name="xxh_1806pixels">1354.5dp</dimen>
    <dimen name="xxh_1807pixels">1355.25dp</dimen>
    <dimen name="xxh_1808pixels">1356dp</dimen>
    <dimen name="xxh_1809pixels">1356.75dp</dimen>
    <dimen name="xxh_1810pixels">1357.5dp</dimen>
    <dimen name="xxh_1811pixels">1358.25dp</dimen>
    <dimen name="xxh_1812pixels">1359dp</dimen>
    <dimen name="xxh_1813pixels">1359.75dp</dimen>
    <dimen name="xxh_1814pixels">1360.5dp</dimen>
    <dimen name="xxh_1815pixels">1361.25dp</dimen>
    <dimen name="xxh_1816pixels">1362dp</dimen>
    <dimen name="xxh_1817pixels">1362.75dp</dimen>
    <dimen name="xxh_1818pixels">1363.5dp</dimen>
    <dimen name="xxh_1819pixels">1364.25dp</dimen>
    <dimen name="xxh_1820pixels">1365dp</dimen>
    <dimen name="xxh_1821pixels">1365.75dp</dimen>
    <dimen name="xxh_1822pixels">1366.5dp</dimen>
    <dimen name="xxh_1823pixels">1367.25dp</dimen>
    <dimen name="xxh_1824pixels">1368dp</dimen>
    <dimen name="xxh_1825pixels">1368.75dp</dimen>
    <dimen name="xxh_1826pixels">1369.5dp</dimen>
    <dimen name="xxh_1827pixels">1370.25dp</dimen>
    <dimen name="xxh_1828pixels">1371dp</dimen>
    <dimen name="xxh_1829pixels">1371.75dp</dimen>
    <dimen name="xxh_1830pixels">1372.5dp</dimen>
    <dimen name="xxh_1831pixels">1373.25dp</dimen>
    <dimen name="xxh_1832pixels">1374dp</dimen>
    <dimen name="xxh_1833pixels">1374.75dp</dimen>
    <dimen name="xxh_1834pixels">1375.5dp</dimen>
    <dimen name="xxh_1835pixels">1376.25dp</dimen>
    <dimen name="xxh_1836pixels">1377dp</dimen>
    <dimen name="xxh_1837pixels">1377.75dp</dimen>
    <dimen name="xxh_1838pixels">1378.5dp</dimen>
    <dimen name="xxh_1839pixels">1379.25dp</dimen>
    <dimen name="xxh_1840pixels">1380dp</dimen>
    <dimen name="xxh_1841pixels">1380.75dp</dimen>
    <dimen name="xxh_1842pixels">1381.5dp</dimen>
    <dimen name="xxh_1843pixels">1382.25dp</dimen>
    <dimen name="xxh_1844pixels">1383dp</dimen>
    <dimen name="xxh_1845pixels">1383.75dp</dimen>
    <dimen name="xxh_1846pixels">1384.5dp</dimen>
    <dimen name="xxh_1847pixels">1385.25dp</dimen>
    <dimen name="xxh_1848pixels">1386dp</dimen>
    <dimen name="xxh_1849pixels">1386.75dp</dimen>
    <dimen name="xxh_1850pixels">1387.5dp</dimen>
    <dimen name="xxh_1851pixels">1388.25dp</dimen>
    <dimen name="xxh_1852pixels">1389dp</dimen>
    <dimen name="xxh_1853pixels">1389.75dp</dimen>
    <dimen name="xxh_1854pixels">1390.5dp</dimen>
    <dimen name="xxh_1855pixels">1391.25dp</dimen>
    <dimen name="xxh_1856pixels">1392dp</dimen>
    <dimen name="xxh_1857pixels">1392.75dp</dimen>
    <dimen name="xxh_1858pixels">1393.5dp</dimen>
    <dimen name="xxh_1859pixels">1394.25dp</dimen>
    <dimen name="xxh_1860pixels">1395dp</dimen>
    <dimen name="xxh_1861pixels">1395.75dp</dimen>
    <dimen name="xxh_1862pixels">1396.5dp</dimen>
    <dimen name="xxh_1863pixels">1397.25dp</dimen>
    <dimen name="xxh_1864pixels">1398dp</dimen>
    <dimen name="xxh_1865pixels">1398.75dp</dimen>
    <dimen name="xxh_1866pixels">1399.5dp</dimen>
    <dimen name="xxh_1867pixels">1400.25dp</dimen>
    <dimen name="xxh_1868pixels">1401dp</dimen>
    <dimen name="xxh_1869pixels">1401.75dp</dimen>
    <dimen name="xxh_1870pixels">1402.5dp</dimen>
    <dimen name="xxh_1871pixels">1403.25dp</dimen>
    <dimen name="xxh_1872pixels">1404dp</dimen>
    <dimen name="xxh_1873pixels">1404.75dp</dimen>
    <dimen name="xxh_1874pixels">1405.5dp</dimen>
    <dimen name="xxh_1875pixels">1406.25dp</dimen>
    <dimen name="xxh_1876pixels">1407dp</dimen>
    <dimen name="xxh_1877pixels">1407.75dp</dimen>
    <dimen name="xxh_1878pixels">1408.5dp</dimen>
    <dimen name="xxh_1879pixels">1409.25dp</dimen>
    <dimen name="xxh_1880pixels">1410dp</dimen>
    <dimen name="xxh_1881pixels">1410.75dp</dimen>
    <dimen name="xxh_1882pixels">1411.5dp</dimen>
    <dimen name="xxh_1883pixels">1412.25dp</dimen>
    <dimen name="xxh_1884pixels">1413dp</dimen>
    <dimen name="xxh_1885pixels">1413.75dp</dimen>
    <dimen name="xxh_1886pixels">1414.5dp</dimen>
    <dimen name="xxh_1887pixels">1415.25dp</dimen>
    <dimen name="xxh_1888pixels">1416dp</dimen>
    <dimen name="xxh_1889pixels">1416.75dp</dimen>
    <dimen name="xxh_1890pixels">1417.5dp</dimen>
    <dimen name="xxh_1891pixels">1418.25dp</dimen>
    <dimen name="xxh_1892pixels">1419dp</dimen>
    <dimen name="xxh_1893pixels">1419.75dp</dimen>
    <dimen name="xxh_1894pixels">1420.5dp</dimen>
    <dimen name="xxh_1895pixels">1421.25dp</dimen>
    <dimen name="xxh_1896pixels">1422dp</dimen>
    <dimen name="xxh_1897pixels">1422.75dp</dimen>
    <dimen name="xxh_1898pixels">1423.5dp</dimen>
    <dimen name="xxh_1899pixels">1424.25dp</dimen>
    <dimen name="xxh_1900pixels">1425dp</dimen>
    <dimen name="xxh_1901pixels">1425.75dp</dimen>
    <dimen name="xxh_1902pixels">1426.5dp</dimen>
    <dimen name="xxh_1903pixels">1427.25dp</dimen>
    <dimen name="xxh_1904pixels">1428dp</dimen>
    <dimen name="xxh_1905pixels">1428.75dp</dimen>
    <dimen name="xxh_1906pixels">1429.5dp</dimen>
    <dimen name="xxh_1907pixels">1430.25dp</dimen>
    <dimen name="xxh_1908pixels">1431dp</dimen>
    <dimen name="xxh_1909pixels">1431.75dp</dimen>
    <dimen name="xxh_1910pixels">1432.5dp</dimen>
    <dimen name="xxh_1911pixels">1433.25dp</dimen>
    <dimen name="xxh_1912pixels">1434dp</dimen>
    <dimen name="xxh_1913pixels">1434.75dp</dimen>
    <dimen name="xxh_1914pixels">1435.5dp</dimen>
    <dimen name="xxh_1915pixels">1436.25dp</dimen>
    <dimen name="xxh_1916pixels">1437dp</dimen>
    <dimen name="xxh_1917pixels">1437.75dp</dimen>
    <dimen name="xxh_1918pixels">1438.5dp</dimen>
    <dimen name="xxh_1919pixels">1439.25dp</dimen>
    <dimen name="xxh_1920pixels">1440dp</dimen>
    <dimen name="xxh_1921pixels">1440.75dp</dimen>
    <dimen name="xxh_1922pixels">1441.5dp</dimen>
    <dimen name="xxh_1923pixels">1442.25dp</dimen>
    <dimen name="xxh_1924pixels">1443dp</dimen>
    <dimen name="xxh_1925pixels">1443.75dp</dimen>
    <dimen name="xxh_1926pixels">1444.5dp</dimen>
    <dimen name="xxh_1927pixels">1445.25dp</dimen>
    <dimen name="xxh_1928pixels">1446dp</dimen>
    <dimen name="xxh_1929pixels">1446.75dp</dimen>
    <dimen name="xxh_1930pixels">1447.5dp</dimen>
    <dimen name="xxh_1931pixels">1448.25dp</dimen>
    <dimen name="xxh_1932pixels">1449dp</dimen>
    <dimen name="xxh_1933pixels">1449.75dp</dimen>
    <dimen name="xxh_1934pixels">1450.5dp</dimen>
    <dimen name="xxh_1935pixels">1451.25dp</dimen>
    <dimen name="xxh_1936pixels">1452dp</dimen>
    <dimen name="xxh_1937pixels">1452.75dp</dimen>
    <dimen name="xxh_1938pixels">1453.5dp</dimen>
    <dimen name="xxh_1939pixels">1454.25dp</dimen>
    <dimen name="xxh_1940pixels">1455dp</dimen>
    <dimen name="xxh_1941pixels">1455.75dp</dimen>
    <dimen name="xxh_1942pixels">1456.5dp</dimen>
    <dimen name="xxh_1943pixels">1457.25dp</dimen>
    <dimen name="xxh_1944pixels">1458dp</dimen>
    <dimen name="xxh_1945pixels">1458.75dp</dimen>
    <dimen name="xxh_1946pixels">1459.5dp</dimen>
    <dimen name="xxh_1947pixels">1460.25dp</dimen>
    <dimen name="xxh_1948pixels">1461dp</dimen>
    <dimen name="xxh_1949pixels">1461.75dp</dimen>
    <dimen name="xxh_1950pixels">1462.5dp</dimen>
    <dimen name="xxh_1951pixels">1463.25dp</dimen>
    <dimen name="xxh_1952pixels">1464dp</dimen>
    <dimen name="xxh_1953pixels">1464.75dp</dimen>
    <dimen name="xxh_1954pixels">1465.5dp</dimen>
    <dimen name="xxh_1955pixels">1466.25dp</dimen>
    <dimen name="xxh_1956pixels">1467dp</dimen>
    <dimen name="xxh_1957pixels">1467.75dp</dimen>
    <dimen name="xxh_1958pixels">1468.5dp</dimen>
    <dimen name="xxh_1959pixels">1469.25dp</dimen>
    <dimen name="xxh_1960pixels">1470dp</dimen>
    <dimen name="xxh_1961pixels">1470.75dp</dimen>
    <dimen name="xxh_1962pixels">1471.5dp</dimen>
    <dimen name="xxh_1963pixels">1472.25dp</dimen>
    <dimen name="xxh_1964pixels">1473dp</dimen>
    <dimen name="xxh_1965pixels">1473.75dp</dimen>
    <dimen name="xxh_1966pixels">1474.5dp</dimen>
    <dimen name="xxh_1967pixels">1475.25dp</dimen>
    <dimen name="xxh_1968pixels">1476dp</dimen>
    <dimen name="xxh_1969pixels">1476.75dp</dimen>
    <dimen name="xxh_1970pixels">1477.5dp</dimen>
    <dimen name="xxh_1971pixels">1478.25dp</dimen>
    <dimen name="xxh_1972pixels">1479dp</dimen>
    <dimen name="xxh_1973pixels">1479.75dp</dimen>
    <dimen name="xxh_1974pixels">1480.5dp</dimen>
    <dimen name="xxh_1975pixels">1481.25dp</dimen>
    <dimen name="xxh_1976pixels">1482dp</dimen>
    <dimen name="xxh_1977pixels">1482.75dp</dimen>
    <dimen name="xxh_1978pixels">1483.5dp</dimen>
    <dimen name="xxh_1979pixels">1484.25dp</dimen>
    <dimen name="xxh_1980pixels">1485dp</dimen>
    <dimen name="xxh_1981pixels">1485.75dp</dimen>
    <dimen name="xxh_1982pixels">1486.5dp</dimen>
    <dimen name="xxh_1983pixels">1487.25dp</dimen>
    <dimen name="xxh_1984pixels">1488dp</dimen>
    <dimen name="xxh_1985pixels">1488.75dp</dimen>
    <dimen name="xxh_1986pixels">1489.5dp</dimen>
    <dimen name="xxh_1987pixels">1490.25dp</dimen>
    <dimen name="xxh_1988pixels">1491dp</dimen>
    <dimen name="xxh_1989pixels">1491.75dp</dimen>
    <dimen name="xxh_1990pixels">1492.5dp</dimen>
    <dimen name="xxh_1991pixels">1493.25dp</dimen>
    <dimen name="xxh_1992pixels">1494dp</dimen>
    <dimen name="xxh_1993pixels">1494.75dp</dimen>
    <dimen name="xxh_1994pixels">1495.5dp</dimen>
    <dimen name="xxh_1995pixels">1496.25dp</dimen>
    <dimen name="xxh_1996pixels">1497dp</dimen>
    <dimen name="xxh_1997pixels">1497.75dp</dimen>
    <dimen name="xxh_1998pixels">1498.5dp</dimen>
    <dimen name="xxh_1999pixels">1499.25dp</dimen>
    <dimen name="xxh_2000pixels">1500dp</dimen>
</resources>