<?xml version="1.0" encoding="utf-8"?>
<resources>

    <dimen name="xxh_m130pixels">-108.33dp</dimen>
    <dimen name="xxh_m48pixels">-40dp</dimen>
    <dimen name="xxh_m42pixels">-35dp</dimen>
    <dimen name="xxh_m30pixels">-25dp</dimen>
    <dimen name="xxh_m26pixels">-21.67dp</dimen>
    <dimen name="xxh_m25pixels">-20.83dp</dimen>
    <dimen name="xxh_m24pixels">-20dp</dimen>
    <dimen name="xxh_m23pixels">-19.17dp</dimen>
    <dimen name="xxh_m21pixels">-17.5dp</dimen>
    <dimen name="xxh_m20pixels">-16.67dp</dimen>
    <dimen name="xxh_m18pixels">-15dp</dimen>
    <dimen name="xxh_m16pixels">-13.33dp</dimen>
    <dimen name="xxh_m14pixels">-11.67dp</dimen>
    <dimen name="xxh_m10pixels">-8.33dp</dimen>
    <dimen name="xxh_m8pixels">-6.67dp</dimen>
    <dimen name="xxh_m5pixels">-4.17dp</dimen>
    <dimen name="xxh_m1pixels">-0.83dp</dimen>

    <dimen name="xxh_1pixels">0.83dp</dimen>
    <dimen name="xxh_2pixels">1.67dp</dimen>
    <dimen name="xxh_3pixels">2.5dp</dimen>
    <dimen name="xxh_4pixels">3.33dp</dimen>
    <dimen name="xxh_5pixels">4.17dp</dimen>
    <dimen name="xxh_6pixels">5dp</dimen>
    <dimen name="xxh_7pixels">5.83dp</dimen>
    <dimen name="xxh_8pixels">6.67dp</dimen>
    <dimen name="xxh_9pixels">7.5dp</dimen>
    <dimen name="xxh_10pixels">8.33dp</dimen>
    <dimen name="xxh_11pixels">9.17dp</dimen>
    <dimen name="xxh_12pixels">10dp</dimen>
    <dimen name="xxh_13pixels">10.83dp</dimen>
    <dimen name="xxh_14pixels">11.67dp</dimen>
    <dimen name="xxh_15pixels">12.5dp</dimen>
    <dimen name="xxh_16pixels">13.33dp</dimen>
    <dimen name="xxh_17pixels">14.17dp</dimen>
    <dimen name="xxh_18pixels">15dp</dimen>
    <dimen name="xxh_19pixels">15.83dp</dimen>
    <dimen name="xxh_20pixels">16.67dp</dimen>
    <dimen name="xxh_21pixels">17.5dp</dimen>
    <dimen name="xxh_22pixels">18.33dp</dimen>
    <dimen name="xxh_23pixels">19.17dp</dimen>
    <dimen name="xxh_24pixels">20dp</dimen>
    <dimen name="xxh_25pixels">20.83dp</dimen>
    <dimen name="xxh_26pixels">21.67dp</dimen>
    <dimen name="xxh_27pixels">22.5dp</dimen>
    <dimen name="xxh_28pixels">23.33dp</dimen>
    <dimen name="xxh_29pixels">24.17dp</dimen>
    <dimen name="xxh_30pixels">25dp</dimen>
    <dimen name="xxh_31pixels">25.83dp</dimen>
    <dimen name="xxh_32pixels">26.67dp</dimen>
    <dimen name="xxh_33pixels">27.5dp</dimen>
    <dimen name="xxh_34pixels">28.33dp</dimen>
    <dimen name="xxh_35pixels">29.17dp</dimen>
    <dimen name="xxh_36pixels">30dp</dimen>
    <dimen name="xxh_37pixels">30.83dp</dimen>
    <dimen name="xxh_38pixels">31.67dp</dimen>
    <dimen name="xxh_39pixels">32.5dp</dimen>
    <dimen name="xxh_40pixels">33.33dp</dimen>
    <dimen name="xxh_41pixels">34.17dp</dimen>
    <dimen name="xxh_42pixels">35dp</dimen>
    <dimen name="xxh_43pixels">35.83dp</dimen>
    <dimen name="xxh_44pixels">36.67dp</dimen>
    <dimen name="xxh_45pixels">37.5dp</dimen>
    <dimen name="xxh_46pixels">38.33dp</dimen>
    <dimen name="xxh_47pixels">39.17dp</dimen>
    <dimen name="xxh_48pixels">40dp</dimen>
    <dimen name="xxh_49pixels">40.83dp</dimen>
    <dimen name="xxh_50pixels">41.67dp</dimen>
    <dimen name="xxh_51pixels">42.5dp</dimen>
    <dimen name="xxh_52pixels">43.33dp</dimen>
    <dimen name="xxh_53pixels">44.17dp</dimen>
    <dimen name="xxh_54pixels">45dp</dimen>
    <dimen name="xxh_55pixels">45.83dp</dimen>
    <dimen name="xxh_56pixels">46.67dp</dimen>
    <dimen name="xxh_57pixels">47.5dp</dimen>
    <dimen name="xxh_58pixels">48.33dp</dimen>
    <dimen name="xxh_59pixels">49.17dp</dimen>
    <dimen name="xxh_60pixels">50dp</dimen>
    <dimen name="xxh_61pixels">50.83dp</dimen>
    <dimen name="xxh_62pixels">51.67dp</dimen>
    <dimen name="xxh_63pixels">52.5dp</dimen>
    <dimen name="xxh_64pixels">53.33dp</dimen>
    <dimen name="xxh_65pixels">54.17dp</dimen>
    <dimen name="xxh_66pixels">55dp</dimen>
    <dimen name="xxh_67pixels">55.83dp</dimen>
    <dimen name="xxh_68pixels">56.67dp</dimen>
    <dimen name="xxh_69pixels">57.5dp</dimen>
    <dimen name="xxh_70pixels">58.33dp</dimen>
    <dimen name="xxh_71pixels">59.17dp</dimen>
    <dimen name="xxh_72pixels">60dp</dimen>
    <dimen name="xxh_73pixels">60.83dp</dimen>
    <dimen name="xxh_74pixels">61.67dp</dimen>
    <dimen name="xxh_75pixels">62.5dp</dimen>
    <dimen name="xxh_76pixels">63.33dp</dimen>
    <dimen name="xxh_77pixels">64.17dp</dimen>
    <dimen name="xxh_78pixels">65dp</dimen>
    <dimen name="xxh_79pixels">65.83dp</dimen>
    <dimen name="xxh_80pixels">66.67dp</dimen>
    <dimen name="xxh_81pixels">67.5dp</dimen>
    <dimen name="xxh_82pixels">68.33dp</dimen>
    <dimen name="xxh_83pixels">69.17dp</dimen>
    <dimen name="xxh_84pixels">70dp</dimen>
    <dimen name="xxh_85pixels">70.83dp</dimen>
    <dimen name="xxh_86pixels">71.67dp</dimen>
    <dimen name="xxh_87pixels">72.5dp</dimen>
    <dimen name="xxh_88pixels">73.33dp</dimen>
    <dimen name="xxh_89pixels">74.17dp</dimen>
    <dimen name="xxh_90pixels">75dp</dimen>
    <dimen name="xxh_91pixels">75.83dp</dimen>
    <dimen name="xxh_92pixels">76.67dp</dimen>
    <dimen name="xxh_93pixels">77.5dp</dimen>
    <dimen name="xxh_94pixels">78.33dp</dimen>
    <dimen name="xxh_95pixels">79.17dp</dimen>
    <dimen name="xxh_96pixels">80dp</dimen>
    <dimen name="xxh_97pixels">80.83dp</dimen>
    <dimen name="xxh_98pixels">81.67dp</dimen>
    <dimen name="xxh_99pixels">82.5dp</dimen>
    <dimen name="xxh_100pixels">83.33dp</dimen>
    <dimen name="xxh_101pixels">84.17dp</dimen>
    <dimen name="xxh_102pixels">85dp</dimen>
    <dimen name="xxh_103pixels">85.83dp</dimen>
    <dimen name="xxh_104pixels">86.67dp</dimen>
    <dimen name="xxh_105pixels">87.5dp</dimen>
    <dimen name="xxh_106pixels">88.33dp</dimen>
    <dimen name="xxh_107pixels">89.17dp</dimen>
    <dimen name="xxh_108pixels">90dp</dimen>
    <dimen name="xxh_109pixels">90.83dp</dimen>
    <dimen name="xxh_110pixels">91.67dp</dimen>
    <dimen name="xxh_111pixels">92.5dp</dimen>
    <dimen name="xxh_112pixels">93.33dp</dimen>
    <dimen name="xxh_113pixels">94.17dp</dimen>
    <dimen name="xxh_114pixels">95dp</dimen>
    <dimen name="xxh_115pixels">95.83dp</dimen>
    <dimen name="xxh_116pixels">96.67dp</dimen>
    <dimen name="xxh_117pixels">97.5dp</dimen>
    <dimen name="xxh_118pixels">98.33dp</dimen>
    <dimen name="xxh_119pixels">99.17dp</dimen>
    <dimen name="xxh_120pixels">100dp</dimen>
    <dimen name="xxh_121pixels">100.83dp</dimen>
    <dimen name="xxh_122pixels">101.67dp</dimen>
    <dimen name="xxh_123pixels">102.5dp</dimen>
    <dimen name="xxh_124pixels">103.33dp</dimen>
    <dimen name="xxh_125pixels">104.17dp</dimen>
    <dimen name="xxh_126pixels">105dp</dimen>
    <dimen name="xxh_127pixels">105.83dp</dimen>
    <dimen name="xxh_128pixels">106.67dp</dimen>
    <dimen name="xxh_129pixels">107.5dp</dimen>
    <dimen name="xxh_130pixels">108.33dp</dimen>
    <dimen name="xxh_131pixels">109.17dp</dimen>
    <dimen name="xxh_132pixels">110dp</dimen>
    <dimen name="xxh_133pixels">110.83dp</dimen>
    <dimen name="xxh_134pixels">111.67dp</dimen>
    <dimen name="xxh_135pixels">112.5dp</dimen>
    <dimen name="xxh_136pixels">113.33dp</dimen>
    <dimen name="xxh_137pixels">114.17dp</dimen>
    <dimen name="xxh_138pixels">115dp</dimen>
    <dimen name="xxh_139pixels">115.83dp</dimen>
    <dimen name="xxh_140pixels">116.67dp</dimen>
    <dimen name="xxh_141pixels">117.5dp</dimen>
    <dimen name="xxh_142pixels">118.33dp</dimen>
    <dimen name="xxh_143pixels">119.17dp</dimen>
    <dimen name="xxh_144pixels">120dp</dimen>
    <dimen name="xxh_145pixels">120.83dp</dimen>
    <dimen name="xxh_146pixels">121.67dp</dimen>
    <dimen name="xxh_147pixels">122.5dp</dimen>
    <dimen name="xxh_148pixels">123.33dp</dimen>
    <dimen name="xxh_149pixels">124.17dp</dimen>
    <dimen name="xxh_150pixels">125dp</dimen>
    <dimen name="xxh_151pixels">125.83dp</dimen>
    <dimen name="xxh_152pixels">126.67dp</dimen>
    <dimen name="xxh_153pixels">127.5dp</dimen>
    <dimen name="xxh_154pixels">128.33dp</dimen>
    <dimen name="xxh_155pixels">129.17dp</dimen>
    <dimen name="xxh_156pixels">130dp</dimen>
    <dimen name="xxh_157pixels">130.83dp</dimen>
    <dimen name="xxh_158pixels">131.67dp</dimen>
    <dimen name="xxh_159pixels">132.5dp</dimen>
    <dimen name="xxh_160pixels">133.33dp</dimen>
    <dimen name="xxh_161pixels">134.17dp</dimen>
    <dimen name="xxh_162pixels">135dp</dimen>
    <dimen name="xxh_163pixels">135.83dp</dimen>
    <dimen name="xxh_164pixels">136.67dp</dimen>
    <dimen name="xxh_165pixels">137.5dp</dimen>
    <dimen name="xxh_166pixels">138.33dp</dimen>
    <dimen name="xxh_167pixels">139.17dp</dimen>
    <dimen name="xxh_168pixels">140dp</dimen>
    <dimen name="xxh_169pixels">140.83dp</dimen>
    <dimen name="xxh_170pixels">141.67dp</dimen>
    <dimen name="xxh_171pixels">142.5dp</dimen>
    <dimen name="xxh_172pixels">143.33dp</dimen>
    <dimen name="xxh_173pixels">144.17dp</dimen>
    <dimen name="xxh_174pixels">145dp</dimen>
    <dimen name="xxh_175pixels">145.83dp</dimen>
    <dimen name="xxh_176pixels">146.67dp</dimen>
    <dimen name="xxh_177pixels">147.5dp</dimen>
    <dimen name="xxh_178pixels">148.33dp</dimen>
    <dimen name="xxh_179pixels">149.17dp</dimen>
    <dimen name="xxh_180pixels">150dp</dimen>
    <dimen name="xxh_181pixels">150.83dp</dimen>
    <dimen name="xxh_182pixels">151.67dp</dimen>
    <dimen name="xxh_183pixels">152.5dp</dimen>
    <dimen name="xxh_184pixels">153.33dp</dimen>
    <dimen name="xxh_185pixels">154.17dp</dimen>
    <dimen name="xxh_186pixels">155dp</dimen>
    <dimen name="xxh_187pixels">155.83dp</dimen>
    <dimen name="xxh_188pixels">156.67dp</dimen>
    <dimen name="xxh_189pixels">157.5dp</dimen>
    <dimen name="xxh_190pixels">158.33dp</dimen>
    <dimen name="xxh_191pixels">159.17dp</dimen>
    <dimen name="xxh_192pixels">160dp</dimen>
    <dimen name="xxh_193pixels">160.83dp</dimen>
    <dimen name="xxh_194pixels">161.67dp</dimen>
    <dimen name="xxh_195pixels">162.5dp</dimen>
    <dimen name="xxh_196pixels">163.33dp</dimen>
    <dimen name="xxh_197pixels">164.17dp</dimen>
    <dimen name="xxh_198pixels">165dp</dimen>
    <dimen name="xxh_199pixels">165.83dp</dimen>
    <dimen name="xxh_200pixels">166.67dp</dimen>
    <dimen name="xxh_201pixels">167.5dp</dimen>
    <dimen name="xxh_202pixels">168.33dp</dimen>
    <dimen name="xxh_203pixels">169.17dp</dimen>
    <dimen name="xxh_204pixels">170dp</dimen>
    <dimen name="xxh_205pixels">170.83dp</dimen>
    <dimen name="xxh_206pixels">171.67dp</dimen>
    <dimen name="xxh_207pixels">172.5dp</dimen>
    <dimen name="xxh_208pixels">173.33dp</dimen>
    <dimen name="xxh_209pixels">174.17dp</dimen>
    <dimen name="xxh_210pixels">175dp</dimen>
    <dimen name="xxh_211pixels">175.83dp</dimen>
    <dimen name="xxh_212pixels">176.67dp</dimen>
    <dimen name="xxh_213pixels">177.5dp</dimen>
    <dimen name="xxh_214pixels">178.33dp</dimen>
    <dimen name="xxh_215pixels">179.17dp</dimen>
    <dimen name="xxh_216pixels">180dp</dimen>
    <dimen name="xxh_217pixels">180.83dp</dimen>
    <dimen name="xxh_218pixels">181.67dp</dimen>
    <dimen name="xxh_219pixels">182.5dp</dimen>
    <dimen name="xxh_220pixels">183.33dp</dimen>
    <dimen name="xxh_221pixels">184.17dp</dimen>
    <dimen name="xxh_222pixels">185dp</dimen>
    <dimen name="xxh_223pixels">185.83dp</dimen>
    <dimen name="xxh_224pixels">186.67dp</dimen>
    <dimen name="xxh_225pixels">187.5dp</dimen>
    <dimen name="xxh_226pixels">188.33dp</dimen>
    <dimen name="xxh_227pixels">189.17dp</dimen>
    <dimen name="xxh_228pixels">190dp</dimen>
    <dimen name="xxh_229pixels">190.83dp</dimen>
    <dimen name="xxh_230pixels">191.67dp</dimen>
    <dimen name="xxh_231pixels">192.5dp</dimen>
    <dimen name="xxh_232pixels">193.33dp</dimen>
    <dimen name="xxh_233pixels">194.17dp</dimen>
    <dimen name="xxh_234pixels">195dp</dimen>
    <dimen name="xxh_235pixels">195.83dp</dimen>
    <dimen name="xxh_236pixels">196.67dp</dimen>
    <dimen name="xxh_237pixels">197.5dp</dimen>
    <dimen name="xxh_238pixels">198.33dp</dimen>
    <dimen name="xxh_239pixels">199.17dp</dimen>
    <dimen name="xxh_240pixels">200dp</dimen>
    <dimen name="xxh_241pixels">200.83dp</dimen>
    <dimen name="xxh_242pixels">201.67dp</dimen>
    <dimen name="xxh_243pixels">202.5dp</dimen>
    <dimen name="xxh_244pixels">203.33dp</dimen>
    <dimen name="xxh_245pixels">204.17dp</dimen>
    <dimen name="xxh_246pixels">205dp</dimen>
    <dimen name="xxh_247pixels">205.83dp</dimen>
    <dimen name="xxh_248pixels">206.67dp</dimen>
    <dimen name="xxh_249pixels">207.5dp</dimen>
    <dimen name="xxh_250pixels">208.33dp</dimen>
    <dimen name="xxh_251pixels">209.17dp</dimen>
    <dimen name="xxh_252pixels">210dp</dimen>
    <dimen name="xxh_253pixels">210.83dp</dimen>
    <dimen name="xxh_254pixels">211.67dp</dimen>
    <dimen name="xxh_255pixels">212.5dp</dimen>
    <dimen name="xxh_256pixels">213.33dp</dimen>
    <dimen name="xxh_257pixels">214.17dp</dimen>
    <dimen name="xxh_258pixels">215dp</dimen>
    <dimen name="xxh_259pixels">215.83dp</dimen>
    <dimen name="xxh_260pixels">216.67dp</dimen>
    <dimen name="xxh_261pixels">217.5dp</dimen>
    <dimen name="xxh_262pixels">218.33dp</dimen>
    <dimen name="xxh_263pixels">219.17dp</dimen>
    <dimen name="xxh_264pixels">220dp</dimen>
    <dimen name="xxh_265pixels">220.83dp</dimen>
    <dimen name="xxh_266pixels">221.67dp</dimen>
    <dimen name="xxh_267pixels">222.5dp</dimen>
    <dimen name="xxh_268pixels">223.33dp</dimen>
    <dimen name="xxh_269pixels">224.17dp</dimen>
    <dimen name="xxh_270pixels">225dp</dimen>
    <dimen name="xxh_271pixels">225.83dp</dimen>
    <dimen name="xxh_272pixels">226.67dp</dimen>
    <dimen name="xxh_273pixels">227.5dp</dimen>
    <dimen name="xxh_274pixels">228.33dp</dimen>
    <dimen name="xxh_275pixels">229.17dp</dimen>
    <dimen name="xxh_276pixels">230dp</dimen>
    <dimen name="xxh_277pixels">230.83dp</dimen>
    <dimen name="xxh_278pixels">231.67dp</dimen>
    <dimen name="xxh_279pixels">232.5dp</dimen>
    <dimen name="xxh_280pixels">233.33dp</dimen>
    <dimen name="xxh_281pixels">234.17dp</dimen>
    <dimen name="xxh_282pixels">235dp</dimen>
    <dimen name="xxh_283pixels">235.83dp</dimen>
    <dimen name="xxh_284pixels">236.67dp</dimen>
    <dimen name="xxh_285pixels">237.5dp</dimen>
    <dimen name="xxh_286pixels">238.33dp</dimen>
    <dimen name="xxh_287pixels">239.17dp</dimen>
    <dimen name="xxh_288pixels">240dp</dimen>
    <dimen name="xxh_289pixels">240.83dp</dimen>
    <dimen name="xxh_290pixels">241.67dp</dimen>
    <dimen name="xxh_291pixels">242.5dp</dimen>
    <dimen name="xxh_292pixels">243.33dp</dimen>
    <dimen name="xxh_293pixels">244.17dp</dimen>
    <dimen name="xxh_294pixels">245dp</dimen>
    <dimen name="xxh_295pixels">245.83dp</dimen>
    <dimen name="xxh_296pixels">246.67dp</dimen>
    <dimen name="xxh_297pixels">247.5dp</dimen>
    <dimen name="xxh_298pixels">248.33dp</dimen>
    <dimen name="xxh_299pixels">249.17dp</dimen>
    <dimen name="xxh_300pixels">250dp</dimen>
    <dimen name="xxh_301pixels">250.83dp</dimen>
    <dimen name="xxh_302pixels">251.67dp</dimen>
    <dimen name="xxh_303pixels">252.5dp</dimen>
    <dimen name="xxh_304pixels">253.33dp</dimen>
    <dimen name="xxh_305pixels">254.17dp</dimen>
    <dimen name="xxh_306pixels">255dp</dimen>
    <dimen name="xxh_307pixels">255.83dp</dimen>
    <dimen name="xxh_308pixels">256.67dp</dimen>
    <dimen name="xxh_309pixels">257.5dp</dimen>
    <dimen name="xxh_310pixels">258.33dp</dimen>
    <dimen name="xxh_311pixels">259.17dp</dimen>
    <dimen name="xxh_312pixels">260dp</dimen>
    <dimen name="xxh_313pixels">260.83dp</dimen>
    <dimen name="xxh_314pixels">261.67dp</dimen>
    <dimen name="xxh_315pixels">262.5dp</dimen>
    <dimen name="xxh_316pixels">263.33dp</dimen>
    <dimen name="xxh_317pixels">264.17dp</dimen>
    <dimen name="xxh_318pixels">265dp</dimen>
    <dimen name="xxh_319pixels">265.83dp</dimen>
    <dimen name="xxh_320pixels">266.67dp</dimen>
    <dimen name="xxh_321pixels">267.5dp</dimen>
    <dimen name="xxh_322pixels">268.33dp</dimen>
    <dimen name="xxh_323pixels">269.17dp</dimen>
    <dimen name="xxh_324pixels">270dp</dimen>
    <dimen name="xxh_325pixels">270.83dp</dimen>
    <dimen name="xxh_326pixels">271.67dp</dimen>
    <dimen name="xxh_327pixels">272.5dp</dimen>
    <dimen name="xxh_328pixels">273.33dp</dimen>
    <dimen name="xxh_329pixels">274.17dp</dimen>
    <dimen name="xxh_330pixels">275dp</dimen>
    <dimen name="xxh_331pixels">275.83dp</dimen>
    <dimen name="xxh_332pixels">276.67dp</dimen>
    <dimen name="xxh_333pixels">277.5dp</dimen>
    <dimen name="xxh_334pixels">278.33dp</dimen>
    <dimen name="xxh_335pixels">279.17dp</dimen>
    <dimen name="xxh_336pixels">280dp</dimen>
    <dimen name="xxh_337pixels">280.83dp</dimen>
    <dimen name="xxh_338pixels">281.67dp</dimen>
    <dimen name="xxh_339pixels">282.5dp</dimen>
    <dimen name="xxh_340pixels">283.33dp</dimen>
    <dimen name="xxh_341pixels">284.17dp</dimen>
    <dimen name="xxh_342pixels">285dp</dimen>
    <dimen name="xxh_343pixels">285.83dp</dimen>
    <dimen name="xxh_344pixels">286.67dp</dimen>
    <dimen name="xxh_345pixels">287.5dp</dimen>
    <dimen name="xxh_346pixels">288.33dp</dimen>
    <dimen name="xxh_347pixels">289.17dp</dimen>
    <dimen name="xxh_348pixels">290dp</dimen>
    <dimen name="xxh_349pixels">290.83dp</dimen>
    <dimen name="xxh_350pixels">291.67dp</dimen>
    <dimen name="xxh_351pixels">292.5dp</dimen>
    <dimen name="xxh_352pixels">293.33dp</dimen>
    <dimen name="xxh_353pixels">294.17dp</dimen>
    <dimen name="xxh_354pixels">295dp</dimen>
    <dimen name="xxh_355pixels">295.83dp</dimen>
    <dimen name="xxh_356pixels">296.67dp</dimen>
    <dimen name="xxh_357pixels">297.5dp</dimen>
    <dimen name="xxh_358pixels">298.33dp</dimen>
    <dimen name="xxh_359pixels">299.17dp</dimen>
    <dimen name="xxh_360pixels">300dp</dimen>
    <dimen name="xxh_361pixels">300.83dp</dimen>
    <dimen name="xxh_362pixels">301.67dp</dimen>
    <dimen name="xxh_363pixels">302.5dp</dimen>
    <dimen name="xxh_364pixels">303.33dp</dimen>
    <dimen name="xxh_365pixels">304.17dp</dimen>
    <dimen name="xxh_366pixels">305dp</dimen>
    <dimen name="xxh_367pixels">305.83dp</dimen>
    <dimen name="xxh_368pixels">306.67dp</dimen>
    <dimen name="xxh_369pixels">307.5dp</dimen>
    <dimen name="xxh_370pixels">308.33dp</dimen>
    <dimen name="xxh_371pixels">309.17dp</dimen>
    <dimen name="xxh_372pixels">310dp</dimen>
    <dimen name="xxh_373pixels">310.83dp</dimen>
    <dimen name="xxh_374pixels">311.67dp</dimen>
    <dimen name="xxh_375pixels">312.5dp</dimen>
    <dimen name="xxh_376pixels">313.33dp</dimen>
    <dimen name="xxh_377pixels">314.17dp</dimen>
    <dimen name="xxh_378pixels">315dp</dimen>
    <dimen name="xxh_379pixels">315.83dp</dimen>
    <dimen name="xxh_380pixels">316.67dp</dimen>
    <dimen name="xxh_381pixels">317.5dp</dimen>
    <dimen name="xxh_382pixels">318.33dp</dimen>
    <dimen name="xxh_383pixels">319.17dp</dimen>
    <dimen name="xxh_384pixels">320dp</dimen>
    <dimen name="xxh_385pixels">320.83dp</dimen>
    <dimen name="xxh_386pixels">321.67dp</dimen>
    <dimen name="xxh_387pixels">322.5dp</dimen>
    <dimen name="xxh_388pixels">323.33dp</dimen>
    <dimen name="xxh_389pixels">324.17dp</dimen>
    <dimen name="xxh_390pixels">325dp</dimen>
    <dimen name="xxh_391pixels">325.83dp</dimen>
    <dimen name="xxh_392pixels">326.67dp</dimen>
    <dimen name="xxh_393pixels">327.5dp</dimen>
    <dimen name="xxh_394pixels">328.33dp</dimen>
    <dimen name="xxh_395pixels">329.17dp</dimen>
    <dimen name="xxh_396pixels">330dp</dimen>
    <dimen name="xxh_397pixels">330.83dp</dimen>
    <dimen name="xxh_398pixels">331.67dp</dimen>
    <dimen name="xxh_399pixels">332.5dp</dimen>
    <dimen name="xxh_400pixels">333.33dp</dimen>
    <dimen name="xxh_401pixels">334.17dp</dimen>
    <dimen name="xxh_402pixels">335dp</dimen>
    <dimen name="xxh_403pixels">335.83dp</dimen>
    <dimen name="xxh_404pixels">336.67dp</dimen>
    <dimen name="xxh_405pixels">337.5dp</dimen>
    <dimen name="xxh_406pixels">338.33dp</dimen>
    <dimen name="xxh_407pixels">339.17dp</dimen>
    <dimen name="xxh_408pixels">340dp</dimen>
    <dimen name="xxh_409pixels">340.83dp</dimen>
    <dimen name="xxh_410pixels">341.67dp</dimen>
    <dimen name="xxh_411pixels">342.5dp</dimen>
    <dimen name="xxh_412pixels">343.33dp</dimen>
    <dimen name="xxh_413pixels">344.17dp</dimen>
    <dimen name="xxh_414pixels">345dp</dimen>
    <dimen name="xxh_415pixels">345.83dp</dimen>
    <dimen name="xxh_416pixels">346.67dp</dimen>
    <dimen name="xxh_417pixels">347.5dp</dimen>
    <dimen name="xxh_418pixels">348.33dp</dimen>
    <dimen name="xxh_419pixels">349.17dp</dimen>
    <dimen name="xxh_420pixels">350dp</dimen>
    <dimen name="xxh_421pixels">350.83dp</dimen>
    <dimen name="xxh_422pixels">351.67dp</dimen>
    <dimen name="xxh_423pixels">352.5dp</dimen>
    <dimen name="xxh_424pixels">353.33dp</dimen>
    <dimen name="xxh_425pixels">354.17dp</dimen>
    <dimen name="xxh_426pixels">355dp</dimen>
    <dimen name="xxh_427pixels">355.83dp</dimen>
    <dimen name="xxh_428pixels">356.67dp</dimen>
    <dimen name="xxh_429pixels">357.5dp</dimen>
    <dimen name="xxh_430pixels">358.33dp</dimen>
    <dimen name="xxh_431pixels">359.17dp</dimen>
    <dimen name="xxh_432pixels">360dp</dimen>
    <dimen name="xxh_433pixels">360.83dp</dimen>
    <dimen name="xxh_434pixels">361.67dp</dimen>
    <dimen name="xxh_435pixels">362.5dp</dimen>
    <dimen name="xxh_436pixels">363.33dp</dimen>
    <dimen name="xxh_437pixels">364.17dp</dimen>
    <dimen name="xxh_438pixels">365dp</dimen>
    <dimen name="xxh_439pixels">365.83dp</dimen>
    <dimen name="xxh_440pixels">366.67dp</dimen>
    <dimen name="xxh_441pixels">367.5dp</dimen>
    <dimen name="xxh_442pixels">368.33dp</dimen>
    <dimen name="xxh_443pixels">369.17dp</dimen>
    <dimen name="xxh_444pixels">370dp</dimen>
    <dimen name="xxh_445pixels">370.83dp</dimen>
    <dimen name="xxh_446pixels">371.67dp</dimen>
    <dimen name="xxh_447pixels">372.5dp</dimen>
    <dimen name="xxh_448pixels">373.33dp</dimen>
    <dimen name="xxh_449pixels">374.17dp</dimen>
    <dimen name="xxh_450pixels">375dp</dimen>
    <dimen name="xxh_451pixels">375.83dp</dimen>
    <dimen name="xxh_452pixels">376.67dp</dimen>
    <dimen name="xxh_453pixels">377.5dp</dimen>
    <dimen name="xxh_454pixels">378.33dp</dimen>
    <dimen name="xxh_455pixels">379.17dp</dimen>
    <dimen name="xxh_456pixels">380dp</dimen>
    <dimen name="xxh_457pixels">380.83dp</dimen>
    <dimen name="xxh_458pixels">381.67dp</dimen>
    <dimen name="xxh_459pixels">382.5dp</dimen>
    <dimen name="xxh_460pixels">383.33dp</dimen>
    <dimen name="xxh_461pixels">384.17dp</dimen>
    <dimen name="xxh_462pixels">385dp</dimen>
    <dimen name="xxh_463pixels">385.83dp</dimen>
    <dimen name="xxh_464pixels">386.67dp</dimen>
    <dimen name="xxh_465pixels">387.5dp</dimen>
    <dimen name="xxh_466pixels">388.33dp</dimen>
    <dimen name="xxh_467pixels">389.17dp</dimen>
    <dimen name="xxh_468pixels">390dp</dimen>
    <dimen name="xxh_469pixels">390.83dp</dimen>
    <dimen name="xxh_470pixels">391.67dp</dimen>
    <dimen name="xxh_471pixels">392.5dp</dimen>
    <dimen name="xxh_472pixels">393.33dp</dimen>
    <dimen name="xxh_473pixels">394.17dp</dimen>
    <dimen name="xxh_474pixels">395dp</dimen>
    <dimen name="xxh_475pixels">395.83dp</dimen>
    <dimen name="xxh_476pixels">396.67dp</dimen>
    <dimen name="xxh_477pixels">397.5dp</dimen>
    <dimen name="xxh_478pixels">398.33dp</dimen>
    <dimen name="xxh_479pixels">399.17dp</dimen>
    <dimen name="xxh_480pixels">400dp</dimen>
    <dimen name="xxh_481pixels">400.83dp</dimen>
    <dimen name="xxh_482pixels">401.67dp</dimen>
    <dimen name="xxh_483pixels">402.5dp</dimen>
    <dimen name="xxh_484pixels">403.33dp</dimen>
    <dimen name="xxh_485pixels">404.17dp</dimen>
    <dimen name="xxh_486pixels">405dp</dimen>
    <dimen name="xxh_487pixels">405.83dp</dimen>
    <dimen name="xxh_488pixels">406.67dp</dimen>
    <dimen name="xxh_489pixels">407.5dp</dimen>
    <dimen name="xxh_490pixels">408.33dp</dimen>
    <dimen name="xxh_491pixels">409.17dp</dimen>
    <dimen name="xxh_492pixels">410dp</dimen>
    <dimen name="xxh_493pixels">410.83dp</dimen>
    <dimen name="xxh_494pixels">411.67dp</dimen>
    <dimen name="xxh_495pixels">412.5dp</dimen>
    <dimen name="xxh_496pixels">413.33dp</dimen>
    <dimen name="xxh_497pixels">414.17dp</dimen>
    <dimen name="xxh_498pixels">415dp</dimen>
    <dimen name="xxh_499pixels">415.83dp</dimen>
    <dimen name="xxh_500pixels">416.67dp</dimen>
    <dimen name="xxh_501pixels">417.5dp</dimen>
    <dimen name="xxh_502pixels">418.33dp</dimen>
    <dimen name="xxh_503pixels">419.17dp</dimen>
    <dimen name="xxh_504pixels">420dp</dimen>
    <dimen name="xxh_505pixels">420.83dp</dimen>
    <dimen name="xxh_506pixels">421.67dp</dimen>
    <dimen name="xxh_507pixels">422.5dp</dimen>
    <dimen name="xxh_508pixels">423.33dp</dimen>
    <dimen name="xxh_509pixels">424.17dp</dimen>
    <dimen name="xxh_510pixels">425dp</dimen>
    <dimen name="xxh_511pixels">425.83dp</dimen>
    <dimen name="xxh_512pixels">426.67dp</dimen>
    <dimen name="xxh_513pixels">427.5dp</dimen>
    <dimen name="xxh_514pixels">428.33dp</dimen>
    <dimen name="xxh_515pixels">429.17dp</dimen>
    <dimen name="xxh_516pixels">430dp</dimen>
    <dimen name="xxh_517pixels">430.83dp</dimen>
    <dimen name="xxh_518pixels">431.67dp</dimen>
    <dimen name="xxh_519pixels">432.5dp</dimen>
    <dimen name="xxh_520pixels">433.33dp</dimen>
    <dimen name="xxh_521pixels">434.17dp</dimen>
    <dimen name="xxh_522pixels">435dp</dimen>
    <dimen name="xxh_523pixels">435.83dp</dimen>
    <dimen name="xxh_524pixels">436.67dp</dimen>
    <dimen name="xxh_525pixels">437.5dp</dimen>
    <dimen name="xxh_526pixels">438.33dp</dimen>
    <dimen name="xxh_527pixels">439.17dp</dimen>
    <dimen name="xxh_528pixels">440dp</dimen>
    <dimen name="xxh_529pixels">440.83dp</dimen>
    <dimen name="xxh_530pixels">441.67dp</dimen>
    <dimen name="xxh_531pixels">442.5dp</dimen>
    <dimen name="xxh_532pixels">443.33dp</dimen>
    <dimen name="xxh_533pixels">444.17dp</dimen>
    <dimen name="xxh_534pixels">445dp</dimen>
    <dimen name="xxh_535pixels">445.83dp</dimen>
    <dimen name="xxh_536pixels">446.67dp</dimen>
    <dimen name="xxh_537pixels">447.5dp</dimen>
    <dimen name="xxh_538pixels">448.33dp</dimen>
    <dimen name="xxh_539pixels">449.17dp</dimen>
    <dimen name="xxh_540pixels">450dp</dimen>
    <dimen name="xxh_541pixels">450.83dp</dimen>
    <dimen name="xxh_542pixels">451.67dp</dimen>
    <dimen name="xxh_543pixels">452.5dp</dimen>
    <dimen name="xxh_544pixels">453.33dp</dimen>
    <dimen name="xxh_545pixels">454.17dp</dimen>
    <dimen name="xxh_546pixels">455dp</dimen>
    <dimen name="xxh_547pixels">455.83dp</dimen>
    <dimen name="xxh_548pixels">456.67dp</dimen>
    <dimen name="xxh_549pixels">457.5dp</dimen>
    <dimen name="xxh_550pixels">458.33dp</dimen>
    <dimen name="xxh_551pixels">459.17dp</dimen>
    <dimen name="xxh_552pixels">460dp</dimen>
    <dimen name="xxh_553pixels">460.83dp</dimen>
    <dimen name="xxh_554pixels">461.67dp</dimen>
    <dimen name="xxh_555pixels">462.5dp</dimen>
    <dimen name="xxh_556pixels">463.33dp</dimen>
    <dimen name="xxh_557pixels">464.17dp</dimen>
    <dimen name="xxh_558pixels">465dp</dimen>
    <dimen name="xxh_559pixels">465.83dp</dimen>
    <dimen name="xxh_560pixels">466.67dp</dimen>
    <dimen name="xxh_561pixels">467.5dp</dimen>
    <dimen name="xxh_562pixels">468.33dp</dimen>
    <dimen name="xxh_563pixels">469.17dp</dimen>
    <dimen name="xxh_564pixels">470dp</dimen>
    <dimen name="xxh_565pixels">470.83dp</dimen>
    <dimen name="xxh_566pixels">471.67dp</dimen>
    <dimen name="xxh_567pixels">472.5dp</dimen>
    <dimen name="xxh_568pixels">473.33dp</dimen>
    <dimen name="xxh_569pixels">474.17dp</dimen>
    <dimen name="xxh_570pixels">475dp</dimen>
    <dimen name="xxh_571pixels">475.83dp</dimen>
    <dimen name="xxh_572pixels">476.67dp</dimen>
    <dimen name="xxh_573pixels">477.5dp</dimen>
    <dimen name="xxh_574pixels">478.33dp</dimen>
    <dimen name="xxh_575pixels">479.17dp</dimen>
    <dimen name="xxh_576pixels">480dp</dimen>
    <dimen name="xxh_577pixels">480.83dp</dimen>
    <dimen name="xxh_578pixels">481.67dp</dimen>
    <dimen name="xxh_579pixels">482.5dp</dimen>
    <dimen name="xxh_580pixels">483.33dp</dimen>
    <dimen name="xxh_581pixels">484.17dp</dimen>
    <dimen name="xxh_582pixels">485dp</dimen>
    <dimen name="xxh_583pixels">485.83dp</dimen>
    <dimen name="xxh_584pixels">486.67dp</dimen>
    <dimen name="xxh_585pixels">487.5dp</dimen>
    <dimen name="xxh_586pixels">488.33dp</dimen>
    <dimen name="xxh_587pixels">489.17dp</dimen>
    <dimen name="xxh_588pixels">490dp</dimen>
    <dimen name="xxh_589pixels">490.83dp</dimen>
    <dimen name="xxh_590pixels">491.67dp</dimen>
    <dimen name="xxh_591pixels">492.5dp</dimen>
    <dimen name="xxh_592pixels">493.33dp</dimen>
    <dimen name="xxh_593pixels">494.17dp</dimen>
    <dimen name="xxh_594pixels">495dp</dimen>
    <dimen name="xxh_595pixels">495.83dp</dimen>
    <dimen name="xxh_596pixels">496.67dp</dimen>
    <dimen name="xxh_597pixels">497.5dp</dimen>
    <dimen name="xxh_598pixels">498.33dp</dimen>
    <dimen name="xxh_599pixels">499.17dp</dimen>
    <dimen name="xxh_600pixels">500dp</dimen>
    <dimen name="xxh_601pixels">500.83dp</dimen>
    <dimen name="xxh_602pixels">501.67dp</dimen>
    <dimen name="xxh_603pixels">502.5dp</dimen>
    <dimen name="xxh_604pixels">503.33dp</dimen>
    <dimen name="xxh_605pixels">504.17dp</dimen>
    <dimen name="xxh_606pixels">505dp</dimen>
    <dimen name="xxh_607pixels">505.83dp</dimen>
    <dimen name="xxh_608pixels">506.67dp</dimen>
    <dimen name="xxh_609pixels">507.5dp</dimen>
    <dimen name="xxh_610pixels">508.33dp</dimen>
    <dimen name="xxh_611pixels">509.17dp</dimen>
    <dimen name="xxh_612pixels">510dp</dimen>
    <dimen name="xxh_613pixels">510.83dp</dimen>
    <dimen name="xxh_614pixels">511.67dp</dimen>
    <dimen name="xxh_615pixels">512.5dp</dimen>
    <dimen name="xxh_616pixels">513.33dp</dimen>
    <dimen name="xxh_617pixels">514.17dp</dimen>
    <dimen name="xxh_618pixels">515dp</dimen>
    <dimen name="xxh_619pixels">515.83dp</dimen>
    <dimen name="xxh_620pixels">516.67dp</dimen>
    <dimen name="xxh_621pixels">517.5dp</dimen>
    <dimen name="xxh_622pixels">518.33dp</dimen>
    <dimen name="xxh_623pixels">519.17dp</dimen>
    <dimen name="xxh_624pixels">520dp</dimen>
    <dimen name="xxh_625pixels">520.83dp</dimen>
    <dimen name="xxh_626pixels">521.67dp</dimen>
    <dimen name="xxh_627pixels">522.5dp</dimen>
    <dimen name="xxh_628pixels">523.33dp</dimen>
    <dimen name="xxh_629pixels">524.17dp</dimen>
    <dimen name="xxh_630pixels">525dp</dimen>
    <dimen name="xxh_631pixels">525.83dp</dimen>
    <dimen name="xxh_632pixels">526.67dp</dimen>
    <dimen name="xxh_633pixels">527.5dp</dimen>
    <dimen name="xxh_634pixels">528.33dp</dimen>
    <dimen name="xxh_635pixels">529.17dp</dimen>
    <dimen name="xxh_636pixels">530dp</dimen>
    <dimen name="xxh_637pixels">530.83dp</dimen>
    <dimen name="xxh_638pixels">531.67dp</dimen>
    <dimen name="xxh_639pixels">532.5dp</dimen>
    <dimen name="xxh_640pixels">533.33dp</dimen>
    <dimen name="xxh_641pixels">534.17dp</dimen>
    <dimen name="xxh_642pixels">535dp</dimen>
    <dimen name="xxh_643pixels">535.83dp</dimen>
    <dimen name="xxh_644pixels">536.67dp</dimen>
    <dimen name="xxh_645pixels">537.5dp</dimen>
    <dimen name="xxh_646pixels">538.33dp</dimen>
    <dimen name="xxh_647pixels">539.17dp</dimen>
    <dimen name="xxh_648pixels">540dp</dimen>
    <dimen name="xxh_649pixels">540.83dp</dimen>
    <dimen name="xxh_650pixels">541.67dp</dimen>
    <dimen name="xxh_651pixels">542.5dp</dimen>
    <dimen name="xxh_652pixels">543.33dp</dimen>
    <dimen name="xxh_653pixels">544.17dp</dimen>
    <dimen name="xxh_654pixels">545dp</dimen>
    <dimen name="xxh_655pixels">545.83dp</dimen>
    <dimen name="xxh_656pixels">546.67dp</dimen>
    <dimen name="xxh_657pixels">547.5dp</dimen>
    <dimen name="xxh_658pixels">548.33dp</dimen>
    <dimen name="xxh_659pixels">549.17dp</dimen>
    <dimen name="xxh_660pixels">550dp</dimen>
    <dimen name="xxh_661pixels">550.83dp</dimen>
    <dimen name="xxh_662pixels">551.67dp</dimen>
    <dimen name="xxh_663pixels">552.5dp</dimen>
    <dimen name="xxh_664pixels">553.33dp</dimen>
    <dimen name="xxh_665pixels">554.17dp</dimen>
    <dimen name="xxh_666pixels">555dp</dimen>
    <dimen name="xxh_667pixels">555.83dp</dimen>
    <dimen name="xxh_668pixels">556.67dp</dimen>
    <dimen name="xxh_669pixels">557.5dp</dimen>
    <dimen name="xxh_670pixels">558.33dp</dimen>
    <dimen name="xxh_671pixels">559.17dp</dimen>
    <dimen name="xxh_672pixels">560dp</dimen>
    <dimen name="xxh_673pixels">560.83dp</dimen>
    <dimen name="xxh_674pixels">561.67dp</dimen>
    <dimen name="xxh_675pixels">562.5dp</dimen>
    <dimen name="xxh_676pixels">563.33dp</dimen>
    <dimen name="xxh_677pixels">564.17dp</dimen>
    <dimen name="xxh_678pixels">565dp</dimen>
    <dimen name="xxh_679pixels">565.83dp</dimen>
    <dimen name="xxh_680pixels">566.67dp</dimen>
    <dimen name="xxh_681pixels">567.5dp</dimen>
    <dimen name="xxh_682pixels">568.33dp</dimen>
    <dimen name="xxh_683pixels">569.17dp</dimen>
    <dimen name="xxh_684pixels">570dp</dimen>
    <dimen name="xxh_685pixels">570.83dp</dimen>
    <dimen name="xxh_686pixels">571.67dp</dimen>
    <dimen name="xxh_687pixels">572.5dp</dimen>
    <dimen name="xxh_688pixels">573.33dp</dimen>
    <dimen name="xxh_689pixels">574.17dp</dimen>
    <dimen name="xxh_690pixels">575dp</dimen>
    <dimen name="xxh_691pixels">575.83dp</dimen>
    <dimen name="xxh_692pixels">576.67dp</dimen>
    <dimen name="xxh_693pixels">577.5dp</dimen>
    <dimen name="xxh_694pixels">578.33dp</dimen>
    <dimen name="xxh_695pixels">579.17dp</dimen>
    <dimen name="xxh_696pixels">580dp</dimen>
    <dimen name="xxh_697pixels">580.83dp</dimen>
    <dimen name="xxh_698pixels">581.67dp</dimen>
    <dimen name="xxh_699pixels">582.5dp</dimen>
    <dimen name="xxh_700pixels">583.33dp</dimen>
    <dimen name="xxh_701pixels">584.17dp</dimen>
    <dimen name="xxh_702pixels">585dp</dimen>
    <dimen name="xxh_703pixels">585.83dp</dimen>
    <dimen name="xxh_704pixels">586.67dp</dimen>
    <dimen name="xxh_705pixels">587.5dp</dimen>
    <dimen name="xxh_706pixels">588.33dp</dimen>
    <dimen name="xxh_707pixels">589.17dp</dimen>
    <dimen name="xxh_708pixels">590dp</dimen>
    <dimen name="xxh_709pixels">590.83dp</dimen>
    <dimen name="xxh_710pixels">591.67dp</dimen>
    <dimen name="xxh_711pixels">592.5dp</dimen>
    <dimen name="xxh_712pixels">593.33dp</dimen>
    <dimen name="xxh_713pixels">594.17dp</dimen>
    <dimen name="xxh_714pixels">595dp</dimen>
    <dimen name="xxh_715pixels">595.83dp</dimen>
    <dimen name="xxh_716pixels">596.67dp</dimen>
    <dimen name="xxh_717pixels">597.5dp</dimen>
    <dimen name="xxh_718pixels">598.33dp</dimen>
    <dimen name="xxh_719pixels">599.17dp</dimen>
    <dimen name="xxh_720pixels">600dp</dimen>
    <dimen name="xxh_721pixels">600.83dp</dimen>
    <dimen name="xxh_722pixels">601.67dp</dimen>
    <dimen name="xxh_723pixels">602.5dp</dimen>
    <dimen name="xxh_724pixels">603.33dp</dimen>
    <dimen name="xxh_725pixels">604.17dp</dimen>
    <dimen name="xxh_726pixels">605dp</dimen>
    <dimen name="xxh_727pixels">605.83dp</dimen>
    <dimen name="xxh_728pixels">606.67dp</dimen>
    <dimen name="xxh_729pixels">607.5dp</dimen>
    <dimen name="xxh_730pixels">608.33dp</dimen>
    <dimen name="xxh_731pixels">609.17dp</dimen>
    <dimen name="xxh_732pixels">610dp</dimen>
    <dimen name="xxh_733pixels">610.83dp</dimen>
    <dimen name="xxh_734pixels">611.67dp</dimen>
    <dimen name="xxh_735pixels">612.5dp</dimen>
    <dimen name="xxh_736pixels">613.33dp</dimen>
    <dimen name="xxh_737pixels">614.17dp</dimen>
    <dimen name="xxh_738pixels">615dp</dimen>
    <dimen name="xxh_739pixels">615.83dp</dimen>
    <dimen name="xxh_740pixels">616.67dp</dimen>
    <dimen name="xxh_741pixels">617.5dp</dimen>
    <dimen name="xxh_742pixels">618.33dp</dimen>
    <dimen name="xxh_743pixels">619.17dp</dimen>
    <dimen name="xxh_744pixels">620dp</dimen>
    <dimen name="xxh_745pixels">620.83dp</dimen>
    <dimen name="xxh_746pixels">621.67dp</dimen>
    <dimen name="xxh_747pixels">622.5dp</dimen>
    <dimen name="xxh_748pixels">623.33dp</dimen>
    <dimen name="xxh_749pixels">624.17dp</dimen>
    <dimen name="xxh_750pixels">625dp</dimen>
    <dimen name="xxh_751pixels">625.83dp</dimen>
    <dimen name="xxh_752pixels">626.67dp</dimen>
    <dimen name="xxh_753pixels">627.5dp</dimen>
    <dimen name="xxh_754pixels">628.33dp</dimen>
    <dimen name="xxh_755pixels">629.17dp</dimen>
    <dimen name="xxh_756pixels">630dp</dimen>
    <dimen name="xxh_757pixels">630.83dp</dimen>
    <dimen name="xxh_758pixels">631.67dp</dimen>
    <dimen name="xxh_759pixels">632.5dp</dimen>
    <dimen name="xxh_760pixels">633.33dp</dimen>
    <dimen name="xxh_761pixels">634.17dp</dimen>
    <dimen name="xxh_762pixels">635dp</dimen>
    <dimen name="xxh_763pixels">635.83dp</dimen>
    <dimen name="xxh_764pixels">636.67dp</dimen>
    <dimen name="xxh_765pixels">637.5dp</dimen>
    <dimen name="xxh_766pixels">638.33dp</dimen>
    <dimen name="xxh_767pixels">639.17dp</dimen>
    <dimen name="xxh_768pixels">640dp</dimen>
    <dimen name="xxh_769pixels">640.83dp</dimen>
    <dimen name="xxh_770pixels">641.67dp</dimen>
    <dimen name="xxh_771pixels">642.5dp</dimen>
    <dimen name="xxh_772pixels">643.33dp</dimen>
    <dimen name="xxh_773pixels">644.17dp</dimen>
    <dimen name="xxh_774pixels">645dp</dimen>
    <dimen name="xxh_775pixels">645.83dp</dimen>
    <dimen name="xxh_776pixels">646.67dp</dimen>
    <dimen name="xxh_777pixels">647.5dp</dimen>
    <dimen name="xxh_778pixels">648.33dp</dimen>
    <dimen name="xxh_779pixels">649.17dp</dimen>
    <dimen name="xxh_780pixels">650dp</dimen>
    <dimen name="xxh_781pixels">650.83dp</dimen>
    <dimen name="xxh_782pixels">651.67dp</dimen>
    <dimen name="xxh_783pixels">652.5dp</dimen>
    <dimen name="xxh_784pixels">653.33dp</dimen>
    <dimen name="xxh_785pixels">654.17dp</dimen>
    <dimen name="xxh_786pixels">655dp</dimen>
    <dimen name="xxh_787pixels">655.83dp</dimen>
    <dimen name="xxh_788pixels">656.67dp</dimen>
    <dimen name="xxh_789pixels">657.5dp</dimen>
    <dimen name="xxh_790pixels">658.33dp</dimen>
    <dimen name="xxh_791pixels">659.17dp</dimen>
    <dimen name="xxh_792pixels">660dp</dimen>
    <dimen name="xxh_793pixels">660.83dp</dimen>
    <dimen name="xxh_794pixels">661.67dp</dimen>
    <dimen name="xxh_795pixels">662.5dp</dimen>
    <dimen name="xxh_796pixels">663.33dp</dimen>
    <dimen name="xxh_797pixels">664.17dp</dimen>
    <dimen name="xxh_798pixels">665dp</dimen>
    <dimen name="xxh_799pixels">665.83dp</dimen>
    <dimen name="xxh_800pixels">666.67dp</dimen>
    <dimen name="xxh_801pixels">667.5dp</dimen>
    <dimen name="xxh_802pixels">668.33dp</dimen>
    <dimen name="xxh_803pixels">669.17dp</dimen>
    <dimen name="xxh_804pixels">670dp</dimen>
    <dimen name="xxh_805pixels">670.83dp</dimen>
    <dimen name="xxh_806pixels">671.67dp</dimen>
    <dimen name="xxh_807pixels">672.5dp</dimen>
    <dimen name="xxh_808pixels">673.33dp</dimen>
    <dimen name="xxh_809pixels">674.17dp</dimen>
    <dimen name="xxh_810pixels">675dp</dimen>
    <dimen name="xxh_811pixels">675.83dp</dimen>
    <dimen name="xxh_812pixels">676.67dp</dimen>
    <dimen name="xxh_813pixels">677.5dp</dimen>
    <dimen name="xxh_814pixels">678.33dp</dimen>
    <dimen name="xxh_815pixels">679.17dp</dimen>
    <dimen name="xxh_816pixels">680dp</dimen>
    <dimen name="xxh_817pixels">680.83dp</dimen>
    <dimen name="xxh_818pixels">681.67dp</dimen>
    <dimen name="xxh_819pixels">682.5dp</dimen>
    <dimen name="xxh_820pixels">683.33dp</dimen>
    <dimen name="xxh_821pixels">684.17dp</dimen>
    <dimen name="xxh_822pixels">685dp</dimen>
    <dimen name="xxh_823pixels">685.83dp</dimen>
    <dimen name="xxh_824pixels">686.67dp</dimen>
    <dimen name="xxh_825pixels">687.5dp</dimen>
    <dimen name="xxh_826pixels">688.33dp</dimen>
    <dimen name="xxh_827pixels">689.17dp</dimen>
    <dimen name="xxh_828pixels">690dp</dimen>
    <dimen name="xxh_829pixels">690.83dp</dimen>
    <dimen name="xxh_830pixels">691.67dp</dimen>
    <dimen name="xxh_831pixels">692.5dp</dimen>
    <dimen name="xxh_832pixels">693.33dp</dimen>
    <dimen name="xxh_833pixels">694.17dp</dimen>
    <dimen name="xxh_834pixels">695dp</dimen>
    <dimen name="xxh_835pixels">695.83dp</dimen>
    <dimen name="xxh_836pixels">696.67dp</dimen>
    <dimen name="xxh_837pixels">697.5dp</dimen>
    <dimen name="xxh_838pixels">698.33dp</dimen>
    <dimen name="xxh_839pixels">699.17dp</dimen>
    <dimen name="xxh_840pixels">700dp</dimen>
    <dimen name="xxh_841pixels">700.83dp</dimen>
    <dimen name="xxh_842pixels">701.67dp</dimen>
    <dimen name="xxh_843pixels">702.5dp</dimen>
    <dimen name="xxh_844pixels">703.33dp</dimen>
    <dimen name="xxh_845pixels">704.17dp</dimen>
    <dimen name="xxh_846pixels">705dp</dimen>
    <dimen name="xxh_847pixels">705.83dp</dimen>
    <dimen name="xxh_848pixels">706.67dp</dimen>
    <dimen name="xxh_849pixels">707.5dp</dimen>
    <dimen name="xxh_850pixels">708.33dp</dimen>
    <dimen name="xxh_851pixels">709.17dp</dimen>
    <dimen name="xxh_852pixels">710dp</dimen>
    <dimen name="xxh_853pixels">710.83dp</dimen>
    <dimen name="xxh_854pixels">711.67dp</dimen>
    <dimen name="xxh_855pixels">712.5dp</dimen>
    <dimen name="xxh_856pixels">713.33dp</dimen>
    <dimen name="xxh_857pixels">714.17dp</dimen>
    <dimen name="xxh_858pixels">715dp</dimen>
    <dimen name="xxh_859pixels">715.83dp</dimen>
    <dimen name="xxh_860pixels">716.67dp</dimen>
    <dimen name="xxh_861pixels">717.5dp</dimen>
    <dimen name="xxh_862pixels">718.33dp</dimen>
    <dimen name="xxh_863pixels">719.17dp</dimen>
    <dimen name="xxh_864pixels">720dp</dimen>
    <dimen name="xxh_865pixels">720.83dp</dimen>
    <dimen name="xxh_866pixels">721.67dp</dimen>
    <dimen name="xxh_867pixels">722.5dp</dimen>
    <dimen name="xxh_868pixels">723.33dp</dimen>
    <dimen name="xxh_869pixels">724.17dp</dimen>
    <dimen name="xxh_870pixels">725dp</dimen>
    <dimen name="xxh_871pixels">725.83dp</dimen>
    <dimen name="xxh_872pixels">726.67dp</dimen>
    <dimen name="xxh_873pixels">727.5dp</dimen>
    <dimen name="xxh_874pixels">728.33dp</dimen>
    <dimen name="xxh_875pixels">729.17dp</dimen>
    <dimen name="xxh_876pixels">730dp</dimen>
    <dimen name="xxh_877pixels">730.83dp</dimen>
    <dimen name="xxh_878pixels">731.67dp</dimen>
    <dimen name="xxh_879pixels">732.5dp</dimen>
    <dimen name="xxh_880pixels">733.33dp</dimen>
    <dimen name="xxh_881pixels">734.17dp</dimen>
    <dimen name="xxh_882pixels">735dp</dimen>
    <dimen name="xxh_883pixels">735.83dp</dimen>
    <dimen name="xxh_884pixels">736.67dp</dimen>
    <dimen name="xxh_885pixels">737.5dp</dimen>
    <dimen name="xxh_886pixels">738.33dp</dimen>
    <dimen name="xxh_887pixels">739.17dp</dimen>
    <dimen name="xxh_888pixels">740dp</dimen>
    <dimen name="xxh_889pixels">740.83dp</dimen>
    <dimen name="xxh_890pixels">741.67dp</dimen>
    <dimen name="xxh_891pixels">742.5dp</dimen>
    <dimen name="xxh_892pixels">743.33dp</dimen>
    <dimen name="xxh_893pixels">744.17dp</dimen>
    <dimen name="xxh_894pixels">745dp</dimen>
    <dimen name="xxh_895pixels">745.83dp</dimen>
    <dimen name="xxh_896pixels">746.67dp</dimen>
    <dimen name="xxh_897pixels">747.5dp</dimen>
    <dimen name="xxh_898pixels">748.33dp</dimen>
    <dimen name="xxh_899pixels">749.17dp</dimen>
    <dimen name="xxh_900pixels">750dp</dimen>
    <dimen name="xxh_901pixels">750.83dp</dimen>
    <dimen name="xxh_902pixels">751.67dp</dimen>
    <dimen name="xxh_903pixels">752.5dp</dimen>
    <dimen name="xxh_904pixels">753.33dp</dimen>
    <dimen name="xxh_905pixels">754.17dp</dimen>
    <dimen name="xxh_906pixels">755dp</dimen>
    <dimen name="xxh_907pixels">755.83dp</dimen>
    <dimen name="xxh_908pixels">756.67dp</dimen>
    <dimen name="xxh_909pixels">757.5dp</dimen>
    <dimen name="xxh_910pixels">758.33dp</dimen>
    <dimen name="xxh_911pixels">759.17dp</dimen>
    <dimen name="xxh_912pixels">760dp</dimen>
    <dimen name="xxh_913pixels">760.83dp</dimen>
    <dimen name="xxh_914pixels">761.67dp</dimen>
    <dimen name="xxh_915pixels">762.5dp</dimen>
    <dimen name="xxh_916pixels">763.33dp</dimen>
    <dimen name="xxh_917pixels">764.17dp</dimen>
    <dimen name="xxh_918pixels">765dp</dimen>
    <dimen name="xxh_919pixels">765.83dp</dimen>
    <dimen name="xxh_920pixels">766.67dp</dimen>
    <dimen name="xxh_921pixels">767.5dp</dimen>
    <dimen name="xxh_922pixels">768.33dp</dimen>
    <dimen name="xxh_923pixels">769.17dp</dimen>
    <dimen name="xxh_924pixels">770dp</dimen>
    <dimen name="xxh_925pixels">770.83dp</dimen>
    <dimen name="xxh_926pixels">771.67dp</dimen>
    <dimen name="xxh_927pixels">772.5dp</dimen>
    <dimen name="xxh_928pixels">773.33dp</dimen>
    <dimen name="xxh_929pixels">774.17dp</dimen>
    <dimen name="xxh_930pixels">775dp</dimen>
    <dimen name="xxh_931pixels">775.83dp</dimen>
    <dimen name="xxh_932pixels">776.67dp</dimen>
    <dimen name="xxh_933pixels">777.5dp</dimen>
    <dimen name="xxh_934pixels">778.33dp</dimen>
    <dimen name="xxh_935pixels">779.17dp</dimen>
    <dimen name="xxh_936pixels">780dp</dimen>
    <dimen name="xxh_937pixels">780.83dp</dimen>
    <dimen name="xxh_938pixels">781.67dp</dimen>
    <dimen name="xxh_939pixels">782.5dp</dimen>
    <dimen name="xxh_940pixels">783.33dp</dimen>
    <dimen name="xxh_941pixels">784.17dp</dimen>
    <dimen name="xxh_942pixels">785dp</dimen>
    <dimen name="xxh_943pixels">785.83dp</dimen>
    <dimen name="xxh_944pixels">786.67dp</dimen>
    <dimen name="xxh_945pixels">787.5dp</dimen>
    <dimen name="xxh_946pixels">788.33dp</dimen>
    <dimen name="xxh_947pixels">789.17dp</dimen>
    <dimen name="xxh_948pixels">790dp</dimen>
    <dimen name="xxh_949pixels">790.83dp</dimen>
    <dimen name="xxh_950pixels">791.67dp</dimen>
    <dimen name="xxh_951pixels">792.5dp</dimen>
    <dimen name="xxh_952pixels">793.33dp</dimen>
    <dimen name="xxh_953pixels">794.17dp</dimen>
    <dimen name="xxh_954pixels">795dp</dimen>
    <dimen name="xxh_955pixels">795.83dp</dimen>
    <dimen name="xxh_956pixels">796.67dp</dimen>
    <dimen name="xxh_957pixels">797.5dp</dimen>
    <dimen name="xxh_958pixels">798.33dp</dimen>
    <dimen name="xxh_959pixels">799.17dp</dimen>
    <dimen name="xxh_960pixels">800dp</dimen>
    <dimen name="xxh_961pixels">800.83dp</dimen>
    <dimen name="xxh_962pixels">801.67dp</dimen>
    <dimen name="xxh_963pixels">802.5dp</dimen>
    <dimen name="xxh_964pixels">803.33dp</dimen>
    <dimen name="xxh_965pixels">804.17dp</dimen>
    <dimen name="xxh_966pixels">805dp</dimen>
    <dimen name="xxh_967pixels">805.83dp</dimen>
    <dimen name="xxh_968pixels">806.67dp</dimen>
    <dimen name="xxh_969pixels">807.5dp</dimen>
    <dimen name="xxh_970pixels">808.33dp</dimen>
    <dimen name="xxh_971pixels">809.17dp</dimen>
    <dimen name="xxh_972pixels">810dp</dimen>
    <dimen name="xxh_973pixels">810.83dp</dimen>
    <dimen name="xxh_974pixels">811.67dp</dimen>
    <dimen name="xxh_975pixels">812.5dp</dimen>
    <dimen name="xxh_976pixels">813.33dp</dimen>
    <dimen name="xxh_977pixels">814.17dp</dimen>
    <dimen name="xxh_978pixels">815dp</dimen>
    <dimen name="xxh_979pixels">815.83dp</dimen>
    <dimen name="xxh_980pixels">816.67dp</dimen>
    <dimen name="xxh_981pixels">817.5dp</dimen>
    <dimen name="xxh_982pixels">818.33dp</dimen>
    <dimen name="xxh_983pixels">819.17dp</dimen>
    <dimen name="xxh_984pixels">820dp</dimen>
    <dimen name="xxh_985pixels">820.83dp</dimen>
    <dimen name="xxh_986pixels">821.67dp</dimen>
    <dimen name="xxh_987pixels">822.5dp</dimen>
    <dimen name="xxh_988pixels">823.33dp</dimen>
    <dimen name="xxh_989pixels">824.17dp</dimen>
    <dimen name="xxh_990pixels">825dp</dimen>
    <dimen name="xxh_991pixels">825.83dp</dimen>
    <dimen name="xxh_992pixels">826.67dp</dimen>
    <dimen name="xxh_993pixels">827.5dp</dimen>
    <dimen name="xxh_994pixels">828.33dp</dimen>
    <dimen name="xxh_995pixels">829.17dp</dimen>
    <dimen name="xxh_996pixels">830dp</dimen>
    <dimen name="xxh_997pixels">830.83dp</dimen>
    <dimen name="xxh_998pixels">831.67dp</dimen>
    <dimen name="xxh_999pixels">832.5dp</dimen>
    <dimen name="xxh_1000pixels">833.33dp</dimen>
    <dimen name="xxh_1001pixels">834.17dp</dimen>
    <dimen name="xxh_1002pixels">835dp</dimen>
    <dimen name="xxh_1003pixels">835.83dp</dimen>
    <dimen name="xxh_1004pixels">836.67dp</dimen>
    <dimen name="xxh_1005pixels">837.5dp</dimen>
    <dimen name="xxh_1006pixels">838.33dp</dimen>
    <dimen name="xxh_1007pixels">839.17dp</dimen>
    <dimen name="xxh_1008pixels">840dp</dimen>
    <dimen name="xxh_1009pixels">840.83dp</dimen>
    <dimen name="xxh_1010pixels">841.67dp</dimen>
    <dimen name="xxh_1011pixels">842.5dp</dimen>
    <dimen name="xxh_1012pixels">843.33dp</dimen>
    <dimen name="xxh_1013pixels">844.17dp</dimen>
    <dimen name="xxh_1014pixels">845dp</dimen>
    <dimen name="xxh_1015pixels">845.83dp</dimen>
    <dimen name="xxh_1016pixels">846.67dp</dimen>
    <dimen name="xxh_1017pixels">847.5dp</dimen>
    <dimen name="xxh_1018pixels">848.33dp</dimen>
    <dimen name="xxh_1019pixels">849.17dp</dimen>
    <dimen name="xxh_1020pixels">850dp</dimen>
    <dimen name="xxh_1021pixels">850.83dp</dimen>
    <dimen name="xxh_1022pixels">851.67dp</dimen>
    <dimen name="xxh_1023pixels">852.5dp</dimen>
    <dimen name="xxh_1024pixels">853.33dp</dimen>
    <dimen name="xxh_1025pixels">854.17dp</dimen>
    <dimen name="xxh_1026pixels">855dp</dimen>
    <dimen name="xxh_1027pixels">855.83dp</dimen>
    <dimen name="xxh_1028pixels">856.67dp</dimen>
    <dimen name="xxh_1029pixels">857.5dp</dimen>
    <dimen name="xxh_1030pixels">858.33dp</dimen>
    <dimen name="xxh_1031pixels">859.17dp</dimen>
    <dimen name="xxh_1032pixels">860dp</dimen>
    <dimen name="xxh_1033pixels">860.83dp</dimen>
    <dimen name="xxh_1034pixels">861.67dp</dimen>
    <dimen name="xxh_1035pixels">862.5dp</dimen>
    <dimen name="xxh_1036pixels">863.33dp</dimen>
    <dimen name="xxh_1037pixels">864.17dp</dimen>
    <dimen name="xxh_1038pixels">865dp</dimen>
    <dimen name="xxh_1039pixels">865.83dp</dimen>
    <dimen name="xxh_1040pixels">866.67dp</dimen>
    <dimen name="xxh_1041pixels">867.5dp</dimen>
    <dimen name="xxh_1042pixels">868.33dp</dimen>
    <dimen name="xxh_1043pixels">869.17dp</dimen>
    <dimen name="xxh_1044pixels">870dp</dimen>
    <dimen name="xxh_1045pixels">870.83dp</dimen>
    <dimen name="xxh_1046pixels">871.67dp</dimen>
    <dimen name="xxh_1047pixels">872.5dp</dimen>
    <dimen name="xxh_1048pixels">873.33dp</dimen>
    <dimen name="xxh_1049pixels">874.17dp</dimen>
    <dimen name="xxh_1050pixels">875dp</dimen>
    <dimen name="xxh_1051pixels">875.83dp</dimen>
    <dimen name="xxh_1052pixels">876.67dp</dimen>
    <dimen name="xxh_1053pixels">877.5dp</dimen>
    <dimen name="xxh_1054pixels">878.33dp</dimen>
    <dimen name="xxh_1055pixels">879.17dp</dimen>
    <dimen name="xxh_1056pixels">880dp</dimen>
    <dimen name="xxh_1057pixels">880.83dp</dimen>
    <dimen name="xxh_1058pixels">881.67dp</dimen>
    <dimen name="xxh_1059pixels">882.5dp</dimen>
    <dimen name="xxh_1060pixels">883.33dp</dimen>
    <dimen name="xxh_1061pixels">884.17dp</dimen>
    <dimen name="xxh_1062pixels">885dp</dimen>
    <dimen name="xxh_1063pixels">885.83dp</dimen>
    <dimen name="xxh_1064pixels">886.67dp</dimen>
    <dimen name="xxh_1065pixels">887.5dp</dimen>
    <dimen name="xxh_1066pixels">888.33dp</dimen>
    <dimen name="xxh_1067pixels">889.17dp</dimen>
    <dimen name="xxh_1068pixels">890dp</dimen>
    <dimen name="xxh_1069pixels">890.83dp</dimen>
    <dimen name="xxh_1070pixels">891.67dp</dimen>
    <dimen name="xxh_1071pixels">892.5dp</dimen>
    <dimen name="xxh_1072pixels">893.33dp</dimen>
    <dimen name="xxh_1073pixels">894.17dp</dimen>
    <dimen name="xxh_1074pixels">895dp</dimen>
    <dimen name="xxh_1075pixels">895.83dp</dimen>
    <dimen name="xxh_1076pixels">896.67dp</dimen>
    <dimen name="xxh_1077pixels">897.5dp</dimen>
    <dimen name="xxh_1078pixels">898.33dp</dimen>
    <dimen name="xxh_1079pixels">899.17dp</dimen>
    <dimen name="xxh_1080pixels">900dp</dimen>
    <dimen name="xxh_1081pixels">900.83dp</dimen>
    <dimen name="xxh_1082pixels">901.67dp</dimen>
    <dimen name="xxh_1083pixels">902.5dp</dimen>
    <dimen name="xxh_1084pixels">903.33dp</dimen>
    <dimen name="xxh_1085pixels">904.17dp</dimen>
    <dimen name="xxh_1086pixels">905dp</dimen>
    <dimen name="xxh_1087pixels">905.83dp</dimen>
    <dimen name="xxh_1088pixels">906.67dp</dimen>
    <dimen name="xxh_1089pixels">907.5dp</dimen>
    <dimen name="xxh_1090pixels">908.33dp</dimen>
    <dimen name="xxh_1091pixels">909.17dp</dimen>
    <dimen name="xxh_1092pixels">910dp</dimen>
    <dimen name="xxh_1093pixels">910.83dp</dimen>
    <dimen name="xxh_1094pixels">911.67dp</dimen>
    <dimen name="xxh_1095pixels">912.5dp</dimen>
    <dimen name="xxh_1096pixels">913.33dp</dimen>
    <dimen name="xxh_1097pixels">914.17dp</dimen>
    <dimen name="xxh_1098pixels">915dp</dimen>
    <dimen name="xxh_1099pixels">915.83dp</dimen>
    <dimen name="xxh_1100pixels">916.67dp</dimen>
    <dimen name="xxh_1101pixels">917.5dp</dimen>
    <dimen name="xxh_1102pixels">918.33dp</dimen>
    <dimen name="xxh_1103pixels">919.17dp</dimen>
    <dimen name="xxh_1104pixels">920dp</dimen>
    <dimen name="xxh_1105pixels">920.83dp</dimen>
    <dimen name="xxh_1106pixels">921.67dp</dimen>
    <dimen name="xxh_1107pixels">922.5dp</dimen>
    <dimen name="xxh_1108pixels">923.33dp</dimen>
    <dimen name="xxh_1109pixels">924.17dp</dimen>
    <dimen name="xxh_1110pixels">925dp</dimen>
    <dimen name="xxh_1111pixels">925.83dp</dimen>
    <dimen name="xxh_1112pixels">926.67dp</dimen>
    <dimen name="xxh_1113pixels">927.5dp</dimen>
    <dimen name="xxh_1114pixels">928.33dp</dimen>
    <dimen name="xxh_1115pixels">929.17dp</dimen>
    <dimen name="xxh_1116pixels">930dp</dimen>
    <dimen name="xxh_1117pixels">930.83dp</dimen>
    <dimen name="xxh_1118pixels">931.67dp</dimen>
    <dimen name="xxh_1119pixels">932.5dp</dimen>
    <dimen name="xxh_1120pixels">933.33dp</dimen>
    <dimen name="xxh_1121pixels">934.17dp</dimen>
    <dimen name="xxh_1122pixels">935dp</dimen>
    <dimen name="xxh_1123pixels">935.83dp</dimen>
    <dimen name="xxh_1124pixels">936.67dp</dimen>
    <dimen name="xxh_1125pixels">937.5dp</dimen>
    <dimen name="xxh_1126pixels">938.33dp</dimen>
    <dimen name="xxh_1127pixels">939.17dp</dimen>
    <dimen name="xxh_1128pixels">940dp</dimen>
    <dimen name="xxh_1129pixels">940.83dp</dimen>
    <dimen name="xxh_1130pixels">941.67dp</dimen>
    <dimen name="xxh_1131pixels">942.5dp</dimen>
    <dimen name="xxh_1132pixels">943.33dp</dimen>
    <dimen name="xxh_1133pixels">944.17dp</dimen>
    <dimen name="xxh_1134pixels">945dp</dimen>
    <dimen name="xxh_1135pixels">945.83dp</dimen>
    <dimen name="xxh_1136pixels">946.67dp</dimen>
    <dimen name="xxh_1137pixels">947.5dp</dimen>
    <dimen name="xxh_1138pixels">948.33dp</dimen>
    <dimen name="xxh_1139pixels">949.17dp</dimen>
    <dimen name="xxh_1140pixels">950dp</dimen>
    <dimen name="xxh_1141pixels">950.83dp</dimen>
    <dimen name="xxh_1142pixels">951.67dp</dimen>
    <dimen name="xxh_1143pixels">952.5dp</dimen>
    <dimen name="xxh_1144pixels">953.33dp</dimen>
    <dimen name="xxh_1145pixels">954.17dp</dimen>
    <dimen name="xxh_1146pixels">955dp</dimen>
    <dimen name="xxh_1147pixels">955.83dp</dimen>
    <dimen name="xxh_1148pixels">956.67dp</dimen>
    <dimen name="xxh_1149pixels">957.5dp</dimen>
    <dimen name="xxh_1150pixels">958.33dp</dimen>
    <dimen name="xxh_1151pixels">959.17dp</dimen>
    <dimen name="xxh_1152pixels">960dp</dimen>
    <dimen name="xxh_1153pixels">960.83dp</dimen>
    <dimen name="xxh_1154pixels">961.67dp</dimen>
    <dimen name="xxh_1155pixels">962.5dp</dimen>
    <dimen name="xxh_1156pixels">963.33dp</dimen>
    <dimen name="xxh_1157pixels">964.17dp</dimen>
    <dimen name="xxh_1158pixels">965dp</dimen>
    <dimen name="xxh_1159pixels">965.83dp</dimen>
    <dimen name="xxh_1160pixels">966.67dp</dimen>
    <dimen name="xxh_1161pixels">967.5dp</dimen>
    <dimen name="xxh_1162pixels">968.33dp</dimen>
    <dimen name="xxh_1163pixels">969.17dp</dimen>
    <dimen name="xxh_1164pixels">970dp</dimen>
    <dimen name="xxh_1165pixels">970.83dp</dimen>
    <dimen name="xxh_1166pixels">971.67dp</dimen>
    <dimen name="xxh_1167pixels">972.5dp</dimen>
    <dimen name="xxh_1168pixels">973.33dp</dimen>
    <dimen name="xxh_1169pixels">974.17dp</dimen>
    <dimen name="xxh_1170pixels">975dp</dimen>
    <dimen name="xxh_1171pixels">975.83dp</dimen>
    <dimen name="xxh_1172pixels">976.67dp</dimen>
    <dimen name="xxh_1173pixels">977.5dp</dimen>
    <dimen name="xxh_1174pixels">978.33dp</dimen>
    <dimen name="xxh_1175pixels">979.17dp</dimen>
    <dimen name="xxh_1176pixels">980dp</dimen>
    <dimen name="xxh_1177pixels">980.83dp</dimen>
    <dimen name="xxh_1178pixels">981.67dp</dimen>
    <dimen name="xxh_1179pixels">982.5dp</dimen>
    <dimen name="xxh_1180pixels">983.33dp</dimen>
    <dimen name="xxh_1181pixels">984.17dp</dimen>
    <dimen name="xxh_1182pixels">985dp</dimen>
    <dimen name="xxh_1183pixels">985.83dp</dimen>
    <dimen name="xxh_1184pixels">986.67dp</dimen>
    <dimen name="xxh_1185pixels">987.5dp</dimen>
    <dimen name="xxh_1186pixels">988.33dp</dimen>
    <dimen name="xxh_1187pixels">989.17dp</dimen>
    <dimen name="xxh_1188pixels">990dp</dimen>
    <dimen name="xxh_1189pixels">990.83dp</dimen>
    <dimen name="xxh_1190pixels">991.67dp</dimen>
    <dimen name="xxh_1191pixels">992.5dp</dimen>
    <dimen name="xxh_1192pixels">993.33dp</dimen>
    <dimen name="xxh_1193pixels">994.17dp</dimen>
    <dimen name="xxh_1194pixels">995dp</dimen>
    <dimen name="xxh_1195pixels">995.83dp</dimen>
    <dimen name="xxh_1196pixels">996.67dp</dimen>
    <dimen name="xxh_1197pixels">997.5dp</dimen>
    <dimen name="xxh_1198pixels">998.33dp</dimen>
    <dimen name="xxh_1199pixels">999.17dp</dimen>
    <dimen name="xxh_1200pixels">1000dp</dimen>
    <dimen name="xxh_1201pixels">1000.83dp</dimen>
    <dimen name="xxh_1202pixels">1001.67dp</dimen>
    <dimen name="xxh_1203pixels">1002.5dp</dimen>
    <dimen name="xxh_1204pixels">1003.33dp</dimen>
    <dimen name="xxh_1205pixels">1004.17dp</dimen>
    <dimen name="xxh_1206pixels">1005dp</dimen>
    <dimen name="xxh_1207pixels">1005.83dp</dimen>
    <dimen name="xxh_1208pixels">1006.67dp</dimen>
    <dimen name="xxh_1209pixels">1007.5dp</dimen>
    <dimen name="xxh_1210pixels">1008.33dp</dimen>
    <dimen name="xxh_1211pixels">1009.17dp</dimen>
    <dimen name="xxh_1212pixels">1010dp</dimen>
    <dimen name="xxh_1213pixels">1010.83dp</dimen>
    <dimen name="xxh_1214pixels">1011.67dp</dimen>
    <dimen name="xxh_1215pixels">1012.5dp</dimen>
    <dimen name="xxh_1216pixels">1013.33dp</dimen>
    <dimen name="xxh_1217pixels">1014.17dp</dimen>
    <dimen name="xxh_1218pixels">1015dp</dimen>
    <dimen name="xxh_1219pixels">1015.83dp</dimen>
    <dimen name="xxh_1220pixels">1016.67dp</dimen>
    <dimen name="xxh_1221pixels">1017.5dp</dimen>
    <dimen name="xxh_1222pixels">1018.33dp</dimen>
    <dimen name="xxh_1223pixels">1019.17dp</dimen>
    <dimen name="xxh_1224pixels">1020dp</dimen>
    <dimen name="xxh_1225pixels">1020.83dp</dimen>
    <dimen name="xxh_1226pixels">1021.67dp</dimen>
    <dimen name="xxh_1227pixels">1022.5dp</dimen>
    <dimen name="xxh_1228pixels">1023.33dp</dimen>
    <dimen name="xxh_1229pixels">1024.17dp</dimen>
    <dimen name="xxh_1230pixels">1025dp</dimen>
    <dimen name="xxh_1231pixels">1025.83dp</dimen>
    <dimen name="xxh_1232pixels">1026.67dp</dimen>
    <dimen name="xxh_1233pixels">1027.5dp</dimen>
    <dimen name="xxh_1234pixels">1028.33dp</dimen>
    <dimen name="xxh_1235pixels">1029.17dp</dimen>
    <dimen name="xxh_1236pixels">1030dp</dimen>
    <dimen name="xxh_1237pixels">1030.83dp</dimen>
    <dimen name="xxh_1238pixels">1031.67dp</dimen>
    <dimen name="xxh_1239pixels">1032.5dp</dimen>
    <dimen name="xxh_1240pixels">1033.33dp</dimen>
    <dimen name="xxh_1241pixels">1034.17dp</dimen>
    <dimen name="xxh_1242pixels">1035dp</dimen>
    <dimen name="xxh_1243pixels">1035.83dp</dimen>
    <dimen name="xxh_1244pixels">1036.67dp</dimen>
    <dimen name="xxh_1245pixels">1037.5dp</dimen>
    <dimen name="xxh_1246pixels">1038.33dp</dimen>
    <dimen name="xxh_1247pixels">1039.17dp</dimen>
    <dimen name="xxh_1248pixels">1040dp</dimen>
    <dimen name="xxh_1249pixels">1040.83dp</dimen>
    <dimen name="xxh_1250pixels">1041.67dp</dimen>
    <dimen name="xxh_1251pixels">1042.5dp</dimen>
    <dimen name="xxh_1252pixels">1043.33dp</dimen>
    <dimen name="xxh_1253pixels">1044.17dp</dimen>
    <dimen name="xxh_1254pixels">1045dp</dimen>
    <dimen name="xxh_1255pixels">1045.83dp</dimen>
    <dimen name="xxh_1256pixels">1046.67dp</dimen>
    <dimen name="xxh_1257pixels">1047.5dp</dimen>
    <dimen name="xxh_1258pixels">1048.33dp</dimen>
    <dimen name="xxh_1259pixels">1049.17dp</dimen>
    <dimen name="xxh_1260pixels">1050dp</dimen>
    <dimen name="xxh_1261pixels">1050.83dp</dimen>
    <dimen name="xxh_1262pixels">1051.67dp</dimen>
    <dimen name="xxh_1263pixels">1052.5dp</dimen>
    <dimen name="xxh_1264pixels">1053.33dp</dimen>
    <dimen name="xxh_1265pixels">1054.17dp</dimen>
    <dimen name="xxh_1266pixels">1055dp</dimen>
    <dimen name="xxh_1267pixels">1055.83dp</dimen>
    <dimen name="xxh_1268pixels">1056.67dp</dimen>
    <dimen name="xxh_1269pixels">1057.5dp</dimen>
    <dimen name="xxh_1270pixels">1058.33dp</dimen>
    <dimen name="xxh_1271pixels">1059.17dp</dimen>
    <dimen name="xxh_1272pixels">1060dp</dimen>
    <dimen name="xxh_1273pixels">1060.83dp</dimen>
    <dimen name="xxh_1274pixels">1061.67dp</dimen>
    <dimen name="xxh_1275pixels">1062.5dp</dimen>
    <dimen name="xxh_1276pixels">1063.33dp</dimen>
    <dimen name="xxh_1277pixels">1064.17dp</dimen>
    <dimen name="xxh_1278pixels">1065dp</dimen>
    <dimen name="xxh_1279pixels">1065.83dp</dimen>
    <dimen name="xxh_1280pixels">1066.67dp</dimen>
    <dimen name="xxh_1281pixels">1067.5dp</dimen>
    <dimen name="xxh_1282pixels">1068.33dp</dimen>
    <dimen name="xxh_1283pixels">1069.17dp</dimen>
    <dimen name="xxh_1284pixels">1070dp</dimen>
    <dimen name="xxh_1285pixels">1070.83dp</dimen>
    <dimen name="xxh_1286pixels">1071.67dp</dimen>
    <dimen name="xxh_1287pixels">1072.5dp</dimen>
    <dimen name="xxh_1288pixels">1073.33dp</dimen>
    <dimen name="xxh_1289pixels">1074.17dp</dimen>
    <dimen name="xxh_1290pixels">1075dp</dimen>
    <dimen name="xxh_1291pixels">1075.83dp</dimen>
    <dimen name="xxh_1292pixels">1076.67dp</dimen>
    <dimen name="xxh_1293pixels">1077.5dp</dimen>
    <dimen name="xxh_1294pixels">1078.33dp</dimen>
    <dimen name="xxh_1295pixels">1079.17dp</dimen>
    <dimen name="xxh_1296pixels">1080dp</dimen>
    <dimen name="xxh_1297pixels">1080.83dp</dimen>
    <dimen name="xxh_1298pixels">1081.67dp</dimen>
    <dimen name="xxh_1299pixels">1082.5dp</dimen>
    <dimen name="xxh_1300pixels">1083.33dp</dimen>
    <dimen name="xxh_1301pixels">1084.17dp</dimen>
    <dimen name="xxh_1302pixels">1085dp</dimen>
    <dimen name="xxh_1303pixels">1085.83dp</dimen>
    <dimen name="xxh_1304pixels">1086.67dp</dimen>
    <dimen name="xxh_1305pixels">1087.5dp</dimen>
    <dimen name="xxh_1306pixels">1088.33dp</dimen>
    <dimen name="xxh_1307pixels">1089.17dp</dimen>
    <dimen name="xxh_1308pixels">1090dp</dimen>
    <dimen name="xxh_1309pixels">1090.83dp</dimen>
    <dimen name="xxh_1310pixels">1091.67dp</dimen>
    <dimen name="xxh_1311pixels">1092.5dp</dimen>
    <dimen name="xxh_1312pixels">1093.33dp</dimen>
    <dimen name="xxh_1313pixels">1094.17dp</dimen>
    <dimen name="xxh_1314pixels">1095dp</dimen>
    <dimen name="xxh_1315pixels">1095.83dp</dimen>
    <dimen name="xxh_1316pixels">1096.67dp</dimen>
    <dimen name="xxh_1317pixels">1097.5dp</dimen>
    <dimen name="xxh_1318pixels">1098.33dp</dimen>
    <dimen name="xxh_1319pixels">1099.17dp</dimen>
    <dimen name="xxh_1320pixels">1100dp</dimen>
    <dimen name="xxh_1321pixels">1100.83dp</dimen>
    <dimen name="xxh_1322pixels">1101.67dp</dimen>
    <dimen name="xxh_1323pixels">1102.5dp</dimen>
    <dimen name="xxh_1324pixels">1103.33dp</dimen>
    <dimen name="xxh_1325pixels">1104.17dp</dimen>
    <dimen name="xxh_1326pixels">1105dp</dimen>
    <dimen name="xxh_1327pixels">1105.83dp</dimen>
    <dimen name="xxh_1328pixels">1106.67dp</dimen>
    <dimen name="xxh_1329pixels">1107.5dp</dimen>
    <dimen name="xxh_1330pixels">1108.33dp</dimen>
    <dimen name="xxh_1331pixels">1109.17dp</dimen>
    <dimen name="xxh_1332pixels">1110dp</dimen>
    <dimen name="xxh_1333pixels">1110.83dp</dimen>
    <dimen name="xxh_1334pixels">1111.67dp</dimen>
    <dimen name="xxh_1335pixels">1112.5dp</dimen>
    <dimen name="xxh_1336pixels">1113.33dp</dimen>
    <dimen name="xxh_1337pixels">1114.17dp</dimen>
    <dimen name="xxh_1338pixels">1115dp</dimen>
    <dimen name="xxh_1339pixels">1115.83dp</dimen>
    <dimen name="xxh_1340pixels">1116.67dp</dimen>
    <dimen name="xxh_1341pixels">1117.5dp</dimen>
    <dimen name="xxh_1342pixels">1118.33dp</dimen>
    <dimen name="xxh_1343pixels">1119.17dp</dimen>
    <dimen name="xxh_1344pixels">1120dp</dimen>
    <dimen name="xxh_1345pixels">1120.83dp</dimen>
    <dimen name="xxh_1346pixels">1121.67dp</dimen>
    <dimen name="xxh_1347pixels">1122.5dp</dimen>
    <dimen name="xxh_1348pixels">1123.33dp</dimen>
    <dimen name="xxh_1349pixels">1124.17dp</dimen>
    <dimen name="xxh_1350pixels">1125dp</dimen>
    <dimen name="xxh_1351pixels">1125.83dp</dimen>
    <dimen name="xxh_1352pixels">1126.67dp</dimen>
    <dimen name="xxh_1353pixels">1127.5dp</dimen>
    <dimen name="xxh_1354pixels">1128.33dp</dimen>
    <dimen name="xxh_1355pixels">1129.17dp</dimen>
    <dimen name="xxh_1356pixels">1130dp</dimen>
    <dimen name="xxh_1357pixels">1130.83dp</dimen>
    <dimen name="xxh_1358pixels">1131.67dp</dimen>
    <dimen name="xxh_1359pixels">1132.5dp</dimen>
    <dimen name="xxh_1360pixels">1133.33dp</dimen>
    <dimen name="xxh_1361pixels">1134.17dp</dimen>
    <dimen name="xxh_1362pixels">1135dp</dimen>
    <dimen name="xxh_1363pixels">1135.83dp</dimen>
    <dimen name="xxh_1364pixels">1136.67dp</dimen>
    <dimen name="xxh_1365pixels">1137.5dp</dimen>
    <dimen name="xxh_1366pixels">1138.33dp</dimen>
    <dimen name="xxh_1367pixels">1139.17dp</dimen>
    <dimen name="xxh_1368pixels">1140dp</dimen>
    <dimen name="xxh_1369pixels">1140.83dp</dimen>
    <dimen name="xxh_1370pixels">1141.67dp</dimen>
    <dimen name="xxh_1371pixels">1142.5dp</dimen>
    <dimen name="xxh_1372pixels">1143.33dp</dimen>
    <dimen name="xxh_1373pixels">1144.17dp</dimen>
    <dimen name="xxh_1374pixels">1145dp</dimen>
    <dimen name="xxh_1375pixels">1145.83dp</dimen>
    <dimen name="xxh_1376pixels">1146.67dp</dimen>
    <dimen name="xxh_1377pixels">1147.5dp</dimen>
    <dimen name="xxh_1378pixels">1148.33dp</dimen>
    <dimen name="xxh_1379pixels">1149.17dp</dimen>
    <dimen name="xxh_1380pixels">1150dp</dimen>
    <dimen name="xxh_1381pixels">1150.83dp</dimen>
    <dimen name="xxh_1382pixels">1151.67dp</dimen>
    <dimen name="xxh_1383pixels">1152.5dp</dimen>
    <dimen name="xxh_1384pixels">1153.33dp</dimen>
    <dimen name="xxh_1385pixels">1154.17dp</dimen>
    <dimen name="xxh_1386pixels">1155dp</dimen>
    <dimen name="xxh_1387pixels">1155.83dp</dimen>
    <dimen name="xxh_1388pixels">1156.67dp</dimen>
    <dimen name="xxh_1389pixels">1157.5dp</dimen>
    <dimen name="xxh_1390pixels">1158.33dp</dimen>
    <dimen name="xxh_1391pixels">1159.17dp</dimen>
    <dimen name="xxh_1392pixels">1160dp</dimen>
    <dimen name="xxh_1393pixels">1160.83dp</dimen>
    <dimen name="xxh_1394pixels">1161.67dp</dimen>
    <dimen name="xxh_1395pixels">1162.5dp</dimen>
    <dimen name="xxh_1396pixels">1163.33dp</dimen>
    <dimen name="xxh_1397pixels">1164.17dp</dimen>
    <dimen name="xxh_1398pixels">1165dp</dimen>
    <dimen name="xxh_1399pixels">1165.83dp</dimen>
    <dimen name="xxh_1400pixels">1166.67dp</dimen>
    <dimen name="xxh_1401pixels">1167.5dp</dimen>
    <dimen name="xxh_1402pixels">1168.33dp</dimen>
    <dimen name="xxh_1403pixels">1169.17dp</dimen>
    <dimen name="xxh_1404pixels">1170dp</dimen>
    <dimen name="xxh_1405pixels">1170.83dp</dimen>
    <dimen name="xxh_1406pixels">1171.67dp</dimen>
    <dimen name="xxh_1407pixels">1172.5dp</dimen>
    <dimen name="xxh_1408pixels">1173.33dp</dimen>
    <dimen name="xxh_1409pixels">1174.17dp</dimen>
    <dimen name="xxh_1410pixels">1175dp</dimen>
    <dimen name="xxh_1411pixels">1175.83dp</dimen>
    <dimen name="xxh_1412pixels">1176.67dp</dimen>
    <dimen name="xxh_1413pixels">1177.5dp</dimen>
    <dimen name="xxh_1414pixels">1178.33dp</dimen>
    <dimen name="xxh_1415pixels">1179.17dp</dimen>
    <dimen name="xxh_1416pixels">1180dp</dimen>
    <dimen name="xxh_1417pixels">1180.83dp</dimen>
    <dimen name="xxh_1418pixels">1181.67dp</dimen>
    <dimen name="xxh_1419pixels">1182.5dp</dimen>
    <dimen name="xxh_1420pixels">1183.33dp</dimen>
    <dimen name="xxh_1421pixels">1184.17dp</dimen>
    <dimen name="xxh_1422pixels">1185dp</dimen>
    <dimen name="xxh_1423pixels">1185.83dp</dimen>
    <dimen name="xxh_1424pixels">1186.67dp</dimen>
    <dimen name="xxh_1425pixels">1187.5dp</dimen>
    <dimen name="xxh_1426pixels">1188.33dp</dimen>
    <dimen name="xxh_1427pixels">1189.17dp</dimen>
    <dimen name="xxh_1428pixels">1190dp</dimen>
    <dimen name="xxh_1429pixels">1190.83dp</dimen>
    <dimen name="xxh_1430pixels">1191.67dp</dimen>
    <dimen name="xxh_1431pixels">1192.5dp</dimen>
    <dimen name="xxh_1432pixels">1193.33dp</dimen>
    <dimen name="xxh_1433pixels">1194.17dp</dimen>
    <dimen name="xxh_1434pixels">1195dp</dimen>
    <dimen name="xxh_1435pixels">1195.83dp</dimen>
    <dimen name="xxh_1436pixels">1196.67dp</dimen>
    <dimen name="xxh_1437pixels">1197.5dp</dimen>
    <dimen name="xxh_1438pixels">1198.33dp</dimen>
    <dimen name="xxh_1439pixels">1199.17dp</dimen>
    <dimen name="xxh_1440pixels">1200dp</dimen>
    <dimen name="xxh_1441pixels">1200.83dp</dimen>
    <dimen name="xxh_1442pixels">1201.67dp</dimen>
    <dimen name="xxh_1443pixels">1202.5dp</dimen>
    <dimen name="xxh_1444pixels">1203.33dp</dimen>
    <dimen name="xxh_1445pixels">1204.17dp</dimen>
    <dimen name="xxh_1446pixels">1205dp</dimen>
    <dimen name="xxh_1447pixels">1205.83dp</dimen>
    <dimen name="xxh_1448pixels">1206.67dp</dimen>
    <dimen name="xxh_1449pixels">1207.5dp</dimen>
    <dimen name="xxh_1450pixels">1208.33dp</dimen>
    <dimen name="xxh_1451pixels">1209.17dp</dimen>
    <dimen name="xxh_1452pixels">1210dp</dimen>
    <dimen name="xxh_1453pixels">1210.83dp</dimen>
    <dimen name="xxh_1454pixels">1211.67dp</dimen>
    <dimen name="xxh_1455pixels">1212.5dp</dimen>
    <dimen name="xxh_1456pixels">1213.33dp</dimen>
    <dimen name="xxh_1457pixels">1214.17dp</dimen>
    <dimen name="xxh_1458pixels">1215dp</dimen>
    <dimen name="xxh_1459pixels">1215.83dp</dimen>
    <dimen name="xxh_1460pixels">1216.67dp</dimen>
    <dimen name="xxh_1461pixels">1217.5dp</dimen>
    <dimen name="xxh_1462pixels">1218.33dp</dimen>
    <dimen name="xxh_1463pixels">1219.17dp</dimen>
    <dimen name="xxh_1464pixels">1220dp</dimen>
    <dimen name="xxh_1465pixels">1220.83dp</dimen>
    <dimen name="xxh_1466pixels">1221.67dp</dimen>
    <dimen name="xxh_1467pixels">1222.5dp</dimen>
    <dimen name="xxh_1468pixels">1223.33dp</dimen>
    <dimen name="xxh_1469pixels">1224.17dp</dimen>
    <dimen name="xxh_1470pixels">1225dp</dimen>
    <dimen name="xxh_1471pixels">1225.83dp</dimen>
    <dimen name="xxh_1472pixels">1226.67dp</dimen>
    <dimen name="xxh_1473pixels">1227.5dp</dimen>
    <dimen name="xxh_1474pixels">1228.33dp</dimen>
    <dimen name="xxh_1475pixels">1229.17dp</dimen>
    <dimen name="xxh_1476pixels">1230dp</dimen>
    <dimen name="xxh_1477pixels">1230.83dp</dimen>
    <dimen name="xxh_1478pixels">1231.67dp</dimen>
    <dimen name="xxh_1479pixels">1232.5dp</dimen>
    <dimen name="xxh_1480pixels">1233.33dp</dimen>
    <dimen name="xxh_1481pixels">1234.17dp</dimen>
    <dimen name="xxh_1482pixels">1235dp</dimen>
    <dimen name="xxh_1483pixels">1235.83dp</dimen>
    <dimen name="xxh_1484pixels">1236.67dp</dimen>
    <dimen name="xxh_1485pixels">1237.5dp</dimen>
    <dimen name="xxh_1486pixels">1238.33dp</dimen>
    <dimen name="xxh_1487pixels">1239.17dp</dimen>
    <dimen name="xxh_1488pixels">1240dp</dimen>
    <dimen name="xxh_1489pixels">1240.83dp</dimen>
    <dimen name="xxh_1490pixels">1241.67dp</dimen>
    <dimen name="xxh_1491pixels">1242.5dp</dimen>
    <dimen name="xxh_1492pixels">1243.33dp</dimen>
    <dimen name="xxh_1493pixels">1244.17dp</dimen>
    <dimen name="xxh_1494pixels">1245dp</dimen>
    <dimen name="xxh_1495pixels">1245.83dp</dimen>
    <dimen name="xxh_1496pixels">1246.67dp</dimen>
    <dimen name="xxh_1497pixels">1247.5dp</dimen>
    <dimen name="xxh_1498pixels">1248.33dp</dimen>
    <dimen name="xxh_1499pixels">1249.17dp</dimen>
    <dimen name="xxh_1500pixels">1250dp</dimen>
    <dimen name="xxh_1501pixels">1250.83dp</dimen>
    <dimen name="xxh_1502pixels">1251.67dp</dimen>
    <dimen name="xxh_1503pixels">1252.5dp</dimen>
    <dimen name="xxh_1504pixels">1253.33dp</dimen>
    <dimen name="xxh_1505pixels">1254.17dp</dimen>
    <dimen name="xxh_1506pixels">1255dp</dimen>
    <dimen name="xxh_1507pixels">1255.83dp</dimen>
    <dimen name="xxh_1508pixels">1256.67dp</dimen>
    <dimen name="xxh_1509pixels">1257.5dp</dimen>
    <dimen name="xxh_1510pixels">1258.33dp</dimen>
    <dimen name="xxh_1511pixels">1259.17dp</dimen>
    <dimen name="xxh_1512pixels">1260dp</dimen>
    <dimen name="xxh_1513pixels">1260.83dp</dimen>
    <dimen name="xxh_1514pixels">1261.67dp</dimen>
    <dimen name="xxh_1515pixels">1262.5dp</dimen>
    <dimen name="xxh_1516pixels">1263.33dp</dimen>
    <dimen name="xxh_1517pixels">1264.17dp</dimen>
    <dimen name="xxh_1518pixels">1265dp</dimen>
    <dimen name="xxh_1519pixels">1265.83dp</dimen>
    <dimen name="xxh_1520pixels">1266.67dp</dimen>
    <dimen name="xxh_1521pixels">1267.5dp</dimen>
    <dimen name="xxh_1522pixels">1268.33dp</dimen>
    <dimen name="xxh_1523pixels">1269.17dp</dimen>
    <dimen name="xxh_1524pixels">1270dp</dimen>
    <dimen name="xxh_1525pixels">1270.83dp</dimen>
    <dimen name="xxh_1526pixels">1271.67dp</dimen>
    <dimen name="xxh_1527pixels">1272.5dp</dimen>
    <dimen name="xxh_1528pixels">1273.33dp</dimen>
    <dimen name="xxh_1529pixels">1274.17dp</dimen>
    <dimen name="xxh_1530pixels">1275dp</dimen>
    <dimen name="xxh_1531pixels">1275.83dp</dimen>
    <dimen name="xxh_1532pixels">1276.67dp</dimen>
    <dimen name="xxh_1533pixels">1277.5dp</dimen>
    <dimen name="xxh_1534pixels">1278.33dp</dimen>
    <dimen name="xxh_1535pixels">1279.17dp</dimen>
    <dimen name="xxh_1536pixels">1280dp</dimen>
    <dimen name="xxh_1537pixels">1280.83dp</dimen>
    <dimen name="xxh_1538pixels">1281.67dp</dimen>
    <dimen name="xxh_1539pixels">1282.5dp</dimen>
    <dimen name="xxh_1540pixels">1283.33dp</dimen>
    <dimen name="xxh_1541pixels">1284.17dp</dimen>
    <dimen name="xxh_1542pixels">1285dp</dimen>
    <dimen name="xxh_1543pixels">1285.83dp</dimen>
    <dimen name="xxh_1544pixels">1286.67dp</dimen>
    <dimen name="xxh_1545pixels">1287.5dp</dimen>
    <dimen name="xxh_1546pixels">1288.33dp</dimen>
    <dimen name="xxh_1547pixels">1289.17dp</dimen>
    <dimen name="xxh_1548pixels">1290dp</dimen>
    <dimen name="xxh_1549pixels">1290.83dp</dimen>
    <dimen name="xxh_1550pixels">1291.67dp</dimen>
    <dimen name="xxh_1551pixels">1292.5dp</dimen>
    <dimen name="xxh_1552pixels">1293.33dp</dimen>
    <dimen name="xxh_1553pixels">1294.17dp</dimen>
    <dimen name="xxh_1554pixels">1295dp</dimen>
    <dimen name="xxh_1555pixels">1295.83dp</dimen>
    <dimen name="xxh_1556pixels">1296.67dp</dimen>
    <dimen name="xxh_1557pixels">1297.5dp</dimen>
    <dimen name="xxh_1558pixels">1298.33dp</dimen>
    <dimen name="xxh_1559pixels">1299.17dp</dimen>
    <dimen name="xxh_1560pixels">1300dp</dimen>
    <dimen name="xxh_1561pixels">1300.83dp</dimen>
    <dimen name="xxh_1562pixels">1301.67dp</dimen>
    <dimen name="xxh_1563pixels">1302.5dp</dimen>
    <dimen name="xxh_1564pixels">1303.33dp</dimen>
    <dimen name="xxh_1565pixels">1304.17dp</dimen>
    <dimen name="xxh_1566pixels">1305dp</dimen>
    <dimen name="xxh_1567pixels">1305.83dp</dimen>
    <dimen name="xxh_1568pixels">1306.67dp</dimen>
    <dimen name="xxh_1569pixels">1307.5dp</dimen>
    <dimen name="xxh_1570pixels">1308.33dp</dimen>
    <dimen name="xxh_1571pixels">1309.17dp</dimen>
    <dimen name="xxh_1572pixels">1310dp</dimen>
    <dimen name="xxh_1573pixels">1310.83dp</dimen>
    <dimen name="xxh_1574pixels">1311.67dp</dimen>
    <dimen name="xxh_1575pixels">1312.5dp</dimen>
    <dimen name="xxh_1576pixels">1313.33dp</dimen>
    <dimen name="xxh_1577pixels">1314.17dp</dimen>
    <dimen name="xxh_1578pixels">1315dp</dimen>
    <dimen name="xxh_1579pixels">1315.83dp</dimen>
    <dimen name="xxh_1580pixels">1316.67dp</dimen>
    <dimen name="xxh_1581pixels">1317.5dp</dimen>
    <dimen name="xxh_1582pixels">1318.33dp</dimen>
    <dimen name="xxh_1583pixels">1319.17dp</dimen>
    <dimen name="xxh_1584pixels">1320dp</dimen>
    <dimen name="xxh_1585pixels">1320.83dp</dimen>
    <dimen name="xxh_1586pixels">1321.67dp</dimen>
    <dimen name="xxh_1587pixels">1322.5dp</dimen>
    <dimen name="xxh_1588pixels">1323.33dp</dimen>
    <dimen name="xxh_1589pixels">1324.17dp</dimen>
    <dimen name="xxh_1590pixels">1325dp</dimen>
    <dimen name="xxh_1591pixels">1325.83dp</dimen>
    <dimen name="xxh_1592pixels">1326.67dp</dimen>
    <dimen name="xxh_1593pixels">1327.5dp</dimen>
    <dimen name="xxh_1594pixels">1328.33dp</dimen>
    <dimen name="xxh_1595pixels">1329.17dp</dimen>
    <dimen name="xxh_1596pixels">1330dp</dimen>
    <dimen name="xxh_1597pixels">1330.83dp</dimen>
    <dimen name="xxh_1598pixels">1331.67dp</dimen>
    <dimen name="xxh_1599pixels">1332.5dp</dimen>
    <dimen name="xxh_1600pixels">1333.33dp</dimen>
    <dimen name="xxh_1601pixels">1334.17dp</dimen>
    <dimen name="xxh_1602pixels">1335dp</dimen>
    <dimen name="xxh_1603pixels">1335.83dp</dimen>
    <dimen name="xxh_1604pixels">1336.67dp</dimen>
    <dimen name="xxh_1605pixels">1337.5dp</dimen>
    <dimen name="xxh_1606pixels">1338.33dp</dimen>
    <dimen name="xxh_1607pixels">1339.17dp</dimen>
    <dimen name="xxh_1608pixels">1340dp</dimen>
    <dimen name="xxh_1609pixels">1340.83dp</dimen>
    <dimen name="xxh_1610pixels">1341.67dp</dimen>
    <dimen name="xxh_1611pixels">1342.5dp</dimen>
    <dimen name="xxh_1612pixels">1343.33dp</dimen>
    <dimen name="xxh_1613pixels">1344.17dp</dimen>
    <dimen name="xxh_1614pixels">1345dp</dimen>
    <dimen name="xxh_1615pixels">1345.83dp</dimen>
    <dimen name="xxh_1616pixels">1346.67dp</dimen>
    <dimen name="xxh_1617pixels">1347.5dp</dimen>
    <dimen name="xxh_1618pixels">1348.33dp</dimen>
    <dimen name="xxh_1619pixels">1349.17dp</dimen>
    <dimen name="xxh_1620pixels">1350dp</dimen>
    <dimen name="xxh_1621pixels">1350.83dp</dimen>
    <dimen name="xxh_1622pixels">1351.67dp</dimen>
    <dimen name="xxh_1623pixels">1352.5dp</dimen>
    <dimen name="xxh_1624pixels">1353.33dp</dimen>
    <dimen name="xxh_1625pixels">1354.17dp</dimen>
    <dimen name="xxh_1626pixels">1355dp</dimen>
    <dimen name="xxh_1627pixels">1355.83dp</dimen>
    <dimen name="xxh_1628pixels">1356.67dp</dimen>
    <dimen name="xxh_1629pixels">1357.5dp</dimen>
    <dimen name="xxh_1630pixels">1358.33dp</dimen>
    <dimen name="xxh_1631pixels">1359.17dp</dimen>
    <dimen name="xxh_1632pixels">1360dp</dimen>
    <dimen name="xxh_1633pixels">1360.83dp</dimen>
    <dimen name="xxh_1634pixels">1361.67dp</dimen>
    <dimen name="xxh_1635pixels">1362.5dp</dimen>
    <dimen name="xxh_1636pixels">1363.33dp</dimen>
    <dimen name="xxh_1637pixels">1364.17dp</dimen>
    <dimen name="xxh_1638pixels">1365dp</dimen>
    <dimen name="xxh_1639pixels">1365.83dp</dimen>
    <dimen name="xxh_1640pixels">1366.67dp</dimen>
    <dimen name="xxh_1641pixels">1367.5dp</dimen>
    <dimen name="xxh_1642pixels">1368.33dp</dimen>
    <dimen name="xxh_1643pixels">1369.17dp</dimen>
    <dimen name="xxh_1644pixels">1370dp</dimen>
    <dimen name="xxh_1645pixels">1370.83dp</dimen>
    <dimen name="xxh_1646pixels">1371.67dp</dimen>
    <dimen name="xxh_1647pixels">1372.5dp</dimen>
    <dimen name="xxh_1648pixels">1373.33dp</dimen>
    <dimen name="xxh_1649pixels">1374.17dp</dimen>
    <dimen name="xxh_1650pixels">1375dp</dimen>
    <dimen name="xxh_1651pixels">1375.83dp</dimen>
    <dimen name="xxh_1652pixels">1376.67dp</dimen>
    <dimen name="xxh_1653pixels">1377.5dp</dimen>
    <dimen name="xxh_1654pixels">1378.33dp</dimen>
    <dimen name="xxh_1655pixels">1379.17dp</dimen>
    <dimen name="xxh_1656pixels">1380dp</dimen>
    <dimen name="xxh_1657pixels">1380.83dp</dimen>
    <dimen name="xxh_1658pixels">1381.67dp</dimen>
    <dimen name="xxh_1659pixels">1382.5dp</dimen>
    <dimen name="xxh_1660pixels">1383.33dp</dimen>
    <dimen name="xxh_1661pixels">1384.17dp</dimen>
    <dimen name="xxh_1662pixels">1385dp</dimen>
    <dimen name="xxh_1663pixels">1385.83dp</dimen>
    <dimen name="xxh_1664pixels">1386.67dp</dimen>
    <dimen name="xxh_1665pixels">1387.5dp</dimen>
    <dimen name="xxh_1666pixels">1388.33dp</dimen>
    <dimen name="xxh_1667pixels">1389.17dp</dimen>
    <dimen name="xxh_1668pixels">1390dp</dimen>
    <dimen name="xxh_1669pixels">1390.83dp</dimen>
    <dimen name="xxh_1670pixels">1391.67dp</dimen>
    <dimen name="xxh_1671pixels">1392.5dp</dimen>
    <dimen name="xxh_1672pixels">1393.33dp</dimen>
    <dimen name="xxh_1673pixels">1394.17dp</dimen>
    <dimen name="xxh_1674pixels">1395dp</dimen>
    <dimen name="xxh_1675pixels">1395.83dp</dimen>
    <dimen name="xxh_1676pixels">1396.67dp</dimen>
    <dimen name="xxh_1677pixels">1397.5dp</dimen>
    <dimen name="xxh_1678pixels">1398.33dp</dimen>
    <dimen name="xxh_1679pixels">1399.17dp</dimen>
    <dimen name="xxh_1680pixels">1400dp</dimen>
    <dimen name="xxh_1681pixels">1400.83dp</dimen>
    <dimen name="xxh_1682pixels">1401.67dp</dimen>
    <dimen name="xxh_1683pixels">1402.5dp</dimen>
    <dimen name="xxh_1684pixels">1403.33dp</dimen>
    <dimen name="xxh_1685pixels">1404.17dp</dimen>
    <dimen name="xxh_1686pixels">1405dp</dimen>
    <dimen name="xxh_1687pixels">1405.83dp</dimen>
    <dimen name="xxh_1688pixels">1406.67dp</dimen>
    <dimen name="xxh_1689pixels">1407.5dp</dimen>
    <dimen name="xxh_1690pixels">1408.33dp</dimen>
    <dimen name="xxh_1691pixels">1409.17dp</dimen>
    <dimen name="xxh_1692pixels">1410dp</dimen>
    <dimen name="xxh_1693pixels">1410.83dp</dimen>
    <dimen name="xxh_1694pixels">1411.67dp</dimen>
    <dimen name="xxh_1695pixels">1412.5dp</dimen>
    <dimen name="xxh_1696pixels">1413.33dp</dimen>
    <dimen name="xxh_1697pixels">1414.17dp</dimen>
    <dimen name="xxh_1698pixels">1415dp</dimen>
    <dimen name="xxh_1699pixels">1415.83dp</dimen>
    <dimen name="xxh_1700pixels">1416.67dp</dimen>
    <dimen name="xxh_1701pixels">1417.5dp</dimen>
    <dimen name="xxh_1702pixels">1418.33dp</dimen>
    <dimen name="xxh_1703pixels">1419.17dp</dimen>
    <dimen name="xxh_1704pixels">1420dp</dimen>
    <dimen name="xxh_1705pixels">1420.83dp</dimen>
    <dimen name="xxh_1706pixels">1421.67dp</dimen>
    <dimen name="xxh_1707pixels">1422.5dp</dimen>
    <dimen name="xxh_1708pixels">1423.33dp</dimen>
    <dimen name="xxh_1709pixels">1424.17dp</dimen>
    <dimen name="xxh_1710pixels">1425dp</dimen>
    <dimen name="xxh_1711pixels">1425.83dp</dimen>
    <dimen name="xxh_1712pixels">1426.67dp</dimen>
    <dimen name="xxh_1713pixels">1427.5dp</dimen>
    <dimen name="xxh_1714pixels">1428.33dp</dimen>
    <dimen name="xxh_1715pixels">1429.17dp</dimen>
    <dimen name="xxh_1716pixels">1430dp</dimen>
    <dimen name="xxh_1717pixels">1430.83dp</dimen>
    <dimen name="xxh_1718pixels">1431.67dp</dimen>
    <dimen name="xxh_1719pixels">1432.5dp</dimen>
    <dimen name="xxh_1720pixels">1433.33dp</dimen>
    <dimen name="xxh_1721pixels">1434.17dp</dimen>
    <dimen name="xxh_1722pixels">1435dp</dimen>
    <dimen name="xxh_1723pixels">1435.83dp</dimen>
    <dimen name="xxh_1724pixels">1436.67dp</dimen>
    <dimen name="xxh_1725pixels">1437.5dp</dimen>
    <dimen name="xxh_1726pixels">1438.33dp</dimen>
    <dimen name="xxh_1727pixels">1439.17dp</dimen>
    <dimen name="xxh_1728pixels">1440dp</dimen>
    <dimen name="xxh_1729pixels">1440.83dp</dimen>
    <dimen name="xxh_1730pixels">1441.67dp</dimen>
    <dimen name="xxh_1731pixels">1442.5dp</dimen>
    <dimen name="xxh_1732pixels">1443.33dp</dimen>
    <dimen name="xxh_1733pixels">1444.17dp</dimen>
    <dimen name="xxh_1734pixels">1445dp</dimen>
    <dimen name="xxh_1735pixels">1445.83dp</dimen>
    <dimen name="xxh_1736pixels">1446.67dp</dimen>
    <dimen name="xxh_1737pixels">1447.5dp</dimen>
    <dimen name="xxh_1738pixels">1448.33dp</dimen>
    <dimen name="xxh_1739pixels">1449.17dp</dimen>
    <dimen name="xxh_1740pixels">1450dp</dimen>
    <dimen name="xxh_1741pixels">1450.83dp</dimen>
    <dimen name="xxh_1742pixels">1451.67dp</dimen>
    <dimen name="xxh_1743pixels">1452.5dp</dimen>
    <dimen name="xxh_1744pixels">1453.33dp</dimen>
    <dimen name="xxh_1745pixels">1454.17dp</dimen>
    <dimen name="xxh_1746pixels">1455dp</dimen>
    <dimen name="xxh_1747pixels">1455.83dp</dimen>
    <dimen name="xxh_1748pixels">1456.67dp</dimen>
    <dimen name="xxh_1749pixels">1457.5dp</dimen>
    <dimen name="xxh_1750pixels">1458.33dp</dimen>
    <dimen name="xxh_1751pixels">1459.17dp</dimen>
    <dimen name="xxh_1752pixels">1460dp</dimen>
    <dimen name="xxh_1753pixels">1460.83dp</dimen>
    <dimen name="xxh_1754pixels">1461.67dp</dimen>
    <dimen name="xxh_1755pixels">1462.5dp</dimen>
    <dimen name="xxh_1756pixels">1463.33dp</dimen>
    <dimen name="xxh_1757pixels">1464.17dp</dimen>
    <dimen name="xxh_1758pixels">1465dp</dimen>
    <dimen name="xxh_1759pixels">1465.83dp</dimen>
    <dimen name="xxh_1760pixels">1466.67dp</dimen>
    <dimen name="xxh_1761pixels">1467.5dp</dimen>
    <dimen name="xxh_1762pixels">1468.33dp</dimen>
    <dimen name="xxh_1763pixels">1469.17dp</dimen>
    <dimen name="xxh_1764pixels">1470dp</dimen>
    <dimen name="xxh_1765pixels">1470.83dp</dimen>
    <dimen name="xxh_1766pixels">1471.67dp</dimen>
    <dimen name="xxh_1767pixels">1472.5dp</dimen>
    <dimen name="xxh_1768pixels">1473.33dp</dimen>
    <dimen name="xxh_1769pixels">1474.17dp</dimen>
    <dimen name="xxh_1770pixels">1475dp</dimen>
    <dimen name="xxh_1771pixels">1475.83dp</dimen>
    <dimen name="xxh_1772pixels">1476.67dp</dimen>
    <dimen name="xxh_1773pixels">1477.5dp</dimen>
    <dimen name="xxh_1774pixels">1478.33dp</dimen>
    <dimen name="xxh_1775pixels">1479.17dp</dimen>
    <dimen name="xxh_1776pixels">1480dp</dimen>
    <dimen name="xxh_1777pixels">1480.83dp</dimen>
    <dimen name="xxh_1778pixels">1481.67dp</dimen>
    <dimen name="xxh_1779pixels">1482.5dp</dimen>
    <dimen name="xxh_1780pixels">1483.33dp</dimen>
    <dimen name="xxh_1781pixels">1484.17dp</dimen>
    <dimen name="xxh_1782pixels">1485dp</dimen>
    <dimen name="xxh_1783pixels">1485.83dp</dimen>
    <dimen name="xxh_1784pixels">1486.67dp</dimen>
    <dimen name="xxh_1785pixels">1487.5dp</dimen>
    <dimen name="xxh_1786pixels">1488.33dp</dimen>
    <dimen name="xxh_1787pixels">1489.17dp</dimen>
    <dimen name="xxh_1788pixels">1490dp</dimen>
    <dimen name="xxh_1789pixels">1490.83dp</dimen>
    <dimen name="xxh_1790pixels">1491.67dp</dimen>
    <dimen name="xxh_1791pixels">1492.5dp</dimen>
    <dimen name="xxh_1792pixels">1493.33dp</dimen>
    <dimen name="xxh_1793pixels">1494.17dp</dimen>
    <dimen name="xxh_1794pixels">1495dp</dimen>
    <dimen name="xxh_1795pixels">1495.83dp</dimen>
    <dimen name="xxh_1796pixels">1496.67dp</dimen>
    <dimen name="xxh_1797pixels">1497.5dp</dimen>
    <dimen name="xxh_1798pixels">1498.33dp</dimen>
    <dimen name="xxh_1799pixels">1499.17dp</dimen>
    <dimen name="xxh_1800pixels">1500dp</dimen>
    <dimen name="xxh_1801pixels">1500.83dp</dimen>
    <dimen name="xxh_1802pixels">1501.67dp</dimen>
    <dimen name="xxh_1803pixels">1502.5dp</dimen>
    <dimen name="xxh_1804pixels">1503.33dp</dimen>
    <dimen name="xxh_1805pixels">1504.17dp</dimen>
    <dimen name="xxh_1806pixels">1505dp</dimen>
    <dimen name="xxh_1807pixels">1505.83dp</dimen>
    <dimen name="xxh_1808pixels">1506.67dp</dimen>
    <dimen name="xxh_1809pixels">1507.5dp</dimen>
    <dimen name="xxh_1810pixels">1508.33dp</dimen>
    <dimen name="xxh_1811pixels">1509.17dp</dimen>
    <dimen name="xxh_1812pixels">1510dp</dimen>
    <dimen name="xxh_1813pixels">1510.83dp</dimen>
    <dimen name="xxh_1814pixels">1511.67dp</dimen>
    <dimen name="xxh_1815pixels">1512.5dp</dimen>
    <dimen name="xxh_1816pixels">1513.33dp</dimen>
    <dimen name="xxh_1817pixels">1514.17dp</dimen>
    <dimen name="xxh_1818pixels">1515dp</dimen>
    <dimen name="xxh_1819pixels">1515.83dp</dimen>
    <dimen name="xxh_1820pixels">1516.67dp</dimen>
    <dimen name="xxh_1821pixels">1517.5dp</dimen>
    <dimen name="xxh_1822pixels">1518.33dp</dimen>
    <dimen name="xxh_1823pixels">1519.17dp</dimen>
    <dimen name="xxh_1824pixels">1520dp</dimen>
    <dimen name="xxh_1825pixels">1520.83dp</dimen>
    <dimen name="xxh_1826pixels">1521.67dp</dimen>
    <dimen name="xxh_1827pixels">1522.5dp</dimen>
    <dimen name="xxh_1828pixels">1523.33dp</dimen>
    <dimen name="xxh_1829pixels">1524.17dp</dimen>
    <dimen name="xxh_1830pixels">1525dp</dimen>
    <dimen name="xxh_1831pixels">1525.83dp</dimen>
    <dimen name="xxh_1832pixels">1526.67dp</dimen>
    <dimen name="xxh_1833pixels">1527.5dp</dimen>
    <dimen name="xxh_1834pixels">1528.33dp</dimen>
    <dimen name="xxh_1835pixels">1529.17dp</dimen>
    <dimen name="xxh_1836pixels">1530dp</dimen>
    <dimen name="xxh_1837pixels">1530.83dp</dimen>
    <dimen name="xxh_1838pixels">1531.67dp</dimen>
    <dimen name="xxh_1839pixels">1532.5dp</dimen>
    <dimen name="xxh_1840pixels">1533.33dp</dimen>
    <dimen name="xxh_1841pixels">1534.17dp</dimen>
    <dimen name="xxh_1842pixels">1535dp</dimen>
    <dimen name="xxh_1843pixels">1535.83dp</dimen>
    <dimen name="xxh_1844pixels">1536.67dp</dimen>
    <dimen name="xxh_1845pixels">1537.5dp</dimen>
    <dimen name="xxh_1846pixels">1538.33dp</dimen>
    <dimen name="xxh_1847pixels">1539.17dp</dimen>
    <dimen name="xxh_1848pixels">1540dp</dimen>
    <dimen name="xxh_1849pixels">1540.83dp</dimen>
    <dimen name="xxh_1850pixels">1541.67dp</dimen>
    <dimen name="xxh_1851pixels">1542.5dp</dimen>
    <dimen name="xxh_1852pixels">1543.33dp</dimen>
    <dimen name="xxh_1853pixels">1544.17dp</dimen>
    <dimen name="xxh_1854pixels">1545dp</dimen>
    <dimen name="xxh_1855pixels">1545.83dp</dimen>
    <dimen name="xxh_1856pixels">1546.67dp</dimen>
    <dimen name="xxh_1857pixels">1547.5dp</dimen>
    <dimen name="xxh_1858pixels">1548.33dp</dimen>
    <dimen name="xxh_1859pixels">1549.17dp</dimen>
    <dimen name="xxh_1860pixels">1550dp</dimen>
    <dimen name="xxh_1861pixels">1550.83dp</dimen>
    <dimen name="xxh_1862pixels">1551.67dp</dimen>
    <dimen name="xxh_1863pixels">1552.5dp</dimen>
    <dimen name="xxh_1864pixels">1553.33dp</dimen>
    <dimen name="xxh_1865pixels">1554.17dp</dimen>
    <dimen name="xxh_1866pixels">1555dp</dimen>
    <dimen name="xxh_1867pixels">1555.83dp</dimen>
    <dimen name="xxh_1868pixels">1556.67dp</dimen>
    <dimen name="xxh_1869pixels">1557.5dp</dimen>
    <dimen name="xxh_1870pixels">1558.33dp</dimen>
    <dimen name="xxh_1871pixels">1559.17dp</dimen>
    <dimen name="xxh_1872pixels">1560dp</dimen>
    <dimen name="xxh_1873pixels">1560.83dp</dimen>
    <dimen name="xxh_1874pixels">1561.67dp</dimen>
    <dimen name="xxh_1875pixels">1562.5dp</dimen>
    <dimen name="xxh_1876pixels">1563.33dp</dimen>
    <dimen name="xxh_1877pixels">1564.17dp</dimen>
    <dimen name="xxh_1878pixels">1565dp</dimen>
    <dimen name="xxh_1879pixels">1565.83dp</dimen>
    <dimen name="xxh_1880pixels">1566.67dp</dimen>
    <dimen name="xxh_1881pixels">1567.5dp</dimen>
    <dimen name="xxh_1882pixels">1568.33dp</dimen>
    <dimen name="xxh_1883pixels">1569.17dp</dimen>
    <dimen name="xxh_1884pixels">1570dp</dimen>
    <dimen name="xxh_1885pixels">1570.83dp</dimen>
    <dimen name="xxh_1886pixels">1571.67dp</dimen>
    <dimen name="xxh_1887pixels">1572.5dp</dimen>
    <dimen name="xxh_1888pixels">1573.33dp</dimen>
    <dimen name="xxh_1889pixels">1574.17dp</dimen>
    <dimen name="xxh_1890pixels">1575dp</dimen>
    <dimen name="xxh_1891pixels">1575.83dp</dimen>
    <dimen name="xxh_1892pixels">1576.67dp</dimen>
    <dimen name="xxh_1893pixels">1577.5dp</dimen>
    <dimen name="xxh_1894pixels">1578.33dp</dimen>
    <dimen name="xxh_1895pixels">1579.17dp</dimen>
    <dimen name="xxh_1896pixels">1580dp</dimen>
    <dimen name="xxh_1897pixels">1580.83dp</dimen>
    <dimen name="xxh_1898pixels">1581.67dp</dimen>
    <dimen name="xxh_1899pixels">1582.5dp</dimen>
    <dimen name="xxh_1900pixels">1583.33dp</dimen>
    <dimen name="xxh_1901pixels">1584.17dp</dimen>
    <dimen name="xxh_1902pixels">1585dp</dimen>
    <dimen name="xxh_1903pixels">1585.83dp</dimen>
    <dimen name="xxh_1904pixels">1586.67dp</dimen>
    <dimen name="xxh_1905pixels">1587.5dp</dimen>
    <dimen name="xxh_1906pixels">1588.33dp</dimen>
    <dimen name="xxh_1907pixels">1589.17dp</dimen>
    <dimen name="xxh_1908pixels">1590dp</dimen>
    <dimen name="xxh_1909pixels">1590.83dp</dimen>
    <dimen name="xxh_1910pixels">1591.67dp</dimen>
    <dimen name="xxh_1911pixels">1592.5dp</dimen>
    <dimen name="xxh_1912pixels">1593.33dp</dimen>
    <dimen name="xxh_1913pixels">1594.17dp</dimen>
    <dimen name="xxh_1914pixels">1595dp</dimen>
    <dimen name="xxh_1915pixels">1595.83dp</dimen>
    <dimen name="xxh_1916pixels">1596.67dp</dimen>
    <dimen name="xxh_1917pixels">1597.5dp</dimen>
    <dimen name="xxh_1918pixels">1598.33dp</dimen>
    <dimen name="xxh_1919pixels">1599.17dp</dimen>
    <dimen name="xxh_1920pixels">1600dp</dimen>
    <dimen name="xxh_1921pixels">1600.83dp</dimen>
    <dimen name="xxh_1922pixels">1601.67dp</dimen>
    <dimen name="xxh_1923pixels">1602.5dp</dimen>
    <dimen name="xxh_1924pixels">1603.33dp</dimen>
    <dimen name="xxh_1925pixels">1604.17dp</dimen>
    <dimen name="xxh_1926pixels">1605dp</dimen>
    <dimen name="xxh_1927pixels">1605.83dp</dimen>
    <dimen name="xxh_1928pixels">1606.67dp</dimen>
    <dimen name="xxh_1929pixels">1607.5dp</dimen>
    <dimen name="xxh_1930pixels">1608.33dp</dimen>
    <dimen name="xxh_1931pixels">1609.17dp</dimen>
    <dimen name="xxh_1932pixels">1610dp</dimen>
    <dimen name="xxh_1933pixels">1610.83dp</dimen>
    <dimen name="xxh_1934pixels">1611.67dp</dimen>
    <dimen name="xxh_1935pixels">1612.5dp</dimen>
    <dimen name="xxh_1936pixels">1613.33dp</dimen>
    <dimen name="xxh_1937pixels">1614.17dp</dimen>
    <dimen name="xxh_1938pixels">1615dp</dimen>
    <dimen name="xxh_1939pixels">1615.83dp</dimen>
    <dimen name="xxh_1940pixels">1616.67dp</dimen>
    <dimen name="xxh_1941pixels">1617.5dp</dimen>
    <dimen name="xxh_1942pixels">1618.33dp</dimen>
    <dimen name="xxh_1943pixels">1619.17dp</dimen>
    <dimen name="xxh_1944pixels">1620dp</dimen>
    <dimen name="xxh_1945pixels">1620.83dp</dimen>
    <dimen name="xxh_1946pixels">1621.67dp</dimen>
    <dimen name="xxh_1947pixels">1622.5dp</dimen>
    <dimen name="xxh_1948pixels">1623.33dp</dimen>
    <dimen name="xxh_1949pixels">1624.17dp</dimen>
    <dimen name="xxh_1950pixels">1625dp</dimen>
    <dimen name="xxh_1951pixels">1625.83dp</dimen>
    <dimen name="xxh_1952pixels">1626.67dp</dimen>
    <dimen name="xxh_1953pixels">1627.5dp</dimen>
    <dimen name="xxh_1954pixels">1628.33dp</dimen>
    <dimen name="xxh_1955pixels">1629.17dp</dimen>
    <dimen name="xxh_1956pixels">1630dp</dimen>
    <dimen name="xxh_1957pixels">1630.83dp</dimen>
    <dimen name="xxh_1958pixels">1631.67dp</dimen>
    <dimen name="xxh_1959pixels">1632.5dp</dimen>
    <dimen name="xxh_1960pixels">1633.33dp</dimen>
    <dimen name="xxh_1961pixels">1634.17dp</dimen>
    <dimen name="xxh_1962pixels">1635dp</dimen>
    <dimen name="xxh_1963pixels">1635.83dp</dimen>
    <dimen name="xxh_1964pixels">1636.67dp</dimen>
    <dimen name="xxh_1965pixels">1637.5dp</dimen>
    <dimen name="xxh_1966pixels">1638.33dp</dimen>
    <dimen name="xxh_1967pixels">1639.17dp</dimen>
    <dimen name="xxh_1968pixels">1640dp</dimen>
    <dimen name="xxh_1969pixels">1640.83dp</dimen>
    <dimen name="xxh_1970pixels">1641.67dp</dimen>
    <dimen name="xxh_1971pixels">1642.5dp</dimen>
    <dimen name="xxh_1972pixels">1643.33dp</dimen>
    <dimen name="xxh_1973pixels">1644.17dp</dimen>
    <dimen name="xxh_1974pixels">1645dp</dimen>
    <dimen name="xxh_1975pixels">1645.83dp</dimen>
    <dimen name="xxh_1976pixels">1646.67dp</dimen>
    <dimen name="xxh_1977pixels">1647.5dp</dimen>
    <dimen name="xxh_1978pixels">1648.33dp</dimen>
    <dimen name="xxh_1979pixels">1649.17dp</dimen>
    <dimen name="xxh_1980pixels">1650dp</dimen>
    <dimen name="xxh_1981pixels">1650.83dp</dimen>
    <dimen name="xxh_1982pixels">1651.67dp</dimen>
    <dimen name="xxh_1983pixels">1652.5dp</dimen>
    <dimen name="xxh_1984pixels">1653.33dp</dimen>
    <dimen name="xxh_1985pixels">1654.17dp</dimen>
    <dimen name="xxh_1986pixels">1655dp</dimen>
    <dimen name="xxh_1987pixels">1655.83dp</dimen>
    <dimen name="xxh_1988pixels">1656.67dp</dimen>
    <dimen name="xxh_1989pixels">1657.5dp</dimen>
    <dimen name="xxh_1990pixels">1658.33dp</dimen>
    <dimen name="xxh_1991pixels">1659.17dp</dimen>
    <dimen name="xxh_1992pixels">1660dp</dimen>
    <dimen name="xxh_1993pixels">1660.83dp</dimen>
    <dimen name="xxh_1994pixels">1661.67dp</dimen>
    <dimen name="xxh_1995pixels">1662.5dp</dimen>
    <dimen name="xxh_1996pixels">1663.33dp</dimen>
    <dimen name="xxh_1997pixels">1664.17dp</dimen>
    <dimen name="xxh_1998pixels">1665dp</dimen>
    <dimen name="xxh_1999pixels">1665.83dp</dimen>
    <dimen name="xxh_2000pixels">1666.67dp</dimen>

</resources>