<?xml version="1.0" encoding="utf-8"?>
<resources>
    <dimen name="xxh_m130pixels">-151.67dp</dimen>
    <dimen name="xxh_m48pixels">-56dp</dimen>
    <dimen name="xxh_m42pixels">-49dp</dimen>
    <dimen name="xxh_m30pixels">-35dp</dimen>
    <dimen name="xxh_m26pixels">-30.33dp</dimen>
    <dimen name="xxh_m25pixels">-29.17dp</dimen>
    <dimen name="xxh_m24pixels">-28dp</dimen>
    <dimen name="xxh_m23pixels">-26.83dp</dimen>
    <dimen name="xxh_m21pixels">-24.5dp</dimen>
    <dimen name="xxh_m20pixels">-23.33dp</dimen>
    <dimen name="xxh_m18pixels">-21dp</dimen>
    <dimen name="xxh_m16pixels">-18.67dp</dimen>
    <dimen name="xxh_m14pixels">-16.33dp</dimen>
    <dimen name="xxh_m10pixels">-11.67dp</dimen>
    <dimen name="xxh_m8pixels">-9.33dp</dimen>
    <dimen name="xxh_m5pixels">-5.83dp</dimen>
    <dimen name="xxh_m1pixels">-1.17dp</dimen>

    <dimen name="xxh_1pixels">1.17dp</dimen>
    <dimen name="xxh_2pixels">2.33dp</dimen>
    <dimen name="xxh_3pixels">3.5dp</dimen>
    <dimen name="xxh_4pixels">4.67dp</dimen>
    <dimen name="xxh_5pixels">5.83dp</dimen>
    <dimen name="xxh_6pixels">7dp</dimen>
    <dimen name="xxh_7pixels">8.17dp</dimen>
    <dimen name="xxh_8pixels">9.33dp</dimen>
    <dimen name="xxh_9pixels">10.5dp</dimen>
    <dimen name="xxh_10pixels">11.67dp</dimen>
    <dimen name="xxh_11pixels">12.83dp</dimen>
    <dimen name="xxh_12pixels">14dp</dimen>
    <dimen name="xxh_13pixels">15.17dp</dimen>
    <dimen name="xxh_14pixels">16.33dp</dimen>
    <dimen name="xxh_15pixels">17.5dp</dimen>
    <dimen name="xxh_16pixels">18.67dp</dimen>
    <dimen name="xxh_17pixels">19.83dp</dimen>
    <dimen name="xxh_18pixels">21dp</dimen>
    <dimen name="xxh_19pixels">22.17dp</dimen>
    <dimen name="xxh_20pixels">23.33dp</dimen>
    <dimen name="xxh_21pixels">24.5dp</dimen>
    <dimen name="xxh_22pixels">25.67dp</dimen>
    <dimen name="xxh_23pixels">26.83dp</dimen>
    <dimen name="xxh_24pixels">28dp</dimen>
    <dimen name="xxh_25pixels">29.17dp</dimen>
    <dimen name="xxh_26pixels">30.33dp</dimen>
    <dimen name="xxh_27pixels">31.5dp</dimen>
    <dimen name="xxh_28pixels">32.67dp</dimen>
    <dimen name="xxh_29pixels">33.83dp</dimen>
    <dimen name="xxh_30pixels">35dp</dimen>
    <dimen name="xxh_31pixels">36.17dp</dimen>
    <dimen name="xxh_32pixels">37.33dp</dimen>
    <dimen name="xxh_33pixels">38.5dp</dimen>
    <dimen name="xxh_34pixels">39.67dp</dimen>
    <dimen name="xxh_35pixels">40.83dp</dimen>
    <dimen name="xxh_36pixels">42dp</dimen>
    <dimen name="xxh_37pixels">43.17dp</dimen>
    <dimen name="xxh_38pixels">44.33dp</dimen>
    <dimen name="xxh_39pixels">45.5dp</dimen>
    <dimen name="xxh_40pixels">46.67dp</dimen>
    <dimen name="xxh_41pixels">47.83dp</dimen>
    <dimen name="xxh_42pixels">49dp</dimen>
    <dimen name="xxh_43pixels">50.17dp</dimen>
    <dimen name="xxh_44pixels">51.33dp</dimen>
    <dimen name="xxh_45pixels">52.5dp</dimen>
    <dimen name="xxh_46pixels">53.67dp</dimen>
    <dimen name="xxh_47pixels">54.83dp</dimen>
    <dimen name="xxh_48pixels">56dp</dimen>
    <dimen name="xxh_49pixels">57.17dp</dimen>
    <dimen name="xxh_50pixels">58.33dp</dimen>
    <dimen name="xxh_51pixels">59.5dp</dimen>
    <dimen name="xxh_52pixels">60.67dp</dimen>
    <dimen name="xxh_53pixels">61.83dp</dimen>
    <dimen name="xxh_54pixels">63dp</dimen>
    <dimen name="xxh_55pixels">64.17dp</dimen>
    <dimen name="xxh_56pixels">65.33dp</dimen>
    <dimen name="xxh_57pixels">66.5dp</dimen>
    <dimen name="xxh_58pixels">67.67dp</dimen>
    <dimen name="xxh_59pixels">68.83dp</dimen>
    <dimen name="xxh_60pixels">70dp</dimen>
    <dimen name="xxh_61pixels">71.17dp</dimen>
    <dimen name="xxh_62pixels">72.33dp</dimen>
    <dimen name="xxh_63pixels">73.5dp</dimen>
    <dimen name="xxh_64pixels">74.67dp</dimen>
    <dimen name="xxh_65pixels">75.83dp</dimen>
    <dimen name="xxh_66pixels">77dp</dimen>
    <dimen name="xxh_67pixels">78.17dp</dimen>
    <dimen name="xxh_68pixels">79.33dp</dimen>
    <dimen name="xxh_69pixels">80.5dp</dimen>
    <dimen name="xxh_70pixels">81.67dp</dimen>
    <dimen name="xxh_71pixels">82.83dp</dimen>
    <dimen name="xxh_72pixels">84dp</dimen>
    <dimen name="xxh_73pixels">85.17dp</dimen>
    <dimen name="xxh_74pixels">86.33dp</dimen>
    <dimen name="xxh_75pixels">87.5dp</dimen>
    <dimen name="xxh_76pixels">88.67dp</dimen>
    <dimen name="xxh_77pixels">89.83dp</dimen>
    <dimen name="xxh_78pixels">91dp</dimen>
    <dimen name="xxh_79pixels">92.17dp</dimen>
    <dimen name="xxh_80pixels">93.33dp</dimen>
    <dimen name="xxh_81pixels">94.5dp</dimen>
    <dimen name="xxh_82pixels">95.67dp</dimen>
    <dimen name="xxh_83pixels">96.83dp</dimen>
    <dimen name="xxh_84pixels">98dp</dimen>
    <dimen name="xxh_85pixels">99.17dp</dimen>
    <dimen name="xxh_86pixels">100.33dp</dimen>
    <dimen name="xxh_87pixels">101.5dp</dimen>
    <dimen name="xxh_88pixels">102.67dp</dimen>
    <dimen name="xxh_89pixels">103.83dp</dimen>
    <dimen name="xxh_90pixels">105dp</dimen>
    <dimen name="xxh_91pixels">106.17dp</dimen>
    <dimen name="xxh_92pixels">107.33dp</dimen>
    <dimen name="xxh_93pixels">108.5dp</dimen>
    <dimen name="xxh_94pixels">109.67dp</dimen>
    <dimen name="xxh_95pixels">110.83dp</dimen>
    <dimen name="xxh_96pixels">112dp</dimen>
    <dimen name="xxh_97pixels">113.17dp</dimen>
    <dimen name="xxh_98pixels">114.33dp</dimen>
    <dimen name="xxh_99pixels">115.5dp</dimen>
    <dimen name="xxh_100pixels">116.67dp</dimen>
    <dimen name="xxh_101pixels">117.83dp</dimen>
    <dimen name="xxh_102pixels">119dp</dimen>
    <dimen name="xxh_103pixels">120.17dp</dimen>
    <dimen name="xxh_104pixels">121.33dp</dimen>
    <dimen name="xxh_105pixels">122.5dp</dimen>
    <dimen name="xxh_106pixels">123.67dp</dimen>
    <dimen name="xxh_107pixels">124.83dp</dimen>
    <dimen name="xxh_108pixels">126dp</dimen>
    <dimen name="xxh_109pixels">127.17dp</dimen>
    <dimen name="xxh_110pixels">128.33dp</dimen>
    <dimen name="xxh_111pixels">129.5dp</dimen>
    <dimen name="xxh_112pixels">130.67dp</dimen>
    <dimen name="xxh_113pixels">131.83dp</dimen>
    <dimen name="xxh_114pixels">133dp</dimen>
    <dimen name="xxh_115pixels">134.17dp</dimen>
    <dimen name="xxh_116pixels">135.33dp</dimen>
    <dimen name="xxh_117pixels">136.5dp</dimen>
    <dimen name="xxh_118pixels">137.67dp</dimen>
    <dimen name="xxh_119pixels">138.83dp</dimen>
    <dimen name="xxh_120pixels">140dp</dimen>
    <dimen name="xxh_121pixels">141.17dp</dimen>
    <dimen name="xxh_122pixels">142.33dp</dimen>
    <dimen name="xxh_123pixels">143.5dp</dimen>
    <dimen name="xxh_124pixels">144.67dp</dimen>
    <dimen name="xxh_125pixels">145.83dp</dimen>
    <dimen name="xxh_126pixels">147dp</dimen>
    <dimen name="xxh_127pixels">148.17dp</dimen>
    <dimen name="xxh_128pixels">149.33dp</dimen>
    <dimen name="xxh_129pixels">150.5dp</dimen>
    <dimen name="xxh_130pixels">151.67dp</dimen>
    <dimen name="xxh_131pixels">152.83dp</dimen>
    <dimen name="xxh_132pixels">154dp</dimen>
    <dimen name="xxh_133pixels">155.17dp</dimen>
    <dimen name="xxh_134pixels">156.33dp</dimen>
    <dimen name="xxh_135pixels">157.5dp</dimen>
    <dimen name="xxh_136pixels">158.67dp</dimen>
    <dimen name="xxh_137pixels">159.83dp</dimen>
    <dimen name="xxh_138pixels">161dp</dimen>
    <dimen name="xxh_139pixels">162.17dp</dimen>
    <dimen name="xxh_140pixels">163.33dp</dimen>
    <dimen name="xxh_141pixels">164.5dp</dimen>
    <dimen name="xxh_142pixels">165.67dp</dimen>
    <dimen name="xxh_143pixels">166.83dp</dimen>
    <dimen name="xxh_144pixels">168dp</dimen>
    <dimen name="xxh_145pixels">169.17dp</dimen>
    <dimen name="xxh_146pixels">170.33dp</dimen>
    <dimen name="xxh_147pixels">171.5dp</dimen>
    <dimen name="xxh_148pixels">172.67dp</dimen>
    <dimen name="xxh_149pixels">173.83dp</dimen>
    <dimen name="xxh_150pixels">175dp</dimen>
    <dimen name="xxh_151pixels">176.17dp</dimen>
    <dimen name="xxh_152pixels">177.33dp</dimen>
    <dimen name="xxh_153pixels">178.5dp</dimen>
    <dimen name="xxh_154pixels">179.67dp</dimen>
    <dimen name="xxh_155pixels">180.83dp</dimen>
    <dimen name="xxh_156pixels">182dp</dimen>
    <dimen name="xxh_157pixels">183.17dp</dimen>
    <dimen name="xxh_158pixels">184.33dp</dimen>
    <dimen name="xxh_159pixels">185.5dp</dimen>
    <dimen name="xxh_160pixels">186.67dp</dimen>
    <dimen name="xxh_161pixels">187.83dp</dimen>
    <dimen name="xxh_162pixels">189dp</dimen>
    <dimen name="xxh_163pixels">190.17dp</dimen>
    <dimen name="xxh_164pixels">191.33dp</dimen>
    <dimen name="xxh_165pixels">192.5dp</dimen>
    <dimen name="xxh_166pixels">193.67dp</dimen>
    <dimen name="xxh_167pixels">194.83dp</dimen>
    <dimen name="xxh_168pixels">196dp</dimen>
    <dimen name="xxh_169pixels">197.17dp</dimen>
    <dimen name="xxh_170pixels">198.33dp</dimen>
    <dimen name="xxh_171pixels">199.5dp</dimen>
    <dimen name="xxh_172pixels">200.67dp</dimen>
    <dimen name="xxh_173pixels">201.83dp</dimen>
    <dimen name="xxh_174pixels">203dp</dimen>
    <dimen name="xxh_175pixels">204.17dp</dimen>
    <dimen name="xxh_176pixels">205.33dp</dimen>
    <dimen name="xxh_177pixels">206.5dp</dimen>
    <dimen name="xxh_178pixels">207.67dp</dimen>
    <dimen name="xxh_179pixels">208.83dp</dimen>
    <dimen name="xxh_180pixels">210dp</dimen>
    <dimen name="xxh_181pixels">211.17dp</dimen>
    <dimen name="xxh_182pixels">212.33dp</dimen>
    <dimen name="xxh_183pixels">213.5dp</dimen>
    <dimen name="xxh_184pixels">214.67dp</dimen>
    <dimen name="xxh_185pixels">215.83dp</dimen>
    <dimen name="xxh_186pixels">217dp</dimen>
    <dimen name="xxh_187pixels">218.17dp</dimen>
    <dimen name="xxh_188pixels">219.33dp</dimen>
    <dimen name="xxh_189pixels">220.5dp</dimen>
    <dimen name="xxh_190pixels">221.67dp</dimen>
    <dimen name="xxh_191pixels">222.83dp</dimen>
    <dimen name="xxh_192pixels">224dp</dimen>
    <dimen name="xxh_193pixels">225.17dp</dimen>
    <dimen name="xxh_194pixels">226.33dp</dimen>
    <dimen name="xxh_195pixels">227.5dp</dimen>
    <dimen name="xxh_196pixels">228.67dp</dimen>
    <dimen name="xxh_197pixels">229.83dp</dimen>
    <dimen name="xxh_198pixels">231dp</dimen>
    <dimen name="xxh_199pixels">232.17dp</dimen>
    <dimen name="xxh_200pixels">233.33dp</dimen>
    <dimen name="xxh_201pixels">234.5dp</dimen>
    <dimen name="xxh_202pixels">235.67dp</dimen>
    <dimen name="xxh_203pixels">236.83dp</dimen>
    <dimen name="xxh_204pixels">238dp</dimen>
    <dimen name="xxh_205pixels">239.17dp</dimen>
    <dimen name="xxh_206pixels">240.33dp</dimen>
    <dimen name="xxh_207pixels">241.5dp</dimen>
    <dimen name="xxh_208pixels">242.67dp</dimen>
    <dimen name="xxh_209pixels">243.83dp</dimen>
    <dimen name="xxh_210pixels">245dp</dimen>
    <dimen name="xxh_211pixels">246.17dp</dimen>
    <dimen name="xxh_212pixels">247.33dp</dimen>
    <dimen name="xxh_213pixels">248.5dp</dimen>
    <dimen name="xxh_214pixels">249.67dp</dimen>
    <dimen name="xxh_215pixels">250.83dp</dimen>
    <dimen name="xxh_216pixels">252dp</dimen>
    <dimen name="xxh_217pixels">253.17dp</dimen>
    <dimen name="xxh_218pixels">254.33dp</dimen>
    <dimen name="xxh_219pixels">255.5dp</dimen>
    <dimen name="xxh_220pixels">256.67dp</dimen>
    <dimen name="xxh_221pixels">257.83dp</dimen>
    <dimen name="xxh_222pixels">259dp</dimen>
    <dimen name="xxh_223pixels">260.17dp</dimen>
    <dimen name="xxh_224pixels">261.33dp</dimen>
    <dimen name="xxh_225pixels">262.5dp</dimen>
    <dimen name="xxh_226pixels">263.67dp</dimen>
    <dimen name="xxh_227pixels">264.83dp</dimen>
    <dimen name="xxh_228pixels">266dp</dimen>
    <dimen name="xxh_229pixels">267.17dp</dimen>
    <dimen name="xxh_230pixels">268.33dp</dimen>
    <dimen name="xxh_231pixels">269.5dp</dimen>
    <dimen name="xxh_232pixels">270.67dp</dimen>
    <dimen name="xxh_233pixels">271.83dp</dimen>
    <dimen name="xxh_234pixels">273dp</dimen>
    <dimen name="xxh_235pixels">274.17dp</dimen>
    <dimen name="xxh_236pixels">275.33dp</dimen>
    <dimen name="xxh_237pixels">276.5dp</dimen>
    <dimen name="xxh_238pixels">277.67dp</dimen>
    <dimen name="xxh_239pixels">278.83dp</dimen>
    <dimen name="xxh_240pixels">280dp</dimen>
    <dimen name="xxh_241pixels">281.17dp</dimen>
    <dimen name="xxh_242pixels">282.33dp</dimen>
    <dimen name="xxh_243pixels">283.5dp</dimen>
    <dimen name="xxh_244pixels">284.67dp</dimen>
    <dimen name="xxh_245pixels">285.83dp</dimen>
    <dimen name="xxh_246pixels">287dp</dimen>
    <dimen name="xxh_247pixels">288.17dp</dimen>
    <dimen name="xxh_248pixels">289.33dp</dimen>
    <dimen name="xxh_249pixels">290.5dp</dimen>
    <dimen name="xxh_250pixels">291.67dp</dimen>
    <dimen name="xxh_251pixels">292.83dp</dimen>
    <dimen name="xxh_252pixels">294dp</dimen>
    <dimen name="xxh_253pixels">295.17dp</dimen>
    <dimen name="xxh_254pixels">296.33dp</dimen>
    <dimen name="xxh_255pixels">297.5dp</dimen>
    <dimen name="xxh_256pixels">298.67dp</dimen>
    <dimen name="xxh_257pixels">299.83dp</dimen>
    <dimen name="xxh_258pixels">301dp</dimen>
    <dimen name="xxh_259pixels">302.17dp</dimen>
    <dimen name="xxh_260pixels">303.33dp</dimen>
    <dimen name="xxh_261pixels">304.5dp</dimen>
    <dimen name="xxh_262pixels">305.67dp</dimen>
    <dimen name="xxh_263pixels">306.83dp</dimen>
    <dimen name="xxh_264pixels">308dp</dimen>
    <dimen name="xxh_265pixels">309.17dp</dimen>
    <dimen name="xxh_266pixels">310.33dp</dimen>
    <dimen name="xxh_267pixels">311.5dp</dimen>
    <dimen name="xxh_268pixels">312.67dp</dimen>
    <dimen name="xxh_269pixels">313.83dp</dimen>
    <dimen name="xxh_270pixels">315dp</dimen>
    <dimen name="xxh_271pixels">316.17dp</dimen>
    <dimen name="xxh_272pixels">317.33dp</dimen>
    <dimen name="xxh_273pixels">318.5dp</dimen>
    <dimen name="xxh_274pixels">319.67dp</dimen>
    <dimen name="xxh_275pixels">320.83dp</dimen>
    <dimen name="xxh_276pixels">322dp</dimen>
    <dimen name="xxh_277pixels">323.17dp</dimen>
    <dimen name="xxh_278pixels">324.33dp</dimen>
    <dimen name="xxh_279pixels">325.5dp</dimen>
    <dimen name="xxh_280pixels">326.67dp</dimen>
    <dimen name="xxh_281pixels">327.83dp</dimen>
    <dimen name="xxh_282pixels">329dp</dimen>
    <dimen name="xxh_283pixels">330.17dp</dimen>
    <dimen name="xxh_284pixels">331.33dp</dimen>
    <dimen name="xxh_285pixels">332.5dp</dimen>
    <dimen name="xxh_286pixels">333.67dp</dimen>
    <dimen name="xxh_287pixels">334.83dp</dimen>
    <dimen name="xxh_288pixels">336dp</dimen>
    <dimen name="xxh_289pixels">337.17dp</dimen>
    <dimen name="xxh_290pixels">338.33dp</dimen>
    <dimen name="xxh_291pixels">339.5dp</dimen>
    <dimen name="xxh_292pixels">340.67dp</dimen>
    <dimen name="xxh_293pixels">341.83dp</dimen>
    <dimen name="xxh_294pixels">343dp</dimen>
    <dimen name="xxh_295pixels">344.17dp</dimen>
    <dimen name="xxh_296pixels">345.33dp</dimen>
    <dimen name="xxh_297pixels">346.5dp</dimen>
    <dimen name="xxh_298pixels">347.67dp</dimen>
    <dimen name="xxh_299pixels">348.83dp</dimen>
    <dimen name="xxh_300pixels">350dp</dimen>
    <dimen name="xxh_301pixels">351.17dp</dimen>
    <dimen name="xxh_302pixels">352.33dp</dimen>
    <dimen name="xxh_303pixels">353.5dp</dimen>
    <dimen name="xxh_304pixels">354.67dp</dimen>
    <dimen name="xxh_305pixels">355.83dp</dimen>
    <dimen name="xxh_306pixels">357dp</dimen>
    <dimen name="xxh_307pixels">358.17dp</dimen>
    <dimen name="xxh_308pixels">359.33dp</dimen>
    <dimen name="xxh_309pixels">360.5dp</dimen>
    <dimen name="xxh_310pixels">361.67dp</dimen>
    <dimen name="xxh_311pixels">362.83dp</dimen>
    <dimen name="xxh_312pixels">364dp</dimen>
    <dimen name="xxh_313pixels">365.17dp</dimen>
    <dimen name="xxh_314pixels">366.33dp</dimen>
    <dimen name="xxh_315pixels">367.5dp</dimen>
    <dimen name="xxh_316pixels">368.67dp</dimen>
    <dimen name="xxh_317pixels">369.83dp</dimen>
    <dimen name="xxh_318pixels">371dp</dimen>
    <dimen name="xxh_319pixels">372.17dp</dimen>
    <dimen name="xxh_320pixels">373.33dp</dimen>
    <dimen name="xxh_321pixels">374.5dp</dimen>
    <dimen name="xxh_322pixels">375.67dp</dimen>
    <dimen name="xxh_323pixels">376.83dp</dimen>
    <dimen name="xxh_324pixels">378dp</dimen>
    <dimen name="xxh_325pixels">379.17dp</dimen>
    <dimen name="xxh_326pixels">380.33dp</dimen>
    <dimen name="xxh_327pixels">381.5dp</dimen>
    <dimen name="xxh_328pixels">382.67dp</dimen>
    <dimen name="xxh_329pixels">383.83dp</dimen>
    <dimen name="xxh_330pixels">385dp</dimen>
    <dimen name="xxh_331pixels">386.17dp</dimen>
    <dimen name="xxh_332pixels">387.33dp</dimen>
    <dimen name="xxh_333pixels">388.5dp</dimen>
    <dimen name="xxh_334pixels">389.67dp</dimen>
    <dimen name="xxh_335pixels">390.83dp</dimen>
    <dimen name="xxh_336pixels">392dp</dimen>
    <dimen name="xxh_337pixels">393.17dp</dimen>
    <dimen name="xxh_338pixels">394.33dp</dimen>
    <dimen name="xxh_339pixels">395.5dp</dimen>
    <dimen name="xxh_340pixels">396.67dp</dimen>
    <dimen name="xxh_341pixels">397.83dp</dimen>
    <dimen name="xxh_342pixels">399dp</dimen>
    <dimen name="xxh_343pixels">400.17dp</dimen>
    <dimen name="xxh_344pixels">401.33dp</dimen>
    <dimen name="xxh_345pixels">402.5dp</dimen>
    <dimen name="xxh_346pixels">403.67dp</dimen>
    <dimen name="xxh_347pixels">404.83dp</dimen>
    <dimen name="xxh_348pixels">406dp</dimen>
    <dimen name="xxh_349pixels">407.17dp</dimen>
    <dimen name="xxh_350pixels">408.33dp</dimen>
    <dimen name="xxh_351pixels">409.5dp</dimen>
    <dimen name="xxh_352pixels">410.67dp</dimen>
    <dimen name="xxh_353pixels">411.83dp</dimen>
    <dimen name="xxh_354pixels">413dp</dimen>
    <dimen name="xxh_355pixels">414.17dp</dimen>
    <dimen name="xxh_356pixels">415.33dp</dimen>
    <dimen name="xxh_357pixels">416.5dp</dimen>
    <dimen name="xxh_358pixels">417.67dp</dimen>
    <dimen name="xxh_359pixels">418.83dp</dimen>
    <dimen name="xxh_360pixels">420dp</dimen>
    <dimen name="xxh_361pixels">421.17dp</dimen>
    <dimen name="xxh_362pixels">422.33dp</dimen>
    <dimen name="xxh_363pixels">423.5dp</dimen>
    <dimen name="xxh_364pixels">424.67dp</dimen>
    <dimen name="xxh_365pixels">425.83dp</dimen>
    <dimen name="xxh_366pixels">427dp</dimen>
    <dimen name="xxh_367pixels">428.17dp</dimen>
    <dimen name="xxh_368pixels">429.33dp</dimen>
    <dimen name="xxh_369pixels">430.5dp</dimen>
    <dimen name="xxh_370pixels">431.67dp</dimen>
    <dimen name="xxh_371pixels">432.83dp</dimen>
    <dimen name="xxh_372pixels">434dp</dimen>
    <dimen name="xxh_373pixels">435.17dp</dimen>
    <dimen name="xxh_374pixels">436.33dp</dimen>
    <dimen name="xxh_375pixels">437.5dp</dimen>
    <dimen name="xxh_376pixels">438.67dp</dimen>
    <dimen name="xxh_377pixels">439.83dp</dimen>
    <dimen name="xxh_378pixels">441dp</dimen>
    <dimen name="xxh_379pixels">442.17dp</dimen>
    <dimen name="xxh_380pixels">443.33dp</dimen>
    <dimen name="xxh_381pixels">444.5dp</dimen>
    <dimen name="xxh_382pixels">445.67dp</dimen>
    <dimen name="xxh_383pixels">446.83dp</dimen>
    <dimen name="xxh_384pixels">448dp</dimen>
    <dimen name="xxh_385pixels">449.17dp</dimen>
    <dimen name="xxh_386pixels">450.33dp</dimen>
    <dimen name="xxh_387pixels">451.5dp</dimen>
    <dimen name="xxh_388pixels">452.67dp</dimen>
    <dimen name="xxh_389pixels">453.83dp</dimen>
    <dimen name="xxh_390pixels">455dp</dimen>
    <dimen name="xxh_391pixels">456.17dp</dimen>
    <dimen name="xxh_392pixels">457.33dp</dimen>
    <dimen name="xxh_393pixels">458.5dp</dimen>
    <dimen name="xxh_394pixels">459.67dp</dimen>
    <dimen name="xxh_395pixels">460.83dp</dimen>
    <dimen name="xxh_396pixels">462dp</dimen>
    <dimen name="xxh_397pixels">463.17dp</dimen>
    <dimen name="xxh_398pixels">464.33dp</dimen>
    <dimen name="xxh_399pixels">465.5dp</dimen>
    <dimen name="xxh_400pixels">466.67dp</dimen>
    <dimen name="xxh_401pixels">467.83dp</dimen>
    <dimen name="xxh_402pixels">469dp</dimen>
    <dimen name="xxh_403pixels">470.17dp</dimen>
    <dimen name="xxh_404pixels">471.33dp</dimen>
    <dimen name="xxh_405pixels">472.5dp</dimen>
    <dimen name="xxh_406pixels">473.67dp</dimen>
    <dimen name="xxh_407pixels">474.83dp</dimen>
    <dimen name="xxh_408pixels">476dp</dimen>
    <dimen name="xxh_409pixels">477.17dp</dimen>
    <dimen name="xxh_410pixels">478.33dp</dimen>
    <dimen name="xxh_411pixels">479.5dp</dimen>
    <dimen name="xxh_412pixels">480.67dp</dimen>
    <dimen name="xxh_413pixels">481.83dp</dimen>
    <dimen name="xxh_414pixels">483dp</dimen>
    <dimen name="xxh_415pixels">484.17dp</dimen>
    <dimen name="xxh_416pixels">485.33dp</dimen>
    <dimen name="xxh_417pixels">486.5dp</dimen>
    <dimen name="xxh_418pixels">487.67dp</dimen>
    <dimen name="xxh_419pixels">488.83dp</dimen>
    <dimen name="xxh_420pixels">490dp</dimen>
    <dimen name="xxh_421pixels">491.17dp</dimen>
    <dimen name="xxh_422pixels">492.33dp</dimen>
    <dimen name="xxh_423pixels">493.5dp</dimen>
    <dimen name="xxh_424pixels">494.67dp</dimen>
    <dimen name="xxh_425pixels">495.83dp</dimen>
    <dimen name="xxh_426pixels">497dp</dimen>
    <dimen name="xxh_427pixels">498.17dp</dimen>
    <dimen name="xxh_428pixels">499.33dp</dimen>
    <dimen name="xxh_429pixels">500.5dp</dimen>
    <dimen name="xxh_430pixels">501.67dp</dimen>
    <dimen name="xxh_431pixels">502.83dp</dimen>
    <dimen name="xxh_432pixels">504dp</dimen>
    <dimen name="xxh_433pixels">505.17dp</dimen>
    <dimen name="xxh_434pixels">506.33dp</dimen>
    <dimen name="xxh_435pixels">507.5dp</dimen>
    <dimen name="xxh_436pixels">508.67dp</dimen>
    <dimen name="xxh_437pixels">509.83dp</dimen>
    <dimen name="xxh_438pixels">511dp</dimen>
    <dimen name="xxh_439pixels">512.17dp</dimen>
    <dimen name="xxh_440pixels">513.33dp</dimen>
    <dimen name="xxh_441pixels">514.5dp</dimen>
    <dimen name="xxh_442pixels">515.67dp</dimen>
    <dimen name="xxh_443pixels">516.83dp</dimen>
    <dimen name="xxh_444pixels">518dp</dimen>
    <dimen name="xxh_445pixels">519.17dp</dimen>
    <dimen name="xxh_446pixels">520.33dp</dimen>
    <dimen name="xxh_447pixels">521.5dp</dimen>
    <dimen name="xxh_448pixels">522.67dp</dimen>
    <dimen name="xxh_449pixels">523.83dp</dimen>
    <dimen name="xxh_450pixels">525dp</dimen>
    <dimen name="xxh_451pixels">526.17dp</dimen>
    <dimen name="xxh_452pixels">527.33dp</dimen>
    <dimen name="xxh_453pixels">528.5dp</dimen>
    <dimen name="xxh_454pixels">529.67dp</dimen>
    <dimen name="xxh_455pixels">530.83dp</dimen>
    <dimen name="xxh_456pixels">532dp</dimen>
    <dimen name="xxh_457pixels">533.17dp</dimen>
    <dimen name="xxh_458pixels">534.33dp</dimen>
    <dimen name="xxh_459pixels">535.5dp</dimen>
    <dimen name="xxh_460pixels">536.67dp</dimen>
    <dimen name="xxh_461pixels">537.83dp</dimen>
    <dimen name="xxh_462pixels">539dp</dimen>
    <dimen name="xxh_463pixels">540.17dp</dimen>
    <dimen name="xxh_464pixels">541.33dp</dimen>
    <dimen name="xxh_465pixels">542.5dp</dimen>
    <dimen name="xxh_466pixels">543.67dp</dimen>
    <dimen name="xxh_467pixels">544.83dp</dimen>
    <dimen name="xxh_468pixels">546dp</dimen>
    <dimen name="xxh_469pixels">547.17dp</dimen>
    <dimen name="xxh_470pixels">548.33dp</dimen>
    <dimen name="xxh_471pixels">549.5dp</dimen>
    <dimen name="xxh_472pixels">550.67dp</dimen>
    <dimen name="xxh_473pixels">551.83dp</dimen>
    <dimen name="xxh_474pixels">553dp</dimen>
    <dimen name="xxh_475pixels">554.17dp</dimen>
    <dimen name="xxh_476pixels">555.33dp</dimen>
    <dimen name="xxh_477pixels">556.5dp</dimen>
    <dimen name="xxh_478pixels">557.67dp</dimen>
    <dimen name="xxh_479pixels">558.83dp</dimen>
    <dimen name="xxh_480pixels">560dp</dimen>
    <dimen name="xxh_481pixels">561.17dp</dimen>
    <dimen name="xxh_482pixels">562.33dp</dimen>
    <dimen name="xxh_483pixels">563.5dp</dimen>
    <dimen name="xxh_484pixels">564.67dp</dimen>
    <dimen name="xxh_485pixels">565.83dp</dimen>
    <dimen name="xxh_486pixels">567dp</dimen>
    <dimen name="xxh_487pixels">568.17dp</dimen>
    <dimen name="xxh_488pixels">569.33dp</dimen>
    <dimen name="xxh_489pixels">570.5dp</dimen>
    <dimen name="xxh_490pixels">571.67dp</dimen>
    <dimen name="xxh_491pixels">572.83dp</dimen>
    <dimen name="xxh_492pixels">574dp</dimen>
    <dimen name="xxh_493pixels">575.17dp</dimen>
    <dimen name="xxh_494pixels">576.33dp</dimen>
    <dimen name="xxh_495pixels">577.5dp</dimen>
    <dimen name="xxh_496pixels">578.67dp</dimen>
    <dimen name="xxh_497pixels">579.83dp</dimen>
    <dimen name="xxh_498pixels">581dp</dimen>
    <dimen name="xxh_499pixels">582.17dp</dimen>
    <dimen name="xxh_500pixels">583.33dp</dimen>
    <dimen name="xxh_501pixels">584.5dp</dimen>
    <dimen name="xxh_502pixels">585.67dp</dimen>
    <dimen name="xxh_503pixels">586.83dp</dimen>
    <dimen name="xxh_504pixels">588dp</dimen>
    <dimen name="xxh_505pixels">589.17dp</dimen>
    <dimen name="xxh_506pixels">590.33dp</dimen>
    <dimen name="xxh_507pixels">591.5dp</dimen>
    <dimen name="xxh_508pixels">592.67dp</dimen>
    <dimen name="xxh_509pixels">593.83dp</dimen>
    <dimen name="xxh_510pixels">595dp</dimen>
    <dimen name="xxh_511pixels">596.17dp</dimen>
    <dimen name="xxh_512pixels">597.33dp</dimen>
    <dimen name="xxh_513pixels">598.5dp</dimen>
    <dimen name="xxh_514pixels">599.67dp</dimen>
    <dimen name="xxh_515pixels">600.83dp</dimen>
    <dimen name="xxh_516pixels">602dp</dimen>
    <dimen name="xxh_517pixels">603.17dp</dimen>
    <dimen name="xxh_518pixels">604.33dp</dimen>
    <dimen name="xxh_519pixels">605.5dp</dimen>
    <dimen name="xxh_520pixels">606.67dp</dimen>
    <dimen name="xxh_521pixels">607.83dp</dimen>
    <dimen name="xxh_522pixels">609dp</dimen>
    <dimen name="xxh_523pixels">610.17dp</dimen>
    <dimen name="xxh_524pixels">611.33dp</dimen>
    <dimen name="xxh_525pixels">612.5dp</dimen>
    <dimen name="xxh_526pixels">613.67dp</dimen>
    <dimen name="xxh_527pixels">614.83dp</dimen>
    <dimen name="xxh_528pixels">616dp</dimen>
    <dimen name="xxh_529pixels">617.17dp</dimen>
    <dimen name="xxh_530pixels">618.33dp</dimen>
    <dimen name="xxh_531pixels">619.5dp</dimen>
    <dimen name="xxh_532pixels">620.67dp</dimen>
    <dimen name="xxh_533pixels">621.83dp</dimen>
    <dimen name="xxh_534pixels">623dp</dimen>
    <dimen name="xxh_535pixels">624.17dp</dimen>
    <dimen name="xxh_536pixels">625.33dp</dimen>
    <dimen name="xxh_537pixels">626.5dp</dimen>
    <dimen name="xxh_538pixels">627.67dp</dimen>
    <dimen name="xxh_539pixels">628.83dp</dimen>
    <dimen name="xxh_540pixels">630dp</dimen>
    <dimen name="xxh_541pixels">631.17dp</dimen>
    <dimen name="xxh_542pixels">632.33dp</dimen>
    <dimen name="xxh_543pixels">633.5dp</dimen>
    <dimen name="xxh_544pixels">634.67dp</dimen>
    <dimen name="xxh_545pixels">635.83dp</dimen>
    <dimen name="xxh_546pixels">637dp</dimen>
    <dimen name="xxh_547pixels">638.17dp</dimen>
    <dimen name="xxh_548pixels">639.33dp</dimen>
    <dimen name="xxh_549pixels">640.5dp</dimen>
    <dimen name="xxh_550pixels">641.67dp</dimen>
    <dimen name="xxh_551pixels">642.83dp</dimen>
    <dimen name="xxh_552pixels">644dp</dimen>
    <dimen name="xxh_553pixels">645.17dp</dimen>
    <dimen name="xxh_554pixels">646.33dp</dimen>
    <dimen name="xxh_555pixels">647.5dp</dimen>
    <dimen name="xxh_556pixels">648.67dp</dimen>
    <dimen name="xxh_557pixels">649.83dp</dimen>
    <dimen name="xxh_558pixels">651dp</dimen>
    <dimen name="xxh_559pixels">652.17dp</dimen>
    <dimen name="xxh_560pixels">653.33dp</dimen>
    <dimen name="xxh_561pixels">654.5dp</dimen>
    <dimen name="xxh_562pixels">655.67dp</dimen>
    <dimen name="xxh_563pixels">656.83dp</dimen>
    <dimen name="xxh_564pixels">658dp</dimen>
    <dimen name="xxh_565pixels">659.17dp</dimen>
    <dimen name="xxh_566pixels">660.33dp</dimen>
    <dimen name="xxh_567pixels">661.5dp</dimen>
    <dimen name="xxh_568pixels">662.67dp</dimen>
    <dimen name="xxh_569pixels">663.83dp</dimen>
    <dimen name="xxh_570pixels">665dp</dimen>
    <dimen name="xxh_571pixels">666.17dp</dimen>
    <dimen name="xxh_572pixels">667.33dp</dimen>
    <dimen name="xxh_573pixels">668.5dp</dimen>
    <dimen name="xxh_574pixels">669.67dp</dimen>
    <dimen name="xxh_575pixels">670.83dp</dimen>
    <dimen name="xxh_576pixels">672dp</dimen>
    <dimen name="xxh_577pixels">673.17dp</dimen>
    <dimen name="xxh_578pixels">674.33dp</dimen>
    <dimen name="xxh_579pixels">675.5dp</dimen>
    <dimen name="xxh_580pixels">676.67dp</dimen>
    <dimen name="xxh_581pixels">677.83dp</dimen>
    <dimen name="xxh_582pixels">679dp</dimen>
    <dimen name="xxh_583pixels">680.17dp</dimen>
    <dimen name="xxh_584pixels">681.33dp</dimen>
    <dimen name="xxh_585pixels">682.5dp</dimen>
    <dimen name="xxh_586pixels">683.67dp</dimen>
    <dimen name="xxh_587pixels">684.83dp</dimen>
    <dimen name="xxh_588pixels">686dp</dimen>
    <dimen name="xxh_589pixels">687.17dp</dimen>
    <dimen name="xxh_590pixels">688.33dp</dimen>
    <dimen name="xxh_591pixels">689.5dp</dimen>
    <dimen name="xxh_592pixels">690.67dp</dimen>
    <dimen name="xxh_593pixels">691.83dp</dimen>
    <dimen name="xxh_594pixels">693dp</dimen>
    <dimen name="xxh_595pixels">694.17dp</dimen>
    <dimen name="xxh_596pixels">695.33dp</dimen>
    <dimen name="xxh_597pixels">696.5dp</dimen>
    <dimen name="xxh_598pixels">697.67dp</dimen>
    <dimen name="xxh_599pixels">698.83dp</dimen>
    <dimen name="xxh_600pixels">700dp</dimen>
    <dimen name="xxh_601pixels">701.17dp</dimen>
    <dimen name="xxh_602pixels">702.33dp</dimen>
    <dimen name="xxh_603pixels">703.5dp</dimen>
    <dimen name="xxh_604pixels">704.67dp</dimen>
    <dimen name="xxh_605pixels">705.83dp</dimen>
    <dimen name="xxh_606pixels">707dp</dimen>
    <dimen name="xxh_607pixels">708.17dp</dimen>
    <dimen name="xxh_608pixels">709.33dp</dimen>
    <dimen name="xxh_609pixels">710.5dp</dimen>
    <dimen name="xxh_610pixels">711.67dp</dimen>
    <dimen name="xxh_611pixels">712.83dp</dimen>
    <dimen name="xxh_612pixels">714dp</dimen>
    <dimen name="xxh_613pixels">715.17dp</dimen>
    <dimen name="xxh_614pixels">716.33dp</dimen>
    <dimen name="xxh_615pixels">717.5dp</dimen>
    <dimen name="xxh_616pixels">718.67dp</dimen>
    <dimen name="xxh_617pixels">719.83dp</dimen>
    <dimen name="xxh_618pixels">721dp</dimen>
    <dimen name="xxh_619pixels">722.17dp</dimen>
    <dimen name="xxh_620pixels">723.33dp</dimen>
    <dimen name="xxh_621pixels">724.5dp</dimen>
    <dimen name="xxh_622pixels">725.67dp</dimen>
    <dimen name="xxh_623pixels">726.83dp</dimen>
    <dimen name="xxh_624pixels">728dp</dimen>
    <dimen name="xxh_625pixels">729.17dp</dimen>
    <dimen name="xxh_626pixels">730.33dp</dimen>
    <dimen name="xxh_627pixels">731.5dp</dimen>
    <dimen name="xxh_628pixels">732.67dp</dimen>
    <dimen name="xxh_629pixels">733.83dp</dimen>
    <dimen name="xxh_630pixels">735dp</dimen>
    <dimen name="xxh_631pixels">736.17dp</dimen>
    <dimen name="xxh_632pixels">737.33dp</dimen>
    <dimen name="xxh_633pixels">738.5dp</dimen>
    <dimen name="xxh_634pixels">739.67dp</dimen>
    <dimen name="xxh_635pixels">740.83dp</dimen>
    <dimen name="xxh_636pixels">742dp</dimen>
    <dimen name="xxh_637pixels">743.17dp</dimen>
    <dimen name="xxh_638pixels">744.33dp</dimen>
    <dimen name="xxh_639pixels">745.5dp</dimen>
    <dimen name="xxh_640pixels">746.67dp</dimen>
    <dimen name="xxh_641pixels">747.83dp</dimen>
    <dimen name="xxh_642pixels">749dp</dimen>
    <dimen name="xxh_643pixels">750.17dp</dimen>
    <dimen name="xxh_644pixels">751.33dp</dimen>
    <dimen name="xxh_645pixels">752.5dp</dimen>
    <dimen name="xxh_646pixels">753.67dp</dimen>
    <dimen name="xxh_647pixels">754.83dp</dimen>
    <dimen name="xxh_648pixels">756dp</dimen>
    <dimen name="xxh_649pixels">757.17dp</dimen>
    <dimen name="xxh_650pixels">758.33dp</dimen>
    <dimen name="xxh_651pixels">759.5dp</dimen>
    <dimen name="xxh_652pixels">760.67dp</dimen>
    <dimen name="xxh_653pixels">761.83dp</dimen>
    <dimen name="xxh_654pixels">763dp</dimen>
    <dimen name="xxh_655pixels">764.17dp</dimen>
    <dimen name="xxh_656pixels">765.33dp</dimen>
    <dimen name="xxh_657pixels">766.5dp</dimen>
    <dimen name="xxh_658pixels">767.67dp</dimen>
    <dimen name="xxh_659pixels">768.83dp</dimen>
    <dimen name="xxh_660pixels">770dp</dimen>
    <dimen name="xxh_661pixels">771.17dp</dimen>
    <dimen name="xxh_662pixels">772.33dp</dimen>
    <dimen name="xxh_663pixels">773.5dp</dimen>
    <dimen name="xxh_664pixels">774.67dp</dimen>
    <dimen name="xxh_665pixels">775.83dp</dimen>
    <dimen name="xxh_666pixels">777dp</dimen>
    <dimen name="xxh_667pixels">778.17dp</dimen>
    <dimen name="xxh_668pixels">779.33dp</dimen>
    <dimen name="xxh_669pixels">780.5dp</dimen>
    <dimen name="xxh_670pixels">781.67dp</dimen>
    <dimen name="xxh_671pixels">782.83dp</dimen>
    <dimen name="xxh_672pixels">784dp</dimen>
    <dimen name="xxh_673pixels">785.17dp</dimen>
    <dimen name="xxh_674pixels">786.33dp</dimen>
    <dimen name="xxh_675pixels">787.5dp</dimen>
    <dimen name="xxh_676pixels">788.67dp</dimen>
    <dimen name="xxh_677pixels">789.83dp</dimen>
    <dimen name="xxh_678pixels">791dp</dimen>
    <dimen name="xxh_679pixels">792.17dp</dimen>
    <dimen name="xxh_680pixels">793.33dp</dimen>
    <dimen name="xxh_681pixels">794.5dp</dimen>
    <dimen name="xxh_682pixels">795.67dp</dimen>
    <dimen name="xxh_683pixels">796.83dp</dimen>
    <dimen name="xxh_684pixels">798dp</dimen>
    <dimen name="xxh_685pixels">799.17dp</dimen>
    <dimen name="xxh_686pixels">800.33dp</dimen>
    <dimen name="xxh_687pixels">801.5dp</dimen>
    <dimen name="xxh_688pixels">802.67dp</dimen>
    <dimen name="xxh_689pixels">803.83dp</dimen>
    <dimen name="xxh_690pixels">805dp</dimen>
    <dimen name="xxh_691pixels">806.17dp</dimen>
    <dimen name="xxh_692pixels">807.33dp</dimen>
    <dimen name="xxh_693pixels">808.5dp</dimen>
    <dimen name="xxh_694pixels">809.67dp</dimen>
    <dimen name="xxh_695pixels">810.83dp</dimen>
    <dimen name="xxh_696pixels">812dp</dimen>
    <dimen name="xxh_697pixels">813.17dp</dimen>
    <dimen name="xxh_698pixels">814.33dp</dimen>
    <dimen name="xxh_699pixels">815.5dp</dimen>
    <dimen name="xxh_700pixels">816.67dp</dimen>
    <dimen name="xxh_701pixels">817.83dp</dimen>
    <dimen name="xxh_702pixels">819dp</dimen>
    <dimen name="xxh_703pixels">820.17dp</dimen>
    <dimen name="xxh_704pixels">821.33dp</dimen>
    <dimen name="xxh_705pixels">822.5dp</dimen>
    <dimen name="xxh_706pixels">823.67dp</dimen>
    <dimen name="xxh_707pixels">824.83dp</dimen>
    <dimen name="xxh_708pixels">826dp</dimen>
    <dimen name="xxh_709pixels">827.17dp</dimen>
    <dimen name="xxh_710pixels">828.33dp</dimen>
    <dimen name="xxh_711pixels">829.5dp</dimen>
    <dimen name="xxh_712pixels">830.67dp</dimen>
    <dimen name="xxh_713pixels">831.83dp</dimen>
    <dimen name="xxh_714pixels">833dp</dimen>
    <dimen name="xxh_715pixels">834.17dp</dimen>
    <dimen name="xxh_716pixels">835.33dp</dimen>
    <dimen name="xxh_717pixels">836.5dp</dimen>
    <dimen name="xxh_718pixels">837.67dp</dimen>
    <dimen name="xxh_719pixels">838.83dp</dimen>
    <dimen name="xxh_720pixels">840dp</dimen>
    <dimen name="xxh_721pixels">841.17dp</dimen>
    <dimen name="xxh_722pixels">842.33dp</dimen>
    <dimen name="xxh_723pixels">843.5dp</dimen>
    <dimen name="xxh_724pixels">844.67dp</dimen>
    <dimen name="xxh_725pixels">845.83dp</dimen>
    <dimen name="xxh_726pixels">847dp</dimen>
    <dimen name="xxh_727pixels">848.17dp</dimen>
    <dimen name="xxh_728pixels">849.33dp</dimen>
    <dimen name="xxh_729pixels">850.5dp</dimen>
    <dimen name="xxh_730pixels">851.67dp</dimen>
    <dimen name="xxh_731pixels">852.83dp</dimen>
    <dimen name="xxh_732pixels">854dp</dimen>
    <dimen name="xxh_733pixels">855.17dp</dimen>
    <dimen name="xxh_734pixels">856.33dp</dimen>
    <dimen name="xxh_735pixels">857.5dp</dimen>
    <dimen name="xxh_736pixels">858.67dp</dimen>
    <dimen name="xxh_737pixels">859.83dp</dimen>
    <dimen name="xxh_738pixels">861dp</dimen>
    <dimen name="xxh_739pixels">862.17dp</dimen>
    <dimen name="xxh_740pixels">863.33dp</dimen>
    <dimen name="xxh_741pixels">864.5dp</dimen>
    <dimen name="xxh_742pixels">865.67dp</dimen>
    <dimen name="xxh_743pixels">866.83dp</dimen>
    <dimen name="xxh_744pixels">868dp</dimen>
    <dimen name="xxh_745pixels">869.17dp</dimen>
    <dimen name="xxh_746pixels">870.33dp</dimen>
    <dimen name="xxh_747pixels">871.5dp</dimen>
    <dimen name="xxh_748pixels">872.67dp</dimen>
    <dimen name="xxh_749pixels">873.83dp</dimen>
    <dimen name="xxh_750pixels">875dp</dimen>
    <dimen name="xxh_751pixels">876.17dp</dimen>
    <dimen name="xxh_752pixels">877.33dp</dimen>
    <dimen name="xxh_753pixels">878.5dp</dimen>
    <dimen name="xxh_754pixels">879.67dp</dimen>
    <dimen name="xxh_755pixels">880.83dp</dimen>
    <dimen name="xxh_756pixels">882dp</dimen>
    <dimen name="xxh_757pixels">883.17dp</dimen>
    <dimen name="xxh_758pixels">884.33dp</dimen>
    <dimen name="xxh_759pixels">885.5dp</dimen>
    <dimen name="xxh_760pixels">886.67dp</dimen>
    <dimen name="xxh_761pixels">887.83dp</dimen>
    <dimen name="xxh_762pixels">889dp</dimen>
    <dimen name="xxh_763pixels">890.17dp</dimen>
    <dimen name="xxh_764pixels">891.33dp</dimen>
    <dimen name="xxh_765pixels">892.5dp</dimen>
    <dimen name="xxh_766pixels">893.67dp</dimen>
    <dimen name="xxh_767pixels">894.83dp</dimen>
    <dimen name="xxh_768pixels">896dp</dimen>
    <dimen name="xxh_769pixels">897.17dp</dimen>
    <dimen name="xxh_770pixels">898.33dp</dimen>
    <dimen name="xxh_771pixels">899.5dp</dimen>
    <dimen name="xxh_772pixels">900.67dp</dimen>
    <dimen name="xxh_773pixels">901.83dp</dimen>
    <dimen name="xxh_774pixels">903dp</dimen>
    <dimen name="xxh_775pixels">904.17dp</dimen>
    <dimen name="xxh_776pixels">905.33dp</dimen>
    <dimen name="xxh_777pixels">906.5dp</dimen>
    <dimen name="xxh_778pixels">907.67dp</dimen>
    <dimen name="xxh_779pixels">908.83dp</dimen>
    <dimen name="xxh_780pixels">910dp</dimen>
    <dimen name="xxh_781pixels">911.17dp</dimen>
    <dimen name="xxh_782pixels">912.33dp</dimen>
    <dimen name="xxh_783pixels">913.5dp</dimen>
    <dimen name="xxh_784pixels">914.67dp</dimen>
    <dimen name="xxh_785pixels">915.83dp</dimen>
    <dimen name="xxh_786pixels">917dp</dimen>
    <dimen name="xxh_787pixels">918.17dp</dimen>
    <dimen name="xxh_788pixels">919.33dp</dimen>
    <dimen name="xxh_789pixels">920.5dp</dimen>
    <dimen name="xxh_790pixels">921.67dp</dimen>
    <dimen name="xxh_791pixels">922.83dp</dimen>
    <dimen name="xxh_792pixels">924dp</dimen>
    <dimen name="xxh_793pixels">925.17dp</dimen>
    <dimen name="xxh_794pixels">926.33dp</dimen>
    <dimen name="xxh_795pixels">927.5dp</dimen>
    <dimen name="xxh_796pixels">928.67dp</dimen>
    <dimen name="xxh_797pixels">929.83dp</dimen>
    <dimen name="xxh_798pixels">931dp</dimen>
    <dimen name="xxh_799pixels">932.17dp</dimen>
    <dimen name="xxh_800pixels">933.33dp</dimen>
    <dimen name="xxh_801pixels">934.5dp</dimen>
    <dimen name="xxh_802pixels">935.67dp</dimen>
    <dimen name="xxh_803pixels">936.83dp</dimen>
    <dimen name="xxh_804pixels">938dp</dimen>
    <dimen name="xxh_805pixels">939.17dp</dimen>
    <dimen name="xxh_806pixels">940.33dp</dimen>
    <dimen name="xxh_807pixels">941.5dp</dimen>
    <dimen name="xxh_808pixels">942.67dp</dimen>
    <dimen name="xxh_809pixels">943.83dp</dimen>
    <dimen name="xxh_810pixels">945dp</dimen>
    <dimen name="xxh_811pixels">946.17dp</dimen>
    <dimen name="xxh_812pixels">947.33dp</dimen>
    <dimen name="xxh_813pixels">948.5dp</dimen>
    <dimen name="xxh_814pixels">949.67dp</dimen>
    <dimen name="xxh_815pixels">950.83dp</dimen>
    <dimen name="xxh_816pixels">952dp</dimen>
    <dimen name="xxh_817pixels">953.17dp</dimen>
    <dimen name="xxh_818pixels">954.33dp</dimen>
    <dimen name="xxh_819pixels">955.5dp</dimen>
    <dimen name="xxh_820pixels">956.67dp</dimen>
    <dimen name="xxh_821pixels">957.83dp</dimen>
    <dimen name="xxh_822pixels">959dp</dimen>
    <dimen name="xxh_823pixels">960.17dp</dimen>
    <dimen name="xxh_824pixels">961.33dp</dimen>
    <dimen name="xxh_825pixels">962.5dp</dimen>
    <dimen name="xxh_826pixels">963.67dp</dimen>
    <dimen name="xxh_827pixels">964.83dp</dimen>
    <dimen name="xxh_828pixels">966dp</dimen>
    <dimen name="xxh_829pixels">967.17dp</dimen>
    <dimen name="xxh_830pixels">968.33dp</dimen>
    <dimen name="xxh_831pixels">969.5dp</dimen>
    <dimen name="xxh_832pixels">970.67dp</dimen>
    <dimen name="xxh_833pixels">971.83dp</dimen>
    <dimen name="xxh_834pixels">973dp</dimen>
    <dimen name="xxh_835pixels">974.17dp</dimen>
    <dimen name="xxh_836pixels">975.33dp</dimen>
    <dimen name="xxh_837pixels">976.5dp</dimen>
    <dimen name="xxh_838pixels">977.67dp</dimen>
    <dimen name="xxh_839pixels">978.83dp</dimen>
    <dimen name="xxh_840pixels">980dp</dimen>
    <dimen name="xxh_841pixels">981.17dp</dimen>
    <dimen name="xxh_842pixels">982.33dp</dimen>
    <dimen name="xxh_843pixels">983.5dp</dimen>
    <dimen name="xxh_844pixels">984.67dp</dimen>
    <dimen name="xxh_845pixels">985.83dp</dimen>
    <dimen name="xxh_846pixels">987dp</dimen>
    <dimen name="xxh_847pixels">988.17dp</dimen>
    <dimen name="xxh_848pixels">989.33dp</dimen>
    <dimen name="xxh_849pixels">990.5dp</dimen>
    <dimen name="xxh_850pixels">991.67dp</dimen>
    <dimen name="xxh_851pixels">992.83dp</dimen>
    <dimen name="xxh_852pixels">994dp</dimen>
    <dimen name="xxh_853pixels">995.17dp</dimen>
    <dimen name="xxh_854pixels">996.33dp</dimen>
    <dimen name="xxh_855pixels">997.5dp</dimen>
    <dimen name="xxh_856pixels">998.67dp</dimen>
    <dimen name="xxh_857pixels">999.83dp</dimen>
    <dimen name="xxh_858pixels">1001dp</dimen>
    <dimen name="xxh_859pixels">1002.17dp</dimen>
    <dimen name="xxh_860pixels">1003.33dp</dimen>
    <dimen name="xxh_861pixels">1004.5dp</dimen>
    <dimen name="xxh_862pixels">1005.67dp</dimen>
    <dimen name="xxh_863pixels">1006.83dp</dimen>
    <dimen name="xxh_864pixels">1008dp</dimen>
    <dimen name="xxh_865pixels">1009.17dp</dimen>
    <dimen name="xxh_866pixels">1010.33dp</dimen>
    <dimen name="xxh_867pixels">1011.5dp</dimen>
    <dimen name="xxh_868pixels">1012.67dp</dimen>
    <dimen name="xxh_869pixels">1013.83dp</dimen>
    <dimen name="xxh_870pixels">1015dp</dimen>
    <dimen name="xxh_871pixels">1016.17dp</dimen>
    <dimen name="xxh_872pixels">1017.33dp</dimen>
    <dimen name="xxh_873pixels">1018.5dp</dimen>
    <dimen name="xxh_874pixels">1019.67dp</dimen>
    <dimen name="xxh_875pixels">1020.83dp</dimen>
    <dimen name="xxh_876pixels">1022dp</dimen>
    <dimen name="xxh_877pixels">1023.17dp</dimen>
    <dimen name="xxh_878pixels">1024.33dp</dimen>
    <dimen name="xxh_879pixels">1025.5dp</dimen>
    <dimen name="xxh_880pixels">1026.67dp</dimen>
    <dimen name="xxh_881pixels">1027.83dp</dimen>
    <dimen name="xxh_882pixels">1029dp</dimen>
    <dimen name="xxh_883pixels">1030.17dp</dimen>
    <dimen name="xxh_884pixels">1031.33dp</dimen>
    <dimen name="xxh_885pixels">1032.5dp</dimen>
    <dimen name="xxh_886pixels">1033.67dp</dimen>
    <dimen name="xxh_887pixels">1034.83dp</dimen>
    <dimen name="xxh_888pixels">1036dp</dimen>
    <dimen name="xxh_889pixels">1037.17dp</dimen>
    <dimen name="xxh_890pixels">1038.33dp</dimen>
    <dimen name="xxh_891pixels">1039.5dp</dimen>
    <dimen name="xxh_892pixels">1040.67dp</dimen>
    <dimen name="xxh_893pixels">1041.83dp</dimen>
    <dimen name="xxh_894pixels">1043dp</dimen>
    <dimen name="xxh_895pixels">1044.17dp</dimen>
    <dimen name="xxh_896pixels">1045.33dp</dimen>
    <dimen name="xxh_897pixels">1046.5dp</dimen>
    <dimen name="xxh_898pixels">1047.67dp</dimen>
    <dimen name="xxh_899pixels">1048.83dp</dimen>
    <dimen name="xxh_900pixels">1050dp</dimen>
    <dimen name="xxh_901pixels">1051.17dp</dimen>
    <dimen name="xxh_902pixels">1052.33dp</dimen>
    <dimen name="xxh_903pixels">1053.5dp</dimen>
    <dimen name="xxh_904pixels">1054.67dp</dimen>
    <dimen name="xxh_905pixels">1055.83dp</dimen>
    <dimen name="xxh_906pixels">1057dp</dimen>
    <dimen name="xxh_907pixels">1058.17dp</dimen>
    <dimen name="xxh_908pixels">1059.33dp</dimen>
    <dimen name="xxh_909pixels">1060.5dp</dimen>
    <dimen name="xxh_910pixels">1061.67dp</dimen>
    <dimen name="xxh_911pixels">1062.83dp</dimen>
    <dimen name="xxh_912pixels">1064dp</dimen>
    <dimen name="xxh_913pixels">1065.17dp</dimen>
    <dimen name="xxh_914pixels">1066.33dp</dimen>
    <dimen name="xxh_915pixels">1067.5dp</dimen>
    <dimen name="xxh_916pixels">1068.67dp</dimen>
    <dimen name="xxh_917pixels">1069.83dp</dimen>
    <dimen name="xxh_918pixels">1071dp</dimen>
    <dimen name="xxh_919pixels">1072.17dp</dimen>
    <dimen name="xxh_920pixels">1073.33dp</dimen>
    <dimen name="xxh_921pixels">1074.5dp</dimen>
    <dimen name="xxh_922pixels">1075.67dp</dimen>
    <dimen name="xxh_923pixels">1076.83dp</dimen>
    <dimen name="xxh_924pixels">1078dp</dimen>
    <dimen name="xxh_925pixels">1079.17dp</dimen>
    <dimen name="xxh_926pixels">1080.33dp</dimen>
    <dimen name="xxh_927pixels">1081.5dp</dimen>
    <dimen name="xxh_928pixels">1082.67dp</dimen>
    <dimen name="xxh_929pixels">1083.83dp</dimen>
    <dimen name="xxh_930pixels">1085dp</dimen>
    <dimen name="xxh_931pixels">1086.17dp</dimen>
    <dimen name="xxh_932pixels">1087.33dp</dimen>
    <dimen name="xxh_933pixels">1088.5dp</dimen>
    <dimen name="xxh_934pixels">1089.67dp</dimen>
    <dimen name="xxh_935pixels">1090.83dp</dimen>
    <dimen name="xxh_936pixels">1092dp</dimen>
    <dimen name="xxh_937pixels">1093.17dp</dimen>
    <dimen name="xxh_938pixels">1094.33dp</dimen>
    <dimen name="xxh_939pixels">1095.5dp</dimen>
    <dimen name="xxh_940pixels">1096.67dp</dimen>
    <dimen name="xxh_941pixels">1097.83dp</dimen>
    <dimen name="xxh_942pixels">1099dp</dimen>
    <dimen name="xxh_943pixels">1100.17dp</dimen>
    <dimen name="xxh_944pixels">1101.33dp</dimen>
    <dimen name="xxh_945pixels">1102.5dp</dimen>
    <dimen name="xxh_946pixels">1103.67dp</dimen>
    <dimen name="xxh_947pixels">1104.83dp</dimen>
    <dimen name="xxh_948pixels">1106dp</dimen>
    <dimen name="xxh_949pixels">1107.17dp</dimen>
    <dimen name="xxh_950pixels">1108.33dp</dimen>
    <dimen name="xxh_951pixels">1109.5dp</dimen>
    <dimen name="xxh_952pixels">1110.67dp</dimen>
    <dimen name="xxh_953pixels">1111.83dp</dimen>
    <dimen name="xxh_954pixels">1113dp</dimen>
    <dimen name="xxh_955pixels">1114.17dp</dimen>
    <dimen name="xxh_956pixels">1115.33dp</dimen>
    <dimen name="xxh_957pixels">1116.5dp</dimen>
    <dimen name="xxh_958pixels">1117.67dp</dimen>
    <dimen name="xxh_959pixels">1118.83dp</dimen>
    <dimen name="xxh_960pixels">1120dp</dimen>
    <dimen name="xxh_961pixels">1121.17dp</dimen>
    <dimen name="xxh_962pixels">1122.33dp</dimen>
    <dimen name="xxh_963pixels">1123.5dp</dimen>
    <dimen name="xxh_964pixels">1124.67dp</dimen>
    <dimen name="xxh_965pixels">1125.83dp</dimen>
    <dimen name="xxh_966pixels">1127dp</dimen>
    <dimen name="xxh_967pixels">1128.17dp</dimen>
    <dimen name="xxh_968pixels">1129.33dp</dimen>
    <dimen name="xxh_969pixels">1130.5dp</dimen>
    <dimen name="xxh_970pixels">1131.67dp</dimen>
    <dimen name="xxh_971pixels">1132.83dp</dimen>
    <dimen name="xxh_972pixels">1134dp</dimen>
    <dimen name="xxh_973pixels">1135.17dp</dimen>
    <dimen name="xxh_974pixels">1136.33dp</dimen>
    <dimen name="xxh_975pixels">1137.5dp</dimen>
    <dimen name="xxh_976pixels">1138.67dp</dimen>
    <dimen name="xxh_977pixels">1139.83dp</dimen>
    <dimen name="xxh_978pixels">1141dp</dimen>
    <dimen name="xxh_979pixels">1142.17dp</dimen>
    <dimen name="xxh_980pixels">1143.33dp</dimen>
    <dimen name="xxh_981pixels">1144.5dp</dimen>
    <dimen name="xxh_982pixels">1145.67dp</dimen>
    <dimen name="xxh_983pixels">1146.83dp</dimen>
    <dimen name="xxh_984pixels">1148dp</dimen>
    <dimen name="xxh_985pixels">1149.17dp</dimen>
    <dimen name="xxh_986pixels">1150.33dp</dimen>
    <dimen name="xxh_987pixels">1151.5dp</dimen>
    <dimen name="xxh_988pixels">1152.67dp</dimen>
    <dimen name="xxh_989pixels">1153.83dp</dimen>
    <dimen name="xxh_990pixels">1155dp</dimen>
    <dimen name="xxh_991pixels">1156.17dp</dimen>
    <dimen name="xxh_992pixels">1157.33dp</dimen>
    <dimen name="xxh_993pixels">1158.5dp</dimen>
    <dimen name="xxh_994pixels">1159.67dp</dimen>
    <dimen name="xxh_995pixels">1160.83dp</dimen>
    <dimen name="xxh_996pixels">1162dp</dimen>
    <dimen name="xxh_997pixels">1163.17dp</dimen>
    <dimen name="xxh_998pixels">1164.33dp</dimen>
    <dimen name="xxh_999pixels">1165.5dp</dimen>
    <dimen name="xxh_1000pixels">1166.67dp</dimen>
    <dimen name="xxh_1001pixels">1167.83dp</dimen>
    <dimen name="xxh_1002pixels">1169dp</dimen>
    <dimen name="xxh_1003pixels">1170.17dp</dimen>
    <dimen name="xxh_1004pixels">1171.33dp</dimen>
    <dimen name="xxh_1005pixels">1172.5dp</dimen>
    <dimen name="xxh_1006pixels">1173.67dp</dimen>
    <dimen name="xxh_1007pixels">1174.83dp</dimen>
    <dimen name="xxh_1008pixels">1176dp</dimen>
    <dimen name="xxh_1009pixels">1177.17dp</dimen>
    <dimen name="xxh_1010pixels">1178.33dp</dimen>
    <dimen name="xxh_1011pixels">1179.5dp</dimen>
    <dimen name="xxh_1012pixels">1180.67dp</dimen>
    <dimen name="xxh_1013pixels">1181.83dp</dimen>
    <dimen name="xxh_1014pixels">1183dp</dimen>
    <dimen name="xxh_1015pixels">1184.17dp</dimen>
    <dimen name="xxh_1016pixels">1185.33dp</dimen>
    <dimen name="xxh_1017pixels">1186.5dp</dimen>
    <dimen name="xxh_1018pixels">1187.67dp</dimen>
    <dimen name="xxh_1019pixels">1188.83dp</dimen>
    <dimen name="xxh_1020pixels">1190dp</dimen>
    <dimen name="xxh_1021pixels">1191.17dp</dimen>
    <dimen name="xxh_1022pixels">1192.33dp</dimen>
    <dimen name="xxh_1023pixels">1193.5dp</dimen>
    <dimen name="xxh_1024pixels">1194.67dp</dimen>
    <dimen name="xxh_1025pixels">1195.83dp</dimen>
    <dimen name="xxh_1026pixels">1197dp</dimen>
    <dimen name="xxh_1027pixels">1198.17dp</dimen>
    <dimen name="xxh_1028pixels">1199.33dp</dimen>
    <dimen name="xxh_1029pixels">1200.5dp</dimen>
    <dimen name="xxh_1030pixels">1201.67dp</dimen>
    <dimen name="xxh_1031pixels">1202.83dp</dimen>
    <dimen name="xxh_1032pixels">1204dp</dimen>
    <dimen name="xxh_1033pixels">1205.17dp</dimen>
    <dimen name="xxh_1034pixels">1206.33dp</dimen>
    <dimen name="xxh_1035pixels">1207.5dp</dimen>
    <dimen name="xxh_1036pixels">1208.67dp</dimen>
    <dimen name="xxh_1037pixels">1209.83dp</dimen>
    <dimen name="xxh_1038pixels">1211dp</dimen>
    <dimen name="xxh_1039pixels">1212.17dp</dimen>
    <dimen name="xxh_1040pixels">1213.33dp</dimen>
    <dimen name="xxh_1041pixels">1214.5dp</dimen>
    <dimen name="xxh_1042pixels">1215.67dp</dimen>
    <dimen name="xxh_1043pixels">1216.83dp</dimen>
    <dimen name="xxh_1044pixels">1218dp</dimen>
    <dimen name="xxh_1045pixels">1219.17dp</dimen>
    <dimen name="xxh_1046pixels">1220.33dp</dimen>
    <dimen name="xxh_1047pixels">1221.5dp</dimen>
    <dimen name="xxh_1048pixels">1222.67dp</dimen>
    <dimen name="xxh_1049pixels">1223.83dp</dimen>
    <dimen name="xxh_1050pixels">1225dp</dimen>
    <dimen name="xxh_1051pixels">1226.17dp</dimen>
    <dimen name="xxh_1052pixels">1227.33dp</dimen>
    <dimen name="xxh_1053pixels">1228.5dp</dimen>
    <dimen name="xxh_1054pixels">1229.67dp</dimen>
    <dimen name="xxh_1055pixels">1230.83dp</dimen>
    <dimen name="xxh_1056pixels">1232dp</dimen>
    <dimen name="xxh_1057pixels">1233.17dp</dimen>
    <dimen name="xxh_1058pixels">1234.33dp</dimen>
    <dimen name="xxh_1059pixels">1235.5dp</dimen>
    <dimen name="xxh_1060pixels">1236.67dp</dimen>
    <dimen name="xxh_1061pixels">1237.83dp</dimen>
    <dimen name="xxh_1062pixels">1239dp</dimen>
    <dimen name="xxh_1063pixels">1240.17dp</dimen>
    <dimen name="xxh_1064pixels">1241.33dp</dimen>
    <dimen name="xxh_1065pixels">1242.5dp</dimen>
    <dimen name="xxh_1066pixels">1243.67dp</dimen>
    <dimen name="xxh_1067pixels">1244.83dp</dimen>
    <dimen name="xxh_1068pixels">1246dp</dimen>
    <dimen name="xxh_1069pixels">1247.17dp</dimen>
    <dimen name="xxh_1070pixels">1248.33dp</dimen>
    <dimen name="xxh_1071pixels">1249.5dp</dimen>
    <dimen name="xxh_1072pixels">1250.67dp</dimen>
    <dimen name="xxh_1073pixels">1251.83dp</dimen>
    <dimen name="xxh_1074pixels">1253dp</dimen>
    <dimen name="xxh_1075pixels">1254.17dp</dimen>
    <dimen name="xxh_1076pixels">1255.33dp</dimen>
    <dimen name="xxh_1077pixels">1256.5dp</dimen>
    <dimen name="xxh_1078pixels">1257.67dp</dimen>
    <dimen name="xxh_1079pixels">1258.83dp</dimen>
    <dimen name="xxh_1080pixels">1260dp</dimen>
    <dimen name="xxh_1081pixels">1261.17dp</dimen>
    <dimen name="xxh_1082pixels">1262.33dp</dimen>
    <dimen name="xxh_1083pixels">1263.5dp</dimen>
    <dimen name="xxh_1084pixels">1264.67dp</dimen>
    <dimen name="xxh_1085pixels">1265.83dp</dimen>
    <dimen name="xxh_1086pixels">1267dp</dimen>
    <dimen name="xxh_1087pixels">1268.17dp</dimen>
    <dimen name="xxh_1088pixels">1269.33dp</dimen>
    <dimen name="xxh_1089pixels">1270.5dp</dimen>
    <dimen name="xxh_1090pixels">1271.67dp</dimen>
    <dimen name="xxh_1091pixels">1272.83dp</dimen>
    <dimen name="xxh_1092pixels">1274dp</dimen>
    <dimen name="xxh_1093pixels">1275.17dp</dimen>
    <dimen name="xxh_1094pixels">1276.33dp</dimen>
    <dimen name="xxh_1095pixels">1277.5dp</dimen>
    <dimen name="xxh_1096pixels">1278.67dp</dimen>
    <dimen name="xxh_1097pixels">1279.83dp</dimen>
    <dimen name="xxh_1098pixels">1281dp</dimen>
    <dimen name="xxh_1099pixels">1282.17dp</dimen>
    <dimen name="xxh_1100pixels">1283.33dp</dimen>
    <dimen name="xxh_1101pixels">1284.5dp</dimen>
    <dimen name="xxh_1102pixels">1285.67dp</dimen>
    <dimen name="xxh_1103pixels">1286.83dp</dimen>
    <dimen name="xxh_1104pixels">1288dp</dimen>
    <dimen name="xxh_1105pixels">1289.17dp</dimen>
    <dimen name="xxh_1106pixels">1290.33dp</dimen>
    <dimen name="xxh_1107pixels">1291.5dp</dimen>
    <dimen name="xxh_1108pixels">1292.67dp</dimen>
    <dimen name="xxh_1109pixels">1293.83dp</dimen>
    <dimen name="xxh_1110pixels">1295dp</dimen>
    <dimen name="xxh_1111pixels">1296.17dp</dimen>
    <dimen name="xxh_1112pixels">1297.33dp</dimen>
    <dimen name="xxh_1113pixels">1298.5dp</dimen>
    <dimen name="xxh_1114pixels">1299.67dp</dimen>
    <dimen name="xxh_1115pixels">1300.83dp</dimen>
    <dimen name="xxh_1116pixels">1302dp</dimen>
    <dimen name="xxh_1117pixels">1303.17dp</dimen>
    <dimen name="xxh_1118pixels">1304.33dp</dimen>
    <dimen name="xxh_1119pixels">1305.5dp</dimen>
    <dimen name="xxh_1120pixels">1306.67dp</dimen>
    <dimen name="xxh_1121pixels">1307.83dp</dimen>
    <dimen name="xxh_1122pixels">1309dp</dimen>
    <dimen name="xxh_1123pixels">1310.17dp</dimen>
    <dimen name="xxh_1124pixels">1311.33dp</dimen>
    <dimen name="xxh_1125pixels">1312.5dp</dimen>
    <dimen name="xxh_1126pixels">1313.67dp</dimen>
    <dimen name="xxh_1127pixels">1314.83dp</dimen>
    <dimen name="xxh_1128pixels">1316dp</dimen>
    <dimen name="xxh_1129pixels">1317.17dp</dimen>
    <dimen name="xxh_1130pixels">1318.33dp</dimen>
    <dimen name="xxh_1131pixels">1319.5dp</dimen>
    <dimen name="xxh_1132pixels">1320.67dp</dimen>
    <dimen name="xxh_1133pixels">1321.83dp</dimen>
    <dimen name="xxh_1134pixels">1323dp</dimen>
    <dimen name="xxh_1135pixels">1324.17dp</dimen>
    <dimen name="xxh_1136pixels">1325.33dp</dimen>
    <dimen name="xxh_1137pixels">1326.5dp</dimen>
    <dimen name="xxh_1138pixels">1327.67dp</dimen>
    <dimen name="xxh_1139pixels">1328.83dp</dimen>
    <dimen name="xxh_1140pixels">1330dp</dimen>
    <dimen name="xxh_1141pixels">1331.17dp</dimen>
    <dimen name="xxh_1142pixels">1332.33dp</dimen>
    <dimen name="xxh_1143pixels">1333.5dp</dimen>
    <dimen name="xxh_1144pixels">1334.67dp</dimen>
    <dimen name="xxh_1145pixels">1335.83dp</dimen>
    <dimen name="xxh_1146pixels">1337dp</dimen>
    <dimen name="xxh_1147pixels">1338.17dp</dimen>
    <dimen name="xxh_1148pixels">1339.33dp</dimen>
    <dimen name="xxh_1149pixels">1340.5dp</dimen>
    <dimen name="xxh_1150pixels">1341.67dp</dimen>
    <dimen name="xxh_1151pixels">1342.83dp</dimen>
    <dimen name="xxh_1152pixels">1344dp</dimen>
    <dimen name="xxh_1153pixels">1345.17dp</dimen>
    <dimen name="xxh_1154pixels">1346.33dp</dimen>
    <dimen name="xxh_1155pixels">1347.5dp</dimen>
    <dimen name="xxh_1156pixels">1348.67dp</dimen>
    <dimen name="xxh_1157pixels">1349.83dp</dimen>
    <dimen name="xxh_1158pixels">1351dp</dimen>
    <dimen name="xxh_1159pixels">1352.17dp</dimen>
    <dimen name="xxh_1160pixels">1353.33dp</dimen>
    <dimen name="xxh_1161pixels">1354.5dp</dimen>
    <dimen name="xxh_1162pixels">1355.67dp</dimen>
    <dimen name="xxh_1163pixels">1356.83dp</dimen>
    <dimen name="xxh_1164pixels">1358dp</dimen>
    <dimen name="xxh_1165pixels">1359.17dp</dimen>
    <dimen name="xxh_1166pixels">1360.33dp</dimen>
    <dimen name="xxh_1167pixels">1361.5dp</dimen>
    <dimen name="xxh_1168pixels">1362.67dp</dimen>
    <dimen name="xxh_1169pixels">1363.83dp</dimen>
    <dimen name="xxh_1170pixels">1365dp</dimen>
    <dimen name="xxh_1171pixels">1366.17dp</dimen>
    <dimen name="xxh_1172pixels">1367.33dp</dimen>
    <dimen name="xxh_1173pixels">1368.5dp</dimen>
    <dimen name="xxh_1174pixels">1369.67dp</dimen>
    <dimen name="xxh_1175pixels">1370.83dp</dimen>
    <dimen name="xxh_1176pixels">1372dp</dimen>
    <dimen name="xxh_1177pixels">1373.17dp</dimen>
    <dimen name="xxh_1178pixels">1374.33dp</dimen>
    <dimen name="xxh_1179pixels">1375.5dp</dimen>
    <dimen name="xxh_1180pixels">1376.67dp</dimen>
    <dimen name="xxh_1181pixels">1377.83dp</dimen>
    <dimen name="xxh_1182pixels">1379dp</dimen>
    <dimen name="xxh_1183pixels">1380.17dp</dimen>
    <dimen name="xxh_1184pixels">1381.33dp</dimen>
    <dimen name="xxh_1185pixels">1382.5dp</dimen>
    <dimen name="xxh_1186pixels">1383.67dp</dimen>
    <dimen name="xxh_1187pixels">1384.83dp</dimen>
    <dimen name="xxh_1188pixels">1386dp</dimen>
    <dimen name="xxh_1189pixels">1387.17dp</dimen>
    <dimen name="xxh_1190pixels">1388.33dp</dimen>
    <dimen name="xxh_1191pixels">1389.5dp</dimen>
    <dimen name="xxh_1192pixels">1390.67dp</dimen>
    <dimen name="xxh_1193pixels">1391.83dp</dimen>
    <dimen name="xxh_1194pixels">1393dp</dimen>
    <dimen name="xxh_1195pixels">1394.17dp</dimen>
    <dimen name="xxh_1196pixels">1395.33dp</dimen>
    <dimen name="xxh_1197pixels">1396.5dp</dimen>
    <dimen name="xxh_1198pixels">1397.67dp</dimen>
    <dimen name="xxh_1199pixels">1398.83dp</dimen>
    <dimen name="xxh_1200pixels">1400dp</dimen>
    <dimen name="xxh_1201pixels">1401.17dp</dimen>
    <dimen name="xxh_1202pixels">1402.33dp</dimen>
    <dimen name="xxh_1203pixels">1403.5dp</dimen>
    <dimen name="xxh_1204pixels">1404.67dp</dimen>
    <dimen name="xxh_1205pixels">1405.83dp</dimen>
    <dimen name="xxh_1206pixels">1407dp</dimen>
    <dimen name="xxh_1207pixels">1408.17dp</dimen>
    <dimen name="xxh_1208pixels">1409.33dp</dimen>
    <dimen name="xxh_1209pixels">1410.5dp</dimen>
    <dimen name="xxh_1210pixels">1411.67dp</dimen>
    <dimen name="xxh_1211pixels">1412.83dp</dimen>
    <dimen name="xxh_1212pixels">1414dp</dimen>
    <dimen name="xxh_1213pixels">1415.17dp</dimen>
    <dimen name="xxh_1214pixels">1416.33dp</dimen>
    <dimen name="xxh_1215pixels">1417.5dp</dimen>
    <dimen name="xxh_1216pixels">1418.67dp</dimen>
    <dimen name="xxh_1217pixels">1419.83dp</dimen>
    <dimen name="xxh_1218pixels">1421dp</dimen>
    <dimen name="xxh_1219pixels">1422.17dp</dimen>
    <dimen name="xxh_1220pixels">1423.33dp</dimen>
    <dimen name="xxh_1221pixels">1424.5dp</dimen>
    <dimen name="xxh_1222pixels">1425.67dp</dimen>
    <dimen name="xxh_1223pixels">1426.83dp</dimen>
    <dimen name="xxh_1224pixels">1428dp</dimen>
    <dimen name="xxh_1225pixels">1429.17dp</dimen>
    <dimen name="xxh_1226pixels">1430.33dp</dimen>
    <dimen name="xxh_1227pixels">1431.5dp</dimen>
    <dimen name="xxh_1228pixels">1432.67dp</dimen>
    <dimen name="xxh_1229pixels">1433.83dp</dimen>
    <dimen name="xxh_1230pixels">1435dp</dimen>
    <dimen name="xxh_1231pixels">1436.17dp</dimen>
    <dimen name="xxh_1232pixels">1437.33dp</dimen>
    <dimen name="xxh_1233pixels">1438.5dp</dimen>
    <dimen name="xxh_1234pixels">1439.67dp</dimen>
    <dimen name="xxh_1235pixels">1440.83dp</dimen>
    <dimen name="xxh_1236pixels">1442dp</dimen>
    <dimen name="xxh_1237pixels">1443.17dp</dimen>
    <dimen name="xxh_1238pixels">1444.33dp</dimen>
    <dimen name="xxh_1239pixels">1445.5dp</dimen>
    <dimen name="xxh_1240pixels">1446.67dp</dimen>
    <dimen name="xxh_1241pixels">1447.83dp</dimen>
    <dimen name="xxh_1242pixels">1449dp</dimen>
    <dimen name="xxh_1243pixels">1450.17dp</dimen>
    <dimen name="xxh_1244pixels">1451.33dp</dimen>
    <dimen name="xxh_1245pixels">1452.5dp</dimen>
    <dimen name="xxh_1246pixels">1453.67dp</dimen>
    <dimen name="xxh_1247pixels">1454.83dp</dimen>
    <dimen name="xxh_1248pixels">1456dp</dimen>
    <dimen name="xxh_1249pixels">1457.17dp</dimen>
    <dimen name="xxh_1250pixels">1458.33dp</dimen>
    <dimen name="xxh_1251pixels">1459.5dp</dimen>
    <dimen name="xxh_1252pixels">1460.67dp</dimen>
    <dimen name="xxh_1253pixels">1461.83dp</dimen>
    <dimen name="xxh_1254pixels">1463dp</dimen>
    <dimen name="xxh_1255pixels">1464.17dp</dimen>
    <dimen name="xxh_1256pixels">1465.33dp</dimen>
    <dimen name="xxh_1257pixels">1466.5dp</dimen>
    <dimen name="xxh_1258pixels">1467.67dp</dimen>
    <dimen name="xxh_1259pixels">1468.83dp</dimen>
    <dimen name="xxh_1260pixels">1470dp</dimen>
    <dimen name="xxh_1261pixels">1471.17dp</dimen>
    <dimen name="xxh_1262pixels">1472.33dp</dimen>
    <dimen name="xxh_1263pixels">1473.5dp</dimen>
    <dimen name="xxh_1264pixels">1474.67dp</dimen>
    <dimen name="xxh_1265pixels">1475.83dp</dimen>
    <dimen name="xxh_1266pixels">1477dp</dimen>
    <dimen name="xxh_1267pixels">1478.17dp</dimen>
    <dimen name="xxh_1268pixels">1479.33dp</dimen>
    <dimen name="xxh_1269pixels">1480.5dp</dimen>
    <dimen name="xxh_1270pixels">1481.67dp</dimen>
    <dimen name="xxh_1271pixels">1482.83dp</dimen>
    <dimen name="xxh_1272pixels">1484dp</dimen>
    <dimen name="xxh_1273pixels">1485.17dp</dimen>
    <dimen name="xxh_1274pixels">1486.33dp</dimen>
    <dimen name="xxh_1275pixels">1487.5dp</dimen>
    <dimen name="xxh_1276pixels">1488.67dp</dimen>
    <dimen name="xxh_1277pixels">1489.83dp</dimen>
    <dimen name="xxh_1278pixels">1491dp</dimen>
    <dimen name="xxh_1279pixels">1492.17dp</dimen>
    <dimen name="xxh_1280pixels">1493.33dp</dimen>
    <dimen name="xxh_1281pixels">1494.5dp</dimen>
    <dimen name="xxh_1282pixels">1495.67dp</dimen>
    <dimen name="xxh_1283pixels">1496.83dp</dimen>
    <dimen name="xxh_1284pixels">1498dp</dimen>
    <dimen name="xxh_1285pixels">1499.17dp</dimen>
    <dimen name="xxh_1286pixels">1500.33dp</dimen>
    <dimen name="xxh_1287pixels">1501.5dp</dimen>
    <dimen name="xxh_1288pixels">1502.67dp</dimen>
    <dimen name="xxh_1289pixels">1503.83dp</dimen>
    <dimen name="xxh_1290pixels">1505dp</dimen>
    <dimen name="xxh_1291pixels">1506.17dp</dimen>
    <dimen name="xxh_1292pixels">1507.33dp</dimen>
    <dimen name="xxh_1293pixels">1508.5dp</dimen>
    <dimen name="xxh_1294pixels">1509.67dp</dimen>
    <dimen name="xxh_1295pixels">1510.83dp</dimen>
    <dimen name="xxh_1296pixels">1512dp</dimen>
    <dimen name="xxh_1297pixels">1513.17dp</dimen>
    <dimen name="xxh_1298pixels">1514.33dp</dimen>
    <dimen name="xxh_1299pixels">1515.5dp</dimen>
    <dimen name="xxh_1300pixels">1516.67dp</dimen>
    <dimen name="xxh_1301pixels">1517.83dp</dimen>
    <dimen name="xxh_1302pixels">1519dp</dimen>
    <dimen name="xxh_1303pixels">1520.17dp</dimen>
    <dimen name="xxh_1304pixels">1521.33dp</dimen>
    <dimen name="xxh_1305pixels">1522.5dp</dimen>
    <dimen name="xxh_1306pixels">1523.67dp</dimen>
    <dimen name="xxh_1307pixels">1524.83dp</dimen>
    <dimen name="xxh_1308pixels">1526dp</dimen>
    <dimen name="xxh_1309pixels">1527.17dp</dimen>
    <dimen name="xxh_1310pixels">1528.33dp</dimen>
    <dimen name="xxh_1311pixels">1529.5dp</dimen>
    <dimen name="xxh_1312pixels">1530.67dp</dimen>
    <dimen name="xxh_1313pixels">1531.83dp</dimen>
    <dimen name="xxh_1314pixels">1533dp</dimen>
    <dimen name="xxh_1315pixels">1534.17dp</dimen>
    <dimen name="xxh_1316pixels">1535.33dp</dimen>
    <dimen name="xxh_1317pixels">1536.5dp</dimen>
    <dimen name="xxh_1318pixels">1537.67dp</dimen>
    <dimen name="xxh_1319pixels">1538.83dp</dimen>
    <dimen name="xxh_1320pixels">1540dp</dimen>
    <dimen name="xxh_1321pixels">1541.17dp</dimen>
    <dimen name="xxh_1322pixels">1542.33dp</dimen>
    <dimen name="xxh_1323pixels">1543.5dp</dimen>
    <dimen name="xxh_1324pixels">1544.67dp</dimen>
    <dimen name="xxh_1325pixels">1545.83dp</dimen>
    <dimen name="xxh_1326pixels">1547dp</dimen>
    <dimen name="xxh_1327pixels">1548.17dp</dimen>
    <dimen name="xxh_1328pixels">1549.33dp</dimen>
    <dimen name="xxh_1329pixels">1550.5dp</dimen>
    <dimen name="xxh_1330pixels">1551.67dp</dimen>
    <dimen name="xxh_1331pixels">1552.83dp</dimen>
    <dimen name="xxh_1332pixels">1554dp</dimen>
    <dimen name="xxh_1333pixels">1555.17dp</dimen>
    <dimen name="xxh_1334pixels">1556.33dp</dimen>
    <dimen name="xxh_1335pixels">1557.5dp</dimen>
    <dimen name="xxh_1336pixels">1558.67dp</dimen>
    <dimen name="xxh_1337pixels">1559.83dp</dimen>
    <dimen name="xxh_1338pixels">1561dp</dimen>
    <dimen name="xxh_1339pixels">1562.17dp</dimen>
    <dimen name="xxh_1340pixels">1563.33dp</dimen>
    <dimen name="xxh_1341pixels">1564.5dp</dimen>
    <dimen name="xxh_1342pixels">1565.67dp</dimen>
    <dimen name="xxh_1343pixels">1566.83dp</dimen>
    <dimen name="xxh_1344pixels">1568dp</dimen>
    <dimen name="xxh_1345pixels">1569.17dp</dimen>
    <dimen name="xxh_1346pixels">1570.33dp</dimen>
    <dimen name="xxh_1347pixels">1571.5dp</dimen>
    <dimen name="xxh_1348pixels">1572.67dp</dimen>
    <dimen name="xxh_1349pixels">1573.83dp</dimen>
    <dimen name="xxh_1350pixels">1575dp</dimen>
    <dimen name="xxh_1351pixels">1576.17dp</dimen>
    <dimen name="xxh_1352pixels">1577.33dp</dimen>
    <dimen name="xxh_1353pixels">1578.5dp</dimen>
    <dimen name="xxh_1354pixels">1579.67dp</dimen>
    <dimen name="xxh_1355pixels">1580.83dp</dimen>
    <dimen name="xxh_1356pixels">1582dp</dimen>
    <dimen name="xxh_1357pixels">1583.17dp</dimen>
    <dimen name="xxh_1358pixels">1584.33dp</dimen>
    <dimen name="xxh_1359pixels">1585.5dp</dimen>
    <dimen name="xxh_1360pixels">1586.67dp</dimen>
    <dimen name="xxh_1361pixels">1587.83dp</dimen>
    <dimen name="xxh_1362pixels">1589dp</dimen>
    <dimen name="xxh_1363pixels">1590.17dp</dimen>
    <dimen name="xxh_1364pixels">1591.33dp</dimen>
    <dimen name="xxh_1365pixels">1592.5dp</dimen>
    <dimen name="xxh_1366pixels">1593.67dp</dimen>
    <dimen name="xxh_1367pixels">1594.83dp</dimen>
    <dimen name="xxh_1368pixels">1596dp</dimen>
    <dimen name="xxh_1369pixels">1597.17dp</dimen>
    <dimen name="xxh_1370pixels">1598.33dp</dimen>
    <dimen name="xxh_1371pixels">1599.5dp</dimen>
    <dimen name="xxh_1372pixels">1600.67dp</dimen>
    <dimen name="xxh_1373pixels">1601.83dp</dimen>
    <dimen name="xxh_1374pixels">1603dp</dimen>
    <dimen name="xxh_1375pixels">1604.17dp</dimen>
    <dimen name="xxh_1376pixels">1605.33dp</dimen>
    <dimen name="xxh_1377pixels">1606.5dp</dimen>
    <dimen name="xxh_1378pixels">1607.67dp</dimen>
    <dimen name="xxh_1379pixels">1608.83dp</dimen>
    <dimen name="xxh_1380pixels">1610dp</dimen>
    <dimen name="xxh_1381pixels">1611.17dp</dimen>
    <dimen name="xxh_1382pixels">1612.33dp</dimen>
    <dimen name="xxh_1383pixels">1613.5dp</dimen>
    <dimen name="xxh_1384pixels">1614.67dp</dimen>
    <dimen name="xxh_1385pixels">1615.83dp</dimen>
    <dimen name="xxh_1386pixels">1617dp</dimen>
    <dimen name="xxh_1387pixels">1618.17dp</dimen>
    <dimen name="xxh_1388pixels">1619.33dp</dimen>
    <dimen name="xxh_1389pixels">1620.5dp</dimen>
    <dimen name="xxh_1390pixels">1621.67dp</dimen>
    <dimen name="xxh_1391pixels">1622.83dp</dimen>
    <dimen name="xxh_1392pixels">1624dp</dimen>
    <dimen name="xxh_1393pixels">1625.17dp</dimen>
    <dimen name="xxh_1394pixels">1626.33dp</dimen>
    <dimen name="xxh_1395pixels">1627.5dp</dimen>
    <dimen name="xxh_1396pixels">1628.67dp</dimen>
    <dimen name="xxh_1397pixels">1629.83dp</dimen>
    <dimen name="xxh_1398pixels">1631dp</dimen>
    <dimen name="xxh_1399pixels">1632.17dp</dimen>
    <dimen name="xxh_1400pixels">1633.33dp</dimen>
    <dimen name="xxh_1401pixels">1634.5dp</dimen>
    <dimen name="xxh_1402pixels">1635.67dp</dimen>
    <dimen name="xxh_1403pixels">1636.83dp</dimen>
    <dimen name="xxh_1404pixels">1638dp</dimen>
    <dimen name="xxh_1405pixels">1639.17dp</dimen>
    <dimen name="xxh_1406pixels">1640.33dp</dimen>
    <dimen name="xxh_1407pixels">1641.5dp</dimen>
    <dimen name="xxh_1408pixels">1642.67dp</dimen>
    <dimen name="xxh_1409pixels">1643.83dp</dimen>
    <dimen name="xxh_1410pixels">1645dp</dimen>
    <dimen name="xxh_1411pixels">1646.17dp</dimen>
    <dimen name="xxh_1412pixels">1647.33dp</dimen>
    <dimen name="xxh_1413pixels">1648.5dp</dimen>
    <dimen name="xxh_1414pixels">1649.67dp</dimen>
    <dimen name="xxh_1415pixels">1650.83dp</dimen>
    <dimen name="xxh_1416pixels">1652dp</dimen>
    <dimen name="xxh_1417pixels">1653.17dp</dimen>
    <dimen name="xxh_1418pixels">1654.33dp</dimen>
    <dimen name="xxh_1419pixels">1655.5dp</dimen>
    <dimen name="xxh_1420pixels">1656.67dp</dimen>
    <dimen name="xxh_1421pixels">1657.83dp</dimen>
    <dimen name="xxh_1422pixels">1659dp</dimen>
    <dimen name="xxh_1423pixels">1660.17dp</dimen>
    <dimen name="xxh_1424pixels">1661.33dp</dimen>
    <dimen name="xxh_1425pixels">1662.5dp</dimen>
    <dimen name="xxh_1426pixels">1663.67dp</dimen>
    <dimen name="xxh_1427pixels">1664.83dp</dimen>
    <dimen name="xxh_1428pixels">1666dp</dimen>
    <dimen name="xxh_1429pixels">1667.17dp</dimen>
    <dimen name="xxh_1430pixels">1668.33dp</dimen>
    <dimen name="xxh_1431pixels">1669.5dp</dimen>
    <dimen name="xxh_1432pixels">1670.67dp</dimen>
    <dimen name="xxh_1433pixels">1671.83dp</dimen>
    <dimen name="xxh_1434pixels">1673dp</dimen>
    <dimen name="xxh_1435pixels">1674.17dp</dimen>
    <dimen name="xxh_1436pixels">1675.33dp</dimen>
    <dimen name="xxh_1437pixels">1676.5dp</dimen>
    <dimen name="xxh_1438pixels">1677.67dp</dimen>
    <dimen name="xxh_1439pixels">1678.83dp</dimen>
    <dimen name="xxh_1440pixels">1680dp</dimen>
    <dimen name="xxh_1441pixels">1681.17dp</dimen>
    <dimen name="xxh_1442pixels">1682.33dp</dimen>
    <dimen name="xxh_1443pixels">1683.5dp</dimen>
    <dimen name="xxh_1444pixels">1684.67dp</dimen>
    <dimen name="xxh_1445pixels">1685.83dp</dimen>
    <dimen name="xxh_1446pixels">1687dp</dimen>
    <dimen name="xxh_1447pixels">1688.17dp</dimen>
    <dimen name="xxh_1448pixels">1689.33dp</dimen>
    <dimen name="xxh_1449pixels">1690.5dp</dimen>
    <dimen name="xxh_1450pixels">1691.67dp</dimen>
    <dimen name="xxh_1451pixels">1692.83dp</dimen>
    <dimen name="xxh_1452pixels">1694dp</dimen>
    <dimen name="xxh_1453pixels">1695.17dp</dimen>
    <dimen name="xxh_1454pixels">1696.33dp</dimen>
    <dimen name="xxh_1455pixels">1697.5dp</dimen>
    <dimen name="xxh_1456pixels">1698.67dp</dimen>
    <dimen name="xxh_1457pixels">1699.83dp</dimen>
    <dimen name="xxh_1458pixels">1701dp</dimen>
    <dimen name="xxh_1459pixels">1702.17dp</dimen>
    <dimen name="xxh_1460pixels">1703.33dp</dimen>
    <dimen name="xxh_1461pixels">1704.5dp</dimen>
    <dimen name="xxh_1462pixels">1705.67dp</dimen>
    <dimen name="xxh_1463pixels">1706.83dp</dimen>
    <dimen name="xxh_1464pixels">1708dp</dimen>
    <dimen name="xxh_1465pixels">1709.17dp</dimen>
    <dimen name="xxh_1466pixels">1710.33dp</dimen>
    <dimen name="xxh_1467pixels">1711.5dp</dimen>
    <dimen name="xxh_1468pixels">1712.67dp</dimen>
    <dimen name="xxh_1469pixels">1713.83dp</dimen>
    <dimen name="xxh_1470pixels">1715dp</dimen>
    <dimen name="xxh_1471pixels">1716.17dp</dimen>
    <dimen name="xxh_1472pixels">1717.33dp</dimen>
    <dimen name="xxh_1473pixels">1718.5dp</dimen>
    <dimen name="xxh_1474pixels">1719.67dp</dimen>
    <dimen name="xxh_1475pixels">1720.83dp</dimen>
    <dimen name="xxh_1476pixels">1722dp</dimen>
    <dimen name="xxh_1477pixels">1723.17dp</dimen>
    <dimen name="xxh_1478pixels">1724.33dp</dimen>
    <dimen name="xxh_1479pixels">1725.5dp</dimen>
    <dimen name="xxh_1480pixels">1726.67dp</dimen>
    <dimen name="xxh_1481pixels">1727.83dp</dimen>
    <dimen name="xxh_1482pixels">1729dp</dimen>
    <dimen name="xxh_1483pixels">1730.17dp</dimen>
    <dimen name="xxh_1484pixels">1731.33dp</dimen>
    <dimen name="xxh_1485pixels">1732.5dp</dimen>
    <dimen name="xxh_1486pixels">1733.67dp</dimen>
    <dimen name="xxh_1487pixels">1734.83dp</dimen>
    <dimen name="xxh_1488pixels">1736dp</dimen>
    <dimen name="xxh_1489pixels">1737.17dp</dimen>
    <dimen name="xxh_1490pixels">1738.33dp</dimen>
    <dimen name="xxh_1491pixels">1739.5dp</dimen>
    <dimen name="xxh_1492pixels">1740.67dp</dimen>
    <dimen name="xxh_1493pixels">1741.83dp</dimen>
    <dimen name="xxh_1494pixels">1743dp</dimen>
    <dimen name="xxh_1495pixels">1744.17dp</dimen>
    <dimen name="xxh_1496pixels">1745.33dp</dimen>
    <dimen name="xxh_1497pixels">1746.5dp</dimen>
    <dimen name="xxh_1498pixels">1747.67dp</dimen>
    <dimen name="xxh_1499pixels">1748.83dp</dimen>
    <dimen name="xxh_1500pixels">1750dp</dimen>
    <dimen name="xxh_1501pixels">1751.17dp</dimen>
    <dimen name="xxh_1502pixels">1752.33dp</dimen>
    <dimen name="xxh_1503pixels">1753.5dp</dimen>
    <dimen name="xxh_1504pixels">1754.67dp</dimen>
    <dimen name="xxh_1505pixels">1755.83dp</dimen>
    <dimen name="xxh_1506pixels">1757dp</dimen>
    <dimen name="xxh_1507pixels">1758.17dp</dimen>
    <dimen name="xxh_1508pixels">1759.33dp</dimen>
    <dimen name="xxh_1509pixels">1760.5dp</dimen>
    <dimen name="xxh_1510pixels">1761.67dp</dimen>
    <dimen name="xxh_1511pixels">1762.83dp</dimen>
    <dimen name="xxh_1512pixels">1764dp</dimen>
    <dimen name="xxh_1513pixels">1765.17dp</dimen>
    <dimen name="xxh_1514pixels">1766.33dp</dimen>
    <dimen name="xxh_1515pixels">1767.5dp</dimen>
    <dimen name="xxh_1516pixels">1768.67dp</dimen>
    <dimen name="xxh_1517pixels">1769.83dp</dimen>
    <dimen name="xxh_1518pixels">1771dp</dimen>
    <dimen name="xxh_1519pixels">1772.17dp</dimen>
    <dimen name="xxh_1520pixels">1773.33dp</dimen>
    <dimen name="xxh_1521pixels">1774.5dp</dimen>
    <dimen name="xxh_1522pixels">1775.67dp</dimen>
    <dimen name="xxh_1523pixels">1776.83dp</dimen>
    <dimen name="xxh_1524pixels">1778dp</dimen>
    <dimen name="xxh_1525pixels">1779.17dp</dimen>
    <dimen name="xxh_1526pixels">1780.33dp</dimen>
    <dimen name="xxh_1527pixels">1781.5dp</dimen>
    <dimen name="xxh_1528pixels">1782.67dp</dimen>
    <dimen name="xxh_1529pixels">1783.83dp</dimen>
    <dimen name="xxh_1530pixels">1785dp</dimen>
    <dimen name="xxh_1531pixels">1786.17dp</dimen>
    <dimen name="xxh_1532pixels">1787.33dp</dimen>
    <dimen name="xxh_1533pixels">1788.5dp</dimen>
    <dimen name="xxh_1534pixels">1789.67dp</dimen>
    <dimen name="xxh_1535pixels">1790.83dp</dimen>
    <dimen name="xxh_1536pixels">1792dp</dimen>
    <dimen name="xxh_1537pixels">1793.17dp</dimen>
    <dimen name="xxh_1538pixels">1794.33dp</dimen>
    <dimen name="xxh_1539pixels">1795.5dp</dimen>
    <dimen name="xxh_1540pixels">1796.67dp</dimen>
    <dimen name="xxh_1541pixels">1797.83dp</dimen>
    <dimen name="xxh_1542pixels">1799dp</dimen>
    <dimen name="xxh_1543pixels">1800.17dp</dimen>
    <dimen name="xxh_1544pixels">1801.33dp</dimen>
    <dimen name="xxh_1545pixels">1802.5dp</dimen>
    <dimen name="xxh_1546pixels">1803.67dp</dimen>
    <dimen name="xxh_1547pixels">1804.83dp</dimen>
    <dimen name="xxh_1548pixels">1806dp</dimen>
    <dimen name="xxh_1549pixels">1807.17dp</dimen>
    <dimen name="xxh_1550pixels">1808.33dp</dimen>
    <dimen name="xxh_1551pixels">1809.5dp</dimen>
    <dimen name="xxh_1552pixels">1810.67dp</dimen>
    <dimen name="xxh_1553pixels">1811.83dp</dimen>
    <dimen name="xxh_1554pixels">1813dp</dimen>
    <dimen name="xxh_1555pixels">1814.17dp</dimen>
    <dimen name="xxh_1556pixels">1815.33dp</dimen>
    <dimen name="xxh_1557pixels">1816.5dp</dimen>
    <dimen name="xxh_1558pixels">1817.67dp</dimen>
    <dimen name="xxh_1559pixels">1818.83dp</dimen>
    <dimen name="xxh_1560pixels">1820dp</dimen>
    <dimen name="xxh_1561pixels">1821.17dp</dimen>
    <dimen name="xxh_1562pixels">1822.33dp</dimen>
    <dimen name="xxh_1563pixels">1823.5dp</dimen>
    <dimen name="xxh_1564pixels">1824.67dp</dimen>
    <dimen name="xxh_1565pixels">1825.83dp</dimen>
    <dimen name="xxh_1566pixels">1827dp</dimen>
    <dimen name="xxh_1567pixels">1828.17dp</dimen>
    <dimen name="xxh_1568pixels">1829.33dp</dimen>
    <dimen name="xxh_1569pixels">1830.5dp</dimen>
    <dimen name="xxh_1570pixels">1831.67dp</dimen>
    <dimen name="xxh_1571pixels">1832.83dp</dimen>
    <dimen name="xxh_1572pixels">1834dp</dimen>
    <dimen name="xxh_1573pixels">1835.17dp</dimen>
    <dimen name="xxh_1574pixels">1836.33dp</dimen>
    <dimen name="xxh_1575pixels">1837.5dp</dimen>
    <dimen name="xxh_1576pixels">1838.67dp</dimen>
    <dimen name="xxh_1577pixels">1839.83dp</dimen>
    <dimen name="xxh_1578pixels">1841dp</dimen>
    <dimen name="xxh_1579pixels">1842.17dp</dimen>
    <dimen name="xxh_1580pixels">1843.33dp</dimen>
    <dimen name="xxh_1581pixels">1844.5dp</dimen>
    <dimen name="xxh_1582pixels">1845.67dp</dimen>
    <dimen name="xxh_1583pixels">1846.83dp</dimen>
    <dimen name="xxh_1584pixels">1848dp</dimen>
    <dimen name="xxh_1585pixels">1849.17dp</dimen>
    <dimen name="xxh_1586pixels">1850.33dp</dimen>
    <dimen name="xxh_1587pixels">1851.5dp</dimen>
    <dimen name="xxh_1588pixels">1852.67dp</dimen>
    <dimen name="xxh_1589pixels">1853.83dp</dimen>
    <dimen name="xxh_1590pixels">1855dp</dimen>
    <dimen name="xxh_1591pixels">1856.17dp</dimen>
    <dimen name="xxh_1592pixels">1857.33dp</dimen>
    <dimen name="xxh_1593pixels">1858.5dp</dimen>
    <dimen name="xxh_1594pixels">1859.67dp</dimen>
    <dimen name="xxh_1595pixels">1860.83dp</dimen>
    <dimen name="xxh_1596pixels">1862dp</dimen>
    <dimen name="xxh_1597pixels">1863.17dp</dimen>
    <dimen name="xxh_1598pixels">1864.33dp</dimen>
    <dimen name="xxh_1599pixels">1865.5dp</dimen>
    <dimen name="xxh_1600pixels">1866.67dp</dimen>
    <dimen name="xxh_1601pixels">1867.83dp</dimen>
    <dimen name="xxh_1602pixels">1869dp</dimen>
    <dimen name="xxh_1603pixels">1870.17dp</dimen>
    <dimen name="xxh_1604pixels">1871.33dp</dimen>
    <dimen name="xxh_1605pixels">1872.5dp</dimen>
    <dimen name="xxh_1606pixels">1873.67dp</dimen>
    <dimen name="xxh_1607pixels">1874.83dp</dimen>
    <dimen name="xxh_1608pixels">1876dp</dimen>
    <dimen name="xxh_1609pixels">1877.17dp</dimen>
    <dimen name="xxh_1610pixels">1878.33dp</dimen>
    <dimen name="xxh_1611pixels">1879.5dp</dimen>
    <dimen name="xxh_1612pixels">1880.67dp</dimen>
    <dimen name="xxh_1613pixels">1881.83dp</dimen>
    <dimen name="xxh_1614pixels">1883dp</dimen>
    <dimen name="xxh_1615pixels">1884.17dp</dimen>
    <dimen name="xxh_1616pixels">1885.33dp</dimen>
    <dimen name="xxh_1617pixels">1886.5dp</dimen>
    <dimen name="xxh_1618pixels">1887.67dp</dimen>
    <dimen name="xxh_1619pixels">1888.83dp</dimen>
    <dimen name="xxh_1620pixels">1890dp</dimen>
    <dimen name="xxh_1621pixels">1891.17dp</dimen>
    <dimen name="xxh_1622pixels">1892.33dp</dimen>
    <dimen name="xxh_1623pixels">1893.5dp</dimen>
    <dimen name="xxh_1624pixels">1894.67dp</dimen>
    <dimen name="xxh_1625pixels">1895.83dp</dimen>
    <dimen name="xxh_1626pixels">1897dp</dimen>
    <dimen name="xxh_1627pixels">1898.17dp</dimen>
    <dimen name="xxh_1628pixels">1899.33dp</dimen>
    <dimen name="xxh_1629pixels">1900.5dp</dimen>
    <dimen name="xxh_1630pixels">1901.67dp</dimen>
    <dimen name="xxh_1631pixels">1902.83dp</dimen>
    <dimen name="xxh_1632pixels">1904dp</dimen>
    <dimen name="xxh_1633pixels">1905.17dp</dimen>
    <dimen name="xxh_1634pixels">1906.33dp</dimen>
    <dimen name="xxh_1635pixels">1907.5dp</dimen>
    <dimen name="xxh_1636pixels">1908.67dp</dimen>
    <dimen name="xxh_1637pixels">1909.83dp</dimen>
    <dimen name="xxh_1638pixels">1911dp</dimen>
    <dimen name="xxh_1639pixels">1912.17dp</dimen>
    <dimen name="xxh_1640pixels">1913.33dp</dimen>
    <dimen name="xxh_1641pixels">1914.5dp</dimen>
    <dimen name="xxh_1642pixels">1915.67dp</dimen>
    <dimen name="xxh_1643pixels">1916.83dp</dimen>
    <dimen name="xxh_1644pixels">1918dp</dimen>
    <dimen name="xxh_1645pixels">1919.17dp</dimen>
    <dimen name="xxh_1646pixels">1920.33dp</dimen>
    <dimen name="xxh_1647pixels">1921.5dp</dimen>
    <dimen name="xxh_1648pixels">1922.67dp</dimen>
    <dimen name="xxh_1649pixels">1923.83dp</dimen>
    <dimen name="xxh_1650pixels">1925dp</dimen>
    <dimen name="xxh_1651pixels">1926.17dp</dimen>
    <dimen name="xxh_1652pixels">1927.33dp</dimen>
    <dimen name="xxh_1653pixels">1928.5dp</dimen>
    <dimen name="xxh_1654pixels">1929.67dp</dimen>
    <dimen name="xxh_1655pixels">1930.83dp</dimen>
    <dimen name="xxh_1656pixels">1932dp</dimen>
    <dimen name="xxh_1657pixels">1933.17dp</dimen>
    <dimen name="xxh_1658pixels">1934.33dp</dimen>
    <dimen name="xxh_1659pixels">1935.5dp</dimen>
    <dimen name="xxh_1660pixels">1936.67dp</dimen>
    <dimen name="xxh_1661pixels">1937.83dp</dimen>
    <dimen name="xxh_1662pixels">1939dp</dimen>
    <dimen name="xxh_1663pixels">1940.17dp</dimen>
    <dimen name="xxh_1664pixels">1941.33dp</dimen>
    <dimen name="xxh_1665pixels">1942.5dp</dimen>
    <dimen name="xxh_1666pixels">1943.67dp</dimen>
    <dimen name="xxh_1667pixels">1944.83dp</dimen>
    <dimen name="xxh_1668pixels">1946dp</dimen>
    <dimen name="xxh_1669pixels">1947.17dp</dimen>
    <dimen name="xxh_1670pixels">1948.33dp</dimen>
    <dimen name="xxh_1671pixels">1949.5dp</dimen>
    <dimen name="xxh_1672pixels">1950.67dp</dimen>
    <dimen name="xxh_1673pixels">1951.83dp</dimen>
    <dimen name="xxh_1674pixels">1953dp</dimen>
    <dimen name="xxh_1675pixels">1954.17dp</dimen>
    <dimen name="xxh_1676pixels">1955.33dp</dimen>
    <dimen name="xxh_1677pixels">1956.5dp</dimen>
    <dimen name="xxh_1678pixels">1957.67dp</dimen>
    <dimen name="xxh_1679pixels">1958.83dp</dimen>
    <dimen name="xxh_1680pixels">1960dp</dimen>
    <dimen name="xxh_1681pixels">1961.17dp</dimen>
    <dimen name="xxh_1682pixels">1962.33dp</dimen>
    <dimen name="xxh_1683pixels">1963.5dp</dimen>
    <dimen name="xxh_1684pixels">1964.67dp</dimen>
    <dimen name="xxh_1685pixels">1965.83dp</dimen>
    <dimen name="xxh_1686pixels">1967dp</dimen>
    <dimen name="xxh_1687pixels">1968.17dp</dimen>
    <dimen name="xxh_1688pixels">1969.33dp</dimen>
    <dimen name="xxh_1689pixels">1970.5dp</dimen>
    <dimen name="xxh_1690pixels">1971.67dp</dimen>
    <dimen name="xxh_1691pixels">1972.83dp</dimen>
    <dimen name="xxh_1692pixels">1974dp</dimen>
    <dimen name="xxh_1693pixels">1975.17dp</dimen>
    <dimen name="xxh_1694pixels">1976.33dp</dimen>
    <dimen name="xxh_1695pixels">1977.5dp</dimen>
    <dimen name="xxh_1696pixels">1978.67dp</dimen>
    <dimen name="xxh_1697pixels">1979.83dp</dimen>
    <dimen name="xxh_1698pixels">1981dp</dimen>
    <dimen name="xxh_1699pixels">1982.17dp</dimen>
    <dimen name="xxh_1700pixels">1983.33dp</dimen>
    <dimen name="xxh_1701pixels">1984.5dp</dimen>
    <dimen name="xxh_1702pixels">1985.67dp</dimen>
    <dimen name="xxh_1703pixels">1986.83dp</dimen>
    <dimen name="xxh_1704pixels">1988dp</dimen>
    <dimen name="xxh_1705pixels">1989.17dp</dimen>
    <dimen name="xxh_1706pixels">1990.33dp</dimen>
    <dimen name="xxh_1707pixels">1991.5dp</dimen>
    <dimen name="xxh_1708pixels">1992.67dp</dimen>
    <dimen name="xxh_1709pixels">1993.83dp</dimen>
    <dimen name="xxh_1710pixels">1995dp</dimen>
    <dimen name="xxh_1711pixels">1996.17dp</dimen>
    <dimen name="xxh_1712pixels">1997.33dp</dimen>
    <dimen name="xxh_1713pixels">1998.5dp</dimen>
    <dimen name="xxh_1714pixels">1999.67dp</dimen>
    <dimen name="xxh_1715pixels">2000.83dp</dimen>
    <dimen name="xxh_1716pixels">2002dp</dimen>
    <dimen name="xxh_1717pixels">2003.17dp</dimen>
    <dimen name="xxh_1718pixels">2004.33dp</dimen>
    <dimen name="xxh_1719pixels">2005.5dp</dimen>
    <dimen name="xxh_1720pixels">2006.67dp</dimen>
    <dimen name="xxh_1721pixels">2007.83dp</dimen>
    <dimen name="xxh_1722pixels">2009dp</dimen>
    <dimen name="xxh_1723pixels">2010.17dp</dimen>
    <dimen name="xxh_1724pixels">2011.33dp</dimen>
    <dimen name="xxh_1725pixels">2012.5dp</dimen>
    <dimen name="xxh_1726pixels">2013.67dp</dimen>
    <dimen name="xxh_1727pixels">2014.83dp</dimen>
    <dimen name="xxh_1728pixels">2016dp</dimen>
    <dimen name="xxh_1729pixels">2017.17dp</dimen>
    <dimen name="xxh_1730pixels">2018.33dp</dimen>
    <dimen name="xxh_1731pixels">2019.5dp</dimen>
    <dimen name="xxh_1732pixels">2020.67dp</dimen>
    <dimen name="xxh_1733pixels">2021.83dp</dimen>
    <dimen name="xxh_1734pixels">2023dp</dimen>
    <dimen name="xxh_1735pixels">2024.17dp</dimen>
    <dimen name="xxh_1736pixels">2025.33dp</dimen>
    <dimen name="xxh_1737pixels">2026.5dp</dimen>
    <dimen name="xxh_1738pixels">2027.67dp</dimen>
    <dimen name="xxh_1739pixels">2028.83dp</dimen>
    <dimen name="xxh_1740pixels">2030dp</dimen>
    <dimen name="xxh_1741pixels">2031.17dp</dimen>
    <dimen name="xxh_1742pixels">2032.33dp</dimen>
    <dimen name="xxh_1743pixels">2033.5dp</dimen>
    <dimen name="xxh_1744pixels">2034.67dp</dimen>
    <dimen name="xxh_1745pixels">2035.83dp</dimen>
    <dimen name="xxh_1746pixels">2037dp</dimen>
    <dimen name="xxh_1747pixels">2038.17dp</dimen>
    <dimen name="xxh_1748pixels">2039.33dp</dimen>
    <dimen name="xxh_1749pixels">2040.5dp</dimen>
    <dimen name="xxh_1750pixels">2041.67dp</dimen>
    <dimen name="xxh_1751pixels">2042.83dp</dimen>
    <dimen name="xxh_1752pixels">2044dp</dimen>
    <dimen name="xxh_1753pixels">2045.17dp</dimen>
    <dimen name="xxh_1754pixels">2046.33dp</dimen>
    <dimen name="xxh_1755pixels">2047.5dp</dimen>
    <dimen name="xxh_1756pixels">2048.67dp</dimen>
    <dimen name="xxh_1757pixels">2049.83dp</dimen>
    <dimen name="xxh_1758pixels">2051dp</dimen>
    <dimen name="xxh_1759pixels">2052.17dp</dimen>
    <dimen name="xxh_1760pixels">2053.33dp</dimen>
    <dimen name="xxh_1761pixels">2054.5dp</dimen>
    <dimen name="xxh_1762pixels">2055.67dp</dimen>
    <dimen name="xxh_1763pixels">2056.83dp</dimen>
    <dimen name="xxh_1764pixels">2058dp</dimen>
    <dimen name="xxh_1765pixels">2059.17dp</dimen>
    <dimen name="xxh_1766pixels">2060.33dp</dimen>
    <dimen name="xxh_1767pixels">2061.5dp</dimen>
    <dimen name="xxh_1768pixels">2062.67dp</dimen>
    <dimen name="xxh_1769pixels">2063.83dp</dimen>
    <dimen name="xxh_1770pixels">2065dp</dimen>
    <dimen name="xxh_1771pixels">2066.17dp</dimen>
    <dimen name="xxh_1772pixels">2067.33dp</dimen>
    <dimen name="xxh_1773pixels">2068.5dp</dimen>
    <dimen name="xxh_1774pixels">2069.67dp</dimen>
    <dimen name="xxh_1775pixels">2070.83dp</dimen>
    <dimen name="xxh_1776pixels">2072dp</dimen>
    <dimen name="xxh_1777pixels">2073.17dp</dimen>
    <dimen name="xxh_1778pixels">2074.33dp</dimen>
    <dimen name="xxh_1779pixels">2075.5dp</dimen>
    <dimen name="xxh_1780pixels">2076.67dp</dimen>
    <dimen name="xxh_1781pixels">2077.83dp</dimen>
    <dimen name="xxh_1782pixels">2079dp</dimen>
    <dimen name="xxh_1783pixels">2080.17dp</dimen>
    <dimen name="xxh_1784pixels">2081.33dp</dimen>
    <dimen name="xxh_1785pixels">2082.5dp</dimen>
    <dimen name="xxh_1786pixels">2083.67dp</dimen>
    <dimen name="xxh_1787pixels">2084.83dp</dimen>
    <dimen name="xxh_1788pixels">2086dp</dimen>
    <dimen name="xxh_1789pixels">2087.17dp</dimen>
    <dimen name="xxh_1790pixels">2088.33dp</dimen>
    <dimen name="xxh_1791pixels">2089.5dp</dimen>
    <dimen name="xxh_1792pixels">2090.67dp</dimen>
    <dimen name="xxh_1793pixels">2091.83dp</dimen>
    <dimen name="xxh_1794pixels">2093dp</dimen>
    <dimen name="xxh_1795pixels">2094.17dp</dimen>
    <dimen name="xxh_1796pixels">2095.33dp</dimen>
    <dimen name="xxh_1797pixels">2096.5dp</dimen>
    <dimen name="xxh_1798pixels">2097.67dp</dimen>
    <dimen name="xxh_1799pixels">2098.83dp</dimen>
    <dimen name="xxh_1800pixels">2100dp</dimen>
    <dimen name="xxh_1801pixels">2101.17dp</dimen>
    <dimen name="xxh_1802pixels">2102.33dp</dimen>
    <dimen name="xxh_1803pixels">2103.5dp</dimen>
    <dimen name="xxh_1804pixels">2104.67dp</dimen>
    <dimen name="xxh_1805pixels">2105.83dp</dimen>
    <dimen name="xxh_1806pixels">2107dp</dimen>
    <dimen name="xxh_1807pixels">2108.17dp</dimen>
    <dimen name="xxh_1808pixels">2109.33dp</dimen>
    <dimen name="xxh_1809pixels">2110.5dp</dimen>
    <dimen name="xxh_1810pixels">2111.67dp</dimen>
    <dimen name="xxh_1811pixels">2112.83dp</dimen>
    <dimen name="xxh_1812pixels">2114dp</dimen>
    <dimen name="xxh_1813pixels">2115.17dp</dimen>
    <dimen name="xxh_1814pixels">2116.33dp</dimen>
    <dimen name="xxh_1815pixels">2117.5dp</dimen>
    <dimen name="xxh_1816pixels">2118.67dp</dimen>
    <dimen name="xxh_1817pixels">2119.83dp</dimen>
    <dimen name="xxh_1818pixels">2121dp</dimen>
    <dimen name="xxh_1819pixels">2122.17dp</dimen>
    <dimen name="xxh_1820pixels">2123.33dp</dimen>
    <dimen name="xxh_1821pixels">2124.5dp</dimen>
    <dimen name="xxh_1822pixels">2125.67dp</dimen>
    <dimen name="xxh_1823pixels">2126.83dp</dimen>
    <dimen name="xxh_1824pixels">2128dp</dimen>
    <dimen name="xxh_1825pixels">2129.17dp</dimen>
    <dimen name="xxh_1826pixels">2130.33dp</dimen>
    <dimen name="xxh_1827pixels">2131.5dp</dimen>
    <dimen name="xxh_1828pixels">2132.67dp</dimen>
    <dimen name="xxh_1829pixels">2133.83dp</dimen>
    <dimen name="xxh_1830pixels">2135dp</dimen>
    <dimen name="xxh_1831pixels">2136.17dp</dimen>
    <dimen name="xxh_1832pixels">2137.33dp</dimen>
    <dimen name="xxh_1833pixels">2138.5dp</dimen>
    <dimen name="xxh_1834pixels">2139.67dp</dimen>
    <dimen name="xxh_1835pixels">2140.83dp</dimen>
    <dimen name="xxh_1836pixels">2142dp</dimen>
    <dimen name="xxh_1837pixels">2143.17dp</dimen>
    <dimen name="xxh_1838pixels">2144.33dp</dimen>
    <dimen name="xxh_1839pixels">2145.5dp</dimen>
    <dimen name="xxh_1840pixels">2146.67dp</dimen>
    <dimen name="xxh_1841pixels">2147.83dp</dimen>
    <dimen name="xxh_1842pixels">2149dp</dimen>
    <dimen name="xxh_1843pixels">2150.17dp</dimen>
    <dimen name="xxh_1844pixels">2151.33dp</dimen>
    <dimen name="xxh_1845pixels">2152.5dp</dimen>
    <dimen name="xxh_1846pixels">2153.67dp</dimen>
    <dimen name="xxh_1847pixels">2154.83dp</dimen>
    <dimen name="xxh_1848pixels">2156dp</dimen>
    <dimen name="xxh_1849pixels">2157.17dp</dimen>
    <dimen name="xxh_1850pixels">2158.33dp</dimen>
    <dimen name="xxh_1851pixels">2159.5dp</dimen>
    <dimen name="xxh_1852pixels">2160.67dp</dimen>
    <dimen name="xxh_1853pixels">2161.83dp</dimen>
    <dimen name="xxh_1854pixels">2163dp</dimen>
    <dimen name="xxh_1855pixels">2164.17dp</dimen>
    <dimen name="xxh_1856pixels">2165.33dp</dimen>
    <dimen name="xxh_1857pixels">2166.5dp</dimen>
    <dimen name="xxh_1858pixels">2167.67dp</dimen>
    <dimen name="xxh_1859pixels">2168.83dp</dimen>
    <dimen name="xxh_1860pixels">2170dp</dimen>
    <dimen name="xxh_1861pixels">2171.17dp</dimen>
    <dimen name="xxh_1862pixels">2172.33dp</dimen>
    <dimen name="xxh_1863pixels">2173.5dp</dimen>
    <dimen name="xxh_1864pixels">2174.67dp</dimen>
    <dimen name="xxh_1865pixels">2175.83dp</dimen>
    <dimen name="xxh_1866pixels">2177dp</dimen>
    <dimen name="xxh_1867pixels">2178.17dp</dimen>
    <dimen name="xxh_1868pixels">2179.33dp</dimen>
    <dimen name="xxh_1869pixels">2180.5dp</dimen>
    <dimen name="xxh_1870pixels">2181.67dp</dimen>
    <dimen name="xxh_1871pixels">2182.83dp</dimen>
    <dimen name="xxh_1872pixels">2184dp</dimen>
    <dimen name="xxh_1873pixels">2185.17dp</dimen>
    <dimen name="xxh_1874pixels">2186.33dp</dimen>
    <dimen name="xxh_1875pixels">2187.5dp</dimen>
    <dimen name="xxh_1876pixels">2188.67dp</dimen>
    <dimen name="xxh_1877pixels">2189.83dp</dimen>
    <dimen name="xxh_1878pixels">2191dp</dimen>
    <dimen name="xxh_1879pixels">2192.17dp</dimen>
    <dimen name="xxh_1880pixels">2193.33dp</dimen>
    <dimen name="xxh_1881pixels">2194.5dp</dimen>
    <dimen name="xxh_1882pixels">2195.67dp</dimen>
    <dimen name="xxh_1883pixels">2196.83dp</dimen>
    <dimen name="xxh_1884pixels">2198dp</dimen>
    <dimen name="xxh_1885pixels">2199.17dp</dimen>
    <dimen name="xxh_1886pixels">2200.33dp</dimen>
    <dimen name="xxh_1887pixels">2201.5dp</dimen>
    <dimen name="xxh_1888pixels">2202.67dp</dimen>
    <dimen name="xxh_1889pixels">2203.83dp</dimen>
    <dimen name="xxh_1890pixels">2205dp</dimen>
    <dimen name="xxh_1891pixels">2206.17dp</dimen>
    <dimen name="xxh_1892pixels">2207.33dp</dimen>
    <dimen name="xxh_1893pixels">2208.5dp</dimen>
    <dimen name="xxh_1894pixels">2209.67dp</dimen>
    <dimen name="xxh_1895pixels">2210.83dp</dimen>
    <dimen name="xxh_1896pixels">2212dp</dimen>
    <dimen name="xxh_1897pixels">2213.17dp</dimen>
    <dimen name="xxh_1898pixels">2214.33dp</dimen>
    <dimen name="xxh_1899pixels">2215.5dp</dimen>
    <dimen name="xxh_1900pixels">2216.67dp</dimen>
    <dimen name="xxh_1901pixels">2217.83dp</dimen>
    <dimen name="xxh_1902pixels">2219dp</dimen>
    <dimen name="xxh_1903pixels">2220.17dp</dimen>
    <dimen name="xxh_1904pixels">2221.33dp</dimen>
    <dimen name="xxh_1905pixels">2222.5dp</dimen>
    <dimen name="xxh_1906pixels">2223.67dp</dimen>
    <dimen name="xxh_1907pixels">2224.83dp</dimen>
    <dimen name="xxh_1908pixels">2226dp</dimen>
    <dimen name="xxh_1909pixels">2227.17dp</dimen>
    <dimen name="xxh_1910pixels">2228.33dp</dimen>
    <dimen name="xxh_1911pixels">2229.5dp</dimen>
    <dimen name="xxh_1912pixels">2230.67dp</dimen>
    <dimen name="xxh_1913pixels">2231.83dp</dimen>
    <dimen name="xxh_1914pixels">2233dp</dimen>
    <dimen name="xxh_1915pixels">2234.17dp</dimen>
    <dimen name="xxh_1916pixels">2235.33dp</dimen>
    <dimen name="xxh_1917pixels">2236.5dp</dimen>
    <dimen name="xxh_1918pixels">2237.67dp</dimen>
    <dimen name="xxh_1919pixels">2238.83dp</dimen>
    <dimen name="xxh_1920pixels">2240dp</dimen>
    <dimen name="xxh_1921pixels">2241.17dp</dimen>
    <dimen name="xxh_1922pixels">2242.33dp</dimen>
    <dimen name="xxh_1923pixels">2243.5dp</dimen>
    <dimen name="xxh_1924pixels">2244.67dp</dimen>
    <dimen name="xxh_1925pixels">2245.83dp</dimen>
    <dimen name="xxh_1926pixels">2247dp</dimen>
    <dimen name="xxh_1927pixels">2248.17dp</dimen>
    <dimen name="xxh_1928pixels">2249.33dp</dimen>
    <dimen name="xxh_1929pixels">2250.5dp</dimen>
    <dimen name="xxh_1930pixels">2251.67dp</dimen>
    <dimen name="xxh_1931pixels">2252.83dp</dimen>
    <dimen name="xxh_1932pixels">2254dp</dimen>
    <dimen name="xxh_1933pixels">2255.17dp</dimen>
    <dimen name="xxh_1934pixels">2256.33dp</dimen>
    <dimen name="xxh_1935pixels">2257.5dp</dimen>
    <dimen name="xxh_1936pixels">2258.67dp</dimen>
    <dimen name="xxh_1937pixels">2259.83dp</dimen>
    <dimen name="xxh_1938pixels">2261dp</dimen>
    <dimen name="xxh_1939pixels">2262.17dp</dimen>
    <dimen name="xxh_1940pixels">2263.33dp</dimen>
    <dimen name="xxh_1941pixels">2264.5dp</dimen>
    <dimen name="xxh_1942pixels">2265.67dp</dimen>
    <dimen name="xxh_1943pixels">2266.83dp</dimen>
    <dimen name="xxh_1944pixels">2268dp</dimen>
    <dimen name="xxh_1945pixels">2269.17dp</dimen>
    <dimen name="xxh_1946pixels">2270.33dp</dimen>
    <dimen name="xxh_1947pixels">2271.5dp</dimen>
    <dimen name="xxh_1948pixels">2272.67dp</dimen>
    <dimen name="xxh_1949pixels">2273.83dp</dimen>
    <dimen name="xxh_1950pixels">2275dp</dimen>
    <dimen name="xxh_1951pixels">2276.17dp</dimen>
    <dimen name="xxh_1952pixels">2277.33dp</dimen>
    <dimen name="xxh_1953pixels">2278.5dp</dimen>
    <dimen name="xxh_1954pixels">2279.67dp</dimen>
    <dimen name="xxh_1955pixels">2280.83dp</dimen>
    <dimen name="xxh_1956pixels">2282dp</dimen>
    <dimen name="xxh_1957pixels">2283.17dp</dimen>
    <dimen name="xxh_1958pixels">2284.33dp</dimen>
    <dimen name="xxh_1959pixels">2285.5dp</dimen>
    <dimen name="xxh_1960pixels">2286.67dp</dimen>
    <dimen name="xxh_1961pixels">2287.83dp</dimen>
    <dimen name="xxh_1962pixels">2289dp</dimen>
    <dimen name="xxh_1963pixels">2290.17dp</dimen>
    <dimen name="xxh_1964pixels">2291.33dp</dimen>
    <dimen name="xxh_1965pixels">2292.5dp</dimen>
    <dimen name="xxh_1966pixels">2293.67dp</dimen>
    <dimen name="xxh_1967pixels">2294.83dp</dimen>
    <dimen name="xxh_1968pixels">2296dp</dimen>
    <dimen name="xxh_1969pixels">2297.17dp</dimen>
    <dimen name="xxh_1970pixels">2298.33dp</dimen>
    <dimen name="xxh_1971pixels">2299.5dp</dimen>
    <dimen name="xxh_1972pixels">2300.67dp</dimen>
    <dimen name="xxh_1973pixels">2301.83dp</dimen>
    <dimen name="xxh_1974pixels">2303dp</dimen>
    <dimen name="xxh_1975pixels">2304.17dp</dimen>
    <dimen name="xxh_1976pixels">2305.33dp</dimen>
    <dimen name="xxh_1977pixels">2306.5dp</dimen>
    <dimen name="xxh_1978pixels">2307.67dp</dimen>
    <dimen name="xxh_1979pixels">2308.83dp</dimen>
    <dimen name="xxh_1980pixels">2310dp</dimen>
    <dimen name="xxh_1981pixels">2311.17dp</dimen>
    <dimen name="xxh_1982pixels">2312.33dp</dimen>
    <dimen name="xxh_1983pixels">2313.5dp</dimen>
    <dimen name="xxh_1984pixels">2314.67dp</dimen>
    <dimen name="xxh_1985pixels">2315.83dp</dimen>
    <dimen name="xxh_1986pixels">2317dp</dimen>
    <dimen name="xxh_1987pixels">2318.17dp</dimen>
    <dimen name="xxh_1988pixels">2319.33dp</dimen>
    <dimen name="xxh_1989pixels">2320.5dp</dimen>
    <dimen name="xxh_1990pixels">2321.67dp</dimen>
    <dimen name="xxh_1991pixels">2322.83dp</dimen>
    <dimen name="xxh_1992pixels">2324dp</dimen>
    <dimen name="xxh_1993pixels">2325.17dp</dimen>
    <dimen name="xxh_1994pixels">2326.33dp</dimen>
    <dimen name="xxh_1995pixels">2327.5dp</dimen>
    <dimen name="xxh_1996pixels">2328.67dp</dimen>
    <dimen name="xxh_1997pixels">2329.83dp</dimen>
    <dimen name="xxh_1998pixels">2331dp</dimen>
    <dimen name="xxh_1999pixels">2332.17dp</dimen>
    <dimen name="xxh_2000pixels">2333.33dp</dimen>

</resources>