<?xml version="1.0" encoding="utf-8"?>
<resources>

    <dimen name="xxh_m130pixels">-162.5dp</dimen>
    <dimen name="xxh_m48pixels">-60dp</dimen>
    <dimen name="xxh_m42pixels">-52.5dp</dimen>
    <dimen name="xxh_m30pixels">-37.5dp</dimen>
    <dimen name="xxh_m26pixels">-32.5dp</dimen>
    <dimen name="xxh_m25pixels">-31.25dp</dimen>
    <dimen name="xxh_m24pixels">-30dp</dimen>
    <dimen name="xxh_m23pixels">-28.75dp</dimen>
    <dimen name="xxh_m21pixels">-26.25dp</dimen>
    <dimen name="xxh_m20pixels">-25dp</dimen>
    <dimen name="xxh_m18pixels">-22.5dp</dimen>
    <dimen name="xxh_m16pixels">-20dp</dimen>
    <dimen name="xxh_m14pixels">-17.5dp</dimen>
    <dimen name="xxh_m10pixels">-12.5dp</dimen>
    <dimen name="xxh_m8pixels">-10dp</dimen>
    <dimen name="xxh_m5pixels">-6.25dp</dimen>
    <dimen name="xxh_m1pixels">-1.25dp</dimen>

    <dimen name="xxh_1pixels">1.25dp</dimen>
    <dimen name="xxh_2pixels">2.5dp</dimen>
    <dimen name="xxh_3pixels">3.75dp</dimen>
    <dimen name="xxh_4pixels">5dp</dimen>
    <dimen name="xxh_5pixels">6.25dp</dimen>
    <dimen name="xxh_6pixels">7.5dp</dimen>
    <dimen name="xxh_7pixels">8.75dp</dimen>
    <dimen name="xxh_8pixels">10dp</dimen>
    <dimen name="xxh_9pixels">11.25dp</dimen>
    <dimen name="xxh_10pixels">12.5dp</dimen>
    <dimen name="xxh_11pixels">13.75dp</dimen>
    <dimen name="xxh_12pixels">15dp</dimen>
    <dimen name="xxh_13pixels">16.25dp</dimen>
    <dimen name="xxh_14pixels">17.5dp</dimen>
    <dimen name="xxh_15pixels">18.75dp</dimen>
    <dimen name="xxh_16pixels">20dp</dimen>
    <dimen name="xxh_17pixels">21.25dp</dimen>
    <dimen name="xxh_18pixels">22.5dp</dimen>
    <dimen name="xxh_19pixels">23.75dp</dimen>
    <dimen name="xxh_20pixels">25dp</dimen>
    <dimen name="xxh_21pixels">26.25dp</dimen>
    <dimen name="xxh_22pixels">27.5dp</dimen>
    <dimen name="xxh_23pixels">28.75dp</dimen>
    <dimen name="xxh_24pixels">30dp</dimen>
    <dimen name="xxh_25pixels">31.25dp</dimen>
    <dimen name="xxh_26pixels">32.5dp</dimen>
    <dimen name="xxh_27pixels">33.75dp</dimen>
    <dimen name="xxh_28pixels">35dp</dimen>
    <dimen name="xxh_29pixels">36.25dp</dimen>
    <dimen name="xxh_30pixels">37.5dp</dimen>
    <dimen name="xxh_31pixels">38.75dp</dimen>
    <dimen name="xxh_32pixels">40dp</dimen>
    <dimen name="xxh_33pixels">41.25dp</dimen>
    <dimen name="xxh_34pixels">42.5dp</dimen>
    <dimen name="xxh_35pixels">43.75dp</dimen>
    <dimen name="xxh_36pixels">45dp</dimen>
    <dimen name="xxh_37pixels">46.25dp</dimen>
    <dimen name="xxh_38pixels">47.5dp</dimen>
    <dimen name="xxh_39pixels">48.75dp</dimen>
    <dimen name="xxh_40pixels">50dp</dimen>
    <dimen name="xxh_41pixels">51.25dp</dimen>
    <dimen name="xxh_42pixels">52.5dp</dimen>
    <dimen name="xxh_43pixels">53.75dp</dimen>
    <dimen name="xxh_44pixels">55dp</dimen>
    <dimen name="xxh_45pixels">56.25dp</dimen>
    <dimen name="xxh_46pixels">57.5dp</dimen>
    <dimen name="xxh_47pixels">58.75dp</dimen>
    <dimen name="xxh_48pixels">60dp</dimen>
    <dimen name="xxh_49pixels">61.25dp</dimen>
    <dimen name="xxh_50pixels">62.5dp</dimen>
    <dimen name="xxh_51pixels">63.75dp</dimen>
    <dimen name="xxh_52pixels">65dp</dimen>
    <dimen name="xxh_53pixels">66.25dp</dimen>
    <dimen name="xxh_54pixels">67.5dp</dimen>
    <dimen name="xxh_55pixels">68.75dp</dimen>
    <dimen name="xxh_56pixels">70dp</dimen>
    <dimen name="xxh_57pixels">71.25dp</dimen>
    <dimen name="xxh_58pixels">72.5dp</dimen>
    <dimen name="xxh_59pixels">73.75dp</dimen>
    <dimen name="xxh_60pixels">75dp</dimen>
    <dimen name="xxh_61pixels">76.25dp</dimen>
    <dimen name="xxh_62pixels">77.5dp</dimen>
    <dimen name="xxh_63pixels">78.75dp</dimen>
    <dimen name="xxh_64pixels">80dp</dimen>
    <dimen name="xxh_65pixels">81.25dp</dimen>
    <dimen name="xxh_66pixels">82.5dp</dimen>
    <dimen name="xxh_67pixels">83.75dp</dimen>
    <dimen name="xxh_68pixels">85dp</dimen>
    <dimen name="xxh_69pixels">86.25dp</dimen>
    <dimen name="xxh_70pixels">87.5dp</dimen>
    <dimen name="xxh_71pixels">88.75dp</dimen>
    <dimen name="xxh_72pixels">90dp</dimen>
    <dimen name="xxh_73pixels">91.25dp</dimen>
    <dimen name="xxh_74pixels">92.5dp</dimen>
    <dimen name="xxh_75pixels">93.75dp</dimen>
    <dimen name="xxh_76pixels">95dp</dimen>
    <dimen name="xxh_77pixels">96.25dp</dimen>
    <dimen name="xxh_78pixels">97.5dp</dimen>
    <dimen name="xxh_79pixels">98.75dp</dimen>
    <dimen name="xxh_80pixels">100dp</dimen>
    <dimen name="xxh_81pixels">101.25dp</dimen>
    <dimen name="xxh_82pixels">102.5dp</dimen>
    <dimen name="xxh_83pixels">103.75dp</dimen>
    <dimen name="xxh_84pixels">105dp</dimen>
    <dimen name="xxh_85pixels">106.25dp</dimen>
    <dimen name="xxh_86pixels">107.5dp</dimen>
    <dimen name="xxh_87pixels">108.75dp</dimen>
    <dimen name="xxh_88pixels">110dp</dimen>
    <dimen name="xxh_89pixels">111.25dp</dimen>
    <dimen name="xxh_90pixels">112.5dp</dimen>
    <dimen name="xxh_91pixels">113.75dp</dimen>
    <dimen name="xxh_92pixels">115dp</dimen>
    <dimen name="xxh_93pixels">116.25dp</dimen>
    <dimen name="xxh_94pixels">117.5dp</dimen>
    <dimen name="xxh_95pixels">118.75dp</dimen>
    <dimen name="xxh_96pixels">120dp</dimen>
    <dimen name="xxh_97pixels">121.25dp</dimen>
    <dimen name="xxh_98pixels">122.5dp</dimen>
    <dimen name="xxh_99pixels">123.75dp</dimen>
    <dimen name="xxh_100pixels">125dp</dimen>
    <dimen name="xxh_101pixels">126.25dp</dimen>
    <dimen name="xxh_102pixels">127.5dp</dimen>
    <dimen name="xxh_103pixels">128.75dp</dimen>
    <dimen name="xxh_104pixels">130dp</dimen>
    <dimen name="xxh_105pixels">131.25dp</dimen>
    <dimen name="xxh_106pixels">132.5dp</dimen>
    <dimen name="xxh_107pixels">133.75dp</dimen>
    <dimen name="xxh_108pixels">135dp</dimen>
    <dimen name="xxh_109pixels">136.25dp</dimen>
    <dimen name="xxh_110pixels">137.5dp</dimen>
    <dimen name="xxh_111pixels">138.75dp</dimen>
    <dimen name="xxh_112pixels">140dp</dimen>
    <dimen name="xxh_113pixels">141.25dp</dimen>
    <dimen name="xxh_114pixels">142.5dp</dimen>
    <dimen name="xxh_115pixels">143.75dp</dimen>
    <dimen name="xxh_116pixels">145dp</dimen>
    <dimen name="xxh_117pixels">146.25dp</dimen>
    <dimen name="xxh_118pixels">147.5dp</dimen>
    <dimen name="xxh_119pixels">148.75dp</dimen>
    <dimen name="xxh_120pixels">150dp</dimen>
    <dimen name="xxh_121pixels">151.25dp</dimen>
    <dimen name="xxh_122pixels">152.5dp</dimen>
    <dimen name="xxh_123pixels">153.75dp</dimen>
    <dimen name="xxh_124pixels">155dp</dimen>
    <dimen name="xxh_125pixels">156.25dp</dimen>
    <dimen name="xxh_126pixels">157.5dp</dimen>
    <dimen name="xxh_127pixels">158.75dp</dimen>
    <dimen name="xxh_128pixels">160dp</dimen>
    <dimen name="xxh_129pixels">161.25dp</dimen>
    <dimen name="xxh_130pixels">162.5dp</dimen>
    <dimen name="xxh_131pixels">163.75dp</dimen>
    <dimen name="xxh_132pixels">165dp</dimen>
    <dimen name="xxh_133pixels">166.25dp</dimen>
    <dimen name="xxh_134pixels">167.5dp</dimen>
    <dimen name="xxh_135pixels">168.75dp</dimen>
    <dimen name="xxh_136pixels">170dp</dimen>
    <dimen name="xxh_137pixels">171.25dp</dimen>
    <dimen name="xxh_138pixels">172.5dp</dimen>
    <dimen name="xxh_139pixels">173.75dp</dimen>
    <dimen name="xxh_140pixels">175dp</dimen>
    <dimen name="xxh_141pixels">176.25dp</dimen>
    <dimen name="xxh_142pixels">177.5dp</dimen>
    <dimen name="xxh_143pixels">178.75dp</dimen>
    <dimen name="xxh_144pixels">180dp</dimen>
    <dimen name="xxh_145pixels">181.25dp</dimen>
    <dimen name="xxh_146pixels">182.5dp</dimen>
    <dimen name="xxh_147pixels">183.75dp</dimen>
    <dimen name="xxh_148pixels">185dp</dimen>
    <dimen name="xxh_149pixels">186.25dp</dimen>
    <dimen name="xxh_150pixels">187.5dp</dimen>
    <dimen name="xxh_151pixels">188.75dp</dimen>
    <dimen name="xxh_152pixels">190dp</dimen>
    <dimen name="xxh_153pixels">191.25dp</dimen>
    <dimen name="xxh_154pixels">192.5dp</dimen>
    <dimen name="xxh_155pixels">193.75dp</dimen>
    <dimen name="xxh_156pixels">195dp</dimen>
    <dimen name="xxh_157pixels">196.25dp</dimen>
    <dimen name="xxh_158pixels">197.5dp</dimen>
    <dimen name="xxh_159pixels">198.75dp</dimen>
    <dimen name="xxh_160pixels">200dp</dimen>
    <dimen name="xxh_161pixels">201.25dp</dimen>
    <dimen name="xxh_162pixels">202.5dp</dimen>
    <dimen name="xxh_163pixels">203.75dp</dimen>
    <dimen name="xxh_164pixels">205dp</dimen>
    <dimen name="xxh_165pixels">206.25dp</dimen>
    <dimen name="xxh_166pixels">207.5dp</dimen>
    <dimen name="xxh_167pixels">208.75dp</dimen>
    <dimen name="xxh_168pixels">210dp</dimen>
    <dimen name="xxh_169pixels">211.25dp</dimen>
    <dimen name="xxh_170pixels">212.5dp</dimen>
    <dimen name="xxh_171pixels">213.75dp</dimen>
    <dimen name="xxh_172pixels">215dp</dimen>
    <dimen name="xxh_173pixels">216.25dp</dimen>
    <dimen name="xxh_174pixels">217.5dp</dimen>
    <dimen name="xxh_175pixels">218.75dp</dimen>
    <dimen name="xxh_176pixels">220dp</dimen>
    <dimen name="xxh_177pixels">221.25dp</dimen>
    <dimen name="xxh_178pixels">222.5dp</dimen>
    <dimen name="xxh_179pixels">223.75dp</dimen>
    <dimen name="xxh_180pixels">225dp</dimen>
    <dimen name="xxh_181pixels">226.25dp</dimen>
    <dimen name="xxh_182pixels">227.5dp</dimen>
    <dimen name="xxh_183pixels">228.75dp</dimen>
    <dimen name="xxh_184pixels">230dp</dimen>
    <dimen name="xxh_185pixels">231.25dp</dimen>
    <dimen name="xxh_186pixels">232.5dp</dimen>
    <dimen name="xxh_187pixels">233.75dp</dimen>
    <dimen name="xxh_188pixels">235dp</dimen>
    <dimen name="xxh_189pixels">236.25dp</dimen>
    <dimen name="xxh_190pixels">237.5dp</dimen>
    <dimen name="xxh_191pixels">238.75dp</dimen>
    <dimen name="xxh_192pixels">240dp</dimen>
    <dimen name="xxh_193pixels">241.25dp</dimen>
    <dimen name="xxh_194pixels">242.5dp</dimen>
    <dimen name="xxh_195pixels">243.75dp</dimen>
    <dimen name="xxh_196pixels">245dp</dimen>
    <dimen name="xxh_197pixels">246.25dp</dimen>
    <dimen name="xxh_198pixels">247.5dp</dimen>
    <dimen name="xxh_199pixels">248.75dp</dimen>
    <dimen name="xxh_200pixels">250dp</dimen>
    <dimen name="xxh_201pixels">251.25dp</dimen>
    <dimen name="xxh_202pixels">252.5dp</dimen>
    <dimen name="xxh_203pixels">253.75dp</dimen>
    <dimen name="xxh_204pixels">255dp</dimen>
    <dimen name="xxh_205pixels">256.25dp</dimen>
    <dimen name="xxh_206pixels">257.5dp</dimen>
    <dimen name="xxh_207pixels">258.75dp</dimen>
    <dimen name="xxh_208pixels">260dp</dimen>
    <dimen name="xxh_209pixels">261.25dp</dimen>
    <dimen name="xxh_210pixels">262.5dp</dimen>
    <dimen name="xxh_211pixels">263.75dp</dimen>
    <dimen name="xxh_212pixels">265dp</dimen>
    <dimen name="xxh_213pixels">266.25dp</dimen>
    <dimen name="xxh_214pixels">267.5dp</dimen>
    <dimen name="xxh_215pixels">268.75dp</dimen>
    <dimen name="xxh_216pixels">270dp</dimen>
    <dimen name="xxh_217pixels">271.25dp</dimen>
    <dimen name="xxh_218pixels">272.5dp</dimen>
    <dimen name="xxh_219pixels">273.75dp</dimen>
    <dimen name="xxh_220pixels">275dp</dimen>
    <dimen name="xxh_221pixels">276.25dp</dimen>
    <dimen name="xxh_222pixels">277.5dp</dimen>
    <dimen name="xxh_223pixels">278.75dp</dimen>
    <dimen name="xxh_224pixels">280dp</dimen>
    <dimen name="xxh_225pixels">281.25dp</dimen>
    <dimen name="xxh_226pixels">282.5dp</dimen>
    <dimen name="xxh_227pixels">283.75dp</dimen>
    <dimen name="xxh_228pixels">285dp</dimen>
    <dimen name="xxh_229pixels">286.25dp</dimen>
    <dimen name="xxh_230pixels">287.5dp</dimen>
    <dimen name="xxh_231pixels">288.75dp</dimen>
    <dimen name="xxh_232pixels">290dp</dimen>
    <dimen name="xxh_233pixels">291.25dp</dimen>
    <dimen name="xxh_234pixels">292.5dp</dimen>
    <dimen name="xxh_235pixels">293.75dp</dimen>
    <dimen name="xxh_236pixels">295dp</dimen>
    <dimen name="xxh_237pixels">296.25dp</dimen>
    <dimen name="xxh_238pixels">297.5dp</dimen>
    <dimen name="xxh_239pixels">298.75dp</dimen>
    <dimen name="xxh_240pixels">300dp</dimen>
    <dimen name="xxh_241pixels">301.25dp</dimen>
    <dimen name="xxh_242pixels">302.5dp</dimen>
    <dimen name="xxh_243pixels">303.75dp</dimen>
    <dimen name="xxh_244pixels">305dp</dimen>
    <dimen name="xxh_245pixels">306.25dp</dimen>
    <dimen name="xxh_246pixels">307.5dp</dimen>
    <dimen name="xxh_247pixels">308.75dp</dimen>
    <dimen name="xxh_248pixels">310dp</dimen>
    <dimen name="xxh_249pixels">311.25dp</dimen>
    <dimen name="xxh_250pixels">312.5dp</dimen>
    <dimen name="xxh_251pixels">313.75dp</dimen>
    <dimen name="xxh_252pixels">315dp</dimen>
    <dimen name="xxh_253pixels">316.25dp</dimen>
    <dimen name="xxh_254pixels">317.5dp</dimen>
    <dimen name="xxh_255pixels">318.75dp</dimen>
    <dimen name="xxh_256pixels">320dp</dimen>
    <dimen name="xxh_257pixels">321.25dp</dimen>
    <dimen name="xxh_258pixels">322.5dp</dimen>
    <dimen name="xxh_259pixels">323.75dp</dimen>
    <dimen name="xxh_260pixels">325dp</dimen>
    <dimen name="xxh_261pixels">326.25dp</dimen>
    <dimen name="xxh_262pixels">327.5dp</dimen>
    <dimen name="xxh_263pixels">328.75dp</dimen>
    <dimen name="xxh_264pixels">330dp</dimen>
    <dimen name="xxh_265pixels">331.25dp</dimen>
    <dimen name="xxh_266pixels">332.5dp</dimen>
    <dimen name="xxh_267pixels">333.75dp</dimen>
    <dimen name="xxh_268pixels">335dp</dimen>
    <dimen name="xxh_269pixels">336.25dp</dimen>
    <dimen name="xxh_270pixels">337.5dp</dimen>
    <dimen name="xxh_271pixels">338.75dp</dimen>
    <dimen name="xxh_272pixels">340dp</dimen>
    <dimen name="xxh_273pixels">341.25dp</dimen>
    <dimen name="xxh_274pixels">342.5dp</dimen>
    <dimen name="xxh_275pixels">343.75dp</dimen>
    <dimen name="xxh_276pixels">345dp</dimen>
    <dimen name="xxh_277pixels">346.25dp</dimen>
    <dimen name="xxh_278pixels">347.5dp</dimen>
    <dimen name="xxh_279pixels">348.75dp</dimen>
    <dimen name="xxh_280pixels">350dp</dimen>
    <dimen name="xxh_281pixels">351.25dp</dimen>
    <dimen name="xxh_282pixels">352.5dp</dimen>
    <dimen name="xxh_283pixels">353.75dp</dimen>
    <dimen name="xxh_284pixels">355dp</dimen>
    <dimen name="xxh_285pixels">356.25dp</dimen>
    <dimen name="xxh_286pixels">357.5dp</dimen>
    <dimen name="xxh_287pixels">358.75dp</dimen>
    <dimen name="xxh_288pixels">360dp</dimen>
    <dimen name="xxh_289pixels">361.25dp</dimen>
    <dimen name="xxh_290pixels">362.5dp</dimen>
    <dimen name="xxh_291pixels">363.75dp</dimen>
    <dimen name="xxh_292pixels">365dp</dimen>
    <dimen name="xxh_293pixels">366.25dp</dimen>
    <dimen name="xxh_294pixels">367.5dp</dimen>
    <dimen name="xxh_295pixels">368.75dp</dimen>
    <dimen name="xxh_296pixels">370dp</dimen>
    <dimen name="xxh_297pixels">371.25dp</dimen>
    <dimen name="xxh_298pixels">372.5dp</dimen>
    <dimen name="xxh_299pixels">373.75dp</dimen>
    <dimen name="xxh_300pixels">375dp</dimen>
    <dimen name="xxh_301pixels">376.25dp</dimen>
    <dimen name="xxh_302pixels">377.5dp</dimen>
    <dimen name="xxh_303pixels">378.75dp</dimen>
    <dimen name="xxh_304pixels">380dp</dimen>
    <dimen name="xxh_305pixels">381.25dp</dimen>
    <dimen name="xxh_306pixels">382.5dp</dimen>
    <dimen name="xxh_307pixels">383.75dp</dimen>
    <dimen name="xxh_308pixels">385dp</dimen>
    <dimen name="xxh_309pixels">386.25dp</dimen>
    <dimen name="xxh_310pixels">387.5dp</dimen>
    <dimen name="xxh_311pixels">388.75dp</dimen>
    <dimen name="xxh_312pixels">390dp</dimen>
    <dimen name="xxh_313pixels">391.25dp</dimen>
    <dimen name="xxh_314pixels">392.5dp</dimen>
    <dimen name="xxh_315pixels">393.75dp</dimen>
    <dimen name="xxh_316pixels">395dp</dimen>
    <dimen name="xxh_317pixels">396.25dp</dimen>
    <dimen name="xxh_318pixels">397.5dp</dimen>
    <dimen name="xxh_319pixels">398.75dp</dimen>
    <dimen name="xxh_320pixels">400dp</dimen>
    <dimen name="xxh_321pixels">401.25dp</dimen>
    <dimen name="xxh_322pixels">402.5dp</dimen>
    <dimen name="xxh_323pixels">403.75dp</dimen>
    <dimen name="xxh_324pixels">405dp</dimen>
    <dimen name="xxh_325pixels">406.25dp</dimen>
    <dimen name="xxh_326pixels">407.5dp</dimen>
    <dimen name="xxh_327pixels">408.75dp</dimen>
    <dimen name="xxh_328pixels">410dp</dimen>
    <dimen name="xxh_329pixels">411.25dp</dimen>
    <dimen name="xxh_330pixels">412.5dp</dimen>
    <dimen name="xxh_331pixels">413.75dp</dimen>
    <dimen name="xxh_332pixels">415dp</dimen>
    <dimen name="xxh_333pixels">416.25dp</dimen>
    <dimen name="xxh_334pixels">417.5dp</dimen>
    <dimen name="xxh_335pixels">418.75dp</dimen>
    <dimen name="xxh_336pixels">420dp</dimen>
    <dimen name="xxh_337pixels">421.25dp</dimen>
    <dimen name="xxh_338pixels">422.5dp</dimen>
    <dimen name="xxh_339pixels">423.75dp</dimen>
    <dimen name="xxh_340pixels">425dp</dimen>
    <dimen name="xxh_341pixels">426.25dp</dimen>
    <dimen name="xxh_342pixels">427.5dp</dimen>
    <dimen name="xxh_343pixels">428.75dp</dimen>
    <dimen name="xxh_344pixels">430dp</dimen>
    <dimen name="xxh_345pixels">431.25dp</dimen>
    <dimen name="xxh_346pixels">432.5dp</dimen>
    <dimen name="xxh_347pixels">433.75dp</dimen>
    <dimen name="xxh_348pixels">435dp</dimen>
    <dimen name="xxh_349pixels">436.25dp</dimen>
    <dimen name="xxh_350pixels">437.5dp</dimen>
    <dimen name="xxh_351pixels">438.75dp</dimen>
    <dimen name="xxh_352pixels">440dp</dimen>
    <dimen name="xxh_353pixels">441.25dp</dimen>
    <dimen name="xxh_354pixels">442.5dp</dimen>
    <dimen name="xxh_355pixels">443.75dp</dimen>
    <dimen name="xxh_356pixels">445dp</dimen>
    <dimen name="xxh_357pixels">446.25dp</dimen>
    <dimen name="xxh_358pixels">447.5dp</dimen>
    <dimen name="xxh_359pixels">448.75dp</dimen>
    <dimen name="xxh_360pixels">450dp</dimen>
    <dimen name="xxh_361pixels">451.25dp</dimen>
    <dimen name="xxh_362pixels">452.5dp</dimen>
    <dimen name="xxh_363pixels">453.75dp</dimen>
    <dimen name="xxh_364pixels">455dp</dimen>
    <dimen name="xxh_365pixels">456.25dp</dimen>
    <dimen name="xxh_366pixels">457.5dp</dimen>
    <dimen name="xxh_367pixels">458.75dp</dimen>
    <dimen name="xxh_368pixels">460dp</dimen>
    <dimen name="xxh_369pixels">461.25dp</dimen>
    <dimen name="xxh_370pixels">462.5dp</dimen>
    <dimen name="xxh_371pixels">463.75dp</dimen>
    <dimen name="xxh_372pixels">465dp</dimen>
    <dimen name="xxh_373pixels">466.25dp</dimen>
    <dimen name="xxh_374pixels">467.5dp</dimen>
    <dimen name="xxh_375pixels">468.75dp</dimen>
    <dimen name="xxh_376pixels">470dp</dimen>
    <dimen name="xxh_377pixels">471.25dp</dimen>
    <dimen name="xxh_378pixels">472.5dp</dimen>
    <dimen name="xxh_379pixels">473.75dp</dimen>
    <dimen name="xxh_380pixels">475dp</dimen>
    <dimen name="xxh_381pixels">476.25dp</dimen>
    <dimen name="xxh_382pixels">477.5dp</dimen>
    <dimen name="xxh_383pixels">478.75dp</dimen>
    <dimen name="xxh_384pixels">480dp</dimen>
    <dimen name="xxh_385pixels">481.25dp</dimen>
    <dimen name="xxh_386pixels">482.5dp</dimen>
    <dimen name="xxh_387pixels">483.75dp</dimen>
    <dimen name="xxh_388pixels">485dp</dimen>
    <dimen name="xxh_389pixels">486.25dp</dimen>
    <dimen name="xxh_390pixels">487.5dp</dimen>
    <dimen name="xxh_391pixels">488.75dp</dimen>
    <dimen name="xxh_392pixels">490dp</dimen>
    <dimen name="xxh_393pixels">491.25dp</dimen>
    <dimen name="xxh_394pixels">492.5dp</dimen>
    <dimen name="xxh_395pixels">493.75dp</dimen>
    <dimen name="xxh_396pixels">495dp</dimen>
    <dimen name="xxh_397pixels">496.25dp</dimen>
    <dimen name="xxh_398pixels">497.5dp</dimen>
    <dimen name="xxh_399pixels">498.75dp</dimen>
    <dimen name="xxh_400pixels">500dp</dimen>
    <dimen name="xxh_401pixels">501.25dp</dimen>
    <dimen name="xxh_402pixels">502.5dp</dimen>
    <dimen name="xxh_403pixels">503.75dp</dimen>
    <dimen name="xxh_404pixels">505dp</dimen>
    <dimen name="xxh_405pixels">506.25dp</dimen>
    <dimen name="xxh_406pixels">507.5dp</dimen>
    <dimen name="xxh_407pixels">508.75dp</dimen>
    <dimen name="xxh_408pixels">510dp</dimen>
    <dimen name="xxh_409pixels">511.25dp</dimen>
    <dimen name="xxh_410pixels">512.5dp</dimen>
    <dimen name="xxh_411pixels">513.75dp</dimen>
    <dimen name="xxh_412pixels">515dp</dimen>
    <dimen name="xxh_413pixels">516.25dp</dimen>
    <dimen name="xxh_414pixels">517.5dp</dimen>
    <dimen name="xxh_415pixels">518.75dp</dimen>
    <dimen name="xxh_416pixels">520dp</dimen>
    <dimen name="xxh_417pixels">521.25dp</dimen>
    <dimen name="xxh_418pixels">522.5dp</dimen>
    <dimen name="xxh_419pixels">523.75dp</dimen>
    <dimen name="xxh_420pixels">525dp</dimen>
    <dimen name="xxh_421pixels">526.25dp</dimen>
    <dimen name="xxh_422pixels">527.5dp</dimen>
    <dimen name="xxh_423pixels">528.75dp</dimen>
    <dimen name="xxh_424pixels">530dp</dimen>
    <dimen name="xxh_425pixels">531.25dp</dimen>
    <dimen name="xxh_426pixels">532.5dp</dimen>
    <dimen name="xxh_427pixels">533.75dp</dimen>
    <dimen name="xxh_428pixels">535dp</dimen>
    <dimen name="xxh_429pixels">536.25dp</dimen>
    <dimen name="xxh_430pixels">537.5dp</dimen>
    <dimen name="xxh_431pixels">538.75dp</dimen>
    <dimen name="xxh_432pixels">540dp</dimen>
    <dimen name="xxh_433pixels">541.25dp</dimen>
    <dimen name="xxh_434pixels">542.5dp</dimen>
    <dimen name="xxh_435pixels">543.75dp</dimen>
    <dimen name="xxh_436pixels">545dp</dimen>
    <dimen name="xxh_437pixels">546.25dp</dimen>
    <dimen name="xxh_438pixels">547.5dp</dimen>
    <dimen name="xxh_439pixels">548.75dp</dimen>
    <dimen name="xxh_440pixels">550dp</dimen>
    <dimen name="xxh_441pixels">551.25dp</dimen>
    <dimen name="xxh_442pixels">552.5dp</dimen>
    <dimen name="xxh_443pixels">553.75dp</dimen>
    <dimen name="xxh_444pixels">555dp</dimen>
    <dimen name="xxh_445pixels">556.25dp</dimen>
    <dimen name="xxh_446pixels">557.5dp</dimen>
    <dimen name="xxh_447pixels">558.75dp</dimen>
    <dimen name="xxh_448pixels">560dp</dimen>
    <dimen name="xxh_449pixels">561.25dp</dimen>
    <dimen name="xxh_450pixels">562.5dp</dimen>
    <dimen name="xxh_451pixels">563.75dp</dimen>
    <dimen name="xxh_452pixels">565dp</dimen>
    <dimen name="xxh_453pixels">566.25dp</dimen>
    <dimen name="xxh_454pixels">567.5dp</dimen>
    <dimen name="xxh_455pixels">568.75dp</dimen>
    <dimen name="xxh_456pixels">570dp</dimen>
    <dimen name="xxh_457pixels">571.25dp</dimen>
    <dimen name="xxh_458pixels">572.5dp</dimen>
    <dimen name="xxh_459pixels">573.75dp</dimen>
    <dimen name="xxh_460pixels">575dp</dimen>
    <dimen name="xxh_461pixels">576.25dp</dimen>
    <dimen name="xxh_462pixels">577.5dp</dimen>
    <dimen name="xxh_463pixels">578.75dp</dimen>
    <dimen name="xxh_464pixels">580dp</dimen>
    <dimen name="xxh_465pixels">581.25dp</dimen>
    <dimen name="xxh_466pixels">582.5dp</dimen>
    <dimen name="xxh_467pixels">583.75dp</dimen>
    <dimen name="xxh_468pixels">585dp</dimen>
    <dimen name="xxh_469pixels">586.25dp</dimen>
    <dimen name="xxh_470pixels">587.5dp</dimen>
    <dimen name="xxh_471pixels">588.75dp</dimen>
    <dimen name="xxh_472pixels">590dp</dimen>
    <dimen name="xxh_473pixels">591.25dp</dimen>
    <dimen name="xxh_474pixels">592.5dp</dimen>
    <dimen name="xxh_475pixels">593.75dp</dimen>
    <dimen name="xxh_476pixels">595dp</dimen>
    <dimen name="xxh_477pixels">596.25dp</dimen>
    <dimen name="xxh_478pixels">597.5dp</dimen>
    <dimen name="xxh_479pixels">598.75dp</dimen>
    <dimen name="xxh_480pixels">600dp</dimen>
    <dimen name="xxh_481pixels">601.25dp</dimen>
    <dimen name="xxh_482pixels">602.5dp</dimen>
    <dimen name="xxh_483pixels">603.75dp</dimen>
    <dimen name="xxh_484pixels">605dp</dimen>
    <dimen name="xxh_485pixels">606.25dp</dimen>
    <dimen name="xxh_486pixels">607.5dp</dimen>
    <dimen name="xxh_487pixels">608.75dp</dimen>
    <dimen name="xxh_488pixels">610dp</dimen>
    <dimen name="xxh_489pixels">611.25dp</dimen>
    <dimen name="xxh_490pixels">612.5dp</dimen>
    <dimen name="xxh_491pixels">613.75dp</dimen>
    <dimen name="xxh_492pixels">615dp</dimen>
    <dimen name="xxh_493pixels">616.25dp</dimen>
    <dimen name="xxh_494pixels">617.5dp</dimen>
    <dimen name="xxh_495pixels">618.75dp</dimen>
    <dimen name="xxh_496pixels">620dp</dimen>
    <dimen name="xxh_497pixels">621.25dp</dimen>
    <dimen name="xxh_498pixels">622.5dp</dimen>
    <dimen name="xxh_499pixels">623.75dp</dimen>
    <dimen name="xxh_500pixels">625dp</dimen>
    <dimen name="xxh_501pixels">626.25dp</dimen>
    <dimen name="xxh_502pixels">627.5dp</dimen>
    <dimen name="xxh_503pixels">628.75dp</dimen>
    <dimen name="xxh_504pixels">630dp</dimen>
    <dimen name="xxh_505pixels">631.25dp</dimen>
    <dimen name="xxh_506pixels">632.5dp</dimen>
    <dimen name="xxh_507pixels">633.75dp</dimen>
    <dimen name="xxh_508pixels">635dp</dimen>
    <dimen name="xxh_509pixels">636.25dp</dimen>
    <dimen name="xxh_510pixels">637.5dp</dimen>
    <dimen name="xxh_511pixels">638.75dp</dimen>
    <dimen name="xxh_512pixels">640dp</dimen>
    <dimen name="xxh_513pixels">641.25dp</dimen>
    <dimen name="xxh_514pixels">642.5dp</dimen>
    <dimen name="xxh_515pixels">643.75dp</dimen>
    <dimen name="xxh_516pixels">645dp</dimen>
    <dimen name="xxh_517pixels">646.25dp</dimen>
    <dimen name="xxh_518pixels">647.5dp</dimen>
    <dimen name="xxh_519pixels">648.75dp</dimen>
    <dimen name="xxh_520pixels">650dp</dimen>
    <dimen name="xxh_521pixels">651.25dp</dimen>
    <dimen name="xxh_522pixels">652.5dp</dimen>
    <dimen name="xxh_523pixels">653.75dp</dimen>
    <dimen name="xxh_524pixels">655dp</dimen>
    <dimen name="xxh_525pixels">656.25dp</dimen>
    <dimen name="xxh_526pixels">657.5dp</dimen>
    <dimen name="xxh_527pixels">658.75dp</dimen>
    <dimen name="xxh_528pixels">660dp</dimen>
    <dimen name="xxh_529pixels">661.25dp</dimen>
    <dimen name="xxh_530pixels">662.5dp</dimen>
    <dimen name="xxh_531pixels">663.75dp</dimen>
    <dimen name="xxh_532pixels">665dp</dimen>
    <dimen name="xxh_533pixels">666.25dp</dimen>
    <dimen name="xxh_534pixels">667.5dp</dimen>
    <dimen name="xxh_535pixels">668.75dp</dimen>
    <dimen name="xxh_536pixels">670dp</dimen>
    <dimen name="xxh_537pixels">671.25dp</dimen>
    <dimen name="xxh_538pixels">672.5dp</dimen>
    <dimen name="xxh_539pixels">673.75dp</dimen>
    <dimen name="xxh_540pixels">675dp</dimen>
    <dimen name="xxh_541pixels">676.25dp</dimen>
    <dimen name="xxh_542pixels">677.5dp</dimen>
    <dimen name="xxh_543pixels">678.75dp</dimen>
    <dimen name="xxh_544pixels">680dp</dimen>
    <dimen name="xxh_545pixels">681.25dp</dimen>
    <dimen name="xxh_546pixels">682.5dp</dimen>
    <dimen name="xxh_547pixels">683.75dp</dimen>
    <dimen name="xxh_548pixels">685dp</dimen>
    <dimen name="xxh_549pixels">686.25dp</dimen>
    <dimen name="xxh_550pixels">687.5dp</dimen>
    <dimen name="xxh_551pixels">688.75dp</dimen>
    <dimen name="xxh_552pixels">690dp</dimen>
    <dimen name="xxh_553pixels">691.25dp</dimen>
    <dimen name="xxh_554pixels">692.5dp</dimen>
    <dimen name="xxh_555pixels">693.75dp</dimen>
    <dimen name="xxh_556pixels">695dp</dimen>
    <dimen name="xxh_557pixels">696.25dp</dimen>
    <dimen name="xxh_558pixels">697.5dp</dimen>
    <dimen name="xxh_559pixels">698.75dp</dimen>
    <dimen name="xxh_560pixels">700dp</dimen>
    <dimen name="xxh_561pixels">701.25dp</dimen>
    <dimen name="xxh_562pixels">702.5dp</dimen>
    <dimen name="xxh_563pixels">703.75dp</dimen>
    <dimen name="xxh_564pixels">705dp</dimen>
    <dimen name="xxh_565pixels">706.25dp</dimen>
    <dimen name="xxh_566pixels">707.5dp</dimen>
    <dimen name="xxh_567pixels">708.75dp</dimen>
    <dimen name="xxh_568pixels">710dp</dimen>
    <dimen name="xxh_569pixels">711.25dp</dimen>
    <dimen name="xxh_570pixels">712.5dp</dimen>
    <dimen name="xxh_571pixels">713.75dp</dimen>
    <dimen name="xxh_572pixels">715dp</dimen>
    <dimen name="xxh_573pixels">716.25dp</dimen>
    <dimen name="xxh_574pixels">717.5dp</dimen>
    <dimen name="xxh_575pixels">718.75dp</dimen>
    <dimen name="xxh_576pixels">720dp</dimen>
    <dimen name="xxh_577pixels">721.25dp</dimen>
    <dimen name="xxh_578pixels">722.5dp</dimen>
    <dimen name="xxh_579pixels">723.75dp</dimen>
    <dimen name="xxh_580pixels">725dp</dimen>
    <dimen name="xxh_581pixels">726.25dp</dimen>
    <dimen name="xxh_582pixels">727.5dp</dimen>
    <dimen name="xxh_583pixels">728.75dp</dimen>
    <dimen name="xxh_584pixels">730dp</dimen>
    <dimen name="xxh_585pixels">731.25dp</dimen>
    <dimen name="xxh_586pixels">732.5dp</dimen>
    <dimen name="xxh_587pixels">733.75dp</dimen>
    <dimen name="xxh_588pixels">735dp</dimen>
    <dimen name="xxh_589pixels">736.25dp</dimen>
    <dimen name="xxh_590pixels">737.5dp</dimen>
    <dimen name="xxh_591pixels">738.75dp</dimen>
    <dimen name="xxh_592pixels">740dp</dimen>
    <dimen name="xxh_593pixels">741.25dp</dimen>
    <dimen name="xxh_594pixels">742.5dp</dimen>
    <dimen name="xxh_595pixels">743.75dp</dimen>
    <dimen name="xxh_596pixels">745dp</dimen>
    <dimen name="xxh_597pixels">746.25dp</dimen>
    <dimen name="xxh_598pixels">747.5dp</dimen>
    <dimen name="xxh_599pixels">748.75dp</dimen>
    <dimen name="xxh_600pixels">750dp</dimen>
    <dimen name="xxh_601pixels">751.25dp</dimen>
    <dimen name="xxh_602pixels">752.5dp</dimen>
    <dimen name="xxh_603pixels">753.75dp</dimen>
    <dimen name="xxh_604pixels">755dp</dimen>
    <dimen name="xxh_605pixels">756.25dp</dimen>
    <dimen name="xxh_606pixels">757.5dp</dimen>
    <dimen name="xxh_607pixels">758.75dp</dimen>
    <dimen name="xxh_608pixels">760dp</dimen>
    <dimen name="xxh_609pixels">761.25dp</dimen>
    <dimen name="xxh_610pixels">762.5dp</dimen>
    <dimen name="xxh_611pixels">763.75dp</dimen>
    <dimen name="xxh_612pixels">765dp</dimen>
    <dimen name="xxh_613pixels">766.25dp</dimen>
    <dimen name="xxh_614pixels">767.5dp</dimen>
    <dimen name="xxh_615pixels">768.75dp</dimen>
    <dimen name="xxh_616pixels">770dp</dimen>
    <dimen name="xxh_617pixels">771.25dp</dimen>
    <dimen name="xxh_618pixels">772.5dp</dimen>
    <dimen name="xxh_619pixels">773.75dp</dimen>
    <dimen name="xxh_620pixels">775dp</dimen>
    <dimen name="xxh_621pixels">776.25dp</dimen>
    <dimen name="xxh_622pixels">777.5dp</dimen>
    <dimen name="xxh_623pixels">778.75dp</dimen>
    <dimen name="xxh_624pixels">780dp</dimen>
    <dimen name="xxh_625pixels">781.25dp</dimen>
    <dimen name="xxh_626pixels">782.5dp</dimen>
    <dimen name="xxh_627pixels">783.75dp</dimen>
    <dimen name="xxh_628pixels">785dp</dimen>
    <dimen name="xxh_629pixels">786.25dp</dimen>
    <dimen name="xxh_630pixels">787.5dp</dimen>
    <dimen name="xxh_631pixels">788.75dp</dimen>
    <dimen name="xxh_632pixels">790dp</dimen>
    <dimen name="xxh_633pixels">791.25dp</dimen>
    <dimen name="xxh_634pixels">792.5dp</dimen>
    <dimen name="xxh_635pixels">793.75dp</dimen>
    <dimen name="xxh_636pixels">795dp</dimen>
    <dimen name="xxh_637pixels">796.25dp</dimen>
    <dimen name="xxh_638pixels">797.5dp</dimen>
    <dimen name="xxh_639pixels">798.75dp</dimen>
    <dimen name="xxh_640pixels">800dp</dimen>
    <dimen name="xxh_641pixels">801.25dp</dimen>
    <dimen name="xxh_642pixels">802.5dp</dimen>
    <dimen name="xxh_643pixels">803.75dp</dimen>
    <dimen name="xxh_644pixels">805dp</dimen>
    <dimen name="xxh_645pixels">806.25dp</dimen>
    <dimen name="xxh_646pixels">807.5dp</dimen>
    <dimen name="xxh_647pixels">808.75dp</dimen>
    <dimen name="xxh_648pixels">810dp</dimen>
    <dimen name="xxh_649pixels">811.25dp</dimen>
    <dimen name="xxh_650pixels">812.5dp</dimen>
    <dimen name="xxh_651pixels">813.75dp</dimen>
    <dimen name="xxh_652pixels">815dp</dimen>
    <dimen name="xxh_653pixels">816.25dp</dimen>
    <dimen name="xxh_654pixels">817.5dp</dimen>
    <dimen name="xxh_655pixels">818.75dp</dimen>
    <dimen name="xxh_656pixels">820dp</dimen>
    <dimen name="xxh_657pixels">821.25dp</dimen>
    <dimen name="xxh_658pixels">822.5dp</dimen>
    <dimen name="xxh_659pixels">823.75dp</dimen>
    <dimen name="xxh_660pixels">825dp</dimen>
    <dimen name="xxh_661pixels">826.25dp</dimen>
    <dimen name="xxh_662pixels">827.5dp</dimen>
    <dimen name="xxh_663pixels">828.75dp</dimen>
    <dimen name="xxh_664pixels">830dp</dimen>
    <dimen name="xxh_665pixels">831.25dp</dimen>
    <dimen name="xxh_666pixels">832.5dp</dimen>
    <dimen name="xxh_667pixels">833.75dp</dimen>
    <dimen name="xxh_668pixels">835dp</dimen>
    <dimen name="xxh_669pixels">836.25dp</dimen>
    <dimen name="xxh_670pixels">837.5dp</dimen>
    <dimen name="xxh_671pixels">838.75dp</dimen>
    <dimen name="xxh_672pixels">840dp</dimen>
    <dimen name="xxh_673pixels">841.25dp</dimen>
    <dimen name="xxh_674pixels">842.5dp</dimen>
    <dimen name="xxh_675pixels">843.75dp</dimen>
    <dimen name="xxh_676pixels">845dp</dimen>
    <dimen name="xxh_677pixels">846.25dp</dimen>
    <dimen name="xxh_678pixels">847.5dp</dimen>
    <dimen name="xxh_679pixels">848.75dp</dimen>
    <dimen name="xxh_680pixels">850dp</dimen>
    <dimen name="xxh_681pixels">851.25dp</dimen>
    <dimen name="xxh_682pixels">852.5dp</dimen>
    <dimen name="xxh_683pixels">853.75dp</dimen>
    <dimen name="xxh_684pixels">855dp</dimen>
    <dimen name="xxh_685pixels">856.25dp</dimen>
    <dimen name="xxh_686pixels">857.5dp</dimen>
    <dimen name="xxh_687pixels">858.75dp</dimen>
    <dimen name="xxh_688pixels">860dp</dimen>
    <dimen name="xxh_689pixels">861.25dp</dimen>
    <dimen name="xxh_690pixels">862.5dp</dimen>
    <dimen name="xxh_691pixels">863.75dp</dimen>
    <dimen name="xxh_692pixels">865dp</dimen>
    <dimen name="xxh_693pixels">866.25dp</dimen>
    <dimen name="xxh_694pixels">867.5dp</dimen>
    <dimen name="xxh_695pixels">868.75dp</dimen>
    <dimen name="xxh_696pixels">870dp</dimen>
    <dimen name="xxh_697pixels">871.25dp</dimen>
    <dimen name="xxh_698pixels">872.5dp</dimen>
    <dimen name="xxh_699pixels">873.75dp</dimen>
    <dimen name="xxh_700pixels">875dp</dimen>
    <dimen name="xxh_701pixels">876.25dp</dimen>
    <dimen name="xxh_702pixels">877.5dp</dimen>
    <dimen name="xxh_703pixels">878.75dp</dimen>
    <dimen name="xxh_704pixels">880dp</dimen>
    <dimen name="xxh_705pixels">881.25dp</dimen>
    <dimen name="xxh_706pixels">882.5dp</dimen>
    <dimen name="xxh_707pixels">883.75dp</dimen>
    <dimen name="xxh_708pixels">885dp</dimen>
    <dimen name="xxh_709pixels">886.25dp</dimen>
    <dimen name="xxh_710pixels">887.5dp</dimen>
    <dimen name="xxh_711pixels">888.75dp</dimen>
    <dimen name="xxh_712pixels">890dp</dimen>
    <dimen name="xxh_713pixels">891.25dp</dimen>
    <dimen name="xxh_714pixels">892.5dp</dimen>
    <dimen name="xxh_715pixels">893.75dp</dimen>
    <dimen name="xxh_716pixels">895dp</dimen>
    <dimen name="xxh_717pixels">896.25dp</dimen>
    <dimen name="xxh_718pixels">897.5dp</dimen>
    <dimen name="xxh_719pixels">898.75dp</dimen>
    <dimen name="xxh_720pixels">900dp</dimen>
    <dimen name="xxh_721pixels">901.25dp</dimen>
    <dimen name="xxh_722pixels">902.5dp</dimen>
    <dimen name="xxh_723pixels">903.75dp</dimen>
    <dimen name="xxh_724pixels">905dp</dimen>
    <dimen name="xxh_725pixels">906.25dp</dimen>
    <dimen name="xxh_726pixels">907.5dp</dimen>
    <dimen name="xxh_727pixels">908.75dp</dimen>
    <dimen name="xxh_728pixels">910dp</dimen>
    <dimen name="xxh_729pixels">911.25dp</dimen>
    <dimen name="xxh_730pixels">912.5dp</dimen>
    <dimen name="xxh_731pixels">913.75dp</dimen>
    <dimen name="xxh_732pixels">915dp</dimen>
    <dimen name="xxh_733pixels">916.25dp</dimen>
    <dimen name="xxh_734pixels">917.5dp</dimen>
    <dimen name="xxh_735pixels">918.75dp</dimen>
    <dimen name="xxh_736pixels">920dp</dimen>
    <dimen name="xxh_737pixels">921.25dp</dimen>
    <dimen name="xxh_738pixels">922.5dp</dimen>
    <dimen name="xxh_739pixels">923.75dp</dimen>
    <dimen name="xxh_740pixels">925dp</dimen>
    <dimen name="xxh_741pixels">926.25dp</dimen>
    <dimen name="xxh_742pixels">927.5dp</dimen>
    <dimen name="xxh_743pixels">928.75dp</dimen>
    <dimen name="xxh_744pixels">930dp</dimen>
    <dimen name="xxh_745pixels">931.25dp</dimen>
    <dimen name="xxh_746pixels">932.5dp</dimen>
    <dimen name="xxh_747pixels">933.75dp</dimen>
    <dimen name="xxh_748pixels">935dp</dimen>
    <dimen name="xxh_749pixels">936.25dp</dimen>
    <dimen name="xxh_750pixels">937.5dp</dimen>
    <dimen name="xxh_751pixels">938.75dp</dimen>
    <dimen name="xxh_752pixels">940dp</dimen>
    <dimen name="xxh_753pixels">941.25dp</dimen>
    <dimen name="xxh_754pixels">942.5dp</dimen>
    <dimen name="xxh_755pixels">943.75dp</dimen>
    <dimen name="xxh_756pixels">945dp</dimen>
    <dimen name="xxh_757pixels">946.25dp</dimen>
    <dimen name="xxh_758pixels">947.5dp</dimen>
    <dimen name="xxh_759pixels">948.75dp</dimen>
    <dimen name="xxh_760pixels">950dp</dimen>
    <dimen name="xxh_761pixels">951.25dp</dimen>
    <dimen name="xxh_762pixels">952.5dp</dimen>
    <dimen name="xxh_763pixels">953.75dp</dimen>
    <dimen name="xxh_764pixels">955dp</dimen>
    <dimen name="xxh_765pixels">956.25dp</dimen>
    <dimen name="xxh_766pixels">957.5dp</dimen>
    <dimen name="xxh_767pixels">958.75dp</dimen>
    <dimen name="xxh_768pixels">960dp</dimen>
    <dimen name="xxh_769pixels">961.25dp</dimen>
    <dimen name="xxh_770pixels">962.5dp</dimen>
    <dimen name="xxh_771pixels">963.75dp</dimen>
    <dimen name="xxh_772pixels">965dp</dimen>
    <dimen name="xxh_773pixels">966.25dp</dimen>
    <dimen name="xxh_774pixels">967.5dp</dimen>
    <dimen name="xxh_775pixels">968.75dp</dimen>
    <dimen name="xxh_776pixels">970dp</dimen>
    <dimen name="xxh_777pixels">971.25dp</dimen>
    <dimen name="xxh_778pixels">972.5dp</dimen>
    <dimen name="xxh_779pixels">973.75dp</dimen>
    <dimen name="xxh_780pixels">975dp</dimen>
    <dimen name="xxh_781pixels">976.25dp</dimen>
    <dimen name="xxh_782pixels">977.5dp</dimen>
    <dimen name="xxh_783pixels">978.75dp</dimen>
    <dimen name="xxh_784pixels">980dp</dimen>
    <dimen name="xxh_785pixels">981.25dp</dimen>
    <dimen name="xxh_786pixels">982.5dp</dimen>
    <dimen name="xxh_787pixels">983.75dp</dimen>
    <dimen name="xxh_788pixels">985dp</dimen>
    <dimen name="xxh_789pixels">986.25dp</dimen>
    <dimen name="xxh_790pixels">987.5dp</dimen>
    <dimen name="xxh_791pixels">988.75dp</dimen>
    <dimen name="xxh_792pixels">990dp</dimen>
    <dimen name="xxh_793pixels">991.25dp</dimen>
    <dimen name="xxh_794pixels">992.5dp</dimen>
    <dimen name="xxh_795pixels">993.75dp</dimen>
    <dimen name="xxh_796pixels">995dp</dimen>
    <dimen name="xxh_797pixels">996.25dp</dimen>
    <dimen name="xxh_798pixels">997.5dp</dimen>
    <dimen name="xxh_799pixels">998.75dp</dimen>
    <dimen name="xxh_800pixels">1000dp</dimen>
    <dimen name="xxh_801pixels">1001.25dp</dimen>
    <dimen name="xxh_802pixels">1002.5dp</dimen>
    <dimen name="xxh_803pixels">1003.75dp</dimen>
    <dimen name="xxh_804pixels">1005dp</dimen>
    <dimen name="xxh_805pixels">1006.25dp</dimen>
    <dimen name="xxh_806pixels">1007.5dp</dimen>
    <dimen name="xxh_807pixels">1008.75dp</dimen>
    <dimen name="xxh_808pixels">1010dp</dimen>
    <dimen name="xxh_809pixels">1011.25dp</dimen>
    <dimen name="xxh_810pixels">1012.5dp</dimen>
    <dimen name="xxh_811pixels">1013.75dp</dimen>
    <dimen name="xxh_812pixels">1015dp</dimen>
    <dimen name="xxh_813pixels">1016.25dp</dimen>
    <dimen name="xxh_814pixels">1017.5dp</dimen>
    <dimen name="xxh_815pixels">1018.75dp</dimen>
    <dimen name="xxh_816pixels">1020dp</dimen>
    <dimen name="xxh_817pixels">1021.25dp</dimen>
    <dimen name="xxh_818pixels">1022.5dp</dimen>
    <dimen name="xxh_819pixels">1023.75dp</dimen>
    <dimen name="xxh_820pixels">1025dp</dimen>
    <dimen name="xxh_821pixels">1026.25dp</dimen>
    <dimen name="xxh_822pixels">1027.5dp</dimen>
    <dimen name="xxh_823pixels">1028.75dp</dimen>
    <dimen name="xxh_824pixels">1030dp</dimen>
    <dimen name="xxh_825pixels">1031.25dp</dimen>
    <dimen name="xxh_826pixels">1032.5dp</dimen>
    <dimen name="xxh_827pixels">1033.75dp</dimen>
    <dimen name="xxh_828pixels">1035dp</dimen>
    <dimen name="xxh_829pixels">1036.25dp</dimen>
    <dimen name="xxh_830pixels">1037.5dp</dimen>
    <dimen name="xxh_831pixels">1038.75dp</dimen>
    <dimen name="xxh_832pixels">1040dp</dimen>
    <dimen name="xxh_833pixels">1041.25dp</dimen>
    <dimen name="xxh_834pixels">1042.5dp</dimen>
    <dimen name="xxh_835pixels">1043.75dp</dimen>
    <dimen name="xxh_836pixels">1045dp</dimen>
    <dimen name="xxh_837pixels">1046.25dp</dimen>
    <dimen name="xxh_838pixels">1047.5dp</dimen>
    <dimen name="xxh_839pixels">1048.75dp</dimen>
    <dimen name="xxh_840pixels">1050dp</dimen>
    <dimen name="xxh_841pixels">1051.25dp</dimen>
    <dimen name="xxh_842pixels">1052.5dp</dimen>
    <dimen name="xxh_843pixels">1053.75dp</dimen>
    <dimen name="xxh_844pixels">1055dp</dimen>
    <dimen name="xxh_845pixels">1056.25dp</dimen>
    <dimen name="xxh_846pixels">1057.5dp</dimen>
    <dimen name="xxh_847pixels">1058.75dp</dimen>
    <dimen name="xxh_848pixels">1060dp</dimen>
    <dimen name="xxh_849pixels">1061.25dp</dimen>
    <dimen name="xxh_850pixels">1062.5dp</dimen>
    <dimen name="xxh_851pixels">1063.75dp</dimen>
    <dimen name="xxh_852pixels">1065dp</dimen>
    <dimen name="xxh_853pixels">1066.25dp</dimen>
    <dimen name="xxh_854pixels">1067.5dp</dimen>
    <dimen name="xxh_855pixels">1068.75dp</dimen>
    <dimen name="xxh_856pixels">1070dp</dimen>
    <dimen name="xxh_857pixels">1071.25dp</dimen>
    <dimen name="xxh_858pixels">1072.5dp</dimen>
    <dimen name="xxh_859pixels">1073.75dp</dimen>
    <dimen name="xxh_860pixels">1075dp</dimen>
    <dimen name="xxh_861pixels">1076.25dp</dimen>
    <dimen name="xxh_862pixels">1077.5dp</dimen>
    <dimen name="xxh_863pixels">1078.75dp</dimen>
    <dimen name="xxh_864pixels">1080dp</dimen>
    <dimen name="xxh_865pixels">1081.25dp</dimen>
    <dimen name="xxh_866pixels">1082.5dp</dimen>
    <dimen name="xxh_867pixels">1083.75dp</dimen>
    <dimen name="xxh_868pixels">1085dp</dimen>
    <dimen name="xxh_869pixels">1086.25dp</dimen>
    <dimen name="xxh_870pixels">1087.5dp</dimen>
    <dimen name="xxh_871pixels">1088.75dp</dimen>
    <dimen name="xxh_872pixels">1090dp</dimen>
    <dimen name="xxh_873pixels">1091.25dp</dimen>
    <dimen name="xxh_874pixels">1092.5dp</dimen>
    <dimen name="xxh_875pixels">1093.75dp</dimen>
    <dimen name="xxh_876pixels">1095dp</dimen>
    <dimen name="xxh_877pixels">1096.25dp</dimen>
    <dimen name="xxh_878pixels">1097.5dp</dimen>
    <dimen name="xxh_879pixels">1098.75dp</dimen>
    <dimen name="xxh_880pixels">1100dp</dimen>
    <dimen name="xxh_881pixels">1101.25dp</dimen>
    <dimen name="xxh_882pixels">1102.5dp</dimen>
    <dimen name="xxh_883pixels">1103.75dp</dimen>
    <dimen name="xxh_884pixels">1105dp</dimen>
    <dimen name="xxh_885pixels">1106.25dp</dimen>
    <dimen name="xxh_886pixels">1107.5dp</dimen>
    <dimen name="xxh_887pixels">1108.75dp</dimen>
    <dimen name="xxh_888pixels">1110dp</dimen>
    <dimen name="xxh_889pixels">1111.25dp</dimen>
    <dimen name="xxh_890pixels">1112.5dp</dimen>
    <dimen name="xxh_891pixels">1113.75dp</dimen>
    <dimen name="xxh_892pixels">1115dp</dimen>
    <dimen name="xxh_893pixels">1116.25dp</dimen>
    <dimen name="xxh_894pixels">1117.5dp</dimen>
    <dimen name="xxh_895pixels">1118.75dp</dimen>
    <dimen name="xxh_896pixels">1120dp</dimen>
    <dimen name="xxh_897pixels">1121.25dp</dimen>
    <dimen name="xxh_898pixels">1122.5dp</dimen>
    <dimen name="xxh_899pixels">1123.75dp</dimen>
    <dimen name="xxh_900pixels">1125dp</dimen>
    <dimen name="xxh_901pixels">1126.25dp</dimen>
    <dimen name="xxh_902pixels">1127.5dp</dimen>
    <dimen name="xxh_903pixels">1128.75dp</dimen>
    <dimen name="xxh_904pixels">1130dp</dimen>
    <dimen name="xxh_905pixels">1131.25dp</dimen>
    <dimen name="xxh_906pixels">1132.5dp</dimen>
    <dimen name="xxh_907pixels">1133.75dp</dimen>
    <dimen name="xxh_908pixels">1135dp</dimen>
    <dimen name="xxh_909pixels">1136.25dp</dimen>
    <dimen name="xxh_910pixels">1137.5dp</dimen>
    <dimen name="xxh_911pixels">1138.75dp</dimen>
    <dimen name="xxh_912pixels">1140dp</dimen>
    <dimen name="xxh_913pixels">1141.25dp</dimen>
    <dimen name="xxh_914pixels">1142.5dp</dimen>
    <dimen name="xxh_915pixels">1143.75dp</dimen>
    <dimen name="xxh_916pixels">1145dp</dimen>
    <dimen name="xxh_917pixels">1146.25dp</dimen>
    <dimen name="xxh_918pixels">1147.5dp</dimen>
    <dimen name="xxh_919pixels">1148.75dp</dimen>
    <dimen name="xxh_920pixels">1150dp</dimen>
    <dimen name="xxh_921pixels">1151.25dp</dimen>
    <dimen name="xxh_922pixels">1152.5dp</dimen>
    <dimen name="xxh_923pixels">1153.75dp</dimen>
    <dimen name="xxh_924pixels">1155dp</dimen>
    <dimen name="xxh_925pixels">1156.25dp</dimen>
    <dimen name="xxh_926pixels">1157.5dp</dimen>
    <dimen name="xxh_927pixels">1158.75dp</dimen>
    <dimen name="xxh_928pixels">1160dp</dimen>
    <dimen name="xxh_929pixels">1161.25dp</dimen>
    <dimen name="xxh_930pixels">1162.5dp</dimen>
    <dimen name="xxh_931pixels">1163.75dp</dimen>
    <dimen name="xxh_932pixels">1165dp</dimen>
    <dimen name="xxh_933pixels">1166.25dp</dimen>
    <dimen name="xxh_934pixels">1167.5dp</dimen>
    <dimen name="xxh_935pixels">1168.75dp</dimen>
    <dimen name="xxh_936pixels">1170dp</dimen>
    <dimen name="xxh_937pixels">1171.25dp</dimen>
    <dimen name="xxh_938pixels">1172.5dp</dimen>
    <dimen name="xxh_939pixels">1173.75dp</dimen>
    <dimen name="xxh_940pixels">1175dp</dimen>
    <dimen name="xxh_941pixels">1176.25dp</dimen>
    <dimen name="xxh_942pixels">1177.5dp</dimen>
    <dimen name="xxh_943pixels">1178.75dp</dimen>
    <dimen name="xxh_944pixels">1180dp</dimen>
    <dimen name="xxh_945pixels">1181.25dp</dimen>
    <dimen name="xxh_946pixels">1182.5dp</dimen>
    <dimen name="xxh_947pixels">1183.75dp</dimen>
    <dimen name="xxh_948pixels">1185dp</dimen>
    <dimen name="xxh_949pixels">1186.25dp</dimen>
    <dimen name="xxh_950pixels">1187.5dp</dimen>
    <dimen name="xxh_951pixels">1188.75dp</dimen>
    <dimen name="xxh_952pixels">1190dp</dimen>
    <dimen name="xxh_953pixels">1191.25dp</dimen>
    <dimen name="xxh_954pixels">1192.5dp</dimen>
    <dimen name="xxh_955pixels">1193.75dp</dimen>
    <dimen name="xxh_956pixels">1195dp</dimen>
    <dimen name="xxh_957pixels">1196.25dp</dimen>
    <dimen name="xxh_958pixels">1197.5dp</dimen>
    <dimen name="xxh_959pixels">1198.75dp</dimen>
    <dimen name="xxh_960pixels">1200dp</dimen>
    <dimen name="xxh_961pixels">1201.25dp</dimen>
    <dimen name="xxh_962pixels">1202.5dp</dimen>
    <dimen name="xxh_963pixels">1203.75dp</dimen>
    <dimen name="xxh_964pixels">1205dp</dimen>
    <dimen name="xxh_965pixels">1206.25dp</dimen>
    <dimen name="xxh_966pixels">1207.5dp</dimen>
    <dimen name="xxh_967pixels">1208.75dp</dimen>
    <dimen name="xxh_968pixels">1210dp</dimen>
    <dimen name="xxh_969pixels">1211.25dp</dimen>
    <dimen name="xxh_970pixels">1212.5dp</dimen>
    <dimen name="xxh_971pixels">1213.75dp</dimen>
    <dimen name="xxh_972pixels">1215dp</dimen>
    <dimen name="xxh_973pixels">1216.25dp</dimen>
    <dimen name="xxh_974pixels">1217.5dp</dimen>
    <dimen name="xxh_975pixels">1218.75dp</dimen>
    <dimen name="xxh_976pixels">1220dp</dimen>
    <dimen name="xxh_977pixels">1221.25dp</dimen>
    <dimen name="xxh_978pixels">1222.5dp</dimen>
    <dimen name="xxh_979pixels">1223.75dp</dimen>
    <dimen name="xxh_980pixels">1225dp</dimen>
    <dimen name="xxh_981pixels">1226.25dp</dimen>
    <dimen name="xxh_982pixels">1227.5dp</dimen>
    <dimen name="xxh_983pixels">1228.75dp</dimen>
    <dimen name="xxh_984pixels">1230dp</dimen>
    <dimen name="xxh_985pixels">1231.25dp</dimen>
    <dimen name="xxh_986pixels">1232.5dp</dimen>
    <dimen name="xxh_987pixels">1233.75dp</dimen>
    <dimen name="xxh_988pixels">1235dp</dimen>
    <dimen name="xxh_989pixels">1236.25dp</dimen>
    <dimen name="xxh_990pixels">1237.5dp</dimen>
    <dimen name="xxh_991pixels">1238.75dp</dimen>
    <dimen name="xxh_992pixels">1240dp</dimen>
    <dimen name="xxh_993pixels">1241.25dp</dimen>
    <dimen name="xxh_994pixels">1242.5dp</dimen>
    <dimen name="xxh_995pixels">1243.75dp</dimen>
    <dimen name="xxh_996pixels">1245dp</dimen>
    <dimen name="xxh_997pixels">1246.25dp</dimen>
    <dimen name="xxh_998pixels">1247.5dp</dimen>
    <dimen name="xxh_999pixels">1248.75dp</dimen>
    <dimen name="xxh_1000pixels">1250dp</dimen>
    <dimen name="xxh_1001pixels">1251.25dp</dimen>
    <dimen name="xxh_1002pixels">1252.5dp</dimen>
    <dimen name="xxh_1003pixels">1253.75dp</dimen>
    <dimen name="xxh_1004pixels">1255dp</dimen>
    <dimen name="xxh_1005pixels">1256.25dp</dimen>
    <dimen name="xxh_1006pixels">1257.5dp</dimen>
    <dimen name="xxh_1007pixels">1258.75dp</dimen>
    <dimen name="xxh_1008pixels">1260dp</dimen>
    <dimen name="xxh_1009pixels">1261.25dp</dimen>
    <dimen name="xxh_1010pixels">1262.5dp</dimen>
    <dimen name="xxh_1011pixels">1263.75dp</dimen>
    <dimen name="xxh_1012pixels">1265dp</dimen>
    <dimen name="xxh_1013pixels">1266.25dp</dimen>
    <dimen name="xxh_1014pixels">1267.5dp</dimen>
    <dimen name="xxh_1015pixels">1268.75dp</dimen>
    <dimen name="xxh_1016pixels">1270dp</dimen>
    <dimen name="xxh_1017pixels">1271.25dp</dimen>
    <dimen name="xxh_1018pixels">1272.5dp</dimen>
    <dimen name="xxh_1019pixels">1273.75dp</dimen>
    <dimen name="xxh_1020pixels">1275dp</dimen>
    <dimen name="xxh_1021pixels">1276.25dp</dimen>
    <dimen name="xxh_1022pixels">1277.5dp</dimen>
    <dimen name="xxh_1023pixels">1278.75dp</dimen>
    <dimen name="xxh_1024pixels">1280dp</dimen>
    <dimen name="xxh_1025pixels">1281.25dp</dimen>
    <dimen name="xxh_1026pixels">1282.5dp</dimen>
    <dimen name="xxh_1027pixels">1283.75dp</dimen>
    <dimen name="xxh_1028pixels">1285dp</dimen>
    <dimen name="xxh_1029pixels">1286.25dp</dimen>
    <dimen name="xxh_1030pixels">1287.5dp</dimen>
    <dimen name="xxh_1031pixels">1288.75dp</dimen>
    <dimen name="xxh_1032pixels">1290dp</dimen>
    <dimen name="xxh_1033pixels">1291.25dp</dimen>
    <dimen name="xxh_1034pixels">1292.5dp</dimen>
    <dimen name="xxh_1035pixels">1293.75dp</dimen>
    <dimen name="xxh_1036pixels">1295dp</dimen>
    <dimen name="xxh_1037pixels">1296.25dp</dimen>
    <dimen name="xxh_1038pixels">1297.5dp</dimen>
    <dimen name="xxh_1039pixels">1298.75dp</dimen>
    <dimen name="xxh_1040pixels">1300dp</dimen>
    <dimen name="xxh_1041pixels">1301.25dp</dimen>
    <dimen name="xxh_1042pixels">1302.5dp</dimen>
    <dimen name="xxh_1043pixels">1303.75dp</dimen>
    <dimen name="xxh_1044pixels">1305dp</dimen>
    <dimen name="xxh_1045pixels">1306.25dp</dimen>
    <dimen name="xxh_1046pixels">1307.5dp</dimen>
    <dimen name="xxh_1047pixels">1308.75dp</dimen>
    <dimen name="xxh_1048pixels">1310dp</dimen>
    <dimen name="xxh_1049pixels">1311.25dp</dimen>
    <dimen name="xxh_1050pixels">1312.5dp</dimen>
    <dimen name="xxh_1051pixels">1313.75dp</dimen>
    <dimen name="xxh_1052pixels">1315dp</dimen>
    <dimen name="xxh_1053pixels">1316.25dp</dimen>
    <dimen name="xxh_1054pixels">1317.5dp</dimen>
    <dimen name="xxh_1055pixels">1318.75dp</dimen>
    <dimen name="xxh_1056pixels">1320dp</dimen>
    <dimen name="xxh_1057pixels">1321.25dp</dimen>
    <dimen name="xxh_1058pixels">1322.5dp</dimen>
    <dimen name="xxh_1059pixels">1323.75dp</dimen>
    <dimen name="xxh_1060pixels">1325dp</dimen>
    <dimen name="xxh_1061pixels">1326.25dp</dimen>
    <dimen name="xxh_1062pixels">1327.5dp</dimen>
    <dimen name="xxh_1063pixels">1328.75dp</dimen>
    <dimen name="xxh_1064pixels">1330dp</dimen>
    <dimen name="xxh_1065pixels">1331.25dp</dimen>
    <dimen name="xxh_1066pixels">1332.5dp</dimen>
    <dimen name="xxh_1067pixels">1333.75dp</dimen>
    <dimen name="xxh_1068pixels">1335dp</dimen>
    <dimen name="xxh_1069pixels">1336.25dp</dimen>
    <dimen name="xxh_1070pixels">1337.5dp</dimen>
    <dimen name="xxh_1071pixels">1338.75dp</dimen>
    <dimen name="xxh_1072pixels">1340dp</dimen>
    <dimen name="xxh_1073pixels">1341.25dp</dimen>
    <dimen name="xxh_1074pixels">1342.5dp</dimen>
    <dimen name="xxh_1075pixels">1343.75dp</dimen>
    <dimen name="xxh_1076pixels">1345dp</dimen>
    <dimen name="xxh_1077pixels">1346.25dp</dimen>
    <dimen name="xxh_1078pixels">1347.5dp</dimen>
    <dimen name="xxh_1079pixels">1348.75dp</dimen>
    <dimen name="xxh_1080pixels">1350dp</dimen>
    <dimen name="xxh_1081pixels">1351.25dp</dimen>
    <dimen name="xxh_1082pixels">1352.5dp</dimen>
    <dimen name="xxh_1083pixels">1353.75dp</dimen>
    <dimen name="xxh_1084pixels">1355dp</dimen>
    <dimen name="xxh_1085pixels">1356.25dp</dimen>
    <dimen name="xxh_1086pixels">1357.5dp</dimen>
    <dimen name="xxh_1087pixels">1358.75dp</dimen>
    <dimen name="xxh_1088pixels">1360dp</dimen>
    <dimen name="xxh_1089pixels">1361.25dp</dimen>
    <dimen name="xxh_1090pixels">1362.5dp</dimen>
    <dimen name="xxh_1091pixels">1363.75dp</dimen>
    <dimen name="xxh_1092pixels">1365dp</dimen>
    <dimen name="xxh_1093pixels">1366.25dp</dimen>
    <dimen name="xxh_1094pixels">1367.5dp</dimen>
    <dimen name="xxh_1095pixels">1368.75dp</dimen>
    <dimen name="xxh_1096pixels">1370dp</dimen>
    <dimen name="xxh_1097pixels">1371.25dp</dimen>
    <dimen name="xxh_1098pixels">1372.5dp</dimen>
    <dimen name="xxh_1099pixels">1373.75dp</dimen>
    <dimen name="xxh_1100pixels">1375dp</dimen>
    <dimen name="xxh_1101pixels">1376.25dp</dimen>
    <dimen name="xxh_1102pixels">1377.5dp</dimen>
    <dimen name="xxh_1103pixels">1378.75dp</dimen>
    <dimen name="xxh_1104pixels">1380dp</dimen>
    <dimen name="xxh_1105pixels">1381.25dp</dimen>
    <dimen name="xxh_1106pixels">1382.5dp</dimen>
    <dimen name="xxh_1107pixels">1383.75dp</dimen>
    <dimen name="xxh_1108pixels">1385dp</dimen>
    <dimen name="xxh_1109pixels">1386.25dp</dimen>
    <dimen name="xxh_1110pixels">1387.5dp</dimen>
    <dimen name="xxh_1111pixels">1388.75dp</dimen>
    <dimen name="xxh_1112pixels">1390dp</dimen>
    <dimen name="xxh_1113pixels">1391.25dp</dimen>
    <dimen name="xxh_1114pixels">1392.5dp</dimen>
    <dimen name="xxh_1115pixels">1393.75dp</dimen>
    <dimen name="xxh_1116pixels">1395dp</dimen>
    <dimen name="xxh_1117pixels">1396.25dp</dimen>
    <dimen name="xxh_1118pixels">1397.5dp</dimen>
    <dimen name="xxh_1119pixels">1398.75dp</dimen>
    <dimen name="xxh_1120pixels">1400dp</dimen>
    <dimen name="xxh_1121pixels">1401.25dp</dimen>
    <dimen name="xxh_1122pixels">1402.5dp</dimen>
    <dimen name="xxh_1123pixels">1403.75dp</dimen>
    <dimen name="xxh_1124pixels">1405dp</dimen>
    <dimen name="xxh_1125pixels">1406.25dp</dimen>
    <dimen name="xxh_1126pixels">1407.5dp</dimen>
    <dimen name="xxh_1127pixels">1408.75dp</dimen>
    <dimen name="xxh_1128pixels">1410dp</dimen>
    <dimen name="xxh_1129pixels">1411.25dp</dimen>
    <dimen name="xxh_1130pixels">1412.5dp</dimen>
    <dimen name="xxh_1131pixels">1413.75dp</dimen>
    <dimen name="xxh_1132pixels">1415dp</dimen>
    <dimen name="xxh_1133pixels">1416.25dp</dimen>
    <dimen name="xxh_1134pixels">1417.5dp</dimen>
    <dimen name="xxh_1135pixels">1418.75dp</dimen>
    <dimen name="xxh_1136pixels">1420dp</dimen>
    <dimen name="xxh_1137pixels">1421.25dp</dimen>
    <dimen name="xxh_1138pixels">1422.5dp</dimen>
    <dimen name="xxh_1139pixels">1423.75dp</dimen>
    <dimen name="xxh_1140pixels">1425dp</dimen>
    <dimen name="xxh_1141pixels">1426.25dp</dimen>
    <dimen name="xxh_1142pixels">1427.5dp</dimen>
    <dimen name="xxh_1143pixels">1428.75dp</dimen>
    <dimen name="xxh_1144pixels">1430dp</dimen>
    <dimen name="xxh_1145pixels">1431.25dp</dimen>
    <dimen name="xxh_1146pixels">1432.5dp</dimen>
    <dimen name="xxh_1147pixels">1433.75dp</dimen>
    <dimen name="xxh_1148pixels">1435dp</dimen>
    <dimen name="xxh_1149pixels">1436.25dp</dimen>
    <dimen name="xxh_1150pixels">1437.5dp</dimen>
    <dimen name="xxh_1151pixels">1438.75dp</dimen>
    <dimen name="xxh_1152pixels">1440dp</dimen>
    <dimen name="xxh_1153pixels">1441.25dp</dimen>
    <dimen name="xxh_1154pixels">1442.5dp</dimen>
    <dimen name="xxh_1155pixels">1443.75dp</dimen>
    <dimen name="xxh_1156pixels">1445dp</dimen>
    <dimen name="xxh_1157pixels">1446.25dp</dimen>
    <dimen name="xxh_1158pixels">1447.5dp</dimen>
    <dimen name="xxh_1159pixels">1448.75dp</dimen>
    <dimen name="xxh_1160pixels">1450dp</dimen>
    <dimen name="xxh_1161pixels">1451.25dp</dimen>
    <dimen name="xxh_1162pixels">1452.5dp</dimen>
    <dimen name="xxh_1163pixels">1453.75dp</dimen>
    <dimen name="xxh_1164pixels">1455dp</dimen>
    <dimen name="xxh_1165pixels">1456.25dp</dimen>
    <dimen name="xxh_1166pixels">1457.5dp</dimen>
    <dimen name="xxh_1167pixels">1458.75dp</dimen>
    <dimen name="xxh_1168pixels">1460dp</dimen>
    <dimen name="xxh_1169pixels">1461.25dp</dimen>
    <dimen name="xxh_1170pixels">1462.5dp</dimen>
    <dimen name="xxh_1171pixels">1463.75dp</dimen>
    <dimen name="xxh_1172pixels">1465dp</dimen>
    <dimen name="xxh_1173pixels">1466.25dp</dimen>
    <dimen name="xxh_1174pixels">1467.5dp</dimen>
    <dimen name="xxh_1175pixels">1468.75dp</dimen>
    <dimen name="xxh_1176pixels">1470dp</dimen>
    <dimen name="xxh_1177pixels">1471.25dp</dimen>
    <dimen name="xxh_1178pixels">1472.5dp</dimen>
    <dimen name="xxh_1179pixels">1473.75dp</dimen>
    <dimen name="xxh_1180pixels">1475dp</dimen>
    <dimen name="xxh_1181pixels">1476.25dp</dimen>
    <dimen name="xxh_1182pixels">1477.5dp</dimen>
    <dimen name="xxh_1183pixels">1478.75dp</dimen>
    <dimen name="xxh_1184pixels">1480dp</dimen>
    <dimen name="xxh_1185pixels">1481.25dp</dimen>
    <dimen name="xxh_1186pixels">1482.5dp</dimen>
    <dimen name="xxh_1187pixels">1483.75dp</dimen>
    <dimen name="xxh_1188pixels">1485dp</dimen>
    <dimen name="xxh_1189pixels">1486.25dp</dimen>
    <dimen name="xxh_1190pixels">1487.5dp</dimen>
    <dimen name="xxh_1191pixels">1488.75dp</dimen>
    <dimen name="xxh_1192pixels">1490dp</dimen>
    <dimen name="xxh_1193pixels">1491.25dp</dimen>
    <dimen name="xxh_1194pixels">1492.5dp</dimen>
    <dimen name="xxh_1195pixels">1493.75dp</dimen>
    <dimen name="xxh_1196pixels">1495dp</dimen>
    <dimen name="xxh_1197pixels">1496.25dp</dimen>
    <dimen name="xxh_1198pixels">1497.5dp</dimen>
    <dimen name="xxh_1199pixels">1498.75dp</dimen>
    <dimen name="xxh_1200pixels">1500dp</dimen>
    <dimen name="xxh_1201pixels">1501.25dp</dimen>
    <dimen name="xxh_1202pixels">1502.5dp</dimen>
    <dimen name="xxh_1203pixels">1503.75dp</dimen>
    <dimen name="xxh_1204pixels">1505dp</dimen>
    <dimen name="xxh_1205pixels">1506.25dp</dimen>
    <dimen name="xxh_1206pixels">1507.5dp</dimen>
    <dimen name="xxh_1207pixels">1508.75dp</dimen>
    <dimen name="xxh_1208pixels">1510dp</dimen>
    <dimen name="xxh_1209pixels">1511.25dp</dimen>
    <dimen name="xxh_1210pixels">1512.5dp</dimen>
    <dimen name="xxh_1211pixels">1513.75dp</dimen>
    <dimen name="xxh_1212pixels">1515dp</dimen>
    <dimen name="xxh_1213pixels">1516.25dp</dimen>
    <dimen name="xxh_1214pixels">1517.5dp</dimen>
    <dimen name="xxh_1215pixels">1518.75dp</dimen>
    <dimen name="xxh_1216pixels">1520dp</dimen>
    <dimen name="xxh_1217pixels">1521.25dp</dimen>
    <dimen name="xxh_1218pixels">1522.5dp</dimen>
    <dimen name="xxh_1219pixels">1523.75dp</dimen>
    <dimen name="xxh_1220pixels">1525dp</dimen>
    <dimen name="xxh_1221pixels">1526.25dp</dimen>
    <dimen name="xxh_1222pixels">1527.5dp</dimen>
    <dimen name="xxh_1223pixels">1528.75dp</dimen>
    <dimen name="xxh_1224pixels">1530dp</dimen>
    <dimen name="xxh_1225pixels">1531.25dp</dimen>
    <dimen name="xxh_1226pixels">1532.5dp</dimen>
    <dimen name="xxh_1227pixels">1533.75dp</dimen>
    <dimen name="xxh_1228pixels">1535dp</dimen>
    <dimen name="xxh_1229pixels">1536.25dp</dimen>
    <dimen name="xxh_1230pixels">1537.5dp</dimen>
    <dimen name="xxh_1231pixels">1538.75dp</dimen>
    <dimen name="xxh_1232pixels">1540dp</dimen>
    <dimen name="xxh_1233pixels">1541.25dp</dimen>
    <dimen name="xxh_1234pixels">1542.5dp</dimen>
    <dimen name="xxh_1235pixels">1543.75dp</dimen>
    <dimen name="xxh_1236pixels">1545dp</dimen>
    <dimen name="xxh_1237pixels">1546.25dp</dimen>
    <dimen name="xxh_1238pixels">1547.5dp</dimen>
    <dimen name="xxh_1239pixels">1548.75dp</dimen>
    <dimen name="xxh_1240pixels">1550dp</dimen>
    <dimen name="xxh_1241pixels">1551.25dp</dimen>
    <dimen name="xxh_1242pixels">1552.5dp</dimen>
    <dimen name="xxh_1243pixels">1553.75dp</dimen>
    <dimen name="xxh_1244pixels">1555dp</dimen>
    <dimen name="xxh_1245pixels">1556.25dp</dimen>
    <dimen name="xxh_1246pixels">1557.5dp</dimen>
    <dimen name="xxh_1247pixels">1558.75dp</dimen>
    <dimen name="xxh_1248pixels">1560dp</dimen>
    <dimen name="xxh_1249pixels">1561.25dp</dimen>
    <dimen name="xxh_1250pixels">1562.5dp</dimen>
    <dimen name="xxh_1251pixels">1563.75dp</dimen>
    <dimen name="xxh_1252pixels">1565dp</dimen>
    <dimen name="xxh_1253pixels">1566.25dp</dimen>
    <dimen name="xxh_1254pixels">1567.5dp</dimen>
    <dimen name="xxh_1255pixels">1568.75dp</dimen>
    <dimen name="xxh_1256pixels">1570dp</dimen>
    <dimen name="xxh_1257pixels">1571.25dp</dimen>
    <dimen name="xxh_1258pixels">1572.5dp</dimen>
    <dimen name="xxh_1259pixels">1573.75dp</dimen>
    <dimen name="xxh_1260pixels">1575dp</dimen>
    <dimen name="xxh_1261pixels">1576.25dp</dimen>
    <dimen name="xxh_1262pixels">1577.5dp</dimen>
    <dimen name="xxh_1263pixels">1578.75dp</dimen>
    <dimen name="xxh_1264pixels">1580dp</dimen>
    <dimen name="xxh_1265pixels">1581.25dp</dimen>
    <dimen name="xxh_1266pixels">1582.5dp</dimen>
    <dimen name="xxh_1267pixels">1583.75dp</dimen>
    <dimen name="xxh_1268pixels">1585dp</dimen>
    <dimen name="xxh_1269pixels">1586.25dp</dimen>
    <dimen name="xxh_1270pixels">1587.5dp</dimen>
    <dimen name="xxh_1271pixels">1588.75dp</dimen>
    <dimen name="xxh_1272pixels">1590dp</dimen>
    <dimen name="xxh_1273pixels">1591.25dp</dimen>
    <dimen name="xxh_1274pixels">1592.5dp</dimen>
    <dimen name="xxh_1275pixels">1593.75dp</dimen>
    <dimen name="xxh_1276pixels">1595dp</dimen>
    <dimen name="xxh_1277pixels">1596.25dp</dimen>
    <dimen name="xxh_1278pixels">1597.5dp</dimen>
    <dimen name="xxh_1279pixels">1598.75dp</dimen>
    <dimen name="xxh_1280pixels">1600dp</dimen>
    <dimen name="xxh_1281pixels">1601.25dp</dimen>
    <dimen name="xxh_1282pixels">1602.5dp</dimen>
    <dimen name="xxh_1283pixels">1603.75dp</dimen>
    <dimen name="xxh_1284pixels">1605dp</dimen>
    <dimen name="xxh_1285pixels">1606.25dp</dimen>
    <dimen name="xxh_1286pixels">1607.5dp</dimen>
    <dimen name="xxh_1287pixels">1608.75dp</dimen>
    <dimen name="xxh_1288pixels">1610dp</dimen>
    <dimen name="xxh_1289pixels">1611.25dp</dimen>
    <dimen name="xxh_1290pixels">1612.5dp</dimen>
    <dimen name="xxh_1291pixels">1613.75dp</dimen>
    <dimen name="xxh_1292pixels">1615dp</dimen>
    <dimen name="xxh_1293pixels">1616.25dp</dimen>
    <dimen name="xxh_1294pixels">1617.5dp</dimen>
    <dimen name="xxh_1295pixels">1618.75dp</dimen>
    <dimen name="xxh_1296pixels">1620dp</dimen>
    <dimen name="xxh_1297pixels">1621.25dp</dimen>
    <dimen name="xxh_1298pixels">1622.5dp</dimen>
    <dimen name="xxh_1299pixels">1623.75dp</dimen>
    <dimen name="xxh_1300pixels">1625dp</dimen>
    <dimen name="xxh_1301pixels">1626.25dp</dimen>
    <dimen name="xxh_1302pixels">1627.5dp</dimen>
    <dimen name="xxh_1303pixels">1628.75dp</dimen>
    <dimen name="xxh_1304pixels">1630dp</dimen>
    <dimen name="xxh_1305pixels">1631.25dp</dimen>
    <dimen name="xxh_1306pixels">1632.5dp</dimen>
    <dimen name="xxh_1307pixels">1633.75dp</dimen>
    <dimen name="xxh_1308pixels">1635dp</dimen>
    <dimen name="xxh_1309pixels">1636.25dp</dimen>
    <dimen name="xxh_1310pixels">1637.5dp</dimen>
    <dimen name="xxh_1311pixels">1638.75dp</dimen>
    <dimen name="xxh_1312pixels">1640dp</dimen>
    <dimen name="xxh_1313pixels">1641.25dp</dimen>
    <dimen name="xxh_1314pixels">1642.5dp</dimen>
    <dimen name="xxh_1315pixels">1643.75dp</dimen>
    <dimen name="xxh_1316pixels">1645dp</dimen>
    <dimen name="xxh_1317pixels">1646.25dp</dimen>
    <dimen name="xxh_1318pixels">1647.5dp</dimen>
    <dimen name="xxh_1319pixels">1648.75dp</dimen>
    <dimen name="xxh_1320pixels">1650dp</dimen>
    <dimen name="xxh_1321pixels">1651.25dp</dimen>
    <dimen name="xxh_1322pixels">1652.5dp</dimen>
    <dimen name="xxh_1323pixels">1653.75dp</dimen>
    <dimen name="xxh_1324pixels">1655dp</dimen>
    <dimen name="xxh_1325pixels">1656.25dp</dimen>
    <dimen name="xxh_1326pixels">1657.5dp</dimen>
    <dimen name="xxh_1327pixels">1658.75dp</dimen>
    <dimen name="xxh_1328pixels">1660dp</dimen>
    <dimen name="xxh_1329pixels">1661.25dp</dimen>
    <dimen name="xxh_1330pixels">1662.5dp</dimen>
    <dimen name="xxh_1331pixels">1663.75dp</dimen>
    <dimen name="xxh_1332pixels">1665dp</dimen>
    <dimen name="xxh_1333pixels">1666.25dp</dimen>
    <dimen name="xxh_1334pixels">1667.5dp</dimen>
    <dimen name="xxh_1335pixels">1668.75dp</dimen>
    <dimen name="xxh_1336pixels">1670dp</dimen>
    <dimen name="xxh_1337pixels">1671.25dp</dimen>
    <dimen name="xxh_1338pixels">1672.5dp</dimen>
    <dimen name="xxh_1339pixels">1673.75dp</dimen>
    <dimen name="xxh_1340pixels">1675dp</dimen>
    <dimen name="xxh_1341pixels">1676.25dp</dimen>
    <dimen name="xxh_1342pixels">1677.5dp</dimen>
    <dimen name="xxh_1343pixels">1678.75dp</dimen>
    <dimen name="xxh_1344pixels">1680dp</dimen>
    <dimen name="xxh_1345pixels">1681.25dp</dimen>
    <dimen name="xxh_1346pixels">1682.5dp</dimen>
    <dimen name="xxh_1347pixels">1683.75dp</dimen>
    <dimen name="xxh_1348pixels">1685dp</dimen>
    <dimen name="xxh_1349pixels">1686.25dp</dimen>
    <dimen name="xxh_1350pixels">1687.5dp</dimen>
    <dimen name="xxh_1351pixels">1688.75dp</dimen>
    <dimen name="xxh_1352pixels">1690dp</dimen>
    <dimen name="xxh_1353pixels">1691.25dp</dimen>
    <dimen name="xxh_1354pixels">1692.5dp</dimen>
    <dimen name="xxh_1355pixels">1693.75dp</dimen>
    <dimen name="xxh_1356pixels">1695dp</dimen>
    <dimen name="xxh_1357pixels">1696.25dp</dimen>
    <dimen name="xxh_1358pixels">1697.5dp</dimen>
    <dimen name="xxh_1359pixels">1698.75dp</dimen>
    <dimen name="xxh_1360pixels">1700dp</dimen>
    <dimen name="xxh_1361pixels">1701.25dp</dimen>
    <dimen name="xxh_1362pixels">1702.5dp</dimen>
    <dimen name="xxh_1363pixels">1703.75dp</dimen>
    <dimen name="xxh_1364pixels">1705dp</dimen>
    <dimen name="xxh_1365pixels">1706.25dp</dimen>
    <dimen name="xxh_1366pixels">1707.5dp</dimen>
    <dimen name="xxh_1367pixels">1708.75dp</dimen>
    <dimen name="xxh_1368pixels">1710dp</dimen>
    <dimen name="xxh_1369pixels">1711.25dp</dimen>
    <dimen name="xxh_1370pixels">1712.5dp</dimen>
    <dimen name="xxh_1371pixels">1713.75dp</dimen>
    <dimen name="xxh_1372pixels">1715dp</dimen>
    <dimen name="xxh_1373pixels">1716.25dp</dimen>
    <dimen name="xxh_1374pixels">1717.5dp</dimen>
    <dimen name="xxh_1375pixels">1718.75dp</dimen>
    <dimen name="xxh_1376pixels">1720dp</dimen>
    <dimen name="xxh_1377pixels">1721.25dp</dimen>
    <dimen name="xxh_1378pixels">1722.5dp</dimen>
    <dimen name="xxh_1379pixels">1723.75dp</dimen>
    <dimen name="xxh_1380pixels">1725dp</dimen>
    <dimen name="xxh_1381pixels">1726.25dp</dimen>
    <dimen name="xxh_1382pixels">1727.5dp</dimen>
    <dimen name="xxh_1383pixels">1728.75dp</dimen>
    <dimen name="xxh_1384pixels">1730dp</dimen>
    <dimen name="xxh_1385pixels">1731.25dp</dimen>
    <dimen name="xxh_1386pixels">1732.5dp</dimen>
    <dimen name="xxh_1387pixels">1733.75dp</dimen>
    <dimen name="xxh_1388pixels">1735dp</dimen>
    <dimen name="xxh_1389pixels">1736.25dp</dimen>
    <dimen name="xxh_1390pixels">1737.5dp</dimen>
    <dimen name="xxh_1391pixels">1738.75dp</dimen>
    <dimen name="xxh_1392pixels">1740dp</dimen>
    <dimen name="xxh_1393pixels">1741.25dp</dimen>
    <dimen name="xxh_1394pixels">1742.5dp</dimen>
    <dimen name="xxh_1395pixels">1743.75dp</dimen>
    <dimen name="xxh_1396pixels">1745dp</dimen>
    <dimen name="xxh_1397pixels">1746.25dp</dimen>
    <dimen name="xxh_1398pixels">1747.5dp</dimen>
    <dimen name="xxh_1399pixels">1748.75dp</dimen>
    <dimen name="xxh_1400pixels">1750dp</dimen>
    <dimen name="xxh_1401pixels">1751.25dp</dimen>
    <dimen name="xxh_1402pixels">1752.5dp</dimen>
    <dimen name="xxh_1403pixels">1753.75dp</dimen>
    <dimen name="xxh_1404pixels">1755dp</dimen>
    <dimen name="xxh_1405pixels">1756.25dp</dimen>
    <dimen name="xxh_1406pixels">1757.5dp</dimen>
    <dimen name="xxh_1407pixels">1758.75dp</dimen>
    <dimen name="xxh_1408pixels">1760dp</dimen>
    <dimen name="xxh_1409pixels">1761.25dp</dimen>
    <dimen name="xxh_1410pixels">1762.5dp</dimen>
    <dimen name="xxh_1411pixels">1763.75dp</dimen>
    <dimen name="xxh_1412pixels">1765dp</dimen>
    <dimen name="xxh_1413pixels">1766.25dp</dimen>
    <dimen name="xxh_1414pixels">1767.5dp</dimen>
    <dimen name="xxh_1415pixels">1768.75dp</dimen>
    <dimen name="xxh_1416pixels">1770dp</dimen>
    <dimen name="xxh_1417pixels">1771.25dp</dimen>
    <dimen name="xxh_1418pixels">1772.5dp</dimen>
    <dimen name="xxh_1419pixels">1773.75dp</dimen>
    <dimen name="xxh_1420pixels">1775dp</dimen>
    <dimen name="xxh_1421pixels">1776.25dp</dimen>
    <dimen name="xxh_1422pixels">1777.5dp</dimen>
    <dimen name="xxh_1423pixels">1778.75dp</dimen>
    <dimen name="xxh_1424pixels">1780dp</dimen>
    <dimen name="xxh_1425pixels">1781.25dp</dimen>
    <dimen name="xxh_1426pixels">1782.5dp</dimen>
    <dimen name="xxh_1427pixels">1783.75dp</dimen>
    <dimen name="xxh_1428pixels">1785dp</dimen>
    <dimen name="xxh_1429pixels">1786.25dp</dimen>
    <dimen name="xxh_1430pixels">1787.5dp</dimen>
    <dimen name="xxh_1431pixels">1788.75dp</dimen>
    <dimen name="xxh_1432pixels">1790dp</dimen>
    <dimen name="xxh_1433pixels">1791.25dp</dimen>
    <dimen name="xxh_1434pixels">1792.5dp</dimen>
    <dimen name="xxh_1435pixels">1793.75dp</dimen>
    <dimen name="xxh_1436pixels">1795dp</dimen>
    <dimen name="xxh_1437pixels">1796.25dp</dimen>
    <dimen name="xxh_1438pixels">1797.5dp</dimen>
    <dimen name="xxh_1439pixels">1798.75dp</dimen>
    <dimen name="xxh_1440pixels">1800dp</dimen>
    <dimen name="xxh_1441pixels">1801.25dp</dimen>
    <dimen name="xxh_1442pixels">1802.5dp</dimen>
    <dimen name="xxh_1443pixels">1803.75dp</dimen>
    <dimen name="xxh_1444pixels">1805dp</dimen>
    <dimen name="xxh_1445pixels">1806.25dp</dimen>
    <dimen name="xxh_1446pixels">1807.5dp</dimen>
    <dimen name="xxh_1447pixels">1808.75dp</dimen>
    <dimen name="xxh_1448pixels">1810dp</dimen>
    <dimen name="xxh_1449pixels">1811.25dp</dimen>
    <dimen name="xxh_1450pixels">1812.5dp</dimen>
    <dimen name="xxh_1451pixels">1813.75dp</dimen>
    <dimen name="xxh_1452pixels">1815dp</dimen>
    <dimen name="xxh_1453pixels">1816.25dp</dimen>
    <dimen name="xxh_1454pixels">1817.5dp</dimen>
    <dimen name="xxh_1455pixels">1818.75dp</dimen>
    <dimen name="xxh_1456pixels">1820dp</dimen>
    <dimen name="xxh_1457pixels">1821.25dp</dimen>
    <dimen name="xxh_1458pixels">1822.5dp</dimen>
    <dimen name="xxh_1459pixels">1823.75dp</dimen>
    <dimen name="xxh_1460pixels">1825dp</dimen>
    <dimen name="xxh_1461pixels">1826.25dp</dimen>
    <dimen name="xxh_1462pixels">1827.5dp</dimen>
    <dimen name="xxh_1463pixels">1828.75dp</dimen>
    <dimen name="xxh_1464pixels">1830dp</dimen>
    <dimen name="xxh_1465pixels">1831.25dp</dimen>
    <dimen name="xxh_1466pixels">1832.5dp</dimen>
    <dimen name="xxh_1467pixels">1833.75dp</dimen>
    <dimen name="xxh_1468pixels">1835dp</dimen>
    <dimen name="xxh_1469pixels">1836.25dp</dimen>
    <dimen name="xxh_1470pixels">1837.5dp</dimen>
    <dimen name="xxh_1471pixels">1838.75dp</dimen>
    <dimen name="xxh_1472pixels">1840dp</dimen>
    <dimen name="xxh_1473pixels">1841.25dp</dimen>
    <dimen name="xxh_1474pixels">1842.5dp</dimen>
    <dimen name="xxh_1475pixels">1843.75dp</dimen>
    <dimen name="xxh_1476pixels">1845dp</dimen>
    <dimen name="xxh_1477pixels">1846.25dp</dimen>
    <dimen name="xxh_1478pixels">1847.5dp</dimen>
    <dimen name="xxh_1479pixels">1848.75dp</dimen>
    <dimen name="xxh_1480pixels">1850dp</dimen>
    <dimen name="xxh_1481pixels">1851.25dp</dimen>
    <dimen name="xxh_1482pixels">1852.5dp</dimen>
    <dimen name="xxh_1483pixels">1853.75dp</dimen>
    <dimen name="xxh_1484pixels">1855dp</dimen>
    <dimen name="xxh_1485pixels">1856.25dp</dimen>
    <dimen name="xxh_1486pixels">1857.5dp</dimen>
    <dimen name="xxh_1487pixels">1858.75dp</dimen>
    <dimen name="xxh_1488pixels">1860dp</dimen>
    <dimen name="xxh_1489pixels">1861.25dp</dimen>
    <dimen name="xxh_1490pixels">1862.5dp</dimen>
    <dimen name="xxh_1491pixels">1863.75dp</dimen>
    <dimen name="xxh_1492pixels">1865dp</dimen>
    <dimen name="xxh_1493pixels">1866.25dp</dimen>
    <dimen name="xxh_1494pixels">1867.5dp</dimen>
    <dimen name="xxh_1495pixels">1868.75dp</dimen>
    <dimen name="xxh_1496pixels">1870dp</dimen>
    <dimen name="xxh_1497pixels">1871.25dp</dimen>
    <dimen name="xxh_1498pixels">1872.5dp</dimen>
    <dimen name="xxh_1499pixels">1873.75dp</dimen>
    <dimen name="xxh_1500pixels">1875dp</dimen>
    <dimen name="xxh_1501pixels">1876.25dp</dimen>
    <dimen name="xxh_1502pixels">1877.5dp</dimen>
    <dimen name="xxh_1503pixels">1878.75dp</dimen>
    <dimen name="xxh_1504pixels">1880dp</dimen>
    <dimen name="xxh_1505pixels">1881.25dp</dimen>
    <dimen name="xxh_1506pixels">1882.5dp</dimen>
    <dimen name="xxh_1507pixels">1883.75dp</dimen>
    <dimen name="xxh_1508pixels">1885dp</dimen>
    <dimen name="xxh_1509pixels">1886.25dp</dimen>
    <dimen name="xxh_1510pixels">1887.5dp</dimen>
    <dimen name="xxh_1511pixels">1888.75dp</dimen>
    <dimen name="xxh_1512pixels">1890dp</dimen>
    <dimen name="xxh_1513pixels">1891.25dp</dimen>
    <dimen name="xxh_1514pixels">1892.5dp</dimen>
    <dimen name="xxh_1515pixels">1893.75dp</dimen>
    <dimen name="xxh_1516pixels">1895dp</dimen>
    <dimen name="xxh_1517pixels">1896.25dp</dimen>
    <dimen name="xxh_1518pixels">1897.5dp</dimen>
    <dimen name="xxh_1519pixels">1898.75dp</dimen>
    <dimen name="xxh_1520pixels">1900dp</dimen>
    <dimen name="xxh_1521pixels">1901.25dp</dimen>
    <dimen name="xxh_1522pixels">1902.5dp</dimen>
    <dimen name="xxh_1523pixels">1903.75dp</dimen>
    <dimen name="xxh_1524pixels">1905dp</dimen>
    <dimen name="xxh_1525pixels">1906.25dp</dimen>
    <dimen name="xxh_1526pixels">1907.5dp</dimen>
    <dimen name="xxh_1527pixels">1908.75dp</dimen>
    <dimen name="xxh_1528pixels">1910dp</dimen>
    <dimen name="xxh_1529pixels">1911.25dp</dimen>
    <dimen name="xxh_1530pixels">1912.5dp</dimen>
    <dimen name="xxh_1531pixels">1913.75dp</dimen>
    <dimen name="xxh_1532pixels">1915dp</dimen>
    <dimen name="xxh_1533pixels">1916.25dp</dimen>
    <dimen name="xxh_1534pixels">1917.5dp</dimen>
    <dimen name="xxh_1535pixels">1918.75dp</dimen>
    <dimen name="xxh_1536pixels">1920dp</dimen>
    <dimen name="xxh_1537pixels">1921.25dp</dimen>
    <dimen name="xxh_1538pixels">1922.5dp</dimen>
    <dimen name="xxh_1539pixels">1923.75dp</dimen>
    <dimen name="xxh_1540pixels">1925dp</dimen>
    <dimen name="xxh_1541pixels">1926.25dp</dimen>
    <dimen name="xxh_1542pixels">1927.5dp</dimen>
    <dimen name="xxh_1543pixels">1928.75dp</dimen>
    <dimen name="xxh_1544pixels">1930dp</dimen>
    <dimen name="xxh_1545pixels">1931.25dp</dimen>
    <dimen name="xxh_1546pixels">1932.5dp</dimen>
    <dimen name="xxh_1547pixels">1933.75dp</dimen>
    <dimen name="xxh_1548pixels">1935dp</dimen>
    <dimen name="xxh_1549pixels">1936.25dp</dimen>
    <dimen name="xxh_1550pixels">1937.5dp</dimen>
    <dimen name="xxh_1551pixels">1938.75dp</dimen>
    <dimen name="xxh_1552pixels">1940dp</dimen>
    <dimen name="xxh_1553pixels">1941.25dp</dimen>
    <dimen name="xxh_1554pixels">1942.5dp</dimen>
    <dimen name="xxh_1555pixels">1943.75dp</dimen>
    <dimen name="xxh_1556pixels">1945dp</dimen>
    <dimen name="xxh_1557pixels">1946.25dp</dimen>
    <dimen name="xxh_1558pixels">1947.5dp</dimen>
    <dimen name="xxh_1559pixels">1948.75dp</dimen>
    <dimen name="xxh_1560pixels">1950dp</dimen>
    <dimen name="xxh_1561pixels">1951.25dp</dimen>
    <dimen name="xxh_1562pixels">1952.5dp</dimen>
    <dimen name="xxh_1563pixels">1953.75dp</dimen>
    <dimen name="xxh_1564pixels">1955dp</dimen>
    <dimen name="xxh_1565pixels">1956.25dp</dimen>
    <dimen name="xxh_1566pixels">1957.5dp</dimen>
    <dimen name="xxh_1567pixels">1958.75dp</dimen>
    <dimen name="xxh_1568pixels">1960dp</dimen>
    <dimen name="xxh_1569pixels">1961.25dp</dimen>
    <dimen name="xxh_1570pixels">1962.5dp</dimen>
    <dimen name="xxh_1571pixels">1963.75dp</dimen>
    <dimen name="xxh_1572pixels">1965dp</dimen>
    <dimen name="xxh_1573pixels">1966.25dp</dimen>
    <dimen name="xxh_1574pixels">1967.5dp</dimen>
    <dimen name="xxh_1575pixels">1968.75dp</dimen>
    <dimen name="xxh_1576pixels">1970dp</dimen>
    <dimen name="xxh_1577pixels">1971.25dp</dimen>
    <dimen name="xxh_1578pixels">1972.5dp</dimen>
    <dimen name="xxh_1579pixels">1973.75dp</dimen>
    <dimen name="xxh_1580pixels">1975dp</dimen>
    <dimen name="xxh_1581pixels">1976.25dp</dimen>
    <dimen name="xxh_1582pixels">1977.5dp</dimen>
    <dimen name="xxh_1583pixels">1978.75dp</dimen>
    <dimen name="xxh_1584pixels">1980dp</dimen>
    <dimen name="xxh_1585pixels">1981.25dp</dimen>
    <dimen name="xxh_1586pixels">1982.5dp</dimen>
    <dimen name="xxh_1587pixels">1983.75dp</dimen>
    <dimen name="xxh_1588pixels">1985dp</dimen>
    <dimen name="xxh_1589pixels">1986.25dp</dimen>
    <dimen name="xxh_1590pixels">1987.5dp</dimen>
    <dimen name="xxh_1591pixels">1988.75dp</dimen>
    <dimen name="xxh_1592pixels">1990dp</dimen>
    <dimen name="xxh_1593pixels">1991.25dp</dimen>
    <dimen name="xxh_1594pixels">1992.5dp</dimen>
    <dimen name="xxh_1595pixels">1993.75dp</dimen>
    <dimen name="xxh_1596pixels">1995dp</dimen>
    <dimen name="xxh_1597pixels">1996.25dp</dimen>
    <dimen name="xxh_1598pixels">1997.5dp</dimen>
    <dimen name="xxh_1599pixels">1998.75dp</dimen>
    <dimen name="xxh_1600pixels">2000dp</dimen>
    <dimen name="xxh_1601pixels">2001.25dp</dimen>
    <dimen name="xxh_1602pixels">2002.5dp</dimen>
    <dimen name="xxh_1603pixels">2003.75dp</dimen>
    <dimen name="xxh_1604pixels">2005dp</dimen>
    <dimen name="xxh_1605pixels">2006.25dp</dimen>
    <dimen name="xxh_1606pixels">2007.5dp</dimen>
    <dimen name="xxh_1607pixels">2008.75dp</dimen>
    <dimen name="xxh_1608pixels">2010dp</dimen>
    <dimen name="xxh_1609pixels">2011.25dp</dimen>
    <dimen name="xxh_1610pixels">2012.5dp</dimen>
    <dimen name="xxh_1611pixels">2013.75dp</dimen>
    <dimen name="xxh_1612pixels">2015dp</dimen>
    <dimen name="xxh_1613pixels">2016.25dp</dimen>
    <dimen name="xxh_1614pixels">2017.5dp</dimen>
    <dimen name="xxh_1615pixels">2018.75dp</dimen>
    <dimen name="xxh_1616pixels">2020dp</dimen>
    <dimen name="xxh_1617pixels">2021.25dp</dimen>
    <dimen name="xxh_1618pixels">2022.5dp</dimen>
    <dimen name="xxh_1619pixels">2023.75dp</dimen>
    <dimen name="xxh_1620pixels">2025dp</dimen>
    <dimen name="xxh_1621pixels">2026.25dp</dimen>
    <dimen name="xxh_1622pixels">2027.5dp</dimen>
    <dimen name="xxh_1623pixels">2028.75dp</dimen>
    <dimen name="xxh_1624pixels">2030dp</dimen>
    <dimen name="xxh_1625pixels">2031.25dp</dimen>
    <dimen name="xxh_1626pixels">2032.5dp</dimen>
    <dimen name="xxh_1627pixels">2033.75dp</dimen>
    <dimen name="xxh_1628pixels">2035dp</dimen>
    <dimen name="xxh_1629pixels">2036.25dp</dimen>
    <dimen name="xxh_1630pixels">2037.5dp</dimen>
    <dimen name="xxh_1631pixels">2038.75dp</dimen>
    <dimen name="xxh_1632pixels">2040dp</dimen>
    <dimen name="xxh_1633pixels">2041.25dp</dimen>
    <dimen name="xxh_1634pixels">2042.5dp</dimen>
    <dimen name="xxh_1635pixels">2043.75dp</dimen>
    <dimen name="xxh_1636pixels">2045dp</dimen>
    <dimen name="xxh_1637pixels">2046.25dp</dimen>
    <dimen name="xxh_1638pixels">2047.5dp</dimen>
    <dimen name="xxh_1639pixels">2048.75dp</dimen>
    <dimen name="xxh_1640pixels">2050dp</dimen>
    <dimen name="xxh_1641pixels">2051.25dp</dimen>
    <dimen name="xxh_1642pixels">2052.5dp</dimen>
    <dimen name="xxh_1643pixels">2053.75dp</dimen>
    <dimen name="xxh_1644pixels">2055dp</dimen>
    <dimen name="xxh_1645pixels">2056.25dp</dimen>
    <dimen name="xxh_1646pixels">2057.5dp</dimen>
    <dimen name="xxh_1647pixels">2058.75dp</dimen>
    <dimen name="xxh_1648pixels">2060dp</dimen>
    <dimen name="xxh_1649pixels">2061.25dp</dimen>
    <dimen name="xxh_1650pixels">2062.5dp</dimen>
    <dimen name="xxh_1651pixels">2063.75dp</dimen>
    <dimen name="xxh_1652pixels">2065dp</dimen>
    <dimen name="xxh_1653pixels">2066.25dp</dimen>
    <dimen name="xxh_1654pixels">2067.5dp</dimen>
    <dimen name="xxh_1655pixels">2068.75dp</dimen>
    <dimen name="xxh_1656pixels">2070dp</dimen>
    <dimen name="xxh_1657pixels">2071.25dp</dimen>
    <dimen name="xxh_1658pixels">2072.5dp</dimen>
    <dimen name="xxh_1659pixels">2073.75dp</dimen>
    <dimen name="xxh_1660pixels">2075dp</dimen>
    <dimen name="xxh_1661pixels">2076.25dp</dimen>
    <dimen name="xxh_1662pixels">2077.5dp</dimen>
    <dimen name="xxh_1663pixels">2078.75dp</dimen>
    <dimen name="xxh_1664pixels">2080dp</dimen>
    <dimen name="xxh_1665pixels">2081.25dp</dimen>
    <dimen name="xxh_1666pixels">2082.5dp</dimen>
    <dimen name="xxh_1667pixels">2083.75dp</dimen>
    <dimen name="xxh_1668pixels">2085dp</dimen>
    <dimen name="xxh_1669pixels">2086.25dp</dimen>
    <dimen name="xxh_1670pixels">2087.5dp</dimen>
    <dimen name="xxh_1671pixels">2088.75dp</dimen>
    <dimen name="xxh_1672pixels">2090dp</dimen>
    <dimen name="xxh_1673pixels">2091.25dp</dimen>
    <dimen name="xxh_1674pixels">2092.5dp</dimen>
    <dimen name="xxh_1675pixels">2093.75dp</dimen>
    <dimen name="xxh_1676pixels">2095dp</dimen>
    <dimen name="xxh_1677pixels">2096.25dp</dimen>
    <dimen name="xxh_1678pixels">2097.5dp</dimen>
    <dimen name="xxh_1679pixels">2098.75dp</dimen>
    <dimen name="xxh_1680pixels">2100dp</dimen>
    <dimen name="xxh_1681pixels">2101.25dp</dimen>
    <dimen name="xxh_1682pixels">2102.5dp</dimen>
    <dimen name="xxh_1683pixels">2103.75dp</dimen>
    <dimen name="xxh_1684pixels">2105dp</dimen>
    <dimen name="xxh_1685pixels">2106.25dp</dimen>
    <dimen name="xxh_1686pixels">2107.5dp</dimen>
    <dimen name="xxh_1687pixels">2108.75dp</dimen>
    <dimen name="xxh_1688pixels">2110dp</dimen>
    <dimen name="xxh_1689pixels">2111.25dp</dimen>
    <dimen name="xxh_1690pixels">2112.5dp</dimen>
    <dimen name="xxh_1691pixels">2113.75dp</dimen>
    <dimen name="xxh_1692pixels">2115dp</dimen>
    <dimen name="xxh_1693pixels">2116.25dp</dimen>
    <dimen name="xxh_1694pixels">2117.5dp</dimen>
    <dimen name="xxh_1695pixels">2118.75dp</dimen>
    <dimen name="xxh_1696pixels">2120dp</dimen>
    <dimen name="xxh_1697pixels">2121.25dp</dimen>
    <dimen name="xxh_1698pixels">2122.5dp</dimen>
    <dimen name="xxh_1699pixels">2123.75dp</dimen>
    <dimen name="xxh_1700pixels">2125dp</dimen>
    <dimen name="xxh_1701pixels">2126.25dp</dimen>
    <dimen name="xxh_1702pixels">2127.5dp</dimen>
    <dimen name="xxh_1703pixels">2128.75dp</dimen>
    <dimen name="xxh_1704pixels">2130dp</dimen>
    <dimen name="xxh_1705pixels">2131.25dp</dimen>
    <dimen name="xxh_1706pixels">2132.5dp</dimen>
    <dimen name="xxh_1707pixels">2133.75dp</dimen>
    <dimen name="xxh_1708pixels">2135dp</dimen>
    <dimen name="xxh_1709pixels">2136.25dp</dimen>
    <dimen name="xxh_1710pixels">2137.5dp</dimen>
    <dimen name="xxh_1711pixels">2138.75dp</dimen>
    <dimen name="xxh_1712pixels">2140dp</dimen>
    <dimen name="xxh_1713pixels">2141.25dp</dimen>
    <dimen name="xxh_1714pixels">2142.5dp</dimen>
    <dimen name="xxh_1715pixels">2143.75dp</dimen>
    <dimen name="xxh_1716pixels">2145dp</dimen>
    <dimen name="xxh_1717pixels">2146.25dp</dimen>
    <dimen name="xxh_1718pixels">2147.5dp</dimen>
    <dimen name="xxh_1719pixels">2148.75dp</dimen>
    <dimen name="xxh_1720pixels">2150dp</dimen>
    <dimen name="xxh_1721pixels">2151.25dp</dimen>
    <dimen name="xxh_1722pixels">2152.5dp</dimen>
    <dimen name="xxh_1723pixels">2153.75dp</dimen>
    <dimen name="xxh_1724pixels">2155dp</dimen>
    <dimen name="xxh_1725pixels">2156.25dp</dimen>
    <dimen name="xxh_1726pixels">2157.5dp</dimen>
    <dimen name="xxh_1727pixels">2158.75dp</dimen>
    <dimen name="xxh_1728pixels">2160dp</dimen>
    <dimen name="xxh_1729pixels">2161.25dp</dimen>
    <dimen name="xxh_1730pixels">2162.5dp</dimen>
    <dimen name="xxh_1731pixels">2163.75dp</dimen>
    <dimen name="xxh_1732pixels">2165dp</dimen>
    <dimen name="xxh_1733pixels">2166.25dp</dimen>
    <dimen name="xxh_1734pixels">2167.5dp</dimen>
    <dimen name="xxh_1735pixels">2168.75dp</dimen>
    <dimen name="xxh_1736pixels">2170dp</dimen>
    <dimen name="xxh_1737pixels">2171.25dp</dimen>
    <dimen name="xxh_1738pixels">2172.5dp</dimen>
    <dimen name="xxh_1739pixels">2173.75dp</dimen>
    <dimen name="xxh_1740pixels">2175dp</dimen>
    <dimen name="xxh_1741pixels">2176.25dp</dimen>
    <dimen name="xxh_1742pixels">2177.5dp</dimen>
    <dimen name="xxh_1743pixels">2178.75dp</dimen>
    <dimen name="xxh_1744pixels">2180dp</dimen>
    <dimen name="xxh_1745pixels">2181.25dp</dimen>
    <dimen name="xxh_1746pixels">2182.5dp</dimen>
    <dimen name="xxh_1747pixels">2183.75dp</dimen>
    <dimen name="xxh_1748pixels">2185dp</dimen>
    <dimen name="xxh_1749pixels">2186.25dp</dimen>
    <dimen name="xxh_1750pixels">2187.5dp</dimen>
    <dimen name="xxh_1751pixels">2188.75dp</dimen>
    <dimen name="xxh_1752pixels">2190dp</dimen>
    <dimen name="xxh_1753pixels">2191.25dp</dimen>
    <dimen name="xxh_1754pixels">2192.5dp</dimen>
    <dimen name="xxh_1755pixels">2193.75dp</dimen>
    <dimen name="xxh_1756pixels">2195dp</dimen>
    <dimen name="xxh_1757pixels">2196.25dp</dimen>
    <dimen name="xxh_1758pixels">2197.5dp</dimen>
    <dimen name="xxh_1759pixels">2198.75dp</dimen>
    <dimen name="xxh_1760pixels">2200dp</dimen>
    <dimen name="xxh_1761pixels">2201.25dp</dimen>
    <dimen name="xxh_1762pixels">2202.5dp</dimen>
    <dimen name="xxh_1763pixels">2203.75dp</dimen>
    <dimen name="xxh_1764pixels">2205dp</dimen>
    <dimen name="xxh_1765pixels">2206.25dp</dimen>
    <dimen name="xxh_1766pixels">2207.5dp</dimen>
    <dimen name="xxh_1767pixels">2208.75dp</dimen>
    <dimen name="xxh_1768pixels">2210dp</dimen>
    <dimen name="xxh_1769pixels">2211.25dp</dimen>
    <dimen name="xxh_1770pixels">2212.5dp</dimen>
    <dimen name="xxh_1771pixels">2213.75dp</dimen>
    <dimen name="xxh_1772pixels">2215dp</dimen>
    <dimen name="xxh_1773pixels">2216.25dp</dimen>
    <dimen name="xxh_1774pixels">2217.5dp</dimen>
    <dimen name="xxh_1775pixels">2218.75dp</dimen>
    <dimen name="xxh_1776pixels">2220dp</dimen>
    <dimen name="xxh_1777pixels">2221.25dp</dimen>
    <dimen name="xxh_1778pixels">2222.5dp</dimen>
    <dimen name="xxh_1779pixels">2223.75dp</dimen>
    <dimen name="xxh_1780pixels">2225dp</dimen>
    <dimen name="xxh_1781pixels">2226.25dp</dimen>
    <dimen name="xxh_1782pixels">2227.5dp</dimen>
    <dimen name="xxh_1783pixels">2228.75dp</dimen>
    <dimen name="xxh_1784pixels">2230dp</dimen>
    <dimen name="xxh_1785pixels">2231.25dp</dimen>
    <dimen name="xxh_1786pixels">2232.5dp</dimen>
    <dimen name="xxh_1787pixels">2233.75dp</dimen>
    <dimen name="xxh_1788pixels">2235dp</dimen>
    <dimen name="xxh_1789pixels">2236.25dp</dimen>
    <dimen name="xxh_1790pixels">2237.5dp</dimen>
    <dimen name="xxh_1791pixels">2238.75dp</dimen>
    <dimen name="xxh_1792pixels">2240dp</dimen>
    <dimen name="xxh_1793pixels">2241.25dp</dimen>
    <dimen name="xxh_1794pixels">2242.5dp</dimen>
    <dimen name="xxh_1795pixels">2243.75dp</dimen>
    <dimen name="xxh_1796pixels">2245dp</dimen>
    <dimen name="xxh_1797pixels">2246.25dp</dimen>
    <dimen name="xxh_1798pixels">2247.5dp</dimen>
    <dimen name="xxh_1799pixels">2248.75dp</dimen>
    <dimen name="xxh_1800pixels">2250dp</dimen>
    <dimen name="xxh_1801pixels">2251.25dp</dimen>
    <dimen name="xxh_1802pixels">2252.5dp</dimen>
    <dimen name="xxh_1803pixels">2253.75dp</dimen>
    <dimen name="xxh_1804pixels">2255dp</dimen>
    <dimen name="xxh_1805pixels">2256.25dp</dimen>
    <dimen name="xxh_1806pixels">2257.5dp</dimen>
    <dimen name="xxh_1807pixels">2258.75dp</dimen>
    <dimen name="xxh_1808pixels">2260dp</dimen>
    <dimen name="xxh_1809pixels">2261.25dp</dimen>
    <dimen name="xxh_1810pixels">2262.5dp</dimen>
    <dimen name="xxh_1811pixels">2263.75dp</dimen>
    <dimen name="xxh_1812pixels">2265dp</dimen>
    <dimen name="xxh_1813pixels">2266.25dp</dimen>
    <dimen name="xxh_1814pixels">2267.5dp</dimen>
    <dimen name="xxh_1815pixels">2268.75dp</dimen>
    <dimen name="xxh_1816pixels">2270dp</dimen>
    <dimen name="xxh_1817pixels">2271.25dp</dimen>
    <dimen name="xxh_1818pixels">2272.5dp</dimen>
    <dimen name="xxh_1819pixels">2273.75dp</dimen>
    <dimen name="xxh_1820pixels">2275dp</dimen>
    <dimen name="xxh_1821pixels">2276.25dp</dimen>
    <dimen name="xxh_1822pixels">2277.5dp</dimen>
    <dimen name="xxh_1823pixels">2278.75dp</dimen>
    <dimen name="xxh_1824pixels">2280dp</dimen>
    <dimen name="xxh_1825pixels">2281.25dp</dimen>
    <dimen name="xxh_1826pixels">2282.5dp</dimen>
    <dimen name="xxh_1827pixels">2283.75dp</dimen>
    <dimen name="xxh_1828pixels">2285dp</dimen>
    <dimen name="xxh_1829pixels">2286.25dp</dimen>
    <dimen name="xxh_1830pixels">2287.5dp</dimen>
    <dimen name="xxh_1831pixels">2288.75dp</dimen>
    <dimen name="xxh_1832pixels">2290dp</dimen>
    <dimen name="xxh_1833pixels">2291.25dp</dimen>
    <dimen name="xxh_1834pixels">2292.5dp</dimen>
    <dimen name="xxh_1835pixels">2293.75dp</dimen>
    <dimen name="xxh_1836pixels">2295dp</dimen>
    <dimen name="xxh_1837pixels">2296.25dp</dimen>
    <dimen name="xxh_1838pixels">2297.5dp</dimen>
    <dimen name="xxh_1839pixels">2298.75dp</dimen>
    <dimen name="xxh_1840pixels">2300dp</dimen>
    <dimen name="xxh_1841pixels">2301.25dp</dimen>
    <dimen name="xxh_1842pixels">2302.5dp</dimen>
    <dimen name="xxh_1843pixels">2303.75dp</dimen>
    <dimen name="xxh_1844pixels">2305dp</dimen>
    <dimen name="xxh_1845pixels">2306.25dp</dimen>
    <dimen name="xxh_1846pixels">2307.5dp</dimen>
    <dimen name="xxh_1847pixels">2308.75dp</dimen>
    <dimen name="xxh_1848pixels">2310dp</dimen>
    <dimen name="xxh_1849pixels">2311.25dp</dimen>
    <dimen name="xxh_1850pixels">2312.5dp</dimen>
    <dimen name="xxh_1851pixels">2313.75dp</dimen>
    <dimen name="xxh_1852pixels">2315dp</dimen>
    <dimen name="xxh_1853pixels">2316.25dp</dimen>
    <dimen name="xxh_1854pixels">2317.5dp</dimen>
    <dimen name="xxh_1855pixels">2318.75dp</dimen>
    <dimen name="xxh_1856pixels">2320dp</dimen>
    <dimen name="xxh_1857pixels">2321.25dp</dimen>
    <dimen name="xxh_1858pixels">2322.5dp</dimen>
    <dimen name="xxh_1859pixels">2323.75dp</dimen>
    <dimen name="xxh_1860pixels">2325dp</dimen>
    <dimen name="xxh_1861pixels">2326.25dp</dimen>
    <dimen name="xxh_1862pixels">2327.5dp</dimen>
    <dimen name="xxh_1863pixels">2328.75dp</dimen>
    <dimen name="xxh_1864pixels">2330dp</dimen>
    <dimen name="xxh_1865pixels">2331.25dp</dimen>
    <dimen name="xxh_1866pixels">2332.5dp</dimen>
    <dimen name="xxh_1867pixels">2333.75dp</dimen>
    <dimen name="xxh_1868pixels">2335dp</dimen>
    <dimen name="xxh_1869pixels">2336.25dp</dimen>
    <dimen name="xxh_1870pixels">2337.5dp</dimen>
    <dimen name="xxh_1871pixels">2338.75dp</dimen>
    <dimen name="xxh_1872pixels">2340dp</dimen>
    <dimen name="xxh_1873pixels">2341.25dp</dimen>
    <dimen name="xxh_1874pixels">2342.5dp</dimen>
    <dimen name="xxh_1875pixels">2343.75dp</dimen>
    <dimen name="xxh_1876pixels">2345dp</dimen>
    <dimen name="xxh_1877pixels">2346.25dp</dimen>
    <dimen name="xxh_1878pixels">2347.5dp</dimen>
    <dimen name="xxh_1879pixels">2348.75dp</dimen>
    <dimen name="xxh_1880pixels">2350dp</dimen>
    <dimen name="xxh_1881pixels">2351.25dp</dimen>
    <dimen name="xxh_1882pixels">2352.5dp</dimen>
    <dimen name="xxh_1883pixels">2353.75dp</dimen>
    <dimen name="xxh_1884pixels">2355dp</dimen>
    <dimen name="xxh_1885pixels">2356.25dp</dimen>
    <dimen name="xxh_1886pixels">2357.5dp</dimen>
    <dimen name="xxh_1887pixels">2358.75dp</dimen>
    <dimen name="xxh_1888pixels">2360dp</dimen>
    <dimen name="xxh_1889pixels">2361.25dp</dimen>
    <dimen name="xxh_1890pixels">2362.5dp</dimen>
    <dimen name="xxh_1891pixels">2363.75dp</dimen>
    <dimen name="xxh_1892pixels">2365dp</dimen>
    <dimen name="xxh_1893pixels">2366.25dp</dimen>
    <dimen name="xxh_1894pixels">2367.5dp</dimen>
    <dimen name="xxh_1895pixels">2368.75dp</dimen>
    <dimen name="xxh_1896pixels">2370dp</dimen>
    <dimen name="xxh_1897pixels">2371.25dp</dimen>
    <dimen name="xxh_1898pixels">2372.5dp</dimen>
    <dimen name="xxh_1899pixels">2373.75dp</dimen>
    <dimen name="xxh_1900pixels">2375dp</dimen>
    <dimen name="xxh_1901pixels">2376.25dp</dimen>
    <dimen name="xxh_1902pixels">2377.5dp</dimen>
    <dimen name="xxh_1903pixels">2378.75dp</dimen>
    <dimen name="xxh_1904pixels">2380dp</dimen>
    <dimen name="xxh_1905pixels">2381.25dp</dimen>
    <dimen name="xxh_1906pixels">2382.5dp</dimen>
    <dimen name="xxh_1907pixels">2383.75dp</dimen>
    <dimen name="xxh_1908pixels">2385dp</dimen>
    <dimen name="xxh_1909pixels">2386.25dp</dimen>
    <dimen name="xxh_1910pixels">2387.5dp</dimen>
    <dimen name="xxh_1911pixels">2388.75dp</dimen>
    <dimen name="xxh_1912pixels">2390dp</dimen>
    <dimen name="xxh_1913pixels">2391.25dp</dimen>
    <dimen name="xxh_1914pixels">2392.5dp</dimen>
    <dimen name="xxh_1915pixels">2393.75dp</dimen>
    <dimen name="xxh_1916pixels">2395dp</dimen>
    <dimen name="xxh_1917pixels">2396.25dp</dimen>
    <dimen name="xxh_1918pixels">2397.5dp</dimen>
    <dimen name="xxh_1919pixels">2398.75dp</dimen>
    <dimen name="xxh_1920pixels">2400dp</dimen>
    <dimen name="xxh_1921pixels">2401.25dp</dimen>
    <dimen name="xxh_1922pixels">2402.5dp</dimen>
    <dimen name="xxh_1923pixels">2403.75dp</dimen>
    <dimen name="xxh_1924pixels">2405dp</dimen>
    <dimen name="xxh_1925pixels">2406.25dp</dimen>
    <dimen name="xxh_1926pixels">2407.5dp</dimen>
    <dimen name="xxh_1927pixels">2408.75dp</dimen>
    <dimen name="xxh_1928pixels">2410dp</dimen>
    <dimen name="xxh_1929pixels">2411.25dp</dimen>
    <dimen name="xxh_1930pixels">2412.5dp</dimen>
    <dimen name="xxh_1931pixels">2413.75dp</dimen>
    <dimen name="xxh_1932pixels">2415dp</dimen>
    <dimen name="xxh_1933pixels">2416.25dp</dimen>
    <dimen name="xxh_1934pixels">2417.5dp</dimen>
    <dimen name="xxh_1935pixels">2418.75dp</dimen>
    <dimen name="xxh_1936pixels">2420dp</dimen>
    <dimen name="xxh_1937pixels">2421.25dp</dimen>
    <dimen name="xxh_1938pixels">2422.5dp</dimen>
    <dimen name="xxh_1939pixels">2423.75dp</dimen>
    <dimen name="xxh_1940pixels">2425dp</dimen>
    <dimen name="xxh_1941pixels">2426.25dp</dimen>
    <dimen name="xxh_1942pixels">2427.5dp</dimen>
    <dimen name="xxh_1943pixels">2428.75dp</dimen>
    <dimen name="xxh_1944pixels">2430dp</dimen>
    <dimen name="xxh_1945pixels">2431.25dp</dimen>
    <dimen name="xxh_1946pixels">2432.5dp</dimen>
    <dimen name="xxh_1947pixels">2433.75dp</dimen>
    <dimen name="xxh_1948pixels">2435dp</dimen>
    <dimen name="xxh_1949pixels">2436.25dp</dimen>
    <dimen name="xxh_1950pixels">2437.5dp</dimen>
    <dimen name="xxh_1951pixels">2438.75dp</dimen>
    <dimen name="xxh_1952pixels">2440dp</dimen>
    <dimen name="xxh_1953pixels">2441.25dp</dimen>
    <dimen name="xxh_1954pixels">2442.5dp</dimen>
    <dimen name="xxh_1955pixels">2443.75dp</dimen>
    <dimen name="xxh_1956pixels">2445dp</dimen>
    <dimen name="xxh_1957pixels">2446.25dp</dimen>
    <dimen name="xxh_1958pixels">2447.5dp</dimen>
    <dimen name="xxh_1959pixels">2448.75dp</dimen>
    <dimen name="xxh_1960pixels">2450dp</dimen>
    <dimen name="xxh_1961pixels">2451.25dp</dimen>
    <dimen name="xxh_1962pixels">2452.5dp</dimen>
    <dimen name="xxh_1963pixels">2453.75dp</dimen>
    <dimen name="xxh_1964pixels">2455dp</dimen>
    <dimen name="xxh_1965pixels">2456.25dp</dimen>
    <dimen name="xxh_1966pixels">2457.5dp</dimen>
    <dimen name="xxh_1967pixels">2458.75dp</dimen>
    <dimen name="xxh_1968pixels">2460dp</dimen>
    <dimen name="xxh_1969pixels">2461.25dp</dimen>
    <dimen name="xxh_1970pixels">2462.5dp</dimen>
    <dimen name="xxh_1971pixels">2463.75dp</dimen>
    <dimen name="xxh_1972pixels">2465dp</dimen>
    <dimen name="xxh_1973pixels">2466.25dp</dimen>
    <dimen name="xxh_1974pixels">2467.5dp</dimen>
    <dimen name="xxh_1975pixels">2468.75dp</dimen>
    <dimen name="xxh_1976pixels">2470dp</dimen>
    <dimen name="xxh_1977pixels">2471.25dp</dimen>
    <dimen name="xxh_1978pixels">2472.5dp</dimen>
    <dimen name="xxh_1979pixels">2473.75dp</dimen>
    <dimen name="xxh_1980pixels">2475dp</dimen>
    <dimen name="xxh_1981pixels">2476.25dp</dimen>
    <dimen name="xxh_1982pixels">2477.5dp</dimen>
    <dimen name="xxh_1983pixels">2478.75dp</dimen>
    <dimen name="xxh_1984pixels">2480dp</dimen>
    <dimen name="xxh_1985pixels">2481.25dp</dimen>
    <dimen name="xxh_1986pixels">2482.5dp</dimen>
    <dimen name="xxh_1987pixels">2483.75dp</dimen>
    <dimen name="xxh_1988pixels">2485dp</dimen>
    <dimen name="xxh_1989pixels">2486.25dp</dimen>
    <dimen name="xxh_1990pixels">2487.5dp</dimen>
    <dimen name="xxh_1991pixels">2488.75dp</dimen>
    <dimen name="xxh_1992pixels">2490dp</dimen>
    <dimen name="xxh_1993pixels">2491.25dp</dimen>
    <dimen name="xxh_1994pixels">2492.5dp</dimen>
    <dimen name="xxh_1995pixels">2493.75dp</dimen>
    <dimen name="xxh_1996pixels">2495dp</dimen>
    <dimen name="xxh_1997pixels">2496.25dp</dimen>
    <dimen name="xxh_1998pixels">2497.5dp</dimen>
    <dimen name="xxh_1999pixels">2498.75dp</dimen>
    <dimen name="xxh_2000pixels">2500dp</dimen>

</resources>